iy,ix,x,y,u_Re175,v_Re175,p_Re175,u_Re275,v_Re275,p_Re275,u_Re375,v_Re375,p_Re375
0,0,0,0,0,0,0.019701899,0,0,0.0251903872,0,0,0.0280791449
0,1,0.015625,0,0,0,0.019683858,0,0,0.0251799873,0,0,0.0280738386
0,2,0.03125,0,0,0,0.0196288618,0,0,0.0251427456,0,0,0.028047128
0,3,0.046875,0,0,0,0.0195337461,0,0,0.0250747109,0,0,0.0279939462
0,4,0.0625,0,0,0,0.019405791,0,0,0.0249801983,0,0,0.0279165743
0,5,0.078125,0,0,0,0.0192563919,0,0,0.0248668939,0,0,0.027820478
0,6,0.09375,0,0,0,0.0190965868,0,0,0.0247423925,0,0,0.0277113518
0,7,0.109375,0,0,0,0.0189354866,0,0,0.024612902,0,0,0.0275939085
0,8,0.125,0,0,0,0.0187800194,0,0,0.0244830108,0,0,0.0274716148
0,9,0.140625,0,0,0,0.0186351769,0,0,0.0243558925,0,0,0.0273468451
0,10,0.15625,0,0,0,0.0185044073,0,0,0.0242336519,0,0,0.0272211813
0,11,0.171875,0,0,0,0.0183900139,0,0,0.0241176797,0,0,0.0270957311
0,12,0.1875,0,0,0,0.0182935033,0,0,0.0240089617,0,0,0.0269714059
0,13,0.203125,0,0,0,0.018215871,0,0,0.0239083251,0,0,0.0268491377
0,14,0.21875,0,0,0,0.0181578234,0,0,0.0238166194,0,0,0.0267300338
0,15,0.234375,0,0,0,0.0181199385,0,0,0.0237348338,0,0,0.0266154717
0,16,0.25,0,0,0,0.0181027734,0,0,0.0236641616,0,0,0.0265071436
0,17,0.265625,0,0,0,0.0181069254,0,0,0.0236060175,0,0,0.0264070587
0,18,0.28125,0,0,0,0.0181330537,0,0,0.0235620182,0,0,0.026317514
0,19,0.296875,0,0,0,0.0181818706,0,0,0.0235339351,0,0,0.0262410367
0,20,0.3125,0,0,0,0.0182541054,0,0,0.0235236225,0,0,0.0261803062
0,21,0.328125,0,0,0,0.0183504499,0,0,0.0235329295,0,0,0.0261380557
0,22,0.34375,0,0,0,0.0184714897,0,0,0.0235636,0,0,0.0261169571
0,23,0.359375,0,0,0,0.0186176272,0,0,0.0236171642,0,0,0.0261194922
0,24,0.375,0,0,0,0.0187889983,0,0,0.0236948242,0,0,0.0261478096
0,25,0.390625,0,0,0,0.0189853913,0,0,0.0237973399,0,0,0.0262035735
0,26,0.40625,0,0,0,0.019206168,0,0,0.023924918,0,0,0.0262878092
0,27,0.421875,0,0,0,0.0194501932,0,0,0.0240771089,0,0,0.0264007508
0,28,0.4375,0,0,0,0.0197157756,0,0,0.0242527166,0,0,0.026541702
0,29,0.453125,0,0,0,0.0200006229,0,0,0.0244497283,0,0,0.0267089176
0,30,0.46875,0,0,0,0.0203018147,0,0,0.0246652686,0,0,0.0268995184
0,31,0.484375,0,0,0,0.0206157984,0,0,0.0248955868,0,0,0.027109451
0,32,0.5,0,0,0,0.0209384077,0,0,0.0251360808,0,0,0.0273335018
0,33,0.515625,0,0,0,0.0212649088,0,0,0.0253813628,0,0,0.0275653732
0,34,0.53125,0,0,0,0.0215900715,0,0,0.0256253687,0,0,0.0277978279
0,35,0.546875,0,0,0,0.0219082688,0,0,0.0258615123,0,0,0.0280229005
0,36,0.5625,0,0,0,0.0222136037,0,0,0.0260828816,0,0,0.0282321753
0,37,0.578125,0,0,0,0.0225000592,0,0,0.0262824728,0,0,0.0284171191
0,38,0.59375,0,0,0,0.0227616681,0,0,0.0264534506,0,0,0.0285694541
0,39,0.609375,0,0,0,0.0229926978,0,0,0.0265894256,0,0,0.028681551
0,40,0.625,0,0,0,0.0231878422,0,0,0.0266847346,0,0,0.0287468201
0,41,0.640625,0,0,0,0.0233424148,0,0,0.0267347079,0,0,0.0287600731
0,42,0.65625,0,0,0,0.0234525317,0,0,0.026735906,0,0,0.028717829
0,43,0.671875,0,0,0,0.0235152773,0,0,0.0266863123,0,0,0.0286185398
0,44,0.6875,0,0,0,0.0235288464,0,0,0.0265854695,0,0,0.0284627214
0,45,0.703125,0,0,0,0.0234926519,0,0,0.0264345469,0,0,0.0282529721
0,46,0.71875,0,0,0,0.0234073948,0,0,0.0262363355,0,0,0.0279938779
0,47,0.734375,0,0,0,0.0232750925,0,0,0.0259951705,0,0,0.0276918109
0,48,0.75,0,0,0,0.0230990628,0,0,0.0257167856,0,0,0.0273546353
0,49,0.765625,0,0,0,0.0228838666,0,0,0.0254081103,0,0,0.0269913445
0,50,0.78125,0,0,0,0.0226352113,0,0,0.0250770239,0,0,0.0266116583
0,51,0.796875,0,0,0,0.0223598231,0,0,0.024732086,0,0,0.0262256145
0,52,0.8125,0,0,0,0.0220652951,0,0,0.024382262,0,0,0.0258431866
0,53,0.828125,0,0,0,0.0217599187,0,0,0.0240366588,0,0,0.0254739544
0,54,0.84375,0,0,0,0.0214525059,0,0,0.0237042876,0,0,0.0251268477
0,55,0.859375,0,0,0,0.0211522069,0,0,0.0233938558,0,0,0.0248099691
0,56,0.875,0,0,0,0.0208683164,0,0,0.0231135801,0,0,0.0245304817
0,57,0.890625,0,0,0,0.0206100518,0,0,0.0228709909,0,0,0.0242945208
0,58,0.90625,0,0,0,0.0203862525,0,0,0.0226726596,0,0,0.024107047
0,59,0.921875,0,0,0,0.0202049021,0,0,0.0225237293,0,0,0.0239714949
0,60,0.9375,0,0,0,0.0200722859,0,0,0.0224270476,0,0,0.0238889992
0,61,0.953125,0,0,0,0.0199914881,0,0,0.0223816417,0,0,0.0238569261
0,62,0.96875,0,0,0,0.019959949,0,0,0.0223804464,0,0,0.0238666661
0,63,0.984375,0,0,0,0.0199667,0,0,0.0224085083,0,0,0.0239021028
0,64,1,0,0,0,0.0199889597,0,0,0.0224409862,0,0,0.0239379833
1,0,0,0.015625,0,0,0.0197200233,0,0,0.0252008533,0,0,0.0280845073
1,1,0.015625,0.015625,4.23302027e-05,-4.20206401e-05,0.0197015595,5.39288763e-05,-5.34347505e-05,0.0251899452,6.66952313e-05,-6.60374465e-05,0.0280786663
1,2,0.03125,0.015625,8.54678381e-05,-3.54007982e-05,0.0196527417,0.000119265799,-5.22391966e-05,0.0251563406,0.000162338791,-7.47956686e-05,0.0280540115
1,3,0.046875,0.015625,8.14962297e-05,-1.93768481e-06,0.0195703877,0.000138387236,-1.84611677e-05,0.0250966114,0.000219973242,-4.50799998e-05,0.0280065253
1,4,0.0625,0.015625,7.13420544e-06,4.20877821e-05,0.0194597144,8.23250024e-05,2.88711442e-05,0.0250137791,0.000203659056,2.27454368e-06,0.0279377245
1,5,0.078125,0.015625,-0.000145543571,8.77331052e-05,0.0193304998,-5.938199e-05,7.88280961e-05,0.0249144651,9.85693637e-05,5.44981848e-05,0.0278523736
1,6,0.09375,0.015625,-0.000375572651,0.000130605289,0.0191917903,-0.00028640495,0.000126004388,0.0248048483,-9.7533693e-05,0.000105100887,0.0277550795
1,7,0.109375,0.015625,-0.000677224627,0.000168784333,0.0190511765,-0.000592802963,0.000168156205,0.0246900462,-0.000380357208,0.000151393571,0.0276496873
1,8,0.125,0.015625,-0.00104253154,0.000201655992,0.0189146275,-0.000970272587,0.0002047514,0.0245739767,-0.000742979432,0.000192796364,0.0275391256
1,9,0.140625,0.015625,-0.00146278823,0.000229284863,0.0187866213,-0.00141007235,0.000236134169,0.0244594799,-0.00117815359,0.000229799086,0.0274255016
1,10,0.15625,0.015625,-0.00192941166,0.000252069752,0.0186703964,-0.00190406389,0.000263037956,0.0243485509,-0.00167949728,0.000263330341,0.0273103082
1,11,0.171875,0.015625,-0.00243439252,0.000270546045,0.018568233,-0.00244517051,0.000286295554,0.0242425969,-0.00224193297,0.000294377395,0.0271946571
1,12,0.1875,0.015625,-0.00297048534,0.000285268585,0.0184817172,-0.00302745837,0.000306667352,0.0241426752,-0.00286164755,0.000323766066,0.0270794922
1,13,0.203125,0.015625,-0.00353123132,0.000296741953,0.0184119677,-0.00364598293,0.000324745122,0.0240496897,-0.00353576638,0.000352046447,0.0269657654
1,14,0.21875,0.015625,-0.00411087668,0.000305380806,0.0183598177,-0.00429650253,0.000340906364,0.0239645401,-0.00426188219,0.000379449126,0.026854564
1,15,0.234375,0.015625,-0.00470423019,0.000311490371,0.0183259529,-0.00497513175,0.000355302982,0.023888224,-0.0050375372,0.000405886955,0.0267471951
1,16,0.25,0.015625,-0.00530649124,0.000315260982,0.0183110052,-0.00567798594,0.000367872865,0.0238218938,-0.00585972307,0.000430984193,0.0266452269
1,17,0.265625,0.015625,-0.00591307095,0.000316772527,0.0183156083,-0.00640085173,0.000378365921,0.0237668761,-0.0067244384,0.00045411999,0.0265504965
1,18,0.28125,0.015625,-0.00651942264,0.000316005842,0.0183404208,-0.00713890584,0.000386378368,0.0237246592,-0.00762632481,0.000474477541,0.0264650891
1,19,0.296875,0.015625,-0.00712089337,0.000312858844,0.0183861211,-0.00788649495,0.000391390862,0.0236968548,-0.00855839057,0.00049109392,0.026391293
1,20,0.3125,0.015625,-0.00771260438,0.0003071657,0.0184533799,-0.0086369826,0.000392807585,0.0236851389,-0.00951182412,0.000502908499,0.0263315339
1,21,0.328125,0.015625,-0.0082893656,0.000298717724,0.0185428147,-0.00938266468,0.000389994641,0.0236911769,-0.0104758968,0.000508809955,0.0262882914
1,22,0.34375,0.015625,-0.00884562685,0.000287284998,0.0186549317,-0.0101147525,0.000382317049,0.0237165361,-0.0114379544,0.000507683015,0.0262639985
1,23,0.359375,0.015625,-0.00937546684,0.000272637933,0.0187900589,-0.0108234211,0.000369174229,0.0237625904,-0.0123834972,0.000498456459,0.026260926
1,24,0.375,0.015625,-0.00987261946,0.000254568214,0.0189482753,-0.0114979198,0.000350034127,0.0238304187,-0.0132963507,0.000480153585,0.0262810544
1,25,0.390625,0.015625,-0.0103305359,0.00023290865,0.0191293374,-0.0121267421,0.000324466161,0.0239207014,-0.0141589293,0.000451945577,0.0263259353
1,26,0.40625,0.015625,-0.01074248,0.000207551573,0.0193326116,-0.0126978519,0.000292172918,0.0240336197,-0.014952592,0.000413207233,0.0263965483
1,27,0.421875,0.015625,-0.011101654,0.000178465455,0.0195570107,-0.0131989609,0.000253020183,0.0241687613,-0.0156580906,0.000363573444,0.0264931596
1,28,0.4375,0.015625,-0.0114013506,0.000145709401,0.0198009412,-0.0136178532,0.000207064484,0.0243250359,-0.0162561042,0.000302993854,0.0266151897
1,29,0.453125,0.015625,-0.0116351269,0.000109445146,0.0200622634,-0.0139427494,0.000154576916,0.0245006097,-0.0167278491,0.00023178235,0.0267610998
1,30,0.46875,0.015625,-0.011796995,6.9946138e-05,0.020338268,-0.0141627013,9.60617096e-05,0.0246928619,-0.0170557493,0.000150657463,0.0269283083
1,31,0.484375,0.015625,-0.0118816237,2.760324e-05,0.0206256724,-0.0142680052,3.22677854e-05,0.0248983707,-0.0172241457,6.07695191e-05,0.0271131491
1,32,0.5,0.015625,-0.0118845443,-1.7073441e-05,0.0209206382,-0.0142506205,-3.58084657e-05,0.0251129331,-0.0172200173,-3.62895727e-05,0.0273108774
1,33,0.515625,0.015625,-0.0118023537,-6.34570626e-05,0.0212188133,-0.0141045757,-0.000106930844,0.0253316235,-0.0170336813,-0.000138497617,0.0275157365
1,34,0.53125,0.015625,-0.0116329068,-0.000110811308,0.0215153988,-0.0138263457,-0.000179642754,0.0255488943,-0.0166594382,-0.000243437423,0.0277210882
1,35,0.546875,0.015625,-0.0113754891,-0.000158302677,0.0218052399,-0.0134151784,-0.000252299186,0.0257587163,-0.0160961238,-0.000348357847,0.0279196071
1,36,0.5625,0.015625,-0.0110309633,-0.000205017911,0.0220829426,-0.012873353,-0.00032311138,0.0259547602,-0.0153475299,-0.000450260754,0.0281035369
1,37,0.578125,0.015625,-0.0106018792,-0.000249986401,0.022343012,-0.0122063502,-0.000390203477,0.0261306128,-0.0144226589,-0.000546012201,0.0282650022
1,38,0.59375,0.015625,-0.0100925408,-0.000292207145,0.0225800089,-0.0114229177,-0.000451679495,0.026280019,-0.0133357831,-0.000632473969,0.0283963579
1,39,0.609375,0.015625,-0.00950902359,-0.000330679512,0.0227887189,-0.010535019,-0.000505698053,0.026397139,-0.0121062838,-0.000706649416,0.0284905591
1,40,0.625,0.015625,-0.00885913715,-0.000364436743,0.0229643299,-0.00955765604,-0.000550551306,0.0264768095,-0.0107582604,-0.000765835479,0.0285415296
1,41,0.640625,0.015625,-0.0081523296,-0.000392580823,0.0231026083,-0.00850856401,-0.000584743827,0.0265147913,-0.00931990873,-0.000807771035,0.0285445024
1,42,0.65625,0.015625,-0.00739953339,-0.000414317144,0.0232000671,-0.00740778336,-0.000607066638,0.0265079895,-0.00782268338,-0.000830770748,0.0284963085
1,43,0.671875,0.015625,-0.00661295426,-0.000428987203,0.0232541178,-0.00627711995,-0.000616661428,0.0264546316,-0.00630027485,-0.000833833452,0.0283955892
1,44,0.6875,0.015625,-0.00580580779,-0.0004360976,0.0232631977,-0.00513951292,-0.000613070262,0.026354391,-0.00478744521,-0.000816715099,0.0282429141
1,45,0.703125,0.015625,-0.00499201097,-0.000435343678,0.0232268683,-0.00401833556,-0.000596266778,0.0262084473,-0.00331877989,-0.00077995844,0.0280407965
1,46,0.71875,0.015625,-0.00418583814,-0.000426626473,0.0231458762,-0.00293665982,-0.000566666084,0.0260194776,-0.00192742207,-0.000724874902,0.0277935976
1,47,0.734375,0.015625,-0.00340155297,-0.000410062019,0.0230221748,-0.00191651827,-0.000525112175,0.0257915786,-0.000643860492,-0.000653478261,0.0275073307
1,48,0.75,0.015625,-0.00265302889,-0.000385982668,0.0228589061,-0.000978197666,-0.000472843609,0.0255301261,0.000505159742,-0.000568374393,0.0271893781
1,49,0.765625,0.015625,-0.00195337065,-0.000354930765,0.0226603415,-0.000139596289,-0.000411440374,0.0252415795,0.0014975424,-0.000472616158,0.0268481419
1,50,0.78125,0.015625,-0.00131454861,-0.000317645785,0.0224317882,0.000584329034,-0.000342757045,0.0249332476,0.00231651512,-0.000369536932,0.0264926623
1,51,0.796875,0.015625,-0.000747055065,-0.000275046932,0.0221794637,0.00118200891,-0.000268849503,0.0246130311,0.00295104975,-0.000262579956,0.0261322283
1,52,0.8125,0.015625,-0.000259588243,-0.000228214137,0.0219103467,0.0016455955,-0.000191904424,0.0242891589,0.00339603069,-0.000155143533,0.0257760146
1,53,0.828125,0.015625,0.00014123575,-0.000178371473,0.0216320114,0.00197119486,-0.000114182545,0.0239699348,0.00365220514,-5.04639343e-05,0.025432769
1,54,0.84375,0.015625,0.00045114948,-0.000126878362,0.0213524497,0.00215902484,-3.79883482e-05,0.0236635048,0.00372598309,4.84409604e-05,0.0251105641
1,55,0.859375,0.015625,0.000668494352,-7.52357912e-05,0.0210798846,0.00221354437,3.43194701e-05,0.0233776501,0.00362918872,0.000138743481,0.0248166222
1,56,0.875,0.015625,0.000794500175,-2.51176181e-05,0.0208225709,0.00214361918,0.000100260222,0.0231195984,0.00337889681,0.000217669011,0.0245571975
1,57,0.890625,0.015625,0.000833622677,2.15584638e-05,0.0205885675,0.0019628055,0.000157087057,0.0228958302,0.00299751135,0.000282225353,0.024337486
1,58,0.90625,0.015625,0.000793991647,6.24991152e-05,0.020385449,0.0016898429,0.000201546011,0.0227118347,0.00251324981,0.000328778603,0.0241615007
1,59,0.921875,0.015625,0.000688033386,9.48153692e-05,0.0202198954,0.0013494344,0.000229528154,0.0225717393,0.00196115937,0.000352481964,0.02403182
1,60,0.9375,0.015625,0.000533322154,0.000114700124,0.0200970632,0.000973315943,0.000235671125,0.0224777063,0.00138464608,0.000346680984,0.0239490833
1,61,0.953125,0.015625,0.000353631499,0.000117109481,0.0200195989,0.000601364146,0.000213262908,0.02242896,0.000837075304,0.000302880512,0.0239110802
1,62,0.96875,0.015625,0.000179836247,9.61548456e-05,0.0199861441,0.00028176017,0.000155976509,0.0224203283,0.000381866772,0.000213578404,0.0239113137
1,63,0.984375,0.015625,4.93291462e-05,4.94691595e-05,0.0199884874,6.72753643e-05,6.736769e-05,0.0224406428,8.66196433e-05,8.64516002e-05,0.0239377579
1,64,1,0.015625,0,0,0.0200112002,0,0,0.0224734332,0,0,0.0239737989
2,0,0,0.03125,0,0,0.0197758449,0,0,0.0252389803,0,0,0.0281121065
2,1,0.015625,0.03125,3.6126725e-05,-8.54678381e-05,0.0197497844,5.3121004e-05,-0.000119265799,0.0252227694,7.57993205e-05,-0.000162338791,0.0281024693
2,2,0.03125,0.03125,3.92356513e-05,-3.91660271e-05,0.01969993,8.36309267e-05,-8.44583594e-05,0.0251879984,0.000151587368,-0.00015327801,0.0280766167
2,3,0.046875,0.03125,-4.98565411e-05,7.83336326e-05,0.0196235285,1.90337806e-05,3.69407965e-05,0.0251319461,0.000140774015,-4.13202646e-05,0.0280315368
2,4,0.0625,0.03125,-0.000262109197,0.000227039801,0.019524107,-0.000179020882,0.000197769226,0.0250566465,-4.46508461e-06,0.000121403878,0.0279682522
2,5,0.078125,0.03125,-0.000609351684,0.000382706857,0.0194096892,-0.000525773735,0.000368729953,0.024967627,-0.000305584216,0.000301192749,0.0278908776
2,6,0.09375,0.03125,-0.00109090692,0.000531681056,0.019287517,-0.00102155442,0.000533420973,0.0248698113,-0.000767022826,0.000478926571,0.027803095
2,7,0.109375,0.03125,-0.0016985135,0.000666958891,0.0191637378,-0.00165801537,0.000683867637,0.0247672822,-0.00138349201,0.000645445739,0.0277079383
2,8,0.125,0.03125,-0.00241979922,0.000785563603,0.0190433108,-0.00242256436,0.000817269392,0.0246632308,-0.00214519703,0.00079779638,0.0276077488
2,9,0.140625,0.03125,-0.00324060465,0.000886880122,0.0189300745,-0.00330127597,0.000933791299,0.0245600431,-0.0030412108,0.000936517845,0.0275042582
2,10,0.15625,0.03125,-0.00414645118,0.000971604289,0.0188269055,-0.00428061867,0.00103509815,0.0244594631,-0.00406136006,0.00106377938,0.0273987414
2,11,0.171875,0.03125,-0.00512339517,0.00104107367,0.0187359112,-0.0053483097,0.00112339448,0.0243627794,-0.00519700653,0.00118215028,0.0272921907
2,12,0.1875,0.03125,-0.00615845214,0.0010968388,0.0186586246,-0.00649355816,0.00120081242,0.024271005,-0.00644106514,0.00129383342,0.0271854801
2,13,0.203125,0.03125,-0.00723972626,0.00114039134,0.0185961784,-0.0077069035,0.00126904416,0.0241850308,-0.00778754141,0.00140023464,0.0270795028
2,14,0.21875,0.03125,-0.00835634529,0.00117299886,0.0185494499,-0.00897981008,0.00132914883,0.0241057446,-0.00923080844,0.00150177082,0.0269752747
2,15,0.234375,0.03125,-0.00949827519,0.00119561456,0.0185191742,-0.0103041405,0.00138148341,0.0240341155,-0.0107647863,0.00159784087,0.0268740041
2,16,0.25,0.03125,-0.0106560701,0.00120884077,0.0185060219,-0.0116715976,0.00142571997,0.0239712415,-0.0123821379,0.0016869012,0.0267771285
2,17,0.265625,0.03125,-0.011820599,0.0012129314,0.0185106481,-0.0130731999,0.00146091989,0.0239183671,-0.0140735544,0.00176660174,0.0266863241
2,18,0.28125,0.03125,-0.0129827812,0.00120782242,0.0185337118,-0.0144988316,0.00148564322,0.0238768738,-0.0158271746,0.00183395217,0.0266034911
2,19,0.296875,0.03125,-0.0141333509,0.00119318174,0.0185758733,-0.0159368954,0.00149807677,0.0238482492,-0.0176281582,0.00188549931,0.026530719
2,20,0.3125,0.03125,-0.0152626701,0.00116847223,0.0186377711,-0.0173740801,0.00149616973,0.0238340367,-0.0194584252,0.00191750628,0.0264702326
2,21,0.328125,0.03125,-0.0163605966,0.00113302247,0.018719983,-0.0187952486,0.00147776991,0.0238357711,-0.0212965601,0.00192613032,0.0264243216
2,22,0.34375,0.03125,-0.0174164155,0.00108610124,0.0188229754,-0.0201834462,0.0014407564,0.0238549025,-0.0231178837,0.00190760032,0.0263952529
2,23,0.359375,0.03125,-0.018418836,0.00102699261,0.0189470457,-0.0215200254,0.00138316724,0.0238927113,-0.0248946894,0.00185839628,0.0263851681
2,24,0.375,0.03125,-0.0193560525,0.000955069046,0.0190922585,-0.0227848798,0.00130332102,0.0239502168,-0.0265966422,0.00177543213,0.0263959667
2,25,0.390625,0.03125,-0.0202158673,0.000869860517,0.0192583814,-0.0239567824,0.00119993216,0.0240280827,-0.0281913384,0.00165624124,0.026429177
2,26,0.40625,0.03125,-0.0209858716,0.000771118118,0.0194448232,-0.0250138182,0.0010722188,0.0241265234,-0.0296450182,0.00149916132,0.0264858215
2,27,0.421875,0.03125,-0.0216536762,0.000658870652,0.0196505769,-0.0259339002,0.000920001285,0.0242452145,-0.0309234195,0.00130351228,0.0265662797
2,28,0.4375,0.03125,-0.0222071872,0.000533472918,0.0198741705,-0.0266953597,0.000743788512,0.0243832116,-0.0319927565,0.00106975848,0.0266701568
2,29,0.453125,0.03125,-0.022634916,0.000395644366,0.0201136313,-0.0272775915,0.000544848109,0.0245388865,-0.0328207954,0.000799645014,0.0267961707
2,30,0.46875,0.03125,-0.0229263148,0.000246496733,0.020366463,-0.0276617401,0.00032525582,0.0247098809,-0.0333779969,0.00049629662,0.0269420628
2,31,0.484375,0.03125,-0.0230721271,8.75492556e-05,0.0206296421,-0.0278314016,8.79191479e-05,0.0248930893,-0.0336386843,0.000164268054,0.0271045476
2,32,0.5,0.03125,-0.0230647407,-7.9269938e-05,0.0208996329,-0.0277733197,-0.000163429562,0.0250846725,-0.0335821925,-0.000190464459,0.0272793103
2,33,0.515625,0.03125,-0.0228985315,-0.000251637505,0.0211724245,-0.0274780464,-0.000424274794,0.0252801074,-0.033193948,-0.00056057911,0.0274610582
2,34,0.53125,0.03125,-0.0225701842,-0.000426864638,0.0214435928,-0.0269405397,-0.000689397301,0.0254742778,-0.0324664276,-0.000937557432,0.0276436369
2,35,0.546875,0.03125,-0.0220789766,-0.000601943433,0.0217083855,-0.0261606684,-0.000952992652,0.0256616042,-0.0313999434,-0.00131190833,0.027820211
2,36,0.5625,0.03125,-0.0214270145,-0.000773609855,0.0219618285,-0.0251435933,-0.0012088282,0.0258362126,-0.0300032046,-0.00167346491,0.0279835049
2,37,0.578125,0.03125,-0.0206194035,-0.000938422515,0.0221988548,-0.0239000016,-0.00145043531,0.0259921373,-0.0282936121,-0.00201174677,0.028126099
2,38,0.59375,0.03125,-0.0196643462,-0.00109285563,0.0224144506,-0.0224461673,-0.00167133114,0.0261235513,-0.0262972478,-0.00231637514,0.0282407675
2,39,0.609375,0.03125,-0.0185731557,-0.00123340365,0.0226038137,-0.0208038238,-0.00186526166,0.0262250111,-0.0240485339,-0.00257752268,0.0283208367
2,40,0.625,0.03125,-0.0173601757,-0.00135669399,0.02276252,-0.0189998366,-0.00202645503,0.0262917064,-0.0215895511,-0.00278637506,0.028360546
2,41,0.640625,0.03125,-0.0160426052,-0.00145960376,0.0228866871,-0.0170656751,-0.00214987268,0.0263196972,-0.0189690177,-0.00293557704,0.0283553799
2,42,0.65625,0.03125,-0.0146402249,-0.00153937534,0.0229731327,-0.0150366915,-0.00223144406,0.0263061249,-0.0162409535,-0.00301963387,0.0283023513
2,43,0.671875,0.03125,-0.0131750294,-0.0015937256,0.0230195166,-0.0129512251,-0.00226827044,0.0262493832,-0.0134630696,-0.00303523816,0.028200211
2,44,0.6875,0.03125,-0.0116707717,-0.00162094328,0.0230244589,-0.0108495587,-0.0022587844,0.0261492354,-0.0106949433,-0.00298149496,0.0280495623
2,45,0.703125,0.03125,-0.0101524312,-0.00161996966,0.02298763,-0.00877276706,-0.0022028531,0.0260068691,-0.00799605606,-0.00286002315,0.027852872
2,46,0.71875,0.03125,-0.00864562061,-0.00159045801,0.0229098055,-0.00676149946,-0.00210181729,0.0258248842,-0.00542378475,-0.0026749194,0.027614374
2,47,0.734375,0.03125,-0.00717594823,-0.00153280925,0.0227928829,-0.00485474726,-0.00195846216,0.0256072137,-0.00303144499,-0.00243258181,0.0273398708
2,48,0.75,0.03125,-0.00576835633,-0.00144818231,0.022639859,-0.00308864755,-0.00177692198,0.0253589816,-0.000866485379,-0.00214140289,0.0270364488
2,49,0.765625,0.03125,-0.00444645456,-0.00133848028,0.0224547693,-0.00149537084,-0.0015625267,0.0250863083,0.00103107549,-0.00181135538,0.0267121314
2,50,0.78125,0.03125,-0.00323186746,-0.00120631559,0.0222425922,-0.000102133878,-0.0013216052,0.0247960792,0.00262989628,-0.00145350735,0.0263754984
2,51,0.796875,0.03125,-0.00214361131,-0.00105496037,0.0220091231,0.00106963357,-0.00106126646,0.0244956887,0.00390819824,-0.00107951557,0.0260353008
2,52,0.8125,0.03125,-0.00119751033,-0.000888290815,0.0217608252,0.00200495623,-0.000789185955,0.0241927804,0.00485427963,-0.000701155394,0.0257001036
2,53,0.828125,0.03125,-0.000405655124,-0.000710737723,0.0215046631,0.00269582402,-0.000513429344,0.0238949974,0.00546669399,-0.000329952403,0.025377978
2,54,0.84375,0.03125,0.000224103246,-0.000527258601,0.021247924,0.00314157834,-0.000242349504,0.0236097529,0.00575417506,2.30164263e-05,0.0250762616
2,55,0.859375,0.03125,0.000688640978,-0.000343350696,0.020998031,0.00334923021,1.54056646e-05,0.0233440291,0.00573543791,0.000347086281,0.0248013896
2,56,0.875,0.03125,0.000990059891,-0.000165128326,0.0207623457,0.00333378635,0.000250738867,0.0231041978,0.0054390236,0.000631677368,0.0245587903
2,57,0.890625,0.03125,0.00113623523,5.08528546e-07,0.0205479531,0.00311866886,0.000453776275,0.0228958539,0.00490337046,0.000865646994,0.024352823
2,58,0.90625,0.03125,0.00114145472,0.000145589291,0.0203614122,0.0027362996,0.0006133711,0.0227236309,0.00417726583,0.00103635198,0.0241867177
2,59,0.921875,0.03125,0.00102717549,0.000260669493,0.0202084454,0.00222885743,0.000716526958,0.0225909665,0.00332071862,0.00112860373,0.0240624669
2,60,0.9375,0.03125,0.000822867066,0.000334401888,0.0200935423,0.00164905834,0.000748070254,0.0224997794,0.00240602758,0.00112408406,0.0239806159
2,61,0.953125,0.03125,0.000566767645,0.000353485907,0.020019467,0.00106048889,0.000691555773,0.022450044,0.00151830583,0.00100277931,0.0239399177
2,62,0.96875,0.03125,0.000306128195,0.000304302353,0.0199867538,0.000536511575,0.000534088782,0.0224393524,0.000753931989,0.000750455661,0.0239369278
2,63,0.984375,0.03125,9.63660786e-05,0.000179836247,0.0199899716,0.000156442849,0.00028176017,0.0224602988,0.000214884259,0.000381866772,0.0239637107
2,64,1,0.03125,0,0,0.0200185,0,0,0.0225018295,0,0,0.0240092751
3,0,0,0.046875,0,0,0.0198737067,0,0,0.0253099373,0,0,0.0281682097
3,1,0.015625,0.046875,1.78805096e-06,-8.12562915e-05,0.0198324805,1.6934118e-05,-0.000137065677,0.025282652,4.22389355e-05,-0.000217624815,0.0281500052
3,2,0.03125,0.046875,-8.34154013e-05,5.05824679e-05,0.0197738056,-4.92896193e-05,-1.81519731e-05,0.0252410797,2.21895384e-05,-0.000139770363,0.0281185843
3,3,0.046875,0.046875,-0.00030982571,0.000299407163,0.0196957511,-0.000267038568,0.000244190641,0.0251833239,-0.000145335497,0.000110972453,0.0280718317
3,4,0.0625,0.046875,-0.000706399683,0.000601582925,0.0196007531,-0.000672433641,0.00057367866,0.0251108076,-0.000506689338,0.000448632774,0.028010497
3,5,0.078125,0.046875,-0.00128385513,0.000916530828,0.0194949969,-0.00127918394,0.000921361637,0.0250278675,-0.00108216498,0.000817055926,0.0279379315
3,6,0.09375,0.046875,-0.0020401105,0.00121976711,0.0193840544,-0.002085911,0.00125824602,0.0249382564,-0.00187505212,0.00118300868,0.0278569509
3,7,0.109375,0.046875,-0.00296469211,0.00149767663,0.0192727071,-0.00308194957,0.00156916614,0.0248450602,-0.00287861581,0.00152956778,0.0277698015
3,8,0.125,0.046875,-0.00404215693,0.00174374714,0.019164879,-0.00425174693,0.001848012,0.0247506967,-0.00408125299,0.00185051515,0.0276781881
3,9,0.140625,0.046875,-0.00525459253,0.00195593682,0.01906367,-0.00557794262,0.00209418849,0.0246569924,-0.00546994676,0.00214596211,0.0275833643
3,10,0.15625,0.046875,-0.00658332352,0.00213486027,0.0189714576,-0.00704330083,0.00231007168,0.0245653068,-0.00703224616,0.00241912608,0.0274862619
3,11,0.171875,0.046875,-0.00800998067,0.00228254701,0.0188900313,-0.00863171997,0.00249923504,0.024476675,-0.00875707712,0.00267408248,0.0273876296
3,12,0.1875,0.046875,-0.00951708321,0.00240159968,0.0188207349,-0.0103285499,0.00266526116,0.0243919453,-0.010634706,0.00291430094,0.0272881615
3,13,0.203125,0.046875,-0.0110882648,0.0024946351,0.0187645983,-0.0121204277,0.00281099704,0.0243118979,-0.0126561504,0.00314178975,0.0271886064
3,14,0.21875,0.046875,-0.0127082512,0.00256392974,0.0187224506,-0.0139948113,0.00293814334,0.0242373392,-0.0148122858,0.00335669403,0.0270898476
3,15,0.234375,0.046875,-0.014362677,0.00261121515,0.0186950086,-0.0159393567,0.00304709053,0.0241691663,-0.0170928394,0.0035572164,0.0269929603
3,16,0.25,0.046875,-0.0160378099,0.00263758483,0.0186829398,-0.017941252,0.00313693227,0.0241084051,-0.0194854131,0.00373975233,0.0268992405
3,17,0.265625,0.046875,-0.0177202379,0.00264348362,0.0186868998,-0.0199865896,0.00320559988,0.0240562231,-0.0219746301,0.00389915668,0.0268102152
3,18,0.28125,0.046875,-0.0193965596,0.00262875773,0.018707548,-0.0220598351,0.00325007392,0.0240139203,-0.0245414614,0.00402908132,0.0267276314
3,19,0.296875,0.046875,-0.02105311,0.00259274782,0.0187455426,-0.0241434278,0.00326663939,0.023982901,-0.0271627672,0.00412234451,0.0266534302
3,20,0.3125,0.046875,-0.0226757432,0.00253441137,0.0188015193,-0.0262175333,0.00325116073,0.0239646312,-0.0298110644,0.00417131034,0.0265897031
3,21,0.328125,0.046875,-0.0242496872,0.00245246309,0.0188760558,-0.0282599555,0.00319936076,0.023960581,-0.0324545253,0.00416826853,0.0265386324
3,22,0.34375,0.046875,-0.0257594793,0.00234552444,0.018969626,-0.0302462076,0.00310709384,0.0239721566,-0.0350572056,0.00410581238,0.0265024154
3,23,0.359375,0.046875,-0.0271889867,0.00221227491,0.019082547,-0.0321497366,0.00297060775,0.0240006235,-0.037579494,0.00397721493,0.0264831713
3,24,0.375,0.046875,-0.0285215094,0.00205159951,0.0192149213,-0.0339422913,0.00278679121,0.0240470216,-0.0399787756,0.00377680259,0.0264828323
3,25,0.390625,0.046875,-0.029739964,0.00186272776,0.0193665774,-0.0355944217,0.00255340458,0.0241120765,-0.0422102934,0.00350032151,0.0265030198
3,26,0.40625,0.046875,-0.0308271396,0.00164536044,0.0195370119,-0.0370760957,0.0022692907,0.0241961082,-0.04422819,0.0031452883,0.0265449114
3,27,0.421875,0.046875,-0.0317660184,0.00139978108,0.0197253357,-0.0383574151,0.00193456168,0.0242989436,-0.0459867026,0.00271131179,0.0266091011
3,28,0.4375,0.046875,-0.0325401491,0.00112694917,0.0199302271,-0.0394094132,0.00155075578,0.0244198337,-0.0474414787,0.00220036978,0.0266954641
3,29,0.453125,0.046875,-0.0331340625,0.000828572694,0.0201498956,-0.0402049089,0.00112095736,0.024557386,-0.0485509725,0.00161702277,0.0268030334
3,30,0.46875,0.046875,-0.0335337139,0.000507157208,0.0203820596,-0.0407193937,0.000649871807,0.0247095138,-0.0492778762,0.00096854633,0.0269299008
3,31,0.484375,0.046875,-0.0337269406,0.000166029158,0.0206239394,-0.0409319217,0.000143847365,0.0248734109,-0.0495905362,0.000264965098,0.0270731522
3,32,0.5,0.046875,-0.0337039164,-0.000190668964,0.0208722688,-0.0408259728,-0.000389163724,0.0250455565,-0.0494643002,-0.000481025816,0.0272288499
3,33,0.515625,0.046875,-0.033457589,-0.000558013536,0.0211233275,-0.0403902544,-0.00093971078,0.025221756,-0.048882742,-0.00125426247,0.0273920703
3,34,0.53125,0.046875,-0.0329840835,-0.000930366214,0.0213729977,-0.0396194108,-0.00149702075,0.0253972218,-0.0478387105,-0.00203744209,0.027557006
3,35,0.546875,0.046875,-0.0322830543,-0.00130147237,0.021616842,-0.0385146048,-0.0020492456,0.0255666942,-0.046335152,-0.00281158087,0.0277171345
3,36,0.5625,0.046875,-0.0313579714,-0.00166459106,0.0218502043,-0.0370839417,-0.00258377812,0.0257246018,-0.0443856611,-0.00355659198,0.0278654507
3,37,0.578125,0.046875,-0.0302163235,-0.00201265468,0.0220683304,-0.0353427071,-0.0030876295,0.0258652571,-0.0420147181,-0.00425196905,0.0279947583
3,38,0.59375,0.046875,-0.0288697257,-0.0023384549,0.0222665082,-0.0333133954,-0.00354785732,0.0259830812,-0.039257583,-0.0048775522,0.028098005
3,39,0.609375,0.046875,-0.0273339193,-0.00263485005,0.0224402191,-0.0310255107,-0.00395202879,0.0260728454,-0.0361598229,-0.00541434604,0.0281686444
3,40,0.625,0.046875,-0.0256286554,-0.00289498728,0.0225852976,-0.0285151317,-0.00428870004,0.0261299187,-0.0327764621,-0.00584535169,0.0282010013
3,41,0.640625,0.046875,-0.023777457,-0.00311253164,0.0226980901,-0.0258242378,-0.00454788886,0.0261505035,-0.0291707597,-0.00615636864,0.0281906115
3,42,0.65625,0.046875,-0.0218072578,-0.00328189292,0.0227756072,-0.0229998071,-0.00472151665,0.0261318471,-0.0254126343,-0.00633671882,0.0281345129
3,43,0.671875,0.046875,-0.0197479215,-0.00339844041,0.0228156615,-0.0200927032,-0.0048037943,0.0260724134,-0.0215767734,-0.00637984366,0.0280314622
3,44,0.6875,0.046875,-0.0176316498,-0.0034586958,0.0228169813,-0.017156383,-0.00479152825,0.0259719991,-0.0177404848,-0.00628372868,0.0278820536
3,45,0.703125,0.046875,-0.0154922912,-0.00346049476,0.0227792965,-0.0142454636,-0.00468432598,0.0258317883,-0.0139813648,-0.00605111701,0.0276887319
3,46,0.71875,0.046875,-0.0133645676,-0.00340310945,0.0227033895,-0.0114141974,-0.00448468589,0.0256543377,-0.0103748746,-0.00568948597,0.0274556915
3,47,0.734375,0.046875,-0.0112832402,-0.0032873263,0.0225911084,-0.00871490998,-0.00419796409,0.025443493,-0.00699192822,-0.00521077764,0.0271886712
3,48,0.75,0.046875,-0.0092822365,-0.00311547634,0.0224453399,-0.00619645867,-0.00383222003,0.0252042422,-0.00389660035,-0.00463089487,0.0268946582
3,49,0.765625,0.046875,-0.00739376263,-0.00289141963,0.022269945,-0.00390276813,-0.00339795404,0.0249425138,-0.00114406042,-0.00396899782,0.0265815267
3,50,0.78125,0.046875,-0.00564742481,-0.00262048903,0.022069659,-0.00187149306,-0.00290776145,0.0246649381,0.00122117556,-0.00324665968,0.0262576431
3,51,0.796875,0.046875,-0.00406937909,-0.00230940406,0.0218499616,-0.000132847112,-0.00237593961,0.0243785848,0.0031666079,-0.0024869633,0.0259314679
3,52,0.8125,0.046875,-0.00268152481,-0.00196617032,0.0216169236,0.00129137985,-0.00181809487,0.0240906973,0.00467269948,-0.00171363928,0.0256111875
3,53,0.828125,0.046875,-0.00150074968,-0.00159998505,0.0213770371,0.00238861462,-0.00125080465,0.0238084392,0.00573341884,-0.00095035937,0.0253044021
3,54,0.84375,0.046875,-0.000538225444,-0.00122117446,0.0211370359,0.00315612515,-0.000691394541,0.0235386666,0.00635644328,-0.000220302957,0.0250178873
3,55,0.859375,0.046875,0.000201255663,-0.000841192436,0.0209037097,0.00360151998,-0.000157888547,0.0232877341,0.00656313292,0.000453894949,0.0247574368
3,56,0.875,0.046875,0.000719921702,-0.000472711866,0.0206837171,0.003743181,0.000330821573,0.0230613376,0.00638842186,0.00104973645,0.0245277855
3,57,0.890625,0.046875,0.00102766004,-0.000129836369,0.0204833948,0.00361068806,0.000754573808,0.0228643875,0.00588077876,0.00154398312,0.024332597
3,58,0.90625,0.046875,0.00114266839,0.000171558851,0.0203085598,0.00324526708,0.00109135744,0.0227009039,0.00510234691,0.00191143044,0.0241744936
3,59,0.921875,0.046875,0.00109210632,0.000413403027,0.0201643048,0.00270022572,0.00131676942,0.0225739212,0.00412925936,0.00212372021,0.0240551044
3,60,0.9375,0.046875,0.000912687332,0.000575107968,0.0200547964,0.00204122754,0.00140403966,0.0224854091,0.00305193227,0.00214909377,0.0239751182
3,61,0.953125,0.046875,0.000651099786,0.000633848352,0.0199831306,0.00134614455,0.00132580967,0.0224362506,0.00197494348,0.0019549761,0.0239343673
3,62,0.96875,0.046875,0.00036421486,0.000566556412,0.019951391,0.000704354969,0.00106002255,0.0224264307,0.00101625086,0.00151699998,0.0239320779
3,63,0.984375,0.046875,0.000119683972,0.000355597355,0.019956027,0.000216506019,0.000603879265,0.0224511131,0.000307113383,0.000840383589,0.0239631416
3,64,1,0.046875,0,0,0.0199887219,0,0,0.0225017238,0,0,0.0240191646
4,0,0,0.0625,0,0,0.020007426,0,0,0.0254103546,0,0,0.0282513791
4,1,0.015625,0.0625,-4.60463385e-05,-2.05243673e-06,0.0199450625,-3.84416885e-05,-6.99761795e-05,0.0253670419,-1.71122485e-05,-0.000184528329,0.0282201384
4,2,0.03125,0.0625,-0.000247755774,0.000272447734,0.0198712076,-0.000241245187,0.000199514327,0.0253137686,-0.000185998694,3.42964219e-05,0.0281790493
4,3,0.046875,0.0625,-0.00064517895,0.000701317915,0.0197848728,-0.0006607741,0.000660084818,0.0252494542,-0.0005757645,0.000487558611,0.0281267661
4,4,0.0625,0.0625,-0.00125896448,0.00120106923,0.0196879691,-0.00132306958,0.0012099146,0.025175243,-0.00122196567,0.00105823336,0.0280639367
4,5,0.078125,0.0625,-0.00209459037,0.00171641768,0.0195850351,-0.00223513973,0.00178220732,0.0250943347,-0.00213752875,0.00166955554,0.0279931
4,6,0.09375,0.0625,-0.00314627394,0.00221251803,0.0194801535,-0.00339092452,0.0023361866,0.0250093945,-0.00332087445,0.00227537741,0.0279162277
4,7,0.109375,0.0625,-0.00440045179,0.00266900532,0.0193768317,-0.00477618147,0.00284970356,0.0249225401,-0.00476207574,0.00285164661,0.0278347723
4,8,0.125,0.0625,-0.00583869505,0.00307546403,0.019277958,-0.00637230423,0.00331326244,0.0248353797,-0.00644733681,0.00338912733,0.0277497482
4,9,0.140625,0.0625,-0.00743998486,0.00342804671,0.0191858263,-0.00815907212,0.0037253452,0.0247490949,-0.00836193996,0.00388751101,0.0276618409
4,10,0.15625,0.0625,-0.00918235834,0.00372699242,0.0191022103,-0.010116407,0.0040888755,0.0246645515,-0.0104918524,0.00435090974,0.027571531
4,11,0.171875,0.0625,-0.0110439944,0.00397483337,0.0190284626,-0.0122252836,0.00440864358,0.0245824164,-0.0128242507,0.00478461009,0.0274792143
4,12,0.1875,0.0625,-0.0130038372,0.00417512294,0.0189656215,-0.0144679748,0.00468952019,0.0245032684,-0.015347249,0.00519290672,0.0273853081
4,13,0.203125,0.0625,-0.0150418601,0.00433155935,0.0189145113,-0.0168278203,0.00493530554,0.024427691,-0.0180491121,0.00557781449,0.0272903367
4,14,0.21875,0.0625,-0.017139067,0.00444741104,0.0188758288,-0.0192886915,0.00514807783,0.0243563443,-0.0209171952,0.00593845976,0.0271949947
4,15,0.234375,0.0625,-0.0192773174,0.00452517322,0.0188502107,-0.0218343014,0.00532792415,0.024290014,-0.0239368095,0.0062709682,0.0271001901
4,16,0.25,0.0625,-0.0214390467,0.00456640164,0.0188382804,-0.0244474794,0.00547295286,0.0242296377,-0.0270901578,0.0065686919,0.0270070679
4,17,0.265625,0.0625,-0.0236069416,0.00457168111,0.0188406751,-0.0271095009,0.00557950295,0.0241763117,-0.0303554418,0.00682265,0.026917018
4,18,0.28125,0.0625,-0.025763618,0.0045406946,0.0188580535,-0.0297995355,0.00564248137,0.0241312797,-0.0337062024,0.00702208934,0.0268316699
4,19,0.296875,0.0625,-0.0278913373,0.0044723654,0.0188910873,-0.0324942545,0.00565577496,0.0240959062,-0.0371109263,0.00715510232,0.0267528716
4,20,0.3125,0.0625,-0.0299717885,0.00436504936,0.0189404385,-0.0351676184,0.00561269742,0.0240716368,-0.0405329332,0.00720926438,0.0266826563
4,21,0.328125,0.0625,-0.0319859519,0.00421675853,0.0190067239,-0.0377908534,0.00550644418,0.0240599461,-0.043930544,0.00717227152,0.026623192
4,22,0.34375,0.0625,-0.0339140573,0.00402540075,0.0190904716,-0.0403326141,0.00533053752,0.0240622746,-0.0472575201,0.00703256904,0.0265767141
4,23,0.359375,0.0625,-0.0357356385,0.0037890227,0.0191920695,-0.0427593237,0.00507925096,0.0240799562,-0.0504637596,0.00677996632,0.0265454386
4,24,0.375,0.0625,-0.0374296839,0.00350604635,0.0193117103,-0.0450356764,0.00474800615,0.0241141367,-0.0534962292,0.00640623152,0.0265314564
4,25,0.390625,0.0625,-0.0389748777,0.00317549073,0.0194493339,-0.0471252856,0.00433373653,0.0241656867,-0.0563001024,0.00590565563,0.0265366091
4,26,0.40625,0.0625,-0.040349923,0.00279717252,0.0196045705,-0.0489914564,0.00383521218,0.0242351092,-0.0588200715,0.00527557051,0.0265623503
4,27,0.421875,0.0625,-0.0415339352,0.00237188018,0.0197766875,-0.0505980584,0.00325331884,0.0243224489,-0.0610017924,0.00451680095,0.0266095981
4,28,0.4375,0.0625,-0.0425068926,0.001901517,0.0199645413,-0.0519104751,0.00259128231,0.0244272038,-0.0627934163,0.00363402833,0.0266785862
4,29,0.453125,0.0625,-0.0432501302,0.00138920915,0.0201665398,-0.052896599,0.00185482857,0.0245482498,-0.0641471594,0.00263604253,0.0267687254
4,30,0.46875,0.0625,-0.0437468594,0.000839374895,0.0203806165,-0.0535278439,0.00105226863,0.0246837813,-0.0650208602,0.00153586038,0.0268784869
4,31,0.484375,0.0625,-0.0439826989,0.000257751747,0.0206042196,-0.0537801412,0.000194498248,0.0248312751,-0.0653794718,0.000350692075,0.0270053203
4,32,0.5,0.0625,-0.043946197,-0.000348621531,0.020834318,-0.0536348877,-0.000705096881,0.0249874843,-0.0651964409,-0.000898258656,0.0271456166
4,33,0.515625,0.0625,-0.0436293299,-0.00097147046,0.0210674305,-0.053079812,-0.00163083673,0.02514847,-0.0644549275,-0.00218616886,0.0272947314
4,34,0.53125,0.0625,-0.043027956,-0.00160139941,0.0212996747,-0.0521097243,-0.00256504688,0.0253096725,-0.06314882,-0.00348514743,0.0274470749
4,35,0.546875,0.0625,-0.0421422103,-0.0022280555,0.0215268403,-0.0507271217,-0.00348846178,0.0254660246,-0.0612835096,-0.00476495769,0.0275962711
4,36,0.5625,0.0625,-0.0409768192,-0.00284034061,0.0217444852,-0.0489426155,-0.0043807259,0.025612108,-0.0588763857,-0.00599389885,0.0277353882
4,37,0.578125,0.0625,-0.0395413212,-0.00342666819,0.0219480527,-0.0467751581,-0.00522098162,0.0257423473,-0.0559570231,-0.00713982486,0.0278572324
4,38,0.59375,0.0625,-0.0378501788,-0.00397525987,0.0221330063,-0.0442520445,-0.00598852755,0.0258512354,-0.0525670321,-0.00817127031,0.0279546915
4,39,0.609375,0.0625,-0.0359227673,-0.00447447393,0.0222949807,-0.0414086735,-0.00666352537,0.025933579,-0.0487595522,-0.00905864363,0.02802111
4,40,0.625,0.0625,-0.0337832325,-0.00491315623,0.0224299384,-0.0382880576,-0.00722772791,0.0259847519,-0.0445983733,-0.00977543826,0.0280506705
4,41,0.640625,0.0625,-0.0314602111,-0.00528100137,0.0225343288,-0.0349400787,-0.00766519728,0.0260009396,-0.0401566805,-0.0102994048,0.0280387547
4,42,0.65625,0.0625,-0.0289864106,-0.00556891087,0.0226052409,-0.0314204958,-0.00796297872,0.0259793588,-0.0355154318,-0.0106136202,0.027982254
4,43,0.671875,0.0625,-0.0263980526,-0.00576933358,0.0226405403,-0.0277897201,-0.00811169452,0.0259184365,-0.0307613916,-0.0107073877,0.0278798029
4,44,0.6875,0.0625,-0.0237341864,-0.00587657364,0.0226389839,-0.0241113852,-0.00810602392,0.0258179328,-0.0259848629,-0.0105769036,0.0277319126
4,45,0.703125,0.0625,-0.0210358857,-0.00588705191,0.022600306,-0.0204507465,-0.00794503866,0.0256789992,-0.0212771815,-0.0102256333,0.0275409893
4,46,0.71875,0.0625,-0.0183453457,-0.00579950895,0.0225252672,-0.0168729588,-0.00763237094,0.0255041629,-0.0167280541,-0.00966435593,0.0273112336
4,47,0.734375,0.0625,-0.0157049026,-0.00561514032,0.0224156658,-0.0134412854,-0.00717620091,0.0252972391,-0.0124228397,-0.00891085605,0.0270484241
4,48,0.75,0.0625,-0.0131559993,-0.0053376599,0.0222743069,-0.0102152985,-0.00658906383,0.025063175,-0.0084398866,-0.0079892707,0.0267596032
4,49,0.765625,0.0625,-0.010738124,-0.00497329197,0.022104933,-0.0072491329,-0.00588749231,0.0248078372,-0.00484804016,-0.0069291313,0.0264526927
4,50,0.78125,0.0625,-0.00848774966,-0.00453069913,0.021912118,-0.00458985092,-0.00509152621,0.0245377571,-0.00170442973,-0.00576417567,0.0261360693
4,51,0.796875,0.0625,-0.00643729576,-0.00402086036,0.02170113,-0.00227596744,-0.00422413937,0.024259854,0.000947373842,-0.00453103948,0.0258181393
4,52,0.8125,0.0625,-0.00461413647,-0.00345692022,0.0214777715,-0.000336171843,-0.00331064769,0.0239811555,0.00307877092,-0.00326796634,0.0255069453
4,53,0.828125,0.0625,-0.00303966758,-0.00285403709,0.0212482034,0.00121173618,-0.00237817465,0.0237085337,0.00467709653,-0.0020136962,0.0252098367
4,54,0.84375,0.0625,-0.00172844176,-0.00222926395,0.0210187626,0.00236169912,-0.00145525487,0.0234484744,0.00574616235,-0.000806697646,0.024933226
4,55,0.859375,0.0625,-0.000687373025,-0.00160149784,0.0207957799,0.00312006401,-0.000571650184,0.0232068919,0.00630645111,0.000315107704,0.0246824429
4,56,0.875,0.0625,8.49925767e-05,-0.000991532707,0.0205854049,0.0035060887,0.000241570791,0.022988995,0.00639507173,0.00131403153,0.024461689
4,57,0.890625,0.0625,0.000599143535,-0.000422238162,0.0203934436,0.0035523267,0.000951690197,0.0227992074,0.0060655959,0.00215172194,0.0242740844
4,58,0.90625,0.0625,0.000875203031,8.11430136e-05,0.020225213,0.00330490845,0.00152383344,0.0226411412,0.00538787476,0.00278787137,0.0241217936
4,59,0.921875,0.0625,0.000943446025,0.000490650553,0.0200854264,0.00282370754,0.00192056649,0.0225176247,0.00444788353,0.00317901838,0.0240062162
4,60,0.9375,0.0625,0.00084471078,0.000775408423,0.0199781285,0.00218236753,0.00210215142,0.0224307982,0.00334760605,0.00327839995,0.0239282379
4,61,0.953125,0.0625,0.000630733704,0.000901958379,0.0199067355,0.00146826909,0.00202842835,0.022382318,0.00220509932,0.00303846072,0.0238885635
4,62,0.96875,0.0625,0.000364678322,0.000835718167,0.0198742802,0.000782985174,0.00166372731,0.0223737656,0.00115553433,0.00241828576,0.0238882129
4,63,0.984375,0.0625,0.000122837394,0.000544051107,0.0198782097,0.00024509402,0.000986115139,0.0224016821,0.000355895338,0.00139811763,0.0239236221
4,64,1,0.0625,0,0,0.0199109458,0,0,0.0224581856,0,0,0.0239871676
5,0,0,0.078125,0,0,0.0201661108,0,0,0.0255326334,0,0,0.0283560145
5,1,0.015625,0.078125,-9.96726625e-05,0.000166499482,0.0200778435,-0.000104012528,0.00010417951,0.0254690191,-9.21071066e-05,-3.16261201e-05,0.0283076174
5,2,0.03125,0.078125,-0.000433472632,0.00064971508,0.0199839324,-0.000468918815,0.000604180438,0.0253999968,-0.000447169728,0.000418881889,0.0282532058
5,3,0.046875,0.078125,-0.00102285916,0.00131061587,0.0198843611,-0.00112429824,0.00132601504,0.0253253032,-0.00110855163,0.00114693943,0.0281921735
5,4,0.0625,0.078125,-0.00187615603,0.00205099434,0.0197807265,-0.00208060178,0.00214804429,0.0252458862,-0.00209385821,0.00201039702,0.028125051
5,5,0.078125,0.078125,-0.00299048216,0.00280384029,0.0196760649,-0.00333403828,0.00298921657,0.0251638037,-0.00340355901,0.0029159647,0.0280534479
5,6,0.09375,0.078125,-0.00435420697,0.00352562853,0.0195730963,-0.00487107484,0.00379928776,0.0250806501,-0.00502778625,0.00380755567,0.0279784307
5,7,0.109375,0.078125,-0.00594943469,0.00419009774,0.0194741314,-0.00667225158,0.00455054585,0.0249975768,-0.00695139111,0.00465603014,0.0279006102
5,8,0.125,0.078125,-0.00775424601,0.00478328021,0.0193810448,-0.00871518638,0.00523090265,0.0249153554,-0.00915743103,0.00545037937,0.0278202536
5,9,0.140625,0.078125,-0.00974454474,0.00529960011,0.0192953005,-0.010976724,0.00583829131,0.0248344708,-0.0116292646,0.00619047774,0.0277374106
5,10,0.15625,0.078125,-0.0118954501,0.00573886983,0.0192180132,-0.0134342636,0.00637628317,0.0247552257,-0.0143514652,0.00688143681,0.0276520349
5,11,0.171875,0.078125,-0.014182244,0.00610402592,0.0191500277,-0.0160663664,0.00685080278,0.0246778457,-0.0173098038,0.00752947906,0.0275640949
5,12,0.1875,0.078125,-0.0165809234,0.00639946536,0.0190920021,-0.0188527868,0.00726779782,0.0246025698,-0.0204905721,0.00813916234,0.0274736616
5,13,0.203125,0.078125,-0.0190684302,0.00662986485,0.0190444855,-0.021774088,0.00763171376,0.0245297249,-0.0238795044,0.00871173593,0.0273809776
5,14,0.21875,0.078125,-0.0216226371,0.00679938706,0.0190079836,-0.024811,0.00794462451,0.0244597805,-0.0274605274,0.00924439141,0.0272865063
5,15,0.234375,0.078125,-0.0242221642,0.00691119489,0.018983008,-0.0279436588,0.00820587847,0.0243933829,-0.0312145214,0.00973017898,0.0271909636
5,16,0.25,0.078125,-0.0268460942,0.00696720904,0.018970109,-0.0311508428,0.00841213169,0.0243313712,-0.0351182279,0.0101583847,0.0270953376
5,17,0.265625,0.078125,-0.0294736475,0.00696805487,0.0189698909,-0.0344092946,0.00855765595,0.024274778,-0.0391433953,0.0105152013,0.0270008962
5,18,0.28125,0.078125,-0.0320838626,0.00691315342,0.0189830125,-0.0376931901,0.00863482758,0.0242248148,-0.0432562149,0.0107845657,0.0269091852
5,19,0.296875,0.078125,-0.0346553212,0.00680091829,0.0190101729,-0.0409737929,0.00863472231,0.0241828457,-0.0474170755,0.0109490753,0.0268220153
5,20,0.3125,0.078125,-0.0371659462,0.0066290259,0.0190520849,-0.0442193138,0.00854775957,0.0241503488,-0.0515806383,0.0109909281,0.0267414363
5,21,0.328125,0.078125,-0.0395928903,0.00639473192,0.0191094381,-0.0473949798,0.00836435642,0.0241288664,-0.0556962257,0.0108928554,0.0266696936
5,22,0.34375,0.078125,-0.0419125268,0.00609521107,0.0191828549,-0.0504633058,0.00807556412,0.0241199456,-0.0597085011,0.010639028,0.0266091675
5,23,0.359375,0.078125,-0.0441005448,0.00572790149,0.0192728381,-0.0533845543,0.00767367003,0.0241250661,-0.0635584139,0.010215924,0.0265622884
5,24,0.375,0.078125,-0.046132148,0.00529083872,0.0193797158,-0.0561173652,0.00715275319,0.0241455592,-0.0671843719,0.00961314534,0.0265314288
5,25,0.390625,0.078125,-0.0479823488,0.0047829669,0.019503583,-0.0586195304,0.00650918456,0.0241825181,-0.0705235987,0.00882416381,0.0265187733
5,26,0.40625,0.078125,-0.0496263473,0.00420441792,0.0196442441,-0.0608488873,0.00574206342,0.0242367013,-0.0735136305,0.00784697835,0.0265261689
5,27,0.421875,0.078125,-0.0510399835,0.00355675065,0.019801156,-0.0627643041,0.00485358039,0.0243084333,-0.0760939002,0.00668465655,0.026554962
5,28,0.4375,0.078125,-0.052200245,0.00284314416,0.0199733788,-0.0643267253,0.00384929643,0.0243975094,-0.0782073571,0.00534573676,0.0266058315
5,29,0.453125,0.078125,-0.053085817,0.00206853955,0.0201595328,-0.0655002472,0.0027383262,0.0245031073,-0.0798020738,0.00384446672,0.0266786301
5,30,0.46875,0.078125,-0.0536776552,0.001239726,0.0203577677,-0.0662531921,0.00153341395,0.0246237155,-0.0808327918,0.00220085869,0.0267722449
5,31,0.484375,0.078125,-0.053959565,0.000365366761,0.0205657457,-0.0665591491,0.000250891182,0.0247570847,-0.0812623669,0.000440545804,0.0268844935
5,32,0.5,0.078125,-0.0539187687,-0.000544038029,0.0207806439,-0.0663979501,-0.00108949293,0.0249002113,-0.0810630758,-0.00140557012,0.0270120699
5,33,0.515625,0.078125,-0.0535464426,-0.00147625454,0.0209991752,-0.0657565521,-0.00246487419,0.0250493563,-0.0802177556,-0.0033018834,0.0271505508
5,34,0.53125,0.078125,-0.0528382047,-0.00241748575,0.0212176329,-0.0646297955,-0.00384971102,0.0252001087,-0.078720748,-0.00520885997,0.0272944723
5,35,0.546875,0.078125,-0.051794537,-0.00335260925,0.0214319594,-0.0630210117,-0.00521635438,0.0253474935,-0.0765786226,-0.00708401513,0.0274374843
5,36,0.5625,0.078125,-0.0504211217,-0.00426548018,0.0216378386,-0.060942454,-0.00653574168,0.0254861258,-0.0738106559,-0.00888307851,0.027572581
5,37,0.578125,0.078125,-0.0487290778,-0.00513929501,0.0218308111,-0.0584155286,-0.00777820054,0.025610407,-0.0704490385,-0.0105613227,0.0276924016
5,38,0.59375,0.078125,-0.04673508,-0.00595700886,0.0220064092,-0.0554708033,-0.00891434195,0.025714755,-0.0665387849,-0.012075023,0.0277895865
5,39,0.609375,0.078125,-0.0444613481,-0.00670179642,0.0221603074,-0.0521477774,-0.00991601566,0.02579386,-0.0621373165,-0.0133830048,0.0278571735
5,40,0.625,0.078125,-0.0419354962,-0.00735754347,0.0222884823,-0.0484943986,-0.0107572948,0.0258429493,-0.0573136919,-0.0144482234,0.0278890032
5,41,0.640625,0.078125,-0.0391902324,-0.00790935351,0.022387376,-0.0445663185,-0.0114154507,0.0258580471,-0.0521474638,-0.0152393101,0.0278801093
5,42,0.65625,0.078125,-0.0362629082,-0.00834405136,0.0224540519,-0.0404258874,-0.0118718753,0.0258362084,-0.0467271497,-0.0157320077,0.027827058
5,43,0.671875,0.078125,-0.0331949163,-0.00865066459,0.0224863365,-0.0361408962,-0.0121129049,0.0257757124,-0.0411483208,-0.0159104126,0.0277282088
5,44,0.6875,0.078125,-0.030030943,-0.00882086274,0.0224829399,-0.0317830833,-0.0121305019,0.0256761988,-0.0355113304,-0.0157679388,0.0275838714
5,45,0.703125,0.078125,-0.0268180889,-0.00884933547,0.0224435429,-0.0274264393,-0.0119227524,0.0255387324,-0.0299187299,-0.0153079258,0.0273963388
5,46,0.71875,0.078125,-0.0236048705,-0.0087340925,0.0223688494,-0.023145349,-0.011494147,0.0253657915,-0.0244724417,-0.0145438278,0.0271697902
5,47,0.734375,0.078125,-0.0204401282,-0.00847667274,0.0222605962,-0.0190126239,-0.0108556244,0.0251611769,-0.0192707865,-0.0134989451,0.0269100675
5,48,0.75,0.078125,-0.0173718634,-0.00808225494,0.02212152,-0.0150974877,-0.0100243725,0.0249298473,-0.0144054796,-0.0122056944,0.0266243434
5,49,0.765625,0.078125,-0.0144460342,-0.00755966923,0.021955283,-0.0114635792,-0.00902340159,0.0246776916,-0.00995872377,-0.0107044547,0.0263207067
5,50,0.78125,0.078125,-0.0117053399,-0.0069213173,0.0217663589,-0.00816704104,-0.00788092691,0.024411256,-0.00600052812,-0.00904207368,0.0260077029
5,51,0.796875,0.078125,-0.00918802241,-0.00618301725,0.021559888,-0.00525475493,-0.00662961869,0.0241374459,-0.00258637061,-0.00727016395,0.0256938688
5,52,0.8125,0.078125,-0.00692671261,-0.00536379851,0.0213415079,-0.0027627767,-0.0053057985,0.0238632268,0.000244703956,-0.00544336197,0.0253873038
5,53,0.828125,0.078125,-0.00494734433,-0.00448567976,0.0211171703,-0.000715006507,-0.00394867562,0.023595344,0.00247149357,-0.0036177508,0.0250953117
5,54,0.84375,0.078125,-0.00326815357,-0.00357346902,0.0208929536,0.000877886344,-0.00259972236,0.0233400846,0.00409154566,-0.00184965753,0.0248241417
5,55,0.859375,0.078125,-0.00189877644,-0.00265462677,0.0206748822,0.00201928409,-0.00130227812,0.0231030947,0.00512159603,-0.000195014423,0.0245788462
5,56,0.875,0.078125,-0.000839454723,-0.00175922843,0.0204687623,0.0027272014,-0.000101441119,0.0228892667,0.00559761734,0.00129059166,0.024363262
5,57,0.890625,0.078125,-8.0356608e-05,-0.000920046824,0.0202800424,0.00303465112,0.00095575406,0.0227026982,0.00557458304,0.00255118009,0.0241801089
5,58,0.90625,0.078125,0.000398980143,-0.000172743638,0.0201137096,0.00298982524,0.0018199766,0.0225467308,0.00512606995,0.00352914281,0.0240311984
5,59,0.921875,0.078125,0.000630080488,0.000443895278,0.0199742339,0.00265613723,0.00243931033,0.0224240647,0.00434384459,0.00416398892,0.0239177326
5,60,0.9375,0.078125,0.000655865808,0.000887820289,0.0198655792,0.00211223571,0.00275947811,0.0223369599,0.00333766329,0.00439187798,0.0238406827
5,61,0.953125,0.078125,0.000531007992,0.00111388081,0.0197913124,0.00145229335,0.00272519203,0.0222875366,0.00223578556,0.00414704782,0.0238012422
5,62,0.96875,0.078125,0.000322651321,0.00107445272,0.0197548517,0.0007873352,0.00228319762,0.0222782048,0.00118735702,0.00336620396,0.0238013626
5,63,0.984375,0.078125,0.000112278492,0.000720275677,0.0197540797,0.000249224904,0.00138686444,0.022306147,0.000369057056,0.00199591792,0.0238382241
5,64,1,0.078125,0,0,0.0197816488,0,0,0.0223636104,0,0,0.0239044011
6,0,0,0.09375,0,0,0.0203382315,0,0,0.0256679764,0,0,0.0284748517
6,1,0.015625,0.09375,-0.000155393758,0.000431420195,0.0202209722,-0.000175247552,0.000398942636,0.0255809552,-0.000177346885,0.000262641399,0.028406067
6,2,0.03125,0.09375,-0.000629189,0.00119563423,0.0201036859,-0.000718646684,0.00121980004,0.0254931953,-0.000745401469,0.00105074094,0.0283354573
6,3,0.046875,0.09375,-0.0014227182,0.00214400131,0.0199873898,-0.00163350417,0.00227176779,0.025405294,-0.00171568716,0.0021342471,0.0282631794
6,4,0.0625,0.09375,-0.00252969447,0.00316869223,0.0198734846,-0.00291099748,0.00341965464,0.0253180222,-0.00308248477,0.00335324075,0.0281895873
6,5,0.078125,0.09375,-0.00393670839,0.00419446861,0.0197636428,-0.00453342764,0.00457268037,0.025232283,-0.00482968477,0.00460348358,0.0281152331
6,6,0.09375,0.09375,-0.0056245407,0.00517147055,0.019659326,-0.00647743842,0.0056743999,0.02514859,-0.00693619939,0.0058232095,0.0280401838
6,7,0.109375,0.09375,-0.00756974891,0.00606904436,0.0195617169,-0.00871676601,0.00669381511,0.025067115,-0.00937975584,0.00698129138,0.0279641371
6,8,0.125,0.09375,-0.00974621865,0.00687057408,0.0194717093,-0.0112243449,0.00761773483,0.0249877709,-0.0121391936,0.00806700084,0.027886554
6,9,0.140625,0.09375,-0.0121265009,0.00756925085,0.019389939,-0.0139737183,0.00844442241,0.0249103124,-0.0151954844,0.00908154515,0.027806793
6,10,0.15625,0.09375,-0.0146828451,0.00816469173,0.0193168401,-0.0169397802,0.00917851795,0.0248344394,-0.0185317331,0.0100314489,0.0277242287
6,11,0.171875,0.09375,-0.0173879037,0.00866030658,0.0192527134,-0.0200989355,0.00982716675,0.0247598912,-0.0221324332,0.010923717,0.0276383503
6,12,0.1875,0.09375,-0.0202151263,0.00906130906,0.019197795,-0.0234288018,0.0103972418,0.0246865252,-0.0259822484,0.0117626073,0.0275488366
6,13,0.203125,0.09375,-0.0231388906,0.00937327315,0.019152317,-0.0269075929,0.0108935188,0.0246143751,-0.0300645657,0.0125477697,0.0274556092
6,14,0.21875,0.09375,-0.0261344265,0.00960114504,0.0191165573,-0.0305133231,0.0113176487,0.0245436922,-0.0343600295,0.0132734767,0.0273588711
6,15,0.234375,0.09375,-0.029177599,0.00974863026,0.0190908741,-0.034222959,0.0116677669,0.0244749671,-0.0388452137,0.0139286688,0.0272591303
6,16,0.25,0.09375,-0.0322446069,0.00981788502,0.0190757262,-0.0380116225,0.0119385886,0.024408938,-0.0434915462,0.0144975658,0.0271572175
6,17,0.265625,0.09375,-0.0353116538,0.00980944953,0.0190716781,-0.0418519225,0.0121218502,0.0243465842,-0.0482645528,0.014960637,0.027054296
6,18,0.28125,0.09375,-0.0383546359,0.00972236826,0.0190793923,-0.0457134701,0.0122069796,0.0242891098,-0.053123455,0.0152957696,0.0269518651
6,19,0.296875,0.09375,-0.0413488836,0.00955444896,0.0190996086,-0.0495626061,0.0121818986,0.0242379157,-0.0580211293,0.0154795257,0.0268517546
6,20,0.3125,0.09375,-0.044268983,0.00930261845,0.0191331129,-0.053362355,0.0120338844,0.0241945617,-0.0629044149,0.0154884145,0.0267561056
6,21,0.328125,0.09375,-0.0470886967,0.00896333911,0.0191806978,-0.0570726007,0.0117504362,0.0241607186,-0.0677147463,0.0153001342,0.0266673343
6,22,0.34375,0.09375,-0.0497809915,0.00853305522,0.0192431148,-0.0606504722,0.0113201119,0.0241381074,-0.0723890721,0.0148947573,0.0265880722
6,23,0.359375,0.09375,-0.0523181754,0.00800864396,0.0193210204,-0.0640509172,0.0107333104,0.0241284269,-0.0768610189,0.0142558372,0.0265210806
6,24,0.375,0.09375,-0.0546721406,0.00738785036,0.0194149181,-0.0672274397,0.00998298228,0.0241332695,-0.0810622465,0.0133714162,0.0264691359
6,25,0.390625,0.09375,-0.0568147031,0.00666969007,0.0195250975,-0.0701329721,0.00906525863,0.0241540257,-0.0849239427,0.0122349142,0.0264348881
6,26,0.40625,0.09375,-0.058718027,0.00585480725,0.0196515723,-0.072720851,0.00797998593,0.0241917794,-0.0883784009,0.010845872,0.0264206944
6,27,0.421875,0.09375,-0.0603551191,0.00494577783,0.0197940208,-0.0749458664,0.0067311568,0.0242471987,-0.091360627,0.00921052754,0.0264284369
6,28,0.4375,0.09375,-0.0617003784,0.00394735051,0.0199517299,-0.076765353,0.00532722536,0.0243204277,-0.0938099274,0.00734220191,0.0264593335
6,29,0.453125,0.09375,-0.0627301825,0.00286661936,0.0201235466,-0.078140293,0.00378129542,0.0244109842,-0.0956714373,0.00526147726,0.0265137529
6,30,0.46875,0.09375,-0.063423496,0.00171312289,0.0203078405,-0.0790364013,0.00211117057,0.0245176738,-0.0968975568,0.00299615353,0.0265910525
6,31,0.484375,0.09375,-0.0637624809,0.000498865281,0.0205024804,-0.0794251673,0.000339256246,0.0246385269,-0.0974492717,0.000580975996,0.0266894506
6,32,0.5,0.09375,-0.0637330927,-0.00076174397,0.0207048288,-0.0792848246,-0.00150769386,0.0247707678,-0.0972973431,-0.00194286998,0.0268059506
6,33,0.515625,0.09375,-0.063325645,-0.00205203448,0.0209117583,-0.0786012281,-0.00339899134,0.0249108242,-0.0964233544,-0.00452849665,0.0269363308
6,34,0.53125,0.09375,-0.0625353225,-0.003353305,0.0211196898,-0.0773686131,-0.00530058732,0.0250543801,-0.0948206052,-0.00712428042,0.0270752088
6,35,0.546875,0.09375,-0.0613626276,-0.00464513849,0.0213246569,-0.0755902145,-0.00717580326,0.0251964797,-0.0924948388,-0.00967504982,0.0272161884
6,36,0.5625,0.09375,-0.0598137402,-0.00590579974,0.0215223958,-0.0732787254,-0.00898620895,0.02533168,-0.0894647861,-0.012123483,0.0273520904
6,37,0.578125,0.09375,-0.0579007758,-0.00711270992,0.021708461,-0.0704565706,-0.0106926323,0.0254542512,-0.0857624981,-0.0144116958,0.0274752606
6,38,0.59375,0.09375,-0.0556419252,-0.00824298957,0.0218783603,-0.0671559732,-0.0122562787,0.0255584149,-0.0814334347,-0.0164829923,0.0275779414
6,39,0.609375,0.09375,-0.0530614601,-0.00927405778,0.0220277104,-0.0634187936,-0.0136399301,0.0256386126,-0.0765362646,-0.0182837366,0.0276526905
6,40,0.625,0.09375,-0.0501895944,-0.010184272,0.022152401,-0.0592961187,-0.0148091869,0.0256897873,-0.0711423341,-0.019765291,0.0276928165
6,41,0.640625,0.09375,-0.0470621888,-0.0109535893,0.0222487661,-0.0548475853,-0.0157337084,0.0257076623,-0.0653347562,-0.020885947,0.027692804
6,42,0.65625,0.09375,-0.0437202954,-0.011564227,0.022313747,-0.0501404283,-0.016388401,0.0256889965,-0.0592070837,-0.0216127632,0.0276486912
6,43,0.671875,0.09375,-0.0402095374,-0.0120012988,0.0223450435,-0.0452482488,-0.0167544987,0.0256317982,-0.0528615429,-0.021923207,0.0275583684
6,44,0.6875,0.09375,-0.0365793302,-0.012253401,0.0223412404,-0.040249513,-0.0168204807,0.0255354784,-0.046406826,-0.0218064945,0.0274217683
6,45,0.703125,0.09375,-0.0328819503,-0.0123131245,0.0223019034,-0.0352258026,-0.016582773,0.0254009312,-0.0399554704,-0.021264522,0.0272409256
6,46,0.71875,0.09375,-0.0291714685,-0.0121774696,0.0222276345,-0.0302598532,-0.0160461864,0.025230529,-0.0336208849,-0.0203122993,0.0270198935
6,47,0.734375,0.09375,-0.0255025677,-0.0118481474,0.022120084,-0.0254334316,-0.0152240622,0.0250280326,-0.0275141165,-0.0189778181,0.026764521
6,48,0.75,0.09375,-0.0219292709,-0.0113317538,0.0219819173,-0.0208251136,-0.0141381085,0.0247984196,-0.0217404807,-0.0173013335,0.026482106
6,49,0.765625,0.09375,-0.0185036108,-0.0106398154,0.0218167351,-0.0165080386,-0.0128179389,0.0245476427,-0.0163962019,-0.0153340828,0.0261809527
6,50,0.78125,0.09375,-0.015274273,-0.00978871095,0.0216289528,-0.0125477149,-0.0113003505,0.0242823357,-0.0115652185,-0.0131365288,0.0258698719
6,51,0.796875,0.09375,-0.0122852497,-0.00879948769,0.0214236463,-0.00899995722,-0.00962840372,0.0240094922,-0.00731630433,-0.0107762716,0.0255576702
6,52,0.8125,0.09375,-0.00957453511,-0.0076975983,0.0212063726,-0.00590902261,-0.00785039611,0.0237361406,-0.00370063639,-0.00832583052,0.0252526747
6,53,0.828125,0.09375,-0.00717289621,-0.00651259613,0.0209829767,-0.00330600511,-0.00601883769,0.0234690434,-0.000749905388,-0.0058605379,0.0249623349
6,54,0.84375,0.09375,-0.00510274522,-0.00527783183,0.0207593976,-0.0012075267,-0.00418954546,0.0232144435,0.00152498256,-0.0034568001,0.0246929365
6,55,0.859375,0.09375,-0.00337713722,-0.00403019669,0.020541486,0.000385255782,-0.00242096524,0.0229778795,0.00313461585,-0.00119096398,0.0244494508
6,56,0.875,0.09375,-0.00199891086,-0.00280995254,0.0203348451,0.0014873305,-0.00077379624,0.022764082,0.00411125575,0.000861044518,0.0242355287
6,57,0.890625,0.09375,-0.000959984866,-0.00166067303,0.0201447068,0.00213022213,0.000689066364,0.0225769624,0.00450859106,0.00262326932,0.0240536387
6,58,0.90625,0.09375,-0.000240814905,-0.000629294082,0.0199758534,0.00236214726,0.00190234734,0.0224196927,0.00440122967,0.00401860983,0.023905333
6,59,0.921875,0.09375,0.000190001747,0.000233764887,0.0198325947,0.00224803211,0.00279815602,0.0222948779,0.00388415966,0.00496742504,0.023791624
6,60,0.9375,0.09375,0.000376026139,0.000874480919,0.0197188114,0.0018695827,0.0033059953,0.0222048098,0.00307254422,0.00538645898,0.0237134377
6,61,0.953125,0.09375,0.000373316277,0.00123517287,0.0196380737,0.00132577602,0.00335332886,0.0221517965,0.00210246673,0.00518876699,0.0236721165
6,62,0.96875,0.09375,0.00025107652,0.00125444767,0.0195938366,0.000734437316,0.00286679576,0.0221385456,0.00113366446,0.00428501426,0.0236699261
6,63,0.984375,0.09375,9.30437879e-05,0.000866702428,0.0195841221,0.000235922819,0.00177345034,0.0221624659,0.000355804878,0.00258547465,0.0237043193
6,64,1,0.09375,0,0,0.0196016648,0,0,0.0222157571,0,0,0.0237678769
7,0,0,0.109375,0,0,0.0205130005,0,0,0.0258075099,0,0,0.0285999826
7,1,0.015625,0.109375,-0.000211489519,0.000795688482,0.0203650168,-0.000249864692,0.000822826193,0.0256949988,-0.000269929537,0.000713775349,0.0285084366
7,2,0.03125,0.109375,-0.000828633216,0.00191703953,0.0202223131,-0.000982353508,0.00206243706,0.025586452,-0.00107068688,0.00195722216,0.0284195216
7,3,0.046875,0.109375,-0.00183255405,0.00321112134,0.0200869913,-0.0021727837,0.00351836583,0.0254833663,-0.00237791829,0.00348402274,0.0283341786
7,4,0.0625,0.109375,-0.00320126768,0.00456498453,0.019960336,-0.00379072306,0.00504796776,0.0253863285,-0.00415863445,0.00512439464,0.0282525023
7,5,0.078125,0.109375,-0.00490947821,0.00589868652,0.0198427783,-0.00580234264,0.00655565751,0.0252950625,-0.00637694214,0.00676967932,0.0281738495
7,6,0.09375,0.109375,-0.0069291108,0.00715866905,0.0197346082,-0.00817264053,0.00798262612,0.0252089749,-0.00899817567,0.00835762674,0.0280971753
7,7,0.109375,0.109375,-0.00923016943,0.00831177569,0.0196359411,-0.0108672152,0.00929745237,0.0251272355,-0.0119913486,0.00985902432,0.028021181
7,8,0.125,0.109375,-0.0117816569,0.00934003218,0.0195467264,-0.013853464,0.010487855,0.0250488774,-0.0153301223,0.0112661079,0.0279444606
7,9,0.140625,0.109375,-0.0145523945,0.0102362266,0.0194667875,-0.0171011907,0.0115537265,0.0249729042,-0.0189925938,0.0125830172,0.0278656347
7,10,0.15625,0.109375,-0.0175116519,0.0110002726,0.0193958782,-0.020582672,0.0125015003,0.0248983907,-0.0229602298,0.0138183856,0.02778346
7,11,0.171875,0.109375,-0.0206295489,0.0116363072,0.0193337441,-0.0242722761,0.0133398244,0.0248245678,-0.0272162647,0.0149799944,0.0276969136
7,12,0.1875,0.109375,-0.0238772324,0.0121504523,0.0192801812,-0.028145751,0.0140764553,0.0247508892,-0.0317438472,0.0160712949,0.0276052514
7,13,0.203125,0.109375,-0.0272268565,0.012549165,0.0192350853,-0.0321793129,0.014716235,0.0246770773,-0.0365241733,0.0170895171,0.0275080494
7,14,0.21875,0.109375,-0.0306514067,0.0128380955,0.0191984882,-0.0363486569,0.0152599905,0.0246031521,-0.0415347898,0.0180250394,0.0274052313
7,15,0.234375,0.109375,-0.0341244203,0.0130213752,0.0191705813,-0.0406280026,0.0157041779,0.0245294435,-0.0467481972,0.0188616956,0.0272970891
7,16,0.25,0.109375,-0.0376196513,0.0131012638,0.0191517244,-0.044989259,0.0160410953,0.0244565922,-0.0521308281,0.0195777237,0.0271843013
7,17,0.265625,0.109375,-0.0411107289,0.0130780839,0.0191424419,-0.0494013756,0.0162595036,0.024385539,-0.0576424374,0.0201471102,0.0270679476
7,18,0.28125,0.109375,-0.0445708482,0.0129503832,0.0191434071,-0.0538299162,0.0163455111,0.0243175058,-0.0632359068,0.0205411423,0.0269495198
7,19,0.296875,0.109375,-0.0479725276,0.0127152653,0.0191554149,-0.0582368739,0.0162836072,0.0242539671,-0.0688574437,0.0207300352,0.0268309247
7,20,0.3125,0.109375,-0.0512874563,0.0123688391,0.0191793462,-0.0625807279,0.0160577543,0.0241966127,-0.0744471395,0.0206845451,0.0267144714
7,21,0.328125,0.109375,-0.0544864459,0.0119067405,0.0192161236,-0.0668167294,0.0156524737,0.024147298,-0.0799398391,0.0203775126,0.0266028396
7,22,0.34375,0.109375,-0.0575394942,0.0113246897,0.0192666598,-0.0708973934,0.0150538805,0.0241079834,-0.0852662684,0.0197853006,0.0264990191
7,23,0.359375,0.109375,-0.0604159603,0.0106190505,0.0193317998,-0.0747731699,0.0142506375,0.0240806575,-0.0903543589,0.0188890984,0.0264062192
7,24,0.375,0.109375,-0.0630848447,0.00978736641,0.019412259,-0.0783932627,0.0132348082,0.0240672476,-0.0951307074,0.0176760691,0.0263277433
7,25,0.390625,0.109375,-0.0655151642,0.00882885332,0.0195085573,-0.0817065624,0.0120025959,0.0240695154,-0.0995221109,0.0161403182,0.0262668315
7,26,0.40625,0.109375,-0.0676764095,0.00774483399,0.0196209523,-0.0846626632,0.0105549577,0.0240889426,-0.103457118,0.0142836626,0.0262264744
7,27,0.421875,0.109375,-0.0695390686,0.00653910205,0.0197493731,-0.0872129299,0.0088980824,0.0241266077,-0.106867552,0.012116183,0.0262092076
7,28,0.4375,0.109375,-0.0710752019,0.00521820753,0.0198933578,-0.0893115881,0.00704372294,0.0241830628,-0.109689968,0.00965654713,0.0262168957
7,29,0.453125,0.109375,-0.0722590527,0.00379165721,0.0200519969,-0.0909168106,0.00500937449,0.0242582158,-0.111867019,0.00693209619,0.026250522
7,30,0.46875,0.109375,-0.0730676754,0.00227202437,0.0202238881,-0.0919917772,0.00281828829,0.024351227,-0.113348726,0.00397869307,0.0263099984
7,31,0.484375,0.109375,-0.0734815668,0.000674963474,0.0204071046,-0.0925056882,0.000499314457,0.0244604306,-0.114093645,0.000840332049,0.0263940129
7,32,0.5,0.109375,-0.073485283,-0.000980873909,0.0205991825,-0.0924347141,-0.00191343209,0.0245832884,-0.114069937,-0.00243148739,0.0264999299
7,33,0.515625,0.109375,-0.0730680252,-0.00267402474,0.0207971292,-0.0917628643,-0.00438108575,0.0247163866,-0.113256352,-0.00577862127,0.0266237605
7,34,0.53125,0.109375,-0.0722241784,-0.00438050314,0.0209974569,-0.0904827598,-0.00686072468,0.0248554789,-0.111643126,-0.00913737557,0.0267602103
7,35,0.546875,0.109375,-0.0709537853,-0.0060741916,0.0211962425,-0.0885962915,-0.00930624199,0.0249955848,-0.10923279,-0.0124398343,0.0269028171
7,36,0.5625,0.109375,-0.069262938,-0.00772733192,0.0213892155,-0.0861151455,-0.0116693856,0.0251311399,-0.106040873,-0.0156154192,0.0270441766
7,37,0.578125,0.109375,-0.0671640712,-0.00931110996,0.0215718737,-0.0830611699,-0.0139009528,0.0252562002,-0.102096465,-0.0185926741,0.0271762548
7,38,0.59375,0.109375,-0.0646761387,-0.0107963246,0.0217396222,-0.0794665602,-0.0159521189,0.02536469,-0.0974425921,-0.0213012566,0.0272907736
7,39,0.609375,0.109375,-0.0618246572,-0.0121541273,0.0218879325,-0.0753738302,-0.0177758702,0.0254506839,-0.0921363556,-0.0236741054,0.0273796516
7,40,0.625,0.109375,-0.0586416041,-0.0133568148,0.0220125168,-0.0708355416,-0.0193285031,0.0255087081,-0.0862487466,-0.0256497318,0.0274354716
7,41,0.640625,0.109375,-0.0551651527,-0.0143786525,0.0221095062,-0.0659137606,-0.0205711411,0.0255340424,-0.079864076,-0.0271745605,0.0274519465
7,42,0.65625,0.109375,-0.0514392394,-0.0151967027,0.022175627,-0.0606792191,-0.0214712118,0.0255230022,-0.0730789453,-0.0282052209,0.0274243438
7,43,0.671875,0.109375,-0.0475129533,-0.0157916297,0.0222083622,-0.0552101622,-0.0220038202,0.0254731781,-0.0660007034,-0.0287106703,0.0273498335
7,44,0.6875,0.109375,-0.0434397491,-0.0161484499,0.0222060899,-0.0495908795,-0.0221529481,0.0253836154,-0.05874536,-0.0286740113,0.0272277256
7,45,0.703125,0.109375,-0.039276489,-0.0162571972,0.0221681886,-0.0439099309,-0.0219124121,0.0252549142,-0.05143496,-0.0280938669,0.0270595697
7,46,0.71875,0.109375,-0.0350823246,-0.0161134751,0.022095101,-0.0382580955,-0.021286518,0.0250892412,-0.0441944656,-0.0269851817,0.026849102
7,47,0.734375,0.109375,-0.0309174392,-0.0157188703,0.0219883511,-0.0327260937,-0.020290364,0.0248902462,-0.0371482354,-0.0253793494,0.0266020352
7,48,0.75,0.109375,-0.0268416767,-0.0150812119,0.0218505112,-0.0274021478,-0.0189497655,0.0246628877,-0.0304162374,-0.023323609,0.0263257061
7,49,0.765625,0.109375,-0.0229130896,-0.0142146672,0.0216851205,-0.0223694635,-0.0173008003,0.0244131795,-0.0241101633,-0.0208797168,0.0260286097
7,50,0.78125,0.109375,-0.0191864442,-0.0131396784,0.0214965584,-0.0177037247,-0.0153890082,0.0241478778,-0.0183296349,-0.0181219712,0.0257198605
7,51,0.796875,0.109375,-0.0157117238,-0.0118827552,0.0212898805,-0.0134706979,-0.013268311,0.0238741331,-0.0131586981,-0.0151347461,0.0254086308
7,52,0.8125,0.109375,-0.0125326712,-0.010476152,0.0210706288,-0.00972403674,-0.0109997506,0.0235991373,-0.00866278018,-0.0120097609,0.0251036208
7,53,0.828125,0.109375,-0.00968541165,-0.00895746965,0.0208446269,-0.0065033671,-0.00865017152,0.0233297948,-0.00488625241,-0.00884336976,0.0248126069
7,54,0.84375,0.109375,-0.00719719226,-0.00736922801,0.0206177771,-0.00383271378,-0.00629098325,0.0230724483,-0.0018506875,-0.00573417878,0.024542116
7,55,0.859375,0.109375,-0.00508527045,-0.00575846113,0.0203958721,-0.00171930336,-0.00399713533,0.0228326806,0.00044616352,-0.00278128761,0.0242972484
7,56,0.875,0.109375,-0.00335597593,-0.00417638078,0.0201844354,-0.000152750263,-0.00184640747,0.0226152114,0.00203071861,-8.33835432e-05,0.0240816702
7,57,0.890625,0.109375,-0.00200396202,-0.00267814278,0.0199886037,0.000895402503,8.09373055e-05,0.0224238984,0.00295335308,0.00226120617,0.0238977676
7,58,0.90625,0.109375,-0.00101164892,-0.00132273025,0.01981306,0.00147185822,0.00170216662,0.0222618426,0.00328782415,0.00415357421,0.0237469528
7,59,0.921875,0.109375,-0.000348840043,-0.000172945766,0.0196620253,0.00164158503,0.00293187489,0.02213159,0.00313061916,0.00549267436,0.023630086
7,60,0.9375,0.109375,2.75420853e-05,0.00070450576,0.0195393092,0.00148789094,0.0036817342,0.0220354108,0.0026006378,0.00617357091,0.0235479761
7,61,0.953125,0.109375,0.000173704577,0.00123883043,0.0194484161,0.00111288545,0.00386033742,0.0219756289,0.00183978021,0.00608592759,0.0235019012
7,62,0.96875,0.109375,0.000159373111,0.00135472521,0.0193926854,0.000638784627,0.00337305082,0.0219549523,0.00101518024,0.00511286582,0.023494076
7,63,0.984375,0.109375,6.8468105e-05,0.000971352197,0.0193701581,0.000210546457,0.00212130175,0.0219708087,0.000323846851,0.00312958238,0.0235219729
7,64,1,0.109375,0,0,0.0193736364,0,0,0.0220153232,0,0,0.0235781306
8,0,0,0.125,0,0,0.0206806199,0,0,0.0259425516,0,0,0.0287231508
8,1,0.015625,0.125,-0.000267154504,0.00126005341,0.0205011263,-0.000326612227,0.00138129614,0.0258032409,-0.000368096633,0.00133332828,0.0286071709
8,2,0.03125,0.125,-0.00102829912,0.00281669876,0.0203319085,-0.00125495374,0.00314271904,0.0256726026,-0.00141616258,0.00315872969,0.0284984994
8,3,0.046875,0.125,-0.00224486419,0.00451663577,0.0201761707,-0.00273147178,0.00508013734,0.0255530435,-0.00308101183,0.00522219467,0.0283988504
8,4,0.0625,0.125,-0.00387882576,0.00624561639,0.0200351284,-0.00470269911,0.00704921358,0.0254449317,-0.00529950006,0.0073522646,0.0283079493
8,5,0.078125,0.125,-0.00589226973,0.00792231174,0.0199080644,-0.00711718977,0.00895459785,0.0253467688,-0.00801357174,0.0094430248,0.0282238031
8,6,0.09375,0.125,-0.00824744549,0.00949216177,0.0197941648,-0.00992699816,0.0107392725,0.0252568137,-0.0111732184,0.011437616,0.0281441291
8,7,0.109375,0.125,-0.0109070689,0.0109215904,0.0196925266,-0.0130885831,0.0123746386,0.0251732024,-0.0147375402,0.0133132381,0.0280665409
8,8,0.125,0.125,-0.0138346993,0.0121927992,0.0196021902,-0.0165631245,0.0138517103,0.0250940676,-0.0186742807,0.0150682461,0.0279887038
8,9,0.140625,0.125,-0.0169950725,0.0132992459,0.0195221893,-0.0203163061,0.0151736304,0.0250176478,-0.022958264,0.0167116526,0.0279084595
8,10,0.15625,0.125,-0.020354321,0.0142418461,0.0194516103,-0.0243176589,0.0163496033,0.0249423821,-0.0275691551,0.0182551198,0.0278239177
8,11,0.171875,0.125,-0.023880047,0.0150258871,0.0193896484,-0.0285395804,0.0173902458,0.0248669847,-0.0324889148,0.0197073345,0.0277335202
8,12,0.1875,0.125,-0.027541248,0.0156586167,0.0193356597,-0.0329561566,0.0183042786,0.0247904988,-0.0376992566,0.0210705159,0.0276360809
8,13,0.203125,0.125,-0.0313081102,0.0161474474,0.0192892004,-0.037541911,0.0190964247,0.0247123306,-0.0431793361,0.0223387124,0.0275308137
8,14,0.21875,0.125,-0.0351517031,0.0164987088,0.0192500536,-0.0422705929,0.0197663384,0.0246322668,-0.048903829,0.0234975007,0.0274173524
8,15,0.234375,0.125,-0.0390436123,0.0167168749,0.0192182418,-0.0471140996,0.020308369,0.0245504798,-0.0548414878,0.024524707,0.0272957703
8,16,0.25,0.125,-0.0429555533,0.0168041937,0.0191940279,-0.0520416006,0.0207119617,0.0244675219,-0.06095421,0.025391806,0.0271666024
8,17,0.265625,0.125,-0.0468590042,0.0167606464,0.0191779021,-0.0570189084,0.0209625075,0.0243843129,-0.0671966084,0.0260657156,0.0270308684
8,18,0.28125,0.125,-0.0507248919,0.0165841669,0.0191705593,-0.0620081162,0.0210424778,0.0243021191,-0.0735160492,0.0265107758,0.0268900936
8,19,0.296875,0.125,-0.0545233594,0.0162710571,0.0191728664,-0.0669675037,0.0209327103,0.0242225253,-0.079853102,0.0266907585,0.0267463203
8,20,0.3125,0.125,-0.0582236335,0.0158165367,0.0191858202,-0.0718516959,0.0206137399,0.0241473965,-0.0861423373,0.02657081,0.0266021025
8,21,0.328125,0.125,-0.0617940035,0.015215377,0.0192104993,-0.0766120491,0.0200671017,0.0240788288,-0.0923134017,0.0261192632,0.0264604762
8,22,0.34375,0.125,-0.065201915,0.0144625697,0.0192480078,-0.0811972334,0.0192765525,0.0240190847,-0.0982922972,0.0253092771,0.026324897
8,23,0.359375,0.125,-0.0684141744,0.0135539944,0.0192994116,-0.085553975,0.0182291797,0.0239705121,-0.104002792,0.0241202762,0.0261991404
8,24,0.375,0.125,-0.071397257,0.0124870543,0.0193656724,-0.0896279233,0.0169163747,0.0239354472,-0.109367895,0.0225391683,0.0260871631
8,25,0.390625,0.125,-0.0741177064,0.0112612549,0.0194475751,-0.0933646075,0.0153346591,0.0239160998,-0.114311333,0.0205613249,0.0259929269
8,26,0.40625,0.125,-0.0765426119,0.00987871158,0.0195456549,-0.09671045,0.0134863534,0.0239144262,-0.118758984,0.0181913131,0.0259201905
8,27,0.421875,0.125,-0.0786401488,0.00834457018,0.0196601228,-0.0996138109,0.0113800817,0.0239319906,-0.12264023,0.015443377,0.0258722773
8,28,0.4375,0.125,-0.0803801665,0.00666733459,0.0197907946,-0.102026036,0.00903110605,0.0239698251,-0.125889217,0.0123416684,0.0258518323
8,29,0.453125,0.125,-0.081734811,0.00485909283,0.0199370262,-0.103902495,0.00646148444,0.0240282936,-0.128446018,0.00892023575,0.0258605837
8,30,0.46875,0.125,-0.082679164,0.00293563706,0.0200976578,-0.105203588,0.00370004817,0.0241069701,-0.130257715,0.0052227804,0.0258991236
8,31,0.484375,0.125,-0.0831918881,0.000916472938,0.0202709741,-0.105895723,0.000782193192,0.0242045417,-0.131279414,0.00130218744,0.0259667265
8,32,0.5,0.125,-0.0832558594,-0.00117528558,0.0204546825,-0.105952235,-0.00225051776,0.0243187458,-0.13147523,-0.00278016332,0.0260612244
8,33,0.515625,0.125,-0.0828587759,-0.0033131391,0.0206459131,-0.105354266,-0.0053509457,0.0244463503,-0.130819248,-0.00695530854,0.0261789495
8,34,0.53125,0.125,-0.0819937236,-0.00546754495,0.020841246,-0.104091571,-0.0084671601,0.0245831854,-0.129296482,-0.0111478426,0.0263147614
8,35,0.546875,0.125,-0.0806596869,-0.0076063789,0.0210367676,-0.102163248,-0.0115434175,0.0247242329,-0.126903835,-0.0152773021,0.0264621671
8,36,0.5625,0.125,-0.0788619839,-0.00969551376,0.0212281554,-0.0995783814,-0.0145213305,0.0248637732,-0.123651028,-0.019259808,0.0266135359
8,37,0.578125,0.125,-0.0766126109,-0.0116995092,0.0214107939,-0.0963565515,-0.0173412176,0.0249955898,-0.119561479,-0.023009977,0.0267604081
8,38,0.59375,0.125,-0.073930477,-0.0135824036,0.0215799173,-0.0925281998,-0.0199436185,0.0251132257,-0.114673054,-0.0264431015,0.0268938883
8,39,0.609375,0.125,-0.0708415108,-0.0153085924,0.0217307761,-0.0881347972,-0.0222709487,0.0252102799,-0.109038626,-0.0294775822,0.0270051056
8,40,0.625,0.125,-0.0673786201,-0.0168437766,0.0218588192,-0.0832287781,-0.0242692565,0.0252807301,-0.102726338,-0.0320375706,0.0270857145
8,41,0.640625,0.125,-0.0635814884,-0.0181559539,0.0219598846,-0.077873195,-0.0258900309,0.0253192596,-0.0958194734,-0.0340557482,0.0271284035
8,42,0.65625,0.125,-0.0594961925,-0.0192164264,0.0220303886,-0.0721410518,-0.0270919995,0.0253215712,-0.088415825,-0.0354761358,0.0271273761
8,43,0.671875,0.125,-0.0551746298,-0.0200007891,0.0220675034,-0.0661142835,-0.0278428383,0.0252846615,-0.0806264669,-0.0362567924,0.0270787616
8,44,0.6875,0.125,-0.0506737496,-0.0204898653,0.022069309,-0.0598823605,-0.0281207121,0.0252070319,-0.0725738712,-0.0363722379,0.0269809166
8,45,0.703125,0.125,-0.0460545877,-0.020670549,0.0220349126,-0.053540517,-0.027915557,0.025088821,-0.0643893334,-0.0358154164,0.0268345854
8,46,0.71875,0.125,-0.0413811136,-0.0205365194,0.0219645246,-0.0471876233,-0.0272300235,0.0249318394,-0.0562097344,-0.0345990239,0.0266428954
8,47,0.734375,0.125,-0.0367189076,-0.0200887953,0.0218594836,-0.0409237467,-0.0260800099,0.0247395027,-0.0481737209,-0.0327560462,0.0264111801
8,48,0.75,0.125,-0.0321336929,-0.0193361034,0.0217222285,-0.0348474727,-0.0244947387,0.0245166623,-0.0404174468,-0.0303394055,0.0261466369
8,49,0.765625,0.125,-0.0276897602,-0.0182950479,0.0215562168,-0.0290530782,-0.0225163621,0.0242693456,-0.0330700726,-0.0274206853,0.0258578483
8,50,0.78125,0.125,-0.0234483257,-0.0169900768,0.0213657937,-0.0236276668,-0.020199116,0.0240044256,-0.0262492568,-0.024087994,0.0255542075
8,51,0.796875,0.125,-0.0194658715,-0.0154532607,0.0211560202,-0.0186483847,-0.0176080917,0.0237292472,-0.0200568889,-0.0204431263,0.0252453057
8,52,0.8125,0.125,-0.0157925193,-0.0137239104,0.0209324712,-0.0141798347,-0.0148177269,0.0234512422,-0.0145753034,-0.0165982763,0.0249403359
8,53,0.828125,0.125,-0.0124704868,-0.0118480751,0.0207010195,-0.0102717952,-0.0119101606,0.0231775687,-0.00986417396,-0.0126726306,0.024647579
8,54,0.84375,0.125,-0.00953267498,-0.00987797303,0.0204676202,-0.00695732826,-0.00897360921,0.0229148053,-0.00595822668,-0.00878921603,0.0243740172
8,55,0.859375,0.125,-0.0070014266,-0.00787141302,0.0202381117,-0.00425133034,-0.00610092876,0.0226687316,-0.00286583076,-0.00507237009,0.0241251151
8,56,0.875,0.125,-0.00488748654,-0.00589126097,0.020018051,-0.00214954268,-0.0033885021,0.0224442112,-0.000568434845,-0.00164614505,0.0239047861
8,57,0.890625,0.125,-0.00318918493,-0.00400500004,0.0198125931,-0.000627991447,-0.000935542121,0.0222451924,0.00097927678,0.00136616378,0.0237155462
8,58,0.90625,0.125,-0.00189184593,-0.00228441606,0.0196264253,0.000357221267,0.00115616481,0.0220748205,0.00184872924,0.00384134375,0.0235588335
8,59,0.921875,0.125,-0.000967405771,-0.000805426116,0.0194637609,0.000869913237,0.0027821233,0.021935653,0.00213661898,0.00565461139,0.0234354592
8,60,0.9375,0.125,-0.000374199492,0.000351936298,0.0193283858,0.000993805107,0.00383469488,0.0218299475,0.00196429749,0.00667729794,0.0233461338
8,61,0.953125,0.125,-5.6853729e-05,0.00110334184,0.0192237472,0.000832746794,0.00420243517,0.0217599828,0.00147784579,0.00677422455,0.0232919987
8,62,0.96875,0.125,5.37740969e-05,0.00135968414,0.0191530549,0.000511451997,0.00376913476,0.0217283504,0.000849287726,0.00580094762,0.0232750621
8,63,0.984375,0.125,4.0596201e-05,0.00102607554,0.0191143494,0.00017687962,0.00241223497,0.0217324204,0.00027915786,0.00360065489,0.0232927056
8,64,1,0.125,0,0,0.0191005247,0,0,0.0217642651,0,0,0.0233374269
9,0,0,0.140625,0,0,0.0208321475,0,0,0.0260645758,0,0,0.0288357721
9,1,0.015625,0.140625,-0.00032198292,0.0018239876,0.0206209939,-0.000404661621,0.00207777993,0.0258977321,-0.000470523243,0.00212993793,0.0286942534
9,2,0.03125,0.140625,-0.00122610781,0.00389474921,0.0204248392,-0.00153282653,0.00446729661,0.0257442715,-0.00177639876,0.00467013736,0.028564913
9,3,0.046875,0.140625,-0.00265480879,0.00606164797,0.020247973,-0.00330157023,0.00696611121,0.0256074874,-0.00381326015,0.00736736021,0.0284501889
9,4,0.0625,0.140625,-0.00455410498,0.00821239007,0.0200915574,-0.00563356231,0.00943368575,0.0254874689,-0.00648570772,0.0100569545,0.028349298
9,5,0.078125,0.140625,-0.00687318079,0.0102673063,0.0199537872,-0.00845883107,0.0117799566,0.0253814302,-0.0097118559,0.0126433977,0.0282587245
9,6,0.09375,0.140625,-0.009564166,0.0121734682,0.0198327897,-0.0117156603,0.0139540195,0.0252864266,-0.0134251498,0.0150815952,0.028174811
9,7,0.109375,0.140625,-0.0125820276,0.0138990295,0.0197266805,-0.0153507101,0.0159335787,0.0251995233,-0.0175739784,0.0173600867,0.028093988
9,8,0.125,0.140625,-0.0158844926,0.0154280358,0.0196336207,-0.0193184839,0.0177155779,0.025117929,-0.0221196848,0.0194868317,0.0280129303
9,9,0.140625,0.140625,-0.0194319415,0.0167558483,0.0195518796,-0.0235802862,0.0193082609,0.0250391061,-0.0270335625,0.0214778916,0.0279286619
9,10,0.15625,0.140625,-0.0231872339,0.0178852471,0.0194798951,-0.0281028217,0.0207247746,0.0249608548,-0.0322933686,0.0233490364,0.0278386215
9,11,0.171875,0.140625,-0.0271154505,0.0188232342,0.0194163277,-0.0328565858,0.0219783222,0.0248813732,-0.0378797877,0.0251100959,0.0277406979
9,12,0.1875,0.140625,-0.03118355,0.0195785155,0.0193601048,-0.0378141901,0.0230787859,0.0247992963,-0.0437731778,0.0267617162,0.0276332492
9,13,0.203125,0.140625,-0.0353599573,0.0201596201,0.0193104521,-0.0429487472,0.0240306712,0.0247137175,-0.0499508178,0.0282940894,0.0275151153
9,14,0.21875,0.140625,-0.0396141062,0.0205735975,0.0192669115,-0.0482324191,0.0248321791,0.024624196,-0.0563847816,0.0296871911,0.0273856323
9,15,0.234375,0.140625,-0.0439159668,0.0208252255,0.0192293452,-0.0536352065,0.0254751856,0.0245307545,-0.0630404782,0.0309120767,0.0272446545
9,16,0.25,0.140625,-0.0482355913,0.0209166558,0.0191979274,-0.0591240278,0.025945904,0.0244338703,-0.0698758384,0.0319328443,0.0270925839
9,17,0.265625,0.140625,-0.052542708,0.0208474226,0.0191731258,-0.0646621089,0.0262260191,0.024334461,-0.0768410891,0.0327089494,0.0269304045
9,18,0.28125,0.140625,-0.0568063921,0.0206147384,0.0191556716,-0.0702086836,0.0262941065,0.0242338642,-0.0838790305,0.0331976359,0.0267597154
9,19,0.296875,0.140625,-0.060994834,0.0202140069,0.0191465212,-0.0757189847,0.026127187,0.0241338101,-0.0909257253,0.0333563233,0.0265827528
9,20,0.3125,0.140625,-0.0650752189,0.0196394831,0.0191468095,-0.0811444943,0.0257022997,0.024036384,-0.097911503,0.0331448448,0.0264023911
9,21,0.328125,0.140625,-0.0690137234,0.018885022,0.0191577969,-0.0864334136,0.0249980111,0.0239439759,-0.104762186,0.0325274724,0.0262221154
9,22,0.34375,0.140625,-0.0727756303,0.0179448606,0.0191808068,-0.0915313106,0.0239958064,0.0238592125,-0.111400451,0.0314746908,0.0260459542
9,23,0.359375,0.140625,-0.0763255521,0.0168143925,0.0192171585,-0.0963819032,0.0226813275,0.0237848707,-0.117747243,0.0299646961,0.0258783697
9,24,0.375,0.140625,-0.079627756,0.0154908984,0.0192680934,-0.100927938,0.0210454406,0.0237237719,-0.123723181,0.0279846103,0.0257241041
9,25,0.390625,0.140625,-0.0826465757,0.0139742083,0.0193346965,-0.105112133,0.0190851226,0.0236786555,-0.129249897,0.0255314075,0.0255879833
9,26,0.40625,0.140625,-0.0853468973,0.0122672763,0.0194178155,-0.108878147,0.0168041611,0.0236520377,-0.134251279,0.0226125597,0.0254746844
9,27,0.421875,0.140625,-0.087694704,0.0103766567,0.0195179773,-0.112171567,0.0142136684,0.0236460562,-0.13865461,0.0192464159,0.0253884777
9,28,0.4375,0.140625,-0.089657668,0.00831286974,0.0196353074,-0.114940883,0.0113324067,0.0236623119,-0.142391598,0.015462335,0.025332955
9,29,0.453125,0.140625,-0.0912057743,0.0060906547,0.0197694546,-0.117138455,0.00818692654,0.0237017128,-0.145399331,0.0113005937,0.0253107601
9,30,0.46875,0.140625,-0.0923119657,0.00372910152,0.019919526,-0.118721455,0.00481151616,0.023764332,-0.147621178,0.00681208893,0.0253233395
9,31,0.484375,0.140625,-0.0929527951,0.00125165888,0.0200840352,-0.119652795,0.0012479613,0.0238492898,-0.149007686,0.00205784774,0.0253707285
9,32,0.5,0.140625,-0.0931090743,-0.00131398617,0.0202608706,-0.119902041,-0.00245488829,0.0239546703,-0.149517503,-0.00289165338,0.0254513923
9,33,0.515625,0.140625,-0.092766505,-0.00393616061,0.0204472871,-0.119446301,-0.00624174998,0.024077483,-0.149118354,-0.0079573694,0.0255621379
9,34,0.53125,0.140625,-0.0919162797,-0.00657959212,0.0206399245,-0.118271101,-0.0100517428,0.0242136778,-0.1477881,-0.0130527889,0.0256981096
9,35,0.546875,0.140625,-0.0905556363,-0.00920593131,0.020834859,-0.116371223,-0.0138194313,0.0243582214,-0.145515875,-0.0180852885,0.0258528806
9,36,0.5625,0.140625,-0.0886883526,-0.0117744079,0.021027685,-0.113751498,-0.0174760822,0.0245052355,-0.142303283,-0.0229577747,0.0260186469
9,37,0.578125,0.140625,-0.0863251606,-0.0142426169,0.0212136302,-0.110427518,-0.0209511343,0.024648199,-0.138165617,-0.0275706479,0.0261865217
9,38,0.59375,0.140625,-0.0834840618,-0.0165674247,0.021387702,-0.106426223,-0.0241738732,0.0247802082,-0.133133038,-0.0318241099,0.0263469269
9,39,0.609375,0.140625,-0.0801905224,-0.0187059842,0.0215448602,-0.101786336,-0.0270752919,0.0248942866,-0.127251614,-0.035620822,0.0264900656
9,40,0.625,0.140625,-0.0764775264,-0.0206168372,0.0216802103,-0.0965585571,-0.0295901054,0.0249837275,-0.120584112,-0.0388688843,0.0266064523
9,41,0.640625,0.140625,-0.0723854626,-0.0222610801,0.0217892061,-0.0908054809,-0.0316588674,0.0250424508,-0.113210408,-0.0414850731,0.026687469
9,42,0.65625,0.140625,-0.0679618252,-0.0236035613,0.0218678561,-0.0846011686,-0.0332301233,0.0250653521,-0.105227371,-0.0433982274,0.0267259086
9,43,0.671875,0.140625,-0.0632607094,-0.0246140726,0.0219129181,-0.0780303163,-0.0342625116,0.0250486183,-0.0967480867,-0.044552624,0.0267164633
9,44,0.6875,0.140625,-0.0583420879,-0.025268492,0.0219220701,-0.0711869853,-0.0347267146,0.0249899826,-0.0879003007,-0.0449111449,0.026656111
9,45,0.703125,0.140625,-0.0532708615,-0.0255498332,0.0218940478,-0.0641728716,-0.0346071493,0.0248888983,-0.0788240103,-0.0444580038,0.0265443597
9,46,0.71875,0.140625,-0.0481156886,-0.0254491552,0.0218287366,-0.0570951229,-0.0339032883,0.0247466111,-0.0696681866,-0.0432007942,0.0263833198
9,47,0.734375,0.140625,-0.0429476045,-0.024966291,0.0217272098,-0.0500637411,-0.0326305147,0.0245661192,-0.060586689,-0.0411716369,0.0261775852
9,48,0.75,0.140625,-0.0378384591,-0.0241103593,0.0215917099,-0.0431886437,-0.030820434,0.0243520213,-0.0517335116,-0.0384272572,0.0259339254
9,49,0.765625,0.140625,-0.0328592089,-0.0229000344,0.0214255702,-0.0365764867,-0.0285206061,0.0241102579,-0.0432575846,-0.0350479069,0.0256608112
9,50,0.78125,0.140625,-0.0280781123,-0.021363567,0.021233083,-0.0303273797,-0.0257937018,0.02384777,-0.035297413,-0.031135155,0.0253678157
9,51,0.796875,0.140625,-0.0235588849,-0.0195385615,0.0210193208,-0.0245316387,-0.0227161432,0.0235721006,-0.0279758739,-0.0268086995,0.0250649481
9,52,0.8125,0.140625,-0.0193588761,-0.0174715368,0.020789924,-0.0192667262,-0.0193763401,0.0232909766,-0.0213954913,-0.0222024758,0.02476199
9,53,0.828125,0.140625,-0.0155273291,-0.015217314,0.0205508713,-0.0145945189,-0.015872678,0.023011908,-0.0156344716,-0.0174604465,0.0244678985
9,54,0.84375,0.140625,-0.0121037841,-0.0128382882,0.0203082493,-0.0105590179,-0.0123114481,0.0227418455,-0.0107437068,-0.012732522,0.024190344
9,55,0.859375,0.140625,-0.00911667438,-0.0104036496,0.0200680395,-0.00718457921,-0.00880492091,0.022486924,-0.00674485303,-0.00817107944,0.0239354225
9,56,0.875,0.140625,-0.00658215639,-0.00798862245,0.0198359414,-0.00447469495,-0.00546974636,0.0222523225,-0.00362947476,-0.00392849109,0.0237075754
9,57,0.890625,0.140625,-0.00450319827,-0.00567378339,0.0196172426,-0.00241130286,-0.00242582664,0.0220422463,-0.00135912503,-0.000155957916,0.0235097159
9,58,0.90625,0.140625,-0.00286893551,-0.00354450941,0.0194167463,-0.000954542009,0.000204261935,0.0218600343,0.000133880207,0.00299623201,0.0233435432
9,59,0.921875,0.140625,-0.0016542836,-0.0016905922,0.0192387578,-4.28199981e-05,0.00229529105,0.021708373,0.000945327712,0.00537710611,0.0232100032
9,60,0.9375,0.140625,-0.000819782337,-0.000206046282,0.0190871235,0.000406987387,0.00371890064,0.0215895845,0.00119800347,0.0068323441,0.0231098299
9,61,0.953125,0.140625,-0.000311643189,0.00081085684,0.018965303,0.000499394761,0.00434269053,0.0215059397,0.00104100023,0.00720093736,0.0230440839
9,62,0.96875,0.140625,-6.19966362e-05,0.00125727528,0.0188764473,0.000360359889,0.004028918,0.0214599267,0.00064968338,0.00631155375,0.0230145766
9,63,0.984375,0.140625,1.05794508e-05,0.00102512629,0.0188186308,0.000137489569,0.00263275375,0.0214488596,0.000226225605,0.0039788701,0.0230185825
9,64,1,0.140625,0,0,0.0187848637,0,0,0.0214647862,0,0,0.023048565
10,0,0,0.15625,0,0,0.0209592872,0,0,0.0261651148,0,0,0.0289288951
10,1,0.015625,0.15625,-0.000375723927,0.00248616123,0.0207167582,-0.000483314169,0.00291412268,0.025970455,-0.000575961853,0.00310972704,0.0287612135
10,2,0.03125,0.15625,-0.00142066591,0.00514952463,0.0204937241,-0.00181295952,0.00603962765,0.0257938902,-0.00214641077,0.0065014666,0.0286107405
10,3,0.046875,0.15625,-0.00305897083,0.00784463294,0.0202955176,-0.00387634938,0.00918087311,0.0256395472,-0.00456391688,0.00993150363,0.0284805487
10,4,0.0625,0.15625,-0.00522101601,0.0104639884,0.0201232353,-0.00657187575,0.0122064744,0.0255071523,-0.00769935599,0.0132508603,0.0283691824
10,5,0.078125,0.15625,-0.00784310893,0.0129323728,0.0199740144,-0.00981058337,0.0150366959,0.0253925488,-0.0114459539,0.0163824668,0.0282714161
10,6,0.09375,0.15625,-0.010867113,0.0152010086,0.0198449489,-0.0135165601,0.0176311515,0.0252915233,-0.0157199082,0.0192997385,0.0281820761
10,7,0.109375,0.15625,-0.0142400299,0.017241917,0.0197331968,-0.0176263246,0.0199774621,0.025200025,-0.0204584719,0.022007773,0.0280963119
10,8,0.125,0.15625,-0.0179135437,0.019042713,0.019636064,-0.0220874708,0.0220812864,0.0251143148,-0.0256163537,0.0245278301,0.0280097465
10,9,0.140625,0.15625,-0.0218435226,0.0206019872,0.0195510781,-0.0268568076,0.0239579682,0.0250310692,-0.0311612061,0.0268853364,0.0279185496
10,10,0.15625,0.15625,-0.0259894777,0.0219253551,0.0194760511,-0.0318982099,0.0256259029,0.0249474488,-0.0370688455,0.029101345,0.0278194652
10,11,0.171875,0.15625,-0.0303139824,0.0230222031,0.0194091291,-0.0371803712,0.0271016142,0.0248611404,-0.0433187084,0.0311871437,0.027709813
10,12,0.1875,0.15625,-0.0347820603,0.0239031235,0.0193488294,-0.0426746205,0.02839644,0.024770378,-0.0498898912,0.033141546,0.0275874809
10,13,0.203125,0.15625,-0.0393605586,0.0245780036,0.0192940641,-0.0483529335,0.0295146537,0.0246739501,-0.0567579807,0.0349503162,0.0274509226
10,14,0.21875,0.15625,-0.0440175278,0.0250547183,0.019244149,-0.0541862349,0.0304527977,0.0245711969,-0.063892755,0.036587161,0.027299169
10,15,0.234375,0.15625,-0.0487216296,0.02533836,0.0191987998,-0.0601430517,0.0311999777,0.0244620019,-0.0712567391,0.0380157639,0.0271318531
10,16,0.25,0.15625,-0.0534416017,0.0254309349,0.0191581174,-0.0661885438,0.0317388641,0.0243467812,-0.0788045338,0.0391924169,0.0269492528
10,17,0.265625,0.15625,-0.0581458012,0.0253314472,0.0191225616,-0.0722839109,0.0320471633,0.024226469,-0.0864827999,0.0400689077,0.026752339
10,18,0.28125,0.15625,-0.0628018482,0.025036293,0.0190929172,-0.0783861489,0.0320993536,0.0241024998,-0.0942307649,0.0405954121,0.026542823
10,19,0.296875,0.15625,-0.0673763841,0.0245398838,0.0190702493,-0.0844481155,0.031868521,0.023976783,-0.101981119,0.040723231,0.0263231904
10,20,0.3125,0.15625,-0.0718349523,0.0238354261,0.0190558537,-0.0904188549,0.0313281688,0.0238516667,-0.109661173,0.0404072709,0.0260967102
10,21,0.328125,0.15625,-0.0761420028,0.0229157885,0.0190511969,-0.0962441278,0.030453918,0.0237298863,-0.117194175,0.0396082113,0.0258674068
10,22,0.34375,0.15625,-0.0802610154,0.0217743983,0.0190578514,-0.101867096,0.0292250421,0.0236144946,-0.124500674,0.0382943342,0.0256399896
10,23,0.359375,0.15625,-0.0841547318,0.0204061201,0.0190774208,-0.107229111,0.0276258075,0.0235087686,-0.131499871,0.0364430065,0.0254197322
10,24,0.375,0.15625,-0.0877854855,0.0188080779,0.0191114606,-0.112270573,0.0256466047,0.0234160942,-0.13811088,0.0340418219,0.0252123019
10,25,0.390625,0.15625,-0.0911156143,0.0169803962,0.019161393,-0.11693182,0.0232848679,0.0233398296,-0.144253888,0.0310894226,0.0250235447
10,26,0.40625,0.15625,-0.0941079435,0.0149268399,0.0192284161,-0.121154026,0.0205457874,0.0232831473,-0.149851169,0.0275960263,0.0248592283
10,27,0.421875,0.15625,-0.0967263255,0.0126553409,0.0193134111,-0.124880101,0.0174428179,0.0232488625,-0.154828002,0.0235836963,0.0247247577
10,28,0.4375,0.15625,-0.0989362249,0.0101784049,0.0194168519,-0.128055574,0.0139979941,0.0232392546,-0.159113478,0.0190863893,0.0246248738
10,29,0.453125,0.15625,-0.100705338,0.00751339048,0.0195387179,-0.13062947,0.0102420556,0.0232558904,-0.162641266,0.0141498152,0.0245633531
10,30,0.46875,0.15625,-0.102004234,0.00468265779,0.0196784172,-0.132555191,0.0062143881,0.0232994586,-0.165350371,0.00883113566,0.0245427233
10,31,0.484375,0.15625,-0.102807016,0.00171358155,0.0198347228,-0.133791398,0.00196277964,0.0233696282,-0.167185928,0.0031985125,0.0245640126
10,32,0.5,0.15625,-0.10309198,-0.00136157561,0.0200057291,-0.134302915,-0.00245701165,0.0234649404,-0.168100084,-0.00266949601,0.0246265509
10,33,0.515625,0.15625,-0.102842273,-0.00450593372,0.0201888328,-0.134061659,-0.00698188582,0.0235827469,-0.168052999,-0.00868471168,0.0247278399
10,34,0.53125,0.15625,-0.102046534,-0.00767841372,0.0203807423,-0.13304759,-0.0115422383,0.023719202,-0.167013987,-0.0147503212,0.0248635072
10,35,0.546875,0.15625,-0.100699504,-0.0108343059,0.0205775202,-0.131249693,-0.01606302,0.0238693191,-0.164962815,-0.0207621191,0.0250273566
10,36,0.5625,0.15625,-0.0988025917,-0.0139259894,0.0207746619,-0.12866694,-0.020465036,0.024027094,-0.161891139,-0.0266100659,0.0252115261
10,37,0.578125,0.15625,-0.0963643797,-0.0169038001,0.0209672087,-0.125309241,-0.0246664928,0.0241856982,-0.157804053,-0.0321802216,0.0254067547
10,38,0.59375,0.15625,-0.0934010427,-0.0197170418,0.0211498956,-0.121198303,-0.0285847997,0.0243377378,-0.152721682,-0.0373571046,0.0256027582
10,39,0.609375,0.15625,-0.0899366602,-0.0223151278,0.0213173309,-0.116368363,-0.0321386149,0.0244755713,-0.146680737,-0.0420265085,0.0257887034
10,40,0.625,0.15625,-0.0860033926,-0.0246488364,0.0214641981,-0.110866713,-0.0352501119,0.0245916709,-0.139735893,-0.0460787769,0.0259537589
10,41,0.640625,0.15625,-0.0816414933,-0.0266716552,0.0215854752,-0.104753939,-0.0378474194,0.0246790105,-0.131960841,-0.0494124892,0.0260876982
10,42,0.65625,0.15625,-0.0768991269,-0.0283411795,0.021676658,-0.098103808,-0.0398671641,0.0247314549,-0.123448835,-0.0519384569,0.0261815119
10,43,0.671875,0.15625,-0.0718319662,-0.0296205264,0.0217339747,-0.0910026915,-0.0412570216,0.024744124,-0.114312539,-0.0535838626,0.0262279856
10,44,0.6875,0.15625,-0.0665025457,-0.0304797132,0.0217545814,-0.0835484983,-0.0419781567,0.0247137034,-0.104682994,-0.0542963143,0.0262221933
10,45,0.703125,0.15625,-0.0609793557,-0.0308969483,0.0217367213,-0.0758490446,-0.0420074194,0.024638674,-0.0947075716,-0.0540475305,0.0261618552
10,46,0.71875,0.15625,-0.0553356727,-0.0308597765,0.021679839,-0.0680198612,-0.041339154,0.0245194372,-0.0845468165,-0.0528363452,0.0260475205
10,47,0.734375,0.15625,-0.0496481348,-0.0303660248,0.0215846374,-0.0601814595,-0.0399864891,0.0243583198,-0.0743702106,-0.0506907212,0.0258825426
10,48,0.75,0.15625,-0.0439950843,-0.029424499,0.0214530732,-0.0524561269,-0.0379819932,0.0241594521,-0.0643509621,-0.0476685099,0.0256728383
10,49,0.765625,0.15625,-0.0384547191,-0.0280553947,0.0212882884,-0.0449643639,-0.035377626,0.0239285257,-0.0546600601,-0.0438567839,0.0254264463
10,50,0.78125,0.15625,-0.0331031046,-0.0262904007,0.0210944804,-0.0378211131,-0.032243964,0.0236724483,-0.0454599262,-0.0393697047,0.0251529209
10,51,0.796875,0.15625,-0.0280121139,-0.0241724969,0.0208767193,-0.0311319583,-0.0286687452,0.0233989256,-0.0368980655,-0.034345048,0.0248626219
10,52,0.8125,0.15625,-0.0232473706,-0.0217554663,0.0206407268,-0.0249894842,-0.0247548468,0.0231160081,-0.0291011461,-0.0289396785,0.0245659739
10,53,0.828125,0.15625,-0.0188662693,-0.0191031671,0.020392632,-0.0194699784,-0.0206178689,0.0228316466,-0.0221699003,-0.0233244151,0.0242727769
10,54,0.84375,0.15625,-0.014916151,-0.0162886277,0.0201387238,-0.014630633,-0.0163835489,0.0225533002,-0.0161751633,-0.0176788347,0.0239916401
10,55,0.859375,0.15625,-0.0114326939,-0.0133930407,0.0198852204,-0.0105073578,-0.0121852517,0.0222876337,-0.011155234,-0.0121866022,0.023729602
10,56,0.875,0.15625,-0.00843857455,-0.0105047371,0.0196380744,-0.00711326004,-0.00816177844,0.0220403354,-0.00711459189,-0.00703187305,0.0234919712
10,57,0.890625,0.15625,-0.00594243049,-0.00771822092,0.0194028264,-0.00443777982,-0.00445569506,0.0218160687,-0.00402384845,-0.00239719119,0.0232823984
10,58,0.90625,0.15625,-0.00393813967,-0.00513333073,0.0191845193,-0.00244640471,-0.00121231806,0.0216185576,-0.00182067278,0.00153689101,0.023103161
10,59,0.921875,0.15625,-0.00240441461,-0.00285457929,0.0189876724,-0.0010808322,0.0014205939,0.0214507889,-0.000411328913,0.00459048813,0.0229556155
10,60,0.9375,0.15625,-0.00130469662,-0.000990704109,0.0188163076,-0.000259414897,0.00329248012,0.0213152935,0.000327574625,0.00658162541,0.0228407437
10,61,0.953125,0.15625,-0.000587339688,0.000345556139,0.0186740099,0.000122265778,0.00424906267,0.0212144527,0.000547468859,0.00732254464,0.0227596997
10,62,0.96875,0.15625,-0.00018610323,0.0010374615,0.0185639912,0.000190772784,0.00413103995,0.0211507548,0.000426499798,0.00661572225,0.0227142312
10,63,0.984375,0.15625,-2.10424119e-05,0.000964078903,0.0184844204,9.40314551e-05,0.00277259485,0.0211215086,0.000168287343,0.00425033827,0.0227015569
10,64,1,0.15625,0,0,0.0184284367,0,0,0.0211187537,0,0,0.0227140992
11,0,0,0.171875,0,0,0.0210542082,0,0,0.0262356839,0,0,0.0289931846
11,1,0.015625,0.171875,-0.000428165951,0.00324465351,0.0207809054,-0.00056186187,0.00389073945,0.0260133054,-0.000683070505,0.0042763487,0.0287991527
11,2,0.03125,0.171875,-0.00161086153,0.00657799612,0.0205314035,-0.00209248358,0.00786033183,0.0258137213,-0.00252112049,0.00865809239,0.0286274683
11,3,0.046875,0.171875,-0.00345461851,0.00986199807,0.0203120165,-0.00444952153,0.0117250274,0.0256418127,-0.00532227897,0.0129203054,0.0284817149
11,4,0.0625,0.171875,-0.00587461971,0.0129965282,0.0201237439,-0.00750700417,0.0153679197,0.0254968421,-0.00892280646,0.0169389916,0.0283595803
11,5,0.078125,0.171875,-0.00879453161,0.0159134032,0.0199626719,-0.0111568987,0.0187246409,0.025373187,-0.0131905185,0.0206639499,0.0282539387
11,6,0.09375,0.171875,-0.0121460314,0.0185703892,0.0198248709,-0.015309007,0.0217697607,0.0252652937,-0.0180241015,0.0240941132,0.0281579584
11,7,0.109375,0.171875,-0.015868144,0.0209454602,0.0197065539,-0.0198896389,0.0245044894,0.0251679488,-0.0233495681,0.0272565321,0.0280654136
11,8,0.125,0.171875,-0.019906463,0.0230315285,0.0196041889,-0.0248394499,0.0269460609,0.0250764394,-0.0291149728,0.0301895659,0.0279708155
11,9,0.140625,0.171875,-0.024212305,0.0248317823,0.0195145825,-0.0301107749,0.029119,0.0249866464,-0.0352843417,0.0329303834,0.0278694427
11,10,0.15625,0.171875,-0.0287418315,0.0263557069,0.0194349427,-0.035664738,0.0310483382,0.0248950911,-0.0418315827,0.0355065387,0.0277573201
11,11,0.171875,0.171875,-0.0334551623,0.0276158167,0.0193629241,-0.041468371,0.0327547328,0.0247989544,-0.0487349403,0.0379311416,0.0276311783
11,12,0.1875,0.171875,-0.0383155027,0.0286250917,0.0192966561,-0.047491925,0.0342513482,0.024696077,-0.0559723576,0.0402009885,0.027488417
11,13,0.203125,0.171875,-0.0432883021,0.0293950876,0.0192347576,-0.0537065112,0.0355422857,0.0245849504,-0.063517927,0.0422969533,0.0273270877
11,14,0.21875,0.171875,-0.048340465,0.0299346684,0.019176338,-0.0600821588,0.0366222974,0.0244647044,-0.0713394556,0.0441859495,0.0271459023
11,15,0.234375,0.171875,-0.053439632,0.0302492993,0.019120985,-0.0665863342,0.0374774945,0.0243350926,-0.0793970659,0.0458238554,0.0269442672
11,16,0.25,0.171875,-0.0585535538,0.0303408274,0.019068743,-0.0731829238,0.0380867632,0.0241964818,-0.0876426796,0.047158905,0.0267223405
11,17,0.265625,0.171875,-0.0636495726,0.0302076691,0.0190200822,-0.0798316525,0.0384236242,0.0240498393,-0.0960202051,0.0481351805,0.0264810976
11,18,0.28125,0.171875,-0.0686942279,0.0298453213,0.0189758592,-0.086487887,0.0384583112,0.0238967193,-0.104466245,0.0486959546,0.0262223967
11,19,0.296875,0.171875,-0.0736529934,0.029247111,0.0189372684,-0.0931027603,0.038159893,0.0237392407,-0.112911152,0.0487867313,0.0259490248
11,20,0.3125,0.171875,-0.0784901473,0.0284051019,0.0189057881,-0.0996235496,0.0374983119,0.0235800541,-0.121280287,0.048357901,0.0256647153
11,21,0.328125,0.171875,-0.083168773,0.0273110851,0.0188831175,-0.10599424,0.0364462517,0.0234222907,-0.129495348,0.0473669736,0.0253741223
11,22,0.34375,0.171875,-0.0876508796,0.0259575896,0.0188711058,-0.112156213,0.0349807891,0.0232694901,-0.137475687,0.0457803868,0.0250827451
11,23,0.359375,0.171875,-0.0918976311,0.0243388626,0.0188716736,-0.118049019,0.0330848047,0.0231255018,-0.145139536,0.0435749025,0.0247967978
11,24,0.375,0.171875,-0.0958696689,0.0224517809,0.0188867268,-0.12361117,0.0307481498,0.0229943622,-0.152405095,0.0407386272,0.0245230237
11,25,0.390625,0.171875,-0.0995275157,0.0202966662,0.0189180638,-0.128780961,0.0279685762,0.0228801453,-0.159191491,0.0372716962,0.0242684615
11,26,0.40625,0.171875,-0.102832044,0.0178779875,0.0189672756,-0.133497268,0.0247524428,0.02278679,-0.165419588,0.0331866741,0.0240401649
11,27,0.421875,0.171875,-0.105745004,0.0152049381,0.0190356432,-0.137700343,0.0211152156,0.0227179114,-0.171012691,0.0285087245,0.0238448912
11,28,0.4375,0.171875,-0.108229588,0.0122918819,0.0191240362,-0.141332597,0.0170817749,0.0226766016,-0.175897184,0.0232755992,0.0236887716
11,29,0.453125,0.171875,-0.110251043,0.00915866367,0.0192328126,-0.144339391,0.0126865436,0.0226652298,-0.180003141,0.0175374872,0.0235769761
11,30,0.46875,0.171875,-0.111777302,0.00583077976,0.019361729,-0.146669844,0.00797344438,0.0226852515,-0.183264963,0.0113567509,0.0235133908
11,31,0.484375,0.171875,-0.112779643,0.00233940487,0.0195098634,-0.148277678,0.0029956858,0.0227370385,-0.185622088,0.00480756086,0.0235003247
11,32,0.5,0.171875,-0.113233363,-0.00127872891,0.019675558,-0.149122124,-0.0021846275,0.0228197429,-0.187019818,-0.00202458244,0.0235382638
11,33,0.515625,0.171875,-0.113118463,-0.00498160626,0.019856387,-0.149168891,-0.00749707468,0.0229312037,-0.187410295,-0.00904346636,0.0236256901
11,34,0.53125,0.171875,-0.112420329,-0.00872236136,0.0200491538,-0.148391208,-0.0128637086,0.0230679099,-0.186753674,-0.0161429725,0.0237589804
11,35,0.546875,0.171875,-0.111130416,-0.0124498738,0.0202499237,-0.146770934,-0.0182000816,0.0232250286,-0.185019494,-0.0232081364,0.023932403
11,36,0.5625,0.171875,-0.109246891,-0.0161095322,0.0204540945,-0.144299727,-0.0234165337,0.0233965045,-0.182188272,-0.0301165373,0.0241382231
11,37,0.578125,0.171875,-0.106775254,-0.0196441658,0.0206565062,-0.140980223,-0.028419771,0.023575235,-0.178253305,-0.0367401053,0.0243669253
11,38,0.59375,0.171875,-0.103728882,-0.0229951441,0.0208515882,-0.136827198,-0.033114751,0.0237533196,-0.173222625,-0.0429474255,0.0246075553
11,39,0.609375,0.171875,-0.100129486,-0.0261036343,0.0210335434,-0.131868635,-0.0374068829,0.0239223803,-0.167121051,-0.0486066111,0.0248481806
11,40,0.625,0.171875,-0.0960074423,-0.0289120041,0.0211965598,-0.126146627,-0.0412045293,0.0240739366,-0.15999219,-0.0535887806,0.0250764493
11,41,0.640625,0.171875,-0.0914019661,-0.0313653458,0.0213350444,-0.119718004,-0.0444217718,0.0241998233,-0.151900234,-0.0577721312,0.0252802308
11,42,0.65625,0.171875,-0.0863610822,-0.0334130885,0.0214438667,-0.112654609,-0.0469813712,0.0242926236,-0.142931326,-0.0610465297,0.0254482972
11,43,0.671875,0.171875,-0.0809413624,-0.0350106538,0.0215185971,-0.105043079,-0.0488178213,0.0243460902,-0.133194255,-0.0633184648,0.0255710012
11,44,0.6875,0.171875,-0.0752073918,-0.0361211026,0.0215557297,-0.0969840723,-0.0498803615,0.0243555231,-0.122820211,-0.0645161119,0.0256408965
11,45,0.703125,0.171875,-0.0692309393,-0.0367167061,0.0215528701,-0.0885908354,-0.0501357863,0.0243180721,-0.111961382,-0.0645941815,0.0256532406
11,46,0.71875,0.171875,-0.0630898162,-0.036780376,0.0215088784,-0.0799870792,-0.0495708735,0.0242329347,-0.100788201,-0.0635381552,0.0256063279
11,47,0.734375,0.171875,-0.0568664244,-0.0363068794,0.021423952,-0.0713041667,-0.048194249,0.024101426,-0.0894851704,-0.0613674913,0.0255016045
11,48,0.75,0.171875,-0.0506460127,-0.035303775,0.0212996426,-0.0626776637,-0.0460375295,0.0239269092,-0.0782453437,-0.0581374077,0.0253435418
11,49,0.765625,0.171875,-0.0445146791,-0.0337920141,0.0211388038,-0.0542433719,-0.0431556199,0.0237145868,-0.0672636535,-0.0539389428,0.0251392679
11,50,0.78125,0.171875,-0.0385571801,-0.0318061722,0.0209454688,-0.0461330116,-0.0396261074,0.023471166,-0.0567294781,-0.0488971496,0.0248979861
11,51,0.796875,0.171875,-0.0328546217,-0.0293942955,0.020724669,-0.0384697693,-0.0355477721,0.0232044286,-0.0468189281,-0.0431674795,0.0246302362
11,52,0.8125,0.171875,-0.0274821219,-0.0266173814,0.0204822049,-0.0313639474,-0.03103832,0.0229227452,-0.0376874158,-0.0369306411,0.0243470811
11,53,0.828125,0.171875,-0.0225065406,-0.0235485336,0.0202243879,-0.0249089545,-0.0262315292,0.0226345807,-0.0294630588,-0.0303864293,0.0240593065
11,54,0.84375,0.171875,-0.0179843686,-0.0202718636,0.0199577735,-0.0191778508,-0.0212740688,0.0223480431,-0.0222413871,-0.0237471882,0.0237767295
11,55,0.859375,0.171875,-0.0139598585,-0.016881226,0.0196889091,-0.0142206088,-0.0163222938,0.0220705186,-0.0160816668,-0.0172316508,0.0235076874
11,56,0.875,0.171875,-0.010463466,-0.0134788858,0.0194241146,-0.0100621839,-0.0115393243,0.0218084312,-0.0110049569,-0.0110598767,0.0232587653
11,57,0.890625,0.171875,-0.00751064466,-0.0101742183,0.0191693147,-0.00670140622,-0.00709268197,0.0215671443,-0.00699380745,-0.00544987703,0.0230347772
11,58,0.90625,0.171875,-0.00510101736,-0.00708252529,0.0189299308,-0.00411062552,-0.00315268568,0.0213510094,-0.00399332125,-0.000616287528,0.0228389918
11,59,0.921875,0.171875,-0.00321792904,-0.00432403525,0.0187108387,-0.00223597891,0.00010830124,0.021163543,-0.00191316968,0.0032288587,0.022673553
11,60,0.9375,0.171875,-0.00182836927,-0.00202312121,0.0185163784,-0.000998113308,0.00251580267,0.0210076928,-0.000630111124,0.00587354633,0.0225400189
11,61,0.953125,0.171875,-0.000883258428,-0.00030773655,0.0183504023,-0.000293210433,0.00389250285,0.020886136,9.37329315e-06,0.00710201218,0.0224399135
11,62,0.96875,0.171875,-0.000318112802,0.000690978004,0.0182163297,5.75856655e-06,0.00405715232,0.0208015315,0.000186502685,0.00669073526,0.0223751557
11,63,0.984375,0.171875,-5.4153875e-05,0.000839023064,0.0181124973,4.74622331e-05,0.00282352653,0.0207512648,0.000107489337,0.0044053699,0.0223430065
11,64,1,0.171875,0,0,0.018032176,0,0,0.0207273721,0,0,0.0223358303
12,0,0,0.1875,0,0,0.0211094191,0,0,0.0262677551,0,0,0.0290189601
12,1,0.015625,0.1875,-0.000479082902,0.00409702275,0.0208061985,-0.000639524755,0.00500660626,0.026018103,-0.000790338227,0.00563084753,0.0287988087
12,2,0.03125,0.1875,-0.00179564844,0.00817597719,0.0205309157,-0.00236843252,0.00992728731,0.0257959006,-0.00289509227,0.0111406751,0.0286061782
12,3,0.046875,0.1875,-0.00383927659,0.0121083911,0.0202907912,-0.00501477748,0.0145953937,0.0256066814,-0.00607720398,0.0163331896,0.0284450059
12,4,0.0625,0.1875,-0.00651049307,0.0158039015,0.0200866816,-0.00842844432,0.0189138516,0.0254491315,-0.0101380165,0.0211190999,0.0283119285
12,5,0.078125,0.1875,-0.00972071099,0.0192037845,0.0199136129,-0.0124825409,0.0228386987,0.0253160655,-0.0149199069,0.0254837619,0.0281977358
12,6,0.09375,0.1875,-0.0133916747,0.022274621,0.0197666297,-0.0170727738,0.0263638917,0.0252005176,-0.020304162,0.0294587881,0.0280938057
12,7,0.109375,0.1875,-0.0174545855,0.0250023486,0.0196410057,-0.0221154061,0.029507905,0.0250960649,-0.0262057103,0.0330986443,0.0279924484
12,8,0.125,0.1875,-0.0218490397,0.027386874,0.0195323824,-0.0275442978,0.0323024224,0.0249969958,-0.0325660936,0.0364626036,0.0278870071
12,9,0.140625,0.1875,-0.0265218717,0.0294373557,0.0194368628,-0.033307448,0.0347832563,0.024898385,-0.0393458156,0.0396019463,0.0277718325
12,10,0.15625,0.1875,-0.0314259671,0.0311682124,0.0193510721,-0.0393633792,0.036983499,0.0247961142,-0.046516947,0.0425519436,0.0276422018
12,11,0.171875,0.1875,-0.0365190932,0.0325958743,0.0192721954,-0.0456776369,0.0389288013,0.0246868619,-0.0540566082,0.0453279187,0.027494231
12,12,0.1875,0.1875,-0.0417627769,0.0337362633,0.0191979974,-0.0522196094,0.0406345802,0.0245680805,-0.0619416966,0.0479245327,0.0273248066
12,13,0.203125,0.1875,-0.0471212551,0.0346029659,0.0191268263,-0.0589598097,0.0421048874,0.0244379697,-0.070145002,0.0503174141,0.0271315532
12,14,0.21875,0.1875,-0.0525605175,0.0352060482,0.0190576057,-0.0658676993,0.0433326207,0.024295453,-0.0786326762,0.0524663,0.0269128434
12,15,0.234375,0.1875,-0.0580474571,0.0355514488,0.0189898149,-0.0729100783,0.0443007428,0.02414016,-0.0873628991,0.0543189879,0.0266678438
12,16,0.25,0.1875,-0.0635491459,0.0356408755,0.0189234608,-0.0800500204,0.0449841825,0.0239724153,-0.096285519,0.0558155561,0.0263965902
12,17,0.265625,0.1875,-0.0690322465,0.0354721213,0.0188590421,-0.0872462981,0.0453521264,0.0237932315,-0.105342423,0.056892473,0.026100075
12,18,0.28125,0.1875,-0.0744625697,0.0350397138,0.0187975058,-0.0944532205,0.0453704614,0.0236043002,-0.114468405,0.0574863593,0.025780332
12,19,0.296875,0.1875,-0.0798047788,0.0343358032,0.0187401957,-0.101620799,0.0450041836,0.023407976,-0.123592331,0.0575372729,0.0254404972
12,20,0.3125,0.1875,-0.0850222397,0.0333512057,0.0186887951,-0.108695154,0.044219648,0.0232072482,-0.132638431,0.0569914664,0.0250848365
12,21,0.328125,0.1875,-0.0900770056,0.0320765208,0.0186452605,-0.115619087,0.0429865818,0.0230056912,-0.141527601,0.0558036119,0.024718723
12,22,0.34375,0.1875,-0.0949299243,0.0305032564,0.018611747,-0.122332748,0.0412798212,0.0228073919,-0.150178616,0.0539385221,0.0243485584
12,23,0.359375,0.1875,-0.0995408528,0.0286249094,0.0185905256,-0.128774353,0.0390807642,0.0226168479,-0.158509218,0.051372414,0.0239816342
12,24,0.375,0.1875,-0.103868964,0.0264379625,0.0185838907,-0.134880909,0.0363785471,0.0224388366,-0.166437043,0.0480937774,0.0236259334
12,25,0.390625,0.1875,-0.10787313,0.0239427717,0.0185940599,-0.140588928,0.0331709659,0.022278255,-0.173880392,0.0441039153,0.0232898776
12,26,0.40625,0.1875,-0.111512368,0.021144328,0.0186230652,-0.145835129,0.0294651691,0.0221399335,-0.180758888,0.0394172257,0.0229820246
12,27,0.421875,0.1875,-0.114746341,0.0180528846,0.0186726408,-0.150557119,0.0252781469,0.0220284292,-0.186994036,0.0340612924,0.0227107314
12,28,0.4375,0.1875,-0.117535906,0.0146844444,0.0187441089,-0.154694075,0.0206370427,0.0219478062,-0.192509726,0.0280768396,0.0224837927
12,29,0.453125,0.1875,-0.119843695,0.0110611047,0.0188382667,-0.15818745,0.0155793025,0.0219014103,-0.197232742,0.0215175945,0.0223080694
12,30,0.46875,0.1875,-0.121634739,0.00721125782,0.0189552824,-0.160981718,0.0101526748,0.0218916505,-0.201093292,0.0144500832,0.022189124
12,31,0.484375,0.1875,-0.122877115,0.00316964263,0.019094602,-0.163025183,0.00441506009,0.0219197967,-0.204025615,0.00695336719,0.0221308793
12,32,0.5,0.1875,-0.123542636,-0.00102275619,0.0192548761,-0.164270881,-0.00156579837,0.0219858086,-0.205968699,-0.000881289334,0.0221353174
12,33,0.515625,0.1875,-0.123607555,-0.00531896778,0.0194339126,-0.164677581,-0.00771280263,0.0220882058,-0.206867156,-0.00895085544,0.0222022389
12,34,0.53125,0.1875,-0.123053304,-0.00966646093,0.0196286585,-0.164210899,-0.0139401956,0.0222239918,-0.206672293,-0.0171411225,0.0223290972
12,35,0.546875,0.1875,-0.121867238,-0.0140077445,0.0198352185,-0.162844535,-0.0201545006,0.0223886439,-0.205343438,-0.0253275207,0.0225109255
12,36,0.5625,0.1875,-0.120043392,-0.0182811509,0.0200489148,-0.160561608,-0.026255747,0.0225761784,-0.202849543,-0.0333762547,0.0227403755
12,37,0.578125,0.1875,-0.117583218,-0.0224218088,0.020264389,-0.157356069,-0.0321390219,0.0227792966,-0.199171102,-0.0411458688,0.0230078753
12,38,0.59375,0.1875,-0.114496279,-0.02636281,0.0204757458,-0.153234151,-0.0376963873,0.0229896139,-0.194302372,-0.0484893586,0.0233019183
12,39,0.609375,0.1875,-0.110800882,-0.0300365676,0.020676739,-0.148215796,-0.0428191861,0.0231979718,-0.188253848,-0.0552569439,0.0236094862
12,40,0.625,0.1875,-0.106524593,-0.0333763562,0.0208609914,-0.142335962,-0.047400743,0.0233948214,-0.181054895,-0.0612995941,0.0239165978
12,41,0.640625,0.1875,-0.101704604,-0.0363180152,0.0210222425,-0.135645709,-0.0513394374,0.0235706656,-0.172756354,-0.0664733529,0.0242089692
12,42,0.65625,0.1875,-0.0963878973,-0.0388017832,0.0211546132,-0.128212948,-0.0545420896,0.0237165374,-0.163432892,-0.070644436,0.0244727551
12,43,0.671875,0.1875,-0.0906311649,-0.0407742167,0.0212528721,-0.120122695,-0.0569275578,0.0238244839,-0.153184785,-0.0736949779,0.0246953281
12,44,0.6875,0.1875,-0.0845004275,-0.0421901363,0.0213126894,-0.111476719,-0.0584304001,0.0238880244,-0.142138795,-0.0755291865,0.0248660409
12,45,0.703125,0.1875,-0.0780703221,-0.043014524,0.0213308601,-0.102392442,-0.0590044125,0.0239025433,-0.130447778,-0.0760795407,0.0249769031
12,46,0.71875,0.1875,-0.0714230255,-0.0432242914,0.0213054835,-0.093001012,-0.0586258227,0.0238655839,-0.11828873,-0.0753125571,0.0250231087
12,47,0.734375,0.1875,-0.0646468037,-0.0428098283,0.0212360809,-0.083444516,-0.0572959046,0.0237770103,-0.105859053,-0.0732335781,0.0250033461
12,48,0.75,0.1875,-0.0578341964,-0.0417762444,0.0211236434,-0.0738723524,-0.055042788,0.0236390173,-0.0933709885,-0.0698900269,0.024919846
12,49,0.765625,0.1875,-0.0510798741,-0.0401442272,0.0209706038,-0.0644368759,-0.0519222782,0.0234559807,-0.0810443902,-0.0653726496,0.0247781459
12,50,0.78125,0.1875,-0.044478227,-0.0379504582,0.0207807299,-0.0552884935,-0.0480175666,0.0232341539,-0.0690981829,-0.05981443,0.0245865815
12,51,0.796875,0.1875,-0.0381207739,-0.0352475552,0.0205589501,-0.046570463,-0.0434378095,0.0229812402,-0.0577411002,-0.0533871102,0.0243555549
12,52,0.8125,0.1875,-0.0320934949,-0.0321035473,0.0203111198,-0.0384136878,-0.0383156616,0.0227058792,-0.0471624013,-0.0462955479,0.0240966587
12,53,0.828125,0.1875,-0.0264742061,-0.0286009204,0.0200437502,-0.0309318172,-0.0328039655,0.0224171001,-0.037523326,-0.0387704438,0.023821759
12,54,0.84375,0.1875,-0.0213300939,-0.0248353099,0.0197637208,-0.0242169425,-0.0270718946,0.0221237987,-0.0289499738,-0.0310602266,0.0235421469
12,55,0.859375,0.1875,-0.0167155143,-0.0209139432,0.0194779996,-0.0183361222,-0.0213009186,0.0218342942,-0.0215281242,-0.0234230324,0.0232678596
12,56,0.875,0.1875,-0.0126701479,-0.0169539509,0.0191933954,-0.0133288865,-0.015680981,0.0215560083,-0.0153002567,-0.0161197324,0.0230072437
12,57,0.890625,0.1875,-0.00921757051,-0.0130806696,0.0189163591,-0.00920577134,-0.0104072535,0.0212952959,-0.0102647508,-0.00940882681,0.0227668007
12,58,0.90625,0.1875,-0.00636427195,-0.00942604635,0.0186528479,-0.00594782932,-0.00567774536,0.0210574355,-0.00637698197,-0.00354374676,0.0225513113
12,59,0.921875,0.1875,-0.00409913215,-0.00612722739,0.0184082568,-0.00350698025,-0.00169191831,0.020846764,-0.00355183574,0.001227278,0.022364195
12,60,0.9375,0.1875,-0.00239334125,-0.00332537472,0.018187409,-0.00180701539,0.00134971163,0.0206669167,-0.00166708321,0.00465908244,0.0222080206
12,61,0.953125,0.1875,-0.00120074849,-0.00116470033,0.0179945876,-0.000745069954,0.0032451908,0.020521113,-0.000567112223,0.00650593083,0.0220850562
12,62,0.96875,0.1875,-0.000458635312,0.000208356947,0.0178335815,-0.000193447179,0.00379036728,0.0204124035,-6.67169571e-05,0.0065176062,0.0219977091
12,63,0.984375,0.1875,-8.89393554e-05,0.000645966101,0.0177029771,-1.81559677e-06,0.00277835342,0.0203383584,4.49918455e-05,0.00443684096,0.0219434243
12,64,1,0.1875,0,0,0.0175961766,0,0,0.0202910089,0,0,0.0219144847
13,0,0,0.203125,0,0,0.0211176956,0,0,0.0262527825,0,0,0.0289962933
13,1,0.015625,0.203125,-0.000528210834,0.00504030196,0.0207856386,-0.000715427625,0.00625917197,0.0259766387,-0.00089606481,0.00717144097,0.0287506689
13,2,0.03125,0.203125,-0.00197393545,0.00993818981,0.0204854916,-0.00263763352,0.0122355846,0.0257325047,-0.00326243929,0.0139449581,0.0285376736
13,3,0.046875,0.203125,-0.00421048659,0.0145768427,0.0202252961,-0.00556555333,0.0177850392,0.025526445,-0.00681691874,0.0201632297,0.0283614136
13,4,0.0625,0.203125,-0.00712435083,0.0188779626,0.0200057107,-0.00932546443,0.0228356831,0.0253564504,-0.0113262576,0.0257816945,0.0282172762
13,5,0.078125,0.203125,-0.0106151943,0.0227945848,0.0198206842,-0.0137721186,0.0273689704,0.0252136809,-0.0166078355,0.0308300954,0.0280938013
13,6,0.09375,0.203125,-0.0145952163,0.0263042637,0.0196642268,-0.0187875577,0.031402626,0.0250896917,-0.0225259718,0.0353799165,0.0279804588
13,7,0.109375,0.203125,-0.0189880792,0.0294028253,0.0195306728,-0.0242783461,0.0349760134,0.0249768086,-0.0289848648,0.0395184637,0.0278680181
13,8,0.125,0.203125,-0.0237275906,0.0320988146,0.0194148461,-0.0301718256,0.0381381028,0.0248682977,-0.0359197919,0.0433296712,0.0277486034
13,9,0.140625,0.203125,-0.028756264,0.0344087097,0.0193121603,-0.0364118854,0.0409380814,0.0247584178,-0.0432878812,0.0468812368,0.0276155995
13,10,0.15625,0.203125,-0.0340238522,0.0363529285,0.0192186765,-0.042954645,0.0434185271,0.0246424074,-0.0510594432,0.0502173313,0.027463503
13,11,0.171875,0.203125,-0.0394859152,0.0379526265,0.0191311321,-0.0497643584,0.045610963,0.0245164429,-0.0592105283,0.0533558912,0.0272877821
13,12,0.1875,0.203125,-0.0451024664,0.0392272536,0.0190469484,-0.0568097648,0.047533521,0.0243775885,-0.0677170712,0.0562893824,0.0270847752
13,13,0.203125,0.203125,-0.0508367247,0.0401928282,0.0189642246,-0.0640610302,0.0491903756,0.0242237513,-0.0765507194,0.058987933,0.0268516464
13,14,0.21875,0.203125,-0.0566539932,0.0408608704,0.0188817189,-0.0714873502,0.050572566,0.0240536469,-0.0856762384,0.0614038466,0.026586399
13,15,0.234375,0.203125,-0.062520679,0.0412379278,0.0187988209,-0.0790552189,0.0516598156,0.0238667793,-0.0950502559,0.0634766981,0.0262879376
13,16,0.25,0.203125,-0.0684034663,0.0413256169,0.0187155182,-0.086727317,0.052422983,0.0236634324,-0.104621048,0.0651384289,0.0259561663
13,17,0.265625,0.203125,-0.0742686524,0.0411210929,0.018632355,-0.0944619361,0.0528268243,0.0234446687,-0.114329059,0.0663180669,0.0255921006
13,18,0.28125,0.203125,-0.0800816479,0.0406178535,0.0185503862,-0.102212839,0.052832812,0.0232123291,-0.124107887,0.0669458631,0.0251979732
13,19,0.296875,0.203125,-0.0858066407,0.039806781,0.0184711241,-0.109929444,0.0524018266,0.0229690248,-0.133885505,0.0669567574,0.0247773146
13,20,0.3125,0.203125,-0.0914064147,0.0386773287,0.0183964777,-0.117557245,0.0514966001,0.0227181148,-0.14358554,0.0662931702,0.0243349905
13,21,0.328125,0.203125,-0.0968423095,0.0372187696,0.0183286853,-0.125038358,0.0500838459,0.0224636618,-0.153128517,0.0649071579,0.0238771849
13,22,0.34375,0.203125,-0.102074305,0.0354214368,0.0182702374,-0.132312154,0.0481360554,0.0222103603,-0.162432961,0.0627620046,0.0234113212
13,23,0.359375,0.203125,-0.107061212,0.0332779025,0.0182237893,-0.139315901,0.0456329652,0.0219634334,-0.171416362,0.0598333294,0.0229459159
13,24,0.375,0.203125,-0.111760954,0.030784058,0.0181920645,-0.145985404,0.0425627247,0.0217284961,-0.179995974,0.0561098003,0.022490369
13,25,0.390625,0.203125,-0.116130916,0.0279400696,0.0181777468,-0.152255622,0.0389227968,0.0215113861,-0.188089484,0.0515935419,0.0220546929
13,26,0.40625,0.203125,-0.120128367,0.0247511986,0.0181833639,-0.158061257,0.0347206335,0.0213179644,-0.195615574,0.0463003182,0.0216491888
13,27,0.421875,0.203125,-0.123710918,0.0212284765,0.0182111646,-0.163337338,0.0299741609,0.0211538922,-0.202494406,0.040259562,0.0212840817
13,28,0.4375,0.203125,-0.126837037,0.0173892362,0.0182629921,-0.168019813,0.0247121058,0.0210243884,-0.208648066,0.0335143054,0.0209691252
13,29,0.453125,0.203125,-0.129466603,0.0132574963,0.018340158,-0.172046179,0.0189741866,0.0209339793,-0.21400098,0.0261210532,0.0207131911
13,30,0.46875,0.203125,-0.1315615,0.00886419943,0.018443321,-0.17535616,0.0128111777,0.0208862479,-0.218480344,0.0181496238,0.0205238587
13,31,0.484375,0.203125,-0.133086258,0.00424730197,0.0185723772,-0.177892484,0.0062848496,0.0208835958,-0.222016574,0.00968296801,0.0204070202
13,32,0.5,0.203125,-0.134008741,-0.000548288854,0.0187263688,-0.179601759,-0.000532230005,0.020927031,-0.224543834,0.000816958303,0.0203665219
13,33,0.515625,0.203125,-0.134300878,-0.00547093841,0.0189034168,-0.180435481,-0.00755705744,0.0210159933,-0.226000675,-0.00833987242,0.0204038552
13,34,0.53125,0.203125,-0.133939453,-0.0104626786,0.0191006841,-0.180351191,-0.014696754,0.0211482304,-0.226330866,-0.0176666901,0.0205179188
13,35,0.546875,0.203125,-0.132906932,-0.015459785,0.0193143767,-0.179313778,-0.0218493719,0.0213197401,-0.225484487,-0.0270308863,0.020704868
13,36,0.5625,0.203125,-0.131192321,-0.020393552,0.0195397866,-0.177296942,-0.0289050004,0.0215247874,-0.223419359,-0.0362888733,0.0209580699
13,37,0.578125,0.203125,-0.128792048,-0.0251912791,0.0197713812,-0.174284796,-0.0357472285,0.0217560088,-0.220102906,-0.0452872767,0.0212681804
13,38,0.59375,0.203125,-0.125710826,-0.02977748,0.02000294,-0.170273581,-0.0422550234,0.022004608,-0.21551447,-0.0538646797,0.0216233577
13,39,0.609375,0.203125,-0.121962478,-0.0340753204,0.0202277368,-0.165273426,-0.048305072,0.0222606461,-0.209648102,-0.0618540879,0.0220096211
13,40,0.625,0.203125,-0.117570666,-0.0380082825,0.0204387666,-0.159310093,-0.0537746165,0.0225134222,-0.20251575,-0.0690862746,0.0224113606
13,41,0.640625,0.203125,-0.112569484,-0.0415020416,0.0206290052,-0.152426569,-0.0585447859,0.0227519326,-0.194150706,-0.0753941341,0.0228119901
13,42,0.65625,0.203125,-0.107003859,-0.0444865272,0.0207916955,-0.144684379,-0.0625043853,0.0229653897,-0.184611054,-0.0806180982,0.0231947247
13,43,0.671875,0.203125,-0.100929688,-0.0468981236,0.0209206442,-0.136164445,-0.0655540495,0.0231437733,-0.173982781,-0.0846125616,0.0235434491
13,44,0.6875,0.203125,-0.0944136608,-0.0486819454,0.0210105117,-0.12696731,-0.0676106144,0.0232783777,-0.162382115,-0.0872531194,0.023843622
13,45,0.703125,0.203125,-0.0875327135,-0.0497941081,0.0210570788,-0.117212553,-0.0686114937,0.0233623143,-0.149956607,-0.0884442463,0.0240831501
13,46,0.71875,0.203125,-0.0803730627,-0.0502038945,0.0210574709,-0.107037244,-0.0685187996,0.0233909272,-0.136884482,-0.0881268805,0.0242531496
13,47,0.734375,0.203125,-0.0730287974,-0.0498957086,0.0210103212,-0.0965933458,-0.0673229086,0.023362078,-0.123371869,-0.0862852331,0.0243485134
13,48,0.75,0.203125,-0.0656000239,-0.0488707046,0.0209158611,-0.0860440338,-0.0650451696,0.0232762711,-0.109647667,-0.0829520701,0.024368208
13,49,0.765625,0.203125,-0.0581905905,-0.0471479835,0.0207759273,-0.0755590259,-0.0617394789,0.0231365957,-0.0959560855,-0.0782117484,0.0243152512
13,50,0.78125,0.203125,-0.0509054524,-0.0447652723,0.0205938817,-0.0653090875,-0.0574925203,0.0229484865,-0.0825471477,-0.0722004396,0.0241963521
13,51,0.796875,0.203125,-0.0438477691,-0.0417790277,0.020374451,-0.055460002,-0.0524225778,0.0227193198,-0.0696657894,-0.0651032611,0.0240212429
13,52,0.8125,0.203125,-0.0371158573,-0.0382639492,0.0201234948,-0.0461663585,-0.0466769658,0.0224578841,-0.0575404019,-0.0571484153,0.0238017751
13,53,0.828125,0.203125,-0.0308001412,-0.0343119345,0.0198477228,-0.0375655534,-0.0404282745,0.0221737814,-0.0463718244,-0.0485988568,0.0235508874
13,54,0.84375,0.203125,-0.0249802473,-0.0300305555,0.0195543855,-0.0297723976,-0.0338697638,0.021876824,-0.0363237696,-0.0397423899,0.0232815791
13,55,0.859375,0.203125,-0.0197223845,-0.0255411719,0.0192509635,-0.0228746603,-0.0272103499,0.0215764906,-0.0275154928,-0.030881368,0.0230060124
13,56,0.875,0.203125,-0.0150771272,-0.0209768296,0.0189448826,-0.0169297876,-0.0206696751,0.0212815014,-0.0200172063,-0.0223232501,0.0227348553
13,57,0.890625,0.203125,-0.0110776851,-0.0164800943,0.0186432766,-0.0119629033,-0.0144737391,0.0209995479,-0.0138483612,-0.0143731518,0.0224769263
13,58,0.90625,0.203125,-0.0077387085,-0.0122009636,0.0183528134,-0.00796606832,-0.00885147678,0.0207371992,-0.00897853854,-0.00732920263,0.0222391612
13,59,0.921875,0.203125,-0.00505563941,-0.00829496594,0.018079592,-0.0048986536,-0.00403251269,0.0204999707,-0.00533039483,-0.00148104006,0.0220268652
13,60,0.9375,0.203125,-0.00300459042,-0.00492150487,0.0178291045,-0.00268860486,-0.000246107624,0.0202925217,-0.00278394451,0.00288882281,0.0218441662
13,61,0.953125,0.203125,-0.00154271856,-0.00224244249,0.0176062471,-0.00123435144,0.00227893463,0.0201189166,-0.00118146944,0.00550164593,0.0216945477
13,62,0.96875,0.203125,-0.000609059015,-0.00042083113,0.0174153517,-0.000407160625,0.00331389796,0.0199828656,-0.000332534663,0.0060786312,0.0215812997
13,63,0.984375,0.203125,-0.000125799194,0.000380387753,0.0172553448,-5.38561426e-05,0.00263007936,0.0198822571,-1.89475139e-05,0.00433865294,0.021502234
13,64,1,0.203125,0,0,0.0171197639,0,0,0.0198091173,0,0,0.0214495362
14,0,0,0.21875,0,0,0.0210720539,0,0,0.0261822741,0,0,0.0289151623
14,1,0.015625,0.21875,-0.000575240177,0.0060709582,0.0207124578,-0.000788598527,0.00764423978,0.0258807573,-0.000998373574,0.00889328682,0.0286451295
14,2,0.03125,0.21875,-0.00214453568,0.0118582529,0.020388568,-0.00289667639,0.014777413,0.025615647,-0.00361683978,0.017061529,0.0284126483
14,3,0.046875,0.21875,-0.00456568304,0.0172588065,0.0201091522,-0.00609494544,0.0212832246,0.0253933989,-0.00752902565,0.0243970079,0.0282217827
14,4,0.0625,0.21875,-0.00771183477,0.0222086092,0.0198746108,-0.0101869545,0.0271204169,0.0252111881,-0.0124681076,0.0309100167,0.0280664781
14,5,0.078125,0.21875,-0.0114715195,0.02667465,0.0196777957,-0.0150098761,0.032300792,0.0250584406,-0.0182273627,0.0366834761,0.0279328865
14,6,0.09375,0.21875,-0.0157478874,0.0306475059,0.0195116721,-0.0204327252,0.0368701192,0.0249251776,-0.0246548484,0.0418358174,0.0278084759
14,7,0.109375,0.21875,-0.0204574511,0.0341347229,0.019369634,-0.0263528648,0.040892173,0.0248024381,-0.0316445265,0.0464924645,0.0276824119
14,8,0.125,0.21875,-0.0255285294,0.0371550588,0.019245694,-0.0326914926,0.0444359617,0.0246824472,-0.0391257083,0.0507656201,0.0275455559
14,9,0.140625,0.21875,-0.0308995519,0.0397336174,0.019134589,-0.0393886695,0.0475660756,0.0245586375,-0.0470522908,0.0547415976,0.0273902892
14,10,0.15625,0.21875,-0.0365173366,0.0418978636,0.0190318328,-0.0463983339,0.050335972,0.0244255989,-0.055392871,0.0584745907,0.0272102897
14,11,0.171875,0.21875,-0.0423354199,0.0436744885,0.0189337339,-0.0536836427,0.0527839211,0.0242790007,-0.0641224393,0.0619855466,0.0270003356
14,12,0.1875,0.21875,-0.0483124879,0.0450870728,0.0188373902,-0.0612128816,0.054931252,0.0241155126,-0.0732159996,0.0652647238,0.0267561731
14,13,0.203125,0.21875,-0.054410943,0.0461544928,0.0187406708,-0.06895609,0.0567824728,0.0239327402,-0.0826441542,0.0682765813,0.0264744611
14,14,0.21875,0.21875,-0.060595626,0.0468900025,0.0186421861,-0.0768824584,0.0583268094,0.0237291818,-0.0923704682,0.0709658365,0.0261527944
14,15,0.234375,0.21875,-0.0668327073,0.0473009219,0.0185412532,-0.0849584848,0.0595407095,0.0235042062,-0.102350293,0.0732637971,0.0257897858
14,16,0.25,0.21875,-0.0730887568,0.0473888489,0.0184378548,-0.0931468156,0.0603908996,0.0232580487,-0.112530676,0.0750943588,0.0253851915
14,17,0.265625,0.21875,-0.0793299989,0.0471503029,0.0183325959,-0.101405662,0.0608376481,0.0229918195,-0.122850993,0.0763793127,0.024940051
14,18,0.28125,0.21875,-0.0855217503,0.0465777021,0.0182266544,-0.109688666,0.0608379696,0.022707513,-0.133244006,0.0770428051,0.0244568188
14,19,0.296875,0.21875,-0.0916280364,0.04566057,0.0181217269,-0.117945091,0.0603485897,0.0224080111,-0.143637097,0.0770149258,0.0239394649
14,20,0.3125,0.21875,-0.0976113707,0.0443868746,0.0180199676,-0.126120226,0.0593285617,0.0220970693,-0.153953515,0.0762344786,0.0233935261
14,21,0.328125,0.21875,-0.103432682,0.0427444112,0.0179239199,-0.1341559,0.0577414907,0.0217792807,-0.164113548,0.0746510327,0.0228260975
14,22,0.34375,0.21875,-0.109051369,0.0407221593,0.0178364376,-0.141991055,0.0555573638,0.021460007,-0.17403555,0.0722263671,0.0222457537
14,23,0.359375,0.21875,-0.114425456,0.0383115581,0.0177605955,-0.149562319,0.0527540149,0.0211452764,-0.183636828,0.0689354265,0.0216623975
14,24,0.375,0.21875,-0.119511843,0.0355076666,0.0176995887,-0.156804551,0.0493182689,0.0208416441,-0.192834397,0.0647668993,0.0210870388
14,25,0.390625,0.21875,-0.124266615,0.032310185,0.0176566185,-0.16365137,0.0452468185,0.0205560151,-0.201545627,0.0597235155,0.0205315048
14,26,0.40625,0.21875,-0.128645419,0.0287243293,0.017634769,-0.170035654,0.0405468843,0.0202954339,-0.209688799,0.0538221484,0.0200080931
14,27,0.421875,0.21875,-0.132603879,0.0247615543,0.0176368741,-0.175890045,0.0352367035,0.0200668439,-0.217183596,0.0470937847,0.0195291749
14,28,0.4375,0.21875,-0.136098067,0.0204401294,0.0176653787,-0.181147459,0.0293458844,0.0198768237,-0.223951523,0.0395834138,0.0191067644
14,29,0.453125,0.21875,-0.139085007,0.0157855679,0.0177221976,-0.185741652,0.0229156495,0.0197313082,-0.229916249,0.0313498727,0.0187520644
14,30,0.46875,0.21875,-0.141523244,0.0108309134,0.0178085776,-0.189607845,0.0159989798,0.0196353036,-0.235003901,0.0224656769,0.0184750071
14,31,0.484375,0.21875,-0.143373457,0.00561688332,0.0179249682,-0.192683438,0.00866065834,0.0195926099,-0.239143293,0.0130168567,0.0182838047
14,32,0.5,0.21875,-0.144599149,0.000191863114,0.0180709095,-0.194908843,0.00097719849,0.0196055616,-0.242266149,0.0031028111,0.0181845299
14,33,0.515625,0.21875,-0.145167399,-0.00538825526,0.0182449412,-0.196228453,-0.00696337025,0.0196748009,-0.244307368,-0.00716382276,0.0181807395
14,34,0.53125,0.21875,-0.145049704,-0.0110604069,0.0184445423,-0.196591767,-0.0150618988,0.0197990975,-0.245205443,-0.0176573104,0.0182731606
14,35,0.546875,0.21875,-0.144222883,-0.0167548768,0.0186661101,-0.195954701,-0.02320875,0.0199752323,-0.244903123,-0.0282390282,0.0184594582
14,36,0.5625,0.21875,-0.142670059,-0.0223960349,0.0189049797,-0.194281099,-0.0312847284,0.0201979543,-0.243348474,-0.038757836,0.0187340998
14,37,0.578125,0.21875,-0.140381678,-0.0279033033,0.0191554953,-0.191544446,-0.0391623825,0.0204600279,-0.24049646,-0.0490507581,0.0190883361
14,38,0.59375,0.21875,-0.137356567,-0.0331923795,0.0194111322,-0.18772978,-0.0467077574,0.0207523801,-0.23631115,-0.0589441627,0.019510317
14,39,0.609375,0.21875,-0.133602955,-0.0381767284,0.0196646728,-0.18283576,-0.0537826741,0.021064353,-0.230768635,-0.0682556635,0.0199853593
14,40,0.625,0.21875,-0.129139453,-0.0427693505,0.019908433,-0.176876826,-0.0602476006,0.021384065,-0.223860637,-0.0767969895,0.0204963807
14,41,0.640625,0.21875,-0.123995897,-0.0468848216,0.0201345328,-0.169885338,-0.0659651519,0.0216988731,-0.215598728,-0.0843780487,0.0210245055
14,42,0.65625,0.21875,-0.118214015,-0.050441579,0.0203352033,-0.161913536,-0.0708042138,0.0219959236,-0.206018919,-0.090812361,0.0215498398
14,43,0.671875,0.21875,-0.111847837,-0.0533644151,0.0205031149,-0.153035136,-0.0746446268,0.0222627668,-0.195186266,-0.0959239172,0.0220523944
14,44,0.6875,0.21875,-0.104963764,-0.0555871108,0.0206317091,-0.143346315,-0.0773822919,0.0224879995,-0.183198991,-0.0995553611,0.022513115
14,45,0.703125,0.21875,-0.0976402513,-0.0570551221,0.0207155155,-0.132965866,-0.0789344778,0.0226618928,-0.170191511,-0.101577173,0.0229149525
14,46,0.71875,0.21875,-0.0899670052,-0.0577282075,0.0207504309,-0.122034272,-0.0792450297,0.0227769546,-0.156335704,-0.101897295,0.0232438915
14,47,0.734375,0.21875,-0.0820436796,-0.0575828671,0.0207339417,-0.110711538,-0.0782891151,0.0228283746,-0.141839778,-0.100470393,0.023489831
14,48,0.75,0.21875,-0.0739780271,-0.0566144512,0.0206652694,-0.0991736734,-0.0760771079,0.0228143057,-0.126944261,-0.0973058103,0.0236472164
14,49,0.765625,0.21875,-0.0658835266,-0.0548387987,0.0205454281,-0.0876078408,-0.0726572245,0.0227359453,-0.111914887,-0.0924731692,0.0237153312
14,50,0.78125,0.21875,-0.0578765345,-0.0522932796,0.0203771841,-0.0762063397,-0.0681165904,0.0225974003,-0.0970325332,-0.0861047262,0.0236981915
14,51,0.796875,0.21875,-0.0500730566,-0.0490371503,0.02016492,-0.0651597061,-0.0625805385,0.022405343,-0.0825807764,-0.0783938561,0.0236040344
14,52,0.8125,0.21875,-0.0425852757,-0.0451511751,0.0199144132,-0.054649353,-0.0562101102,0.0221684892,-0.0688320519,-0.0695895129,0.0234444509
14,53,0.828125,0.21875,-0.0355180037,-0.0407365304,0.0196325458,-0.0448402457,-0.0491979264,0.021896956,-0.056033667,-0.059987076,0.0232332692
14,54,0.84375,0.21875,-0.0289652438,-0.0359130666,0.0193269729,-0.035874129,-0.0417627877,0.0216015686,-0.0443950343,-0.0499165582,0.022985335
14,55,0.859375,0.21875,-0.023007043,-0.0308170633,0.0190057756,-0.0278637765,-0.0341435286,0.0212931976,-0.0340773496,-0.0397295957,0.02271535
14,56,0.875,0.21875,-0.0177067945,-0.0255986504,0.0186771318,-0.0208886203,-0.0265927379,0.0209821958,-0.0251865918,-0.029786864,0.0224369191
14,57,0.890625,0.21875,-0.013109108,-0.0204190883,0.0183490297,-0.0149919654,-0.0193709727,0.0206779948,-0.0177702244,-0.0204474946,0.0221619139
14,58,0.90625,0.21875,-0.00923831699,-0.015448092,0.0180290433,-0.0101798101,-0.0127419951,0.0203888877,-0.0118174457,-0.0120617131,0.0219002003
14,59,0.921875,0.21875,-0.00609764109,-0.0108613455,0.0177241837,-0.00642112929,-0.00696938177,0.0201220021,-0.00726236342,-0.00496731602,0.0216597182
14,60,0.9375,0.21875,-0.00366897779,-0.00683829557,0.0174408207,-0.00364935094,-0.00231459052,0.0198834277,-0.00398917679,0.000510157042,0.0214468298
14,61,0.953125,0.21875,-0.00191326672,-0.00356023173,0.0171846636,-0.00176468999,0.000963746563,0.0196784387,-0.00183836439,0.00405452098,0.0212668097
14,62,0.96875,0.21875,-0.000771354682,-0.00120856242,0.0169607732,-0.000637025078,0.00260987199,0.0195117177,-0.000613026054,0.00535508428,0.0211243007
14,63,0.984375,0.21875,-0.00016529134,3.69070853e-05,0.0167685193,-0.000109099347,0.0023711928,0.0193816352,-8.48860743e-05,0.00410430629,0.0210177144
14,64,1,0.21875,0,0,0.0166015898,0,0,0.019280226,0,0,0.0209391444
15,0,0,0.234375,0,0,0.0209657607,0,0,0.026047903,0,0,0.028765657
15,1,0.015625,0.234375,-0.000619816353,0.00718483764,0.0205801394,-0.000857980345,0.00915584836,0.0257224723,-0.0010952461,0.0107882807,0.0284727008
15,2,0.03125,0.234375,-0.00230615126,0.0139286327,0.02023382,-0.00314193266,0.0175419315,0.0254375993,-0.00395162715,0.0204756102,0.0282218946
15,3,0.046875,0.234375,-0.00490214241,0.0201441418,0.0199361935,-0.00659572386,0.0250753173,0.0251999729,-0.0082006456,0.0290144974,0.0280170285
15,4,0.0625,0.234375,-0.0082684139,0.025783799,0.0196873389,-0.011001423,0.0317506138,0.0250058354,-0.0135436363,0.0364800316,0.0278504247
15,5,0.078125,0.234375,-0.0122830629,0.0308306375,0.0194789938,-0.0161796691,0.0376147412,0.0248428189,-0.0197511124,0.0430168363,0.027705748
15,6,0.09375,0.234375,-0.0168407786,0.0352901953,0.0193030701,-0.0219872719,0.0427456146,0.0246993691,-0.0266558047,0.0487970803,0.0275683977
15,7,0.109375,0.234375,-0.0218513952,0.0391834673,0.0191520212,-0.0283130053,0.0472347807,0.0245652148,-0.0341420202,0.0539893236,0.0274258917
15,8,0.125,0.234375,-0.0272381144,0.0425409154,0.0190190552,-0.0350723609,0.0511739075,0.0244315257,-0.0421334033,0.0587374355,0.0272677928
15,9,0.140625,0.234375,-0.0329355754,0.0453975169,0.018898244,-0.0422018773,0.0546449227,0.0242908997,-0.0505807201,0.0631483995,0.0270854423
15,10,0.15625,0.234375,-0.0388879026,0.0477887966,0.0187845692,-0.0496535296,0.0577135003,0.0241372699,-0.0594508356,0.0672874798,0.0268716564
15,11,0.171875,0.234375,-0.045046819,0.0497477777,0.0186739265,-0.0573895493,0.0604255108,0.023965788,-0.0687176193,0.0711790198,0.0266204743
15,12,0.1875,0.234375,-0.0513698837,0.0513027766,0.0185631071,-0.0653779275,0.0628059683,0.0237727151,-0.0783550978,0.0748110972,0.0263269955
15,13,0.203125,0.234375,-0.0578188864,0.0524759664,0.0184497654,-0.073588749,0.0648599523,0.0235553388,-0.088332834,0.0781424015,0.0259873214
15,14,0.21875,0.234375,-0.0643584223,0.0532826348,0.0183323786,-0.0819914029,0.0665749608,0.0233119207,-0.0986132648,0.0811099857,0.0255985907
15,15,0.234375,0.234375,-0.0709546596,0.0537310586,0.0182102031,-0.0905526331,0.0679241728,0.0230416753,-0.109150592,0.0836369058,0.0251590895
15,16,0.25,0.234375,-0.0775743071,0.0538229084,0.0180832288,-0.0992353312,0.0688701601,0.0227447731,-0.119890784,0.0856391288,0.0246684062
15,17,0.265625,0.234375,-0.0841837867,0.0535540863,0.0179521317,-0.107997936,0.0693686745,0.0224223606,-0.130772292,0.0870313975,0.0241276062
15,18,0.28125,0.234375,-0.0907486059,0.052915891,0.0178182239,-0.116794295,0.0693722415,0.0220765826,-0.141727129,0.0877319665,0.0235393905
15,19,0.296875,0.234375,-0.0972329202,0.0518964014,0.0176833992,-0.12557384,0.0688333867,0.0217105996,-0.152682106,0.0876662657,0.0229082208
15,20,0.3125,0.234375,-0.10359927,0.0504819746,0.017550073,-0.134281962,0.0677074085,0.0213285862,-0.163560041,0.0867696216,0.0222403875
15,21,0.328125,0.234375,-0.109808468,0.0486587678,0.0174211141,-0.14286049,0.0659546754,0.0209357044,-0.174280885,0.0849891933,0.0215440101
15,22,0.34375,0.234375,-0.115819615,0.0464142107,0.0172997671,-0.151248195,0.0635424745,0.0205380429,-0.184762731,0.082285285,0.0208289606
15,23,0.359375,0.234375,-0.121590224,0.0437383764,0.0171895608,-0.159381295,0.0604464606,0.0201425174,-0.194922711,0.0786321767,0.0201067068
15,24,0.375,0.234375,-0.127076413,0.0406252169,0.0170942058,-0.167193933,0.0566517754,0.0197567304,-0.204677794,0.0740185986,0.0193900769
15,25,0.390625,0.234375,-0.132233182,0.0370736457,0.0170174758,-0.17461863,0.0521539005,0.0193887888,-0.213945513,0.068447943,0.0186929482
15,26,0.40625,0.234375,-0.137014721,0.0330884628,0.0169630777,-0.181586727,0.0469593091,0.0190470833,-0.222644602,0.0619382881,0.0180298717
15,27,0.421875,0.234375,-0.141374781,0.0286811244,0.0169345099,-0.188028825,0.0410859656,0.018740031,-0.230695547,0.0545222861,0.0174156394
15,28,0.4375,0.234375,-0.145267075,0.0238703641,0.0169349105,-0.193875251,0.0345637132,0.0184757894,-0.238021005,0.0462469577,0.0168648112
15,29,0.453125,0.234375,-0.148645739,0.0186826737,0.0169669021,-0.199056565,0.0274345723,0.0182619471,-0.244546077,0.0371734315,0.016391214
15,30,0.46875,0.234375,-0.151465848,0.0131526497,0.0170324352,-0.203504123,0.0197529629,0.0181052033,-0.250198402,0.0273766684,0.0160074325
15,31,0.484375,0.234375,-0.153684005,0.00732320672,0.0171326386,-0.207150713,0.0115858478,0.0180110459,-0.254908091,0.0169452158,0.0157243066
15,32,0.5,0.234375,-0.155259017,0.00124565291,0.0172676814,-0.209931303,0.00301278549,0.017983441,-0.258607533,0.00598103327,0.0155504534
15,33,0.515625,0.234375,-0.156152671,-0.00502038317,0.0174366561,-0.211783898,-0.00587413381,0.0180245479,-0.261231156,-0.00540057817,0.0154918291
15,34,0.53125,0.234375,-0.156330618,-0.0114071944,0.0176374897,-0.212650565,-0.0149705064,0.0181344763,-0.262715259,-0.0170709357,0.0155513464
15,35,0.546875,0.234375,-0.155763359,-0.0178394304,0.017866892,-0.212478652,-0.0241600401,0.0183110999,-0.262998076,-0.028887855,0.0157285631
15,36,0.5625,0.234375,-0.154427342,-0.024234757,0.0181203477,-0.211222238,-0.0333152552,0.0185499433,-0.262020247,-0.0406955357,0.0160194563
15,37,0.578125,0.234375,-0.152306135,-0.0305047711,0.0183921598,-0.208843857,-0.0422985471,0.0188441581,-0.259725891,-0.0523246005,0.0164163008
15,38,0.59375,0.234375,-0.149391662,-0.0365562033,0.0186755507,-0.205316509,-0.0509637091,0.0191846033,-0.256064463,-0.0635925054,0.0169076716
15,39,0.609375,0.234375,-0.145685456,-0.0422924341,0.0189628234,-0.200625956,-0.0591580256,0.019560042,-0.250993547,-0.0743046017,0.0174785926
15,40,0.625,0.234375,-0.141199887,-0.0476153407,0.0192455825,-0.194773258,-0.0667250386,0.0199574622,-0.244482659,-0.084256181,0.0181108558
15,41,0.640625,0.234375,-0.135959286,-0.052427479,0.0195150102,-0.187777453,-0.0735080761,0.0203625221,-0.236518054,-0.0932358513,0.0187835305
15,42,0.65625,0.234375,-0.130000913,-0.0566345875,0.0197621926,-0.179678233,-0.0793545875,0.0207601157,-0.227108366,-0.10103056,0.0194736785
15,43,0.671875,0.234375,-0.12337568,-0.0601483748,0.0199784794,-0.17053839,-0.0841212706,0.0211350386,-0.216290755,-0.10743249,0.0201572765
15,44,0.6875,0.234375,-0.116148528,-0.0628895308,0.0201558623,-0.160445764,-0.0876798843,0.0214727227,-0.204137038,-0.112247874,0.0208103217
15,45,0.703125,0.234375,-0.108398388,-0.0647908671,0.0202873488,-0.149514383,-0.089923537,0.0217599985,-0.190759084,-0.115307533,0.0214100751
15,46,0.71875,0.234375,-0.100217629,-0.0658004661,0.0203673092,-0.137884466,-0.0907731271,0.0219858281,-0.176312629,-0.116478613,0.0219363573
15,47,0.734375,0.234375,-0.0917109191,-0.0658846867,0.020391771,-0.125720997,-0.0901835071,0.0221419459,-0.160998595,-0.115676676,0.0223727881
15,48,0.75,0.234375,-0.082993458,-0.0650308576,0.0203586373,-0.113210674,-0.0881488672,0.0222233454,-0.145061093,-0.112876961,0.022707835
15,49,0.765625,0.234375,-0.0741885627,-0.0632494761,0.0202678113,-0.100557132,-0.0847068126,0.0222285557,-0.128781538,-0.108123477,0.0229355373
15,50,0.78125,0.234375,-0.0654246409,-0.0605757423,0.020121213,-0.0879745563,-0.079940655,0.0221596694,-0.11246872,-0.101534551,0.0230557924
15,51,0.796875,0.234375,-0.0568316417,-0.0570702866,0.019922684,-0.0756799419,-0.0739795645,0.0220221092,-0.0964452364,-0.0933037423,0.023074137
15,52,0.8125,0.234375,-0.0485371268,-0.0528190021,0.0196777869,-0.0638844908,-0.0669964262,0.0218241527,-0.0810312753,-0.0836955248,0.0230010314
15,53,0.828125,0.234375,-0.0406621565,-0.0479319664,0.0193935151,-0.0527847274,-0.0592034984,0.0215762661,-0.0665272374,-0.0730358745,0.0228507257
15,54,0.84375,0.234375,-0.033317216,-0.0425415162,0.0190779396,-0.042554016,-0.050846233,0.021290323,-0.0531969947,-0.0616987072,0.0226398641
15,55,0.859375,0.234375,-0.0265984155,-0.0367996212,0.0187398225,-0.0333351255,-0.0421958586,0.0209787995,-0.0412535549,-0.0500898104,0.0223860205
15,56,0.875,0.234375,-0.0205841779,-0.0308747646,0.0183882341,-0.0252343751,-0.0335414861,0.0206540416,-0.030848562,-0.0386303753,0.0221063702
15,57,0.890625,0.234375,-0.0153325805,-0.0249485718,0.0180322028,-0.0183177042,-0.0251825493,0.020327678,-0.0220664528,-0.0277422978,0.0218166644
15,58,0.90625,0.234375,-0.0108794539,-0.0192124306,0.0176804271,-0.0126087775,-0.0174223129,0.0200102364,-0.0149233475,-0.0178370636,0.0215306128
15,59,0.921875,0.234375,-0.00723727039,-0.0138643051,0.0173410639,-0.00808899799,-0.0105629718,0.0197109729,-0.00937005057,-0.009309309,0.0212596918
15,60,0.9375,0.234375,-0.00439479119,-0.00910587924,0.0170215956,-0.00469910756,-0.00490254692,0.0194378959,-0.00529802235,-0.00253517622,0.021013319
15,61,0.953125,0.234375,-0.00231738839,-0.0051400656,0.0167287676,-0.0023419335,-0.00073339123,0.0191979216,-0.00254694867,0.00212549519,0.0207992557
15,62,0.96875,0.234375,-0.000947928225,-0.00216880651,0.0164685693,-0.00088581439,0.00165830732,0.0189970697,-0.000912607367,0.00432515287,0.0206240531
15,63,0.984375,0.234375,-0.000208089721,-0.00039096693,0.0162409355,-0.000168313892,0.00199305428,0.0188343956,-0.000154087485,0.00372562689,0.020487018
15,64,1,0.234375,0,0,0.0160397398,0,0,0.0187019822,0,0,0.0203801982
16,0,0,0.25,0,0,0.0207923722,0,0,0.0258416498,0,0,0.028538223
16,1,0.015625,0.25,-0.000661545279,0.00837710946,0.0203824607,-0.000922451171,0.0107861724,0.0254941085,-0.00118457268,0.012844914,0.0282242468
16,2,0.03125,0.25,-0.00245737945,0.016140579,0.0200152112,-0.00336960826,0.0205151565,0.0251909367,-0.0042599321,0.0241669285,0.0279565451
16,3,0.046875,0.25,-0.00521697898,0.0232210691,0.0197005259,-0.00706041354,0.0291427149,0.0249388833,-0.00881865664,0.0339890171,0.0277383855
16,4,0.0625,0.25,-0.00878935971,0.0295895297,0.0194380985,-0.0117570981,0.0367043621,0.0247331469,-0.0145327314,0.0424604835,0.027560306
16,5,0.078125,0.25,-0.013042989,0.0352470146,0.0192185413,-0.0172650787,0.0432866409,0.024559529,-0.0211516719,0.0497956444,0.027403428
16,6,0.09375,0.25,-0.0178647632,0.0402158382,0.0190327093,-0.0234299458,0.0490034554,0.0244048786,-0.0284940134,0.0562267252,0.027251049
16,7,0.109375,0.25,-0.0231583766,0.0445320587,0.0188721189,-0.0301325846,0.053977262,0.0242576021,-0.0364350332,0.0619700631,0.0270890154
16,8,0.125,0.25,-0.0288423389,0.0482392391,0.0187291817,-0.0372832516,0.0583248337,0.0241078074,-0.0448929685,0.0672043199,0.0269055668
16,9,0.140625,0.25,-0.0348478335,0.0513834055,0.0185973164,-0.0448152648,0.0621472443,0.0239472505,-0.0538154742,0.0720590298,0.0266909695
16,10,0.15625,0.25,-0.0411165598,0.0540091072,0.0184709859,-0.0526788262,0.065523644,0.0237691974,-0.0631675745,0.07661149,0.0264371328
16,11,0.171875,0.25,-0.0475986543,0.0561564696,0.0183456871,-0.0608353683,0.068508319,0.0235682662,-0.0729218619,0.0808898088,0.0261373011
16,12,0.1875,0.25,-0.0542507538,0.0578591401,0.0182179173,-0.0692526911,0.0711304517,0.0233402886,-0.0830512408,0.0848799385,0.0257858678
16,13,0.203125,0.25,-0.0610342339,0.0591430314,0.0180851275,-0.0779010327,0.0733959482,0.0230822076,-0.0935241306,0.0885347483,0.0253783176
16,14,0.21875,0.25,-0.0679136482,0.0600257757,0.0179456707,-0.0867501105,0.0752906935,0.0227920204,-0.104301777,0.091783594,0.0249112832
16,15,0.234375,0.25,-0.074855378,0.0605168067,0.0177987508,-0.0957670731,0.0767846379,0.0224687588,-0.115337191,0.0945413166,0.0243826867
16,16,0.25,0.25,-0.0818265023,0.0606179761,0.0176443703,-0.104915242,0.0778362029,0.0221125037,-0.126575217,0.0967160591,0.0237919334
16,17,0.265625,0.25,-0.0887938876,0.0603246017,0.017483282,-0.114153488,0.078396612,0.021724418,-0.137953285,0.0982156579,0.0231401211
16,18,0.28125,0.25,-0.0957234942,0.0596268355,0.0173169381,-0.12343607,0.0784138729,0.0213067875,-0.14940251,0.0989526197,0.022430234
16,19,0.296875,0.25,-0.102579883,0.0585112339,0.0171474379,-0.132712791,0.0778362567,0.0208630536,-0.160848906,0.0988478371,0.0216672924
16,20,0.3125,0.25,-0.109325907,0.056962422,0.0169774692,-0.141929339,0.076615212,0.0203978286,-0.172214597,0.0978332568,0.0208584412
16,21,0.328125,0.25,-0.115922553,0.0549647569,0.0168102441,-0.151027711,0.0747077234,0.0199168816,-0.183418954,0.0958537229,0.0200129592
16,22,0.34375,0.25,-0.122328918,0.0525039153,0.0166494213,-0.15994668,0.0720781687,0.0194270878,-0.194379657,0.0928681933,0.0191421844
16,23,0.359375,0.25,-0.128502284,0.0495683558,0.0164990177,-0.168622235,0.0686997529,0.018936335,-0.205013704,0.0888504897,0.0182593476
16,24,0.375,0.25,-0.134398264,0.0461506244,0.0163633032,-0.176988024,0.0645556043,0.0184533842,-0.215238353,0.0837897014,0.0173793179
16,25,0.390625,0.25,-0.139971015,0.0422484927,0.016246681,-0.184975765,0.0596396127,0.0179876846,-0.224972012,0.0776903233,0.0165182634
16,26,0.40625,0.25,-0.145173487,0.0378659283,0.0161535526,-0.192515662,0.0539570787,0.017549142,-0.23413503,0.0705721824,0.0156932383
16,27,0.421875,0.25,-0.14995772,0.0330139082,0.0160881665,-0.199536821,0.0475252274,0.017147845,-0.242650337,0.0624701881,0.014921706
16,28,0.4375,0.25,-0.154275179,0.0277110881,0.0160544574,-0.20596769,0.040373625,0.0167937554,-0.250443878,0.0534339441,0.0142210171
16,29,0.453125,0.25,-0.158077148,0.0219843415,0.0160558741,-0.211736515,0.032544521,0.0164963678,-0.257444767,0.0435272693,0.0136078596
16,30,0.46875,0.25,-0.161315193,0.0158691792,0.0160952054,-0.216771834,0.0240931274,0.0162643509,-0.263585149,0.0328276906,0.0130976982
16,31,0.484375,0.25,-0.163941713,0.00941005154,0.0161744062,-0.221003014,0.0150878387,0.0161051782,-0.268799752,0.0214259879,0.0127042241
16,32,0.5,0.25,-0.1659106,0.00266052894,0.0162944331,-0.22436085,0.00561038299,0.0160247639,-0.273025189,0.00942587645,0.0124388284
16,33,0.515625,0.25,-0.167178023,-0.00431665435,0.0164550956,-0.226778248,-0.00424410842,0.0160271168,-0.2761991,-0.00305609648,0.0123101149
16,34,0.53125,0.25,-0.167703355,-0.0114497187,0.0166549332,-0.228191054,-0.0143671449,0.0161140283,-0.278259283,-0.0158903902,0.0123234636
16,35,0.546875,0.25,-0.167450226,-0.0186581522,0.0168911264,-0.228539061,-0.0246370771,0.0162848108,-0.279143002,-0.0289340404,0.0124806549
16,36,0.5625,0.25,-0.166387731,-0.0258532589,0.0171594525,-0.227767287,-0.0349195232,0.0165361046,-0.278786688,-0.0420300216,0.0127795646
16,37,0.578125,0.25,-0.164491745,-0.0329389838,0.0174542938,-0.225827566,-0.0450681112,0.0168617707,-0.277126288,-0.0550065422,0.0132139448
16,38,0.59375,0.25,-0.161746346,-0.0398130581,0.0177687073,-0.222680536,-0.0549256582,0.0172528887,-0.274098508,-0.0676765065,0.0137733073
16,39,0.609375,0.25,-0.158145289,-0.0463685029,0.0180945616,-0.218298038,-0.0643259254,0.0176978756,-0.269643183,-0.0798374673,0.0144429324
16,40,0.625,0.25,-0.15369349,-0.0524955214,0.0184227438,-0.212665946,-0.0730961038,0.0181827423,-0.263706959,-0.0912724819,0.0152040362
16,41,0.640625,0.25,-0.14840846,-0.0580837953,0.0187434359,-0.205787341,-0.0810601765,0.0186914962,-0.256248378,-0.101752342,0.0160341292
16,42,0.65625,0.25,-0.142321596,-0.0630251842,0.0190464541,-0.197685907,-0.0880432769,0.0192066939,-0.247244318,-0.11103966,0.016907602
16,43,0.671875,0.25,-0.135479256,-0.0672168003,0.0193216396,-0.188409332,-0.0938770959,0.0197101346,-0.236697546,-0.118895246,0.0177965644
16,44,0.6875,0.25,-0.127943505,-0.0705644028,0.0195592855,-0.178032384,-0.0984062984,0.0201836733,-0.224644893,-0.125087033,0.0186719484
16,45,0.703125,0.25,-0.119792424,-0.0729860211,0.0197505764,-0.166659311,-0.101495776,0.0206101137,-0.211165302,-0.129401583,0.0195048548
16,46,0.71875,0.25,-0.111119884,-0.0744156768,0.0198880129,-0.154425105,-0.103038416,0.0209741254,-0.196386757,-0.131657784,0.020268081
16,47,0.734375,0.25,-0.102034664,-0.0748070383,0.0199657947,-0.141495228,-0.102962907,0.0212631136,-0.180490886,-0.131721928,0.0209377247
16,48,0.75,0.25,-0.0926588549,-0.0741368077,0.0199801309,-0.128063429,-0.101240972,0.0214679623,-0.16371405,-0.129522867,0.0214947129
16,49,0.765625,0.25,-0.0831254826,-0.0724076158,0.0199294538,-0.114347421,-0.097893342,0.021583572,-0.146343847,-0.125065543,0.0219260766
16,50,0.78125,0.25,-0.0735753712,-0.0696502007,0.0198145136,-0.100582406,-0.092993781,0.0216091242,-0.128710432,-0.118441028,0.0222257911
16,51,0.796875,0.25,-0.064153304,-0.0659246645,0.019638344,-0.0870126463,-0.0866706039,0.0215480321,-0.111172649,-0.1098313,0.0223950362
16,52,0.8125,0.25,-0.0550036308,-0.0613206603,0.0194060995,-0.0738815946,-0.0791053248,0.0214075722,-0.0940998428,-0.0995075119,0.0224418042
16,53,0.828125,0.25,-0.0462655318,-0.0559564411,0.0191247758,-0.0614212504,-0.0705284012,0.0211982347,-0.0778509276,-0.0878213567,0.0223798834
16,54,0.84375,0.25,-0.0380682065,-0.0499768076,0.0188028389,-0.0498416159,-0.0612123896,0.0209328659,-0.0627529696,-0.0751902407,0.0222273511
16,55,0.859375,0.25,-0.0305262825,-0.0435501014,0.0184497969,-0.0393211149,-0.0514631694,0.020625711,-0.0490816965,-0.0620780284,0.0220047974
16,56,0.875,0.25,-0.0237357274,-0.0368644853,0.0180757521,-0.0299987501,-0.0416101593,0.020291469,-0.0370461408,-0.048973966,0.0217335428
16,57,0.890625,0.25,-0.0177705001,-0.0301238123,0.0176909742,-0.021968551,-0.0319965704,0.0199444722,-0.0267789174,-0.036372709,0.0214340994
16,58,0.90625,0.25,-0.0126800962,-0.0235434021,0.0173055284,-0.015276567,-0.0229707013,0.0195980692,-0.0183326698,-0.0247581154,0.0211250621
16,59,0.921875,0.25,-0.00848805027,-0.0173460082,0.0169289808,-0.00992033464,-0.0148790517,0.0192642546,-0.0116821955,-0.0145926412,0.0208225133
16,60,0.9375,0.25,-0.0051913623,-0.0117581776,0.0165701926,-0.00585045934,-0.00806165501,0.018953536,-0.00673092088,-0.00631294485,0.0205399134
16,61,0.953125,0.25,-0.00276074191,-0.00700709469,0.0162371957,-0.00297374784,-0.00284954661,0.0186749864,-0.00331991518,-0.000330894003,0.0202883502
16,62,0.96875,0.25,-0.00114150749,-0.00331786109,0.0159371292,-0.00115724173,0.000436252377,0.018436388,-0.00123756804,0.00296222309,0.0200769438
16,63,0.984375,0.25,-0.000254953772,-0.00091102114,0.0156706393,-0.000232544627,0.00148537841,0.0182377352,-0.000228384928,0.00319169893,0.0199062727
16,64,1,0.25,0,0,0.0154318478,0,0,0.0180712384,0,0,0.019768446
17,0,0,0.265625,0,0,0.0205457937,0,0,0.0255559695,0,0,0.028223936
17,1,0.015625,0.265625,-0.000700001969,0.0096422171,0.0201135537,-0.000980851093,0.0125254566,0.0251884641,-0.00126421442,0.0150482128,0.0278912523
17,2,0.03125,0.265625,-0.00259673312,0.0184840664,0.0197270575,-0.00357582019,0.0236798938,0.0248687009,-0.00453486125,0.0281096942,0.0276083396
17,3,0.046875,0.265625,-0.00550717219,0.026476122,0.0193965966,-0.00748142411,0.0334628072,0.0246033008,-0.00936999937,0.0392872967,0.0273776829
17,4,0.0625,0.265625,-0.00926977351,0.033609809,0.0191214168,-0.0124421045,0.041955279,0.0243863171,-0.0154155185,0.0488130469,0.027187899
17,5,0.078125,0.265625,-0.0137442722,0.0399060409,0.018891003,-0.0182496275,0.0492875888,0.0242017124,-0.0224021144,0.0569781183,0.0270175608
17,6,0.09375,0.265625,-0.0188105119,0.0454055829,0.0186951575,-0.0247394976,0.0556131205,0.0240347384,-0.0301354206,0.0640804416,0.0268478661
17,7,0.109375,0.265625,-0.02436664,0.050161043,0.0185244679,-0.0317854765,0.0610880865,0.0238724825,-0.0384823215,0.0703882786,0.0266629896
17,8,0.125,0.265625,-0.0303269383,0.0542303723,0.0183705604,-0.0392930654,0.0658565877,0.0237039913,-0.0473558355,0.0761178765,0.0264498333
17,9,0.140625,0.265625,-0.0366194951,0.0576717377,0.0182262139,-0.0471926359,0.0700404973,0.0235201756,-0.0567004245,0.0814230056,0.0261975602
17,10,0.15625,0.265625,-0.0431838683,0.0605396174,0.0180853842,-0.0554327567,0.0737336038,0.0233136217,-0.0664790515,0.0863938674,0.0258971259
17,11,0.171875,0.265625,-0.0499688392,0.0628819717,0.0179431812,-0.0639741254,0.0769993757,0.0230783942,-0.0766627686,0.0910626861,0.0255409229
17,12,0.1875,0.265625,-0.0569303219,0.0647383562,0.017795817,-0.0727843821,0.0798716326,0.0228098665,-0.0872231051,0.0954133659,0.0251225759
17,13,0.203125,0.265625,-0.0640294638,0.0661388608,0.0176405459,-0.081833948,0.0823573718,0.0225046046,-0.0981271137,0.0993929373,0.0246368945
17,14,0.21875,0.265625,-0.071230961,0.0671037789,0.017475601,-0.0910929126,0.0844410012,0.0221603039,-0.109334649,0.102923046,0.0240799565
17,15,0.234375,0.265625,-0.0785016005,0.0676439126,0.0173001344,-0.100528892,0.0860893045,0.0217757779,-0.120797333,0.105910346,0.0234492904
17,16,0.25,0.265625,-0.0858090367,0.067761418,0.0171141619,-0.11010572,0.0872565749,0.0213509845,-0.132458654,0.108255224,0.0227441114
17,17,0.265625,0.265625,-0.0931208031,0.0674510782,0.016918512,-0.119782786,0.0878895022,0.0208870785,-0.144254736,0.10985869,0.0219655734
17,18,0.28125,0.265625,-0.100403553,0.0667018867,0.0167147771,-0.12951485,0.0879315449,0.0203864712,-0.15611545,0.110627587,0.021116999
17,19,0.296875,0.265625,-0.107622511,0.0654988141,0.0165052636,-0.139252171,0.0873266555,0.0198528848,-0.167965636,0.110478353,0.0202040593
17,20,0.3125,0.265625,-0.114741117,0.063824644,0.0162929387,-0.148940801,0.0860223287,0.0192913861,-0.179726352,0.109339669,0.0192348813
17,21,0.328125,0.265625,-0.121720822,0.061661779,0.0160813692,-0.158522991,0.0839720165,0.0187083893,-0.191316101,0.107154253,0.0182200673
17,22,0.34375,0.265625,-0.128521019,0.0589939416,0.0158746487,-0.167937605,0.081136998,0.0181116174,-0.202652047,0.103880036,0.0171726157
17,23,0.359375,0.265625,-0.13509906,0.0558077221,0.015677312,-0.177120556,0.0774878046,0.0175100174,-0.213651216,0.0994908724,0.0161077391
17,24,0.375,0.265625,-0.141410351,0.052093948,0.0154942318,-0.186005232,0.0730053051,0.0169136243,-0.224231679,0.0939769064,0.0150425815
17,25,0.390625,0.265625,-0.147408492,0.0478488689,0.0153304986,-0.194522913,0.0676815383,0.0163333715,-0.234313671,0.0873446197,0.0139958388
17,26,0.40625,0.265625,-0.153045453,0.0430751681,0.0151912819,-0.2026032,0.0615203656,0.0157808502,-0.243820566,0.0796166135,0.012987296
17,27,0.421875,0.265625,-0.15827179,0.0377828163,0.0150816734,-0.210174447,0.0545379944,0.0152680172,-0.252679623,0.0708311344,0.0120372961
17,28,0.4375,0.265625,-0.163036902,0.0319897923,0.0150065152,-0.217164183,0.0467634067,0.0148068603,-0.260822403,0.0610413876,0.0111661616
17,29,0.453125,0.265625,-0.167289353,0.025722688,0.0149702145,-0.223499542,0.0382387155,0.0144090258,-0.268184784,0.0503147028,0.0103935912
17,30,0.46875,0.265625,-0.170977273,0.0190172145,0.0149765489,-0.229107672,0.029019462,0.0140854184,-0.274706523,0.0387316535,0.00973805211
17,31,0.484375,0.265625,-0.174048858,0.0119186131,0.0150284687,-0.233916135,0.0191748638,0.0138457855,-0.280330385,0.0263852555,0.00921618987
17,32,0.5,0.265625,-0.176453009,0.00448196333,0.015127902,-0.237853311,0.00878801945,0.0136982975,-0.285000876,0.0133803806,0.00884226884
17,33,0.515625,0.265625,-0.178140116,-0.00322762804,0.0152755696,-0.240848829,-0.00204392987,0.0136491391,-0.288662713,-0.000166484126,0.00862765604
17,34,0.53125,0.265625,-0.179063,-0.011134992,0.0154708233,-0.242834103,-0.0132096933,0.0137021289,-0.291259185,-0.0141270334,0.0085803553
17,35,0.546875,0.265625,-0.179178037,-0.0191550546,0.0157115117,-0.243743014,-0.0245838066,0.0138583794,-0.292730603,-0.0283604502,0.00870459226
17,36,0.5625,0.265625,-0.178446441,-0.0271932378,0.0159938902,-0.243512871,-0.0360267501,0.0141160186,-0.293013115,-0.0427122497,0.00900045489
17,37,0.578125,0.265625,-0.176835718,-0.0351461553,0.0163125837,-0.242085732,-0.0473852986,0.0144699915,-0.292038143,-0.0570127801,0.00946359402
17,38,0.59375,0.265625,-0.174321249,-0.0429026594,0.0166606151,-0.239410195,-0.0584932375,0.0149119616,-0.289732767,-0.0710756099,0.0100849956
17,39,0.609375,0.265625,-0.170887982,-0.0503452902,0.0170295059,-0.235443759,-0.0691726149,0.0154303328,-0.286021358,-0.0846961506,0.0108508445
17,40,0.625,0.265625,-0.166532178,-0.0573521698,0.017409458,-0.230155791,-0.0792357358,0.0160104145,-0.280828754,-0.0976509866,0.0117425121
17,41,0.640625,0.265625,-0.161263153,-0.0637993734,0.0177896196,-0.223531092,-0.0884881149,0.0166347489,-0.2740852,-0.109698492,0.0127367134
17,42,0.65625,0.265625,-0.155104924,-0.0695637912,0.0181584319,-0.215573971,-0.0967325965,0.0172836157,-0.265733164,-0.120581392,0.0138058886
17,43,0.671875,0.265625,-0.148097677,-0.0745264657,0.0185040464,-0.206312613,-0.103774794,0.0179357168,-0.255735926,-0.130031916,0.014918861
17,44,0.6875,0.265625,-0.140298932,-0.0785763624,0.0188148013,-0.195803426,-0.109429905,0.0185690363,-0.244087594,-0.137780118,0.0160418244
17,45,0.703125,0.265625,-0.13178428,-0.0816144878,0.0190797308,-0.184134937,-0.113530816,0.019161844,-0.23082384,-0.143565669,0.0171396801
17,46,0.71875,0.265625,-0.122647566,-0.0835582262,0.0192890801,-0.17143068,-0.11593721,0.019693795,-0.216032291,-0.14715303,0.0181777038
17,47,0.734375,0.265625,-0.113000373,-0.084345716,0.0194347932,-0.157850531,-0.116545183,0.0201470481,-0.199861182,-0.148349383,0.0191234641
17,48,0.75,0.265625,-0.102970699,-0.0839400393,0.0195109379,-0.143589906,-0.115296674,0.0205073143,-0.182524635,-0.147024,0.0199488471
17,49,0.765625,0.265625,-0.0927007317,-0.0823329598,0.0195140324,-0.128876419,-0.112187836,0.0207647249,-0.164302972,-0.143127095,0.0206319742
17,50,0.78125,0.265625,-0.0823436928,-0.0795479209,0.0194432465,-0.113963757,-0.10727543,0.0209144231,-0.145536773,-0.136705749,0.0211587661
17,51,0.796875,0.265625,-0.0720597795,-0.075642027,0.0193004537,-0.0991228954,-0.100680375,0.0209567941,-0.12661409,-0.127914331,0.0215239057
17,52,0.8125,0.265625,-0.0620113317,-0.0707067743,0.0190901286,-0.0846310495,-0.0925878221,0.0208972938,-0.107951209,-0.117017246,0.021731015
17,53,0.828125,0.265625,-0.0523574436,-0.0648673907,0.0188190952,-0.070759172,-0.0832434772,0.0207458837,-0.0899684899,-0.104382748,0.0217919721
17,54,0.84375,0.265625,-0.0432483242,-0.0582807655,0.0184961466,-0.057759003,-0.0729463685,0.0205161356,-0.0730638201,-0.0904679383,0.0217254394
17,55,0.859375,0.265625,-0.0348197688,-0.0511321003,0.0181315739,-0.0458508287,-0.0620387244,0.0202241187,-0.057586861,-0.0757966392,0.0215548245
17,56,0.875,0.265625,-0.0271881121,-0.043630547,0.0177366451,-0.0352130357,-0.0508940501,0.0198872111,-0.0438172486,-0.0609331545,0.0213059902
17,57,0.890625,0.265625,-0.0204459899,-0.036004203,0.0173230826,-0.0259743141,-0.0399047324,0.0195229794,-0.031949266,-0.0464557689,0.0210050678
17,58,0.90625,0.265625,-0.0146591463,-0.0284948804,0.0169025856,-0.0182089927,-0.0294705293,0.0191482544,-0.0220842997,-0.0329337855,0.020676678
17,59,0.921875,0.265625,-0.0098643977,-0.0213530391,0.0164864274,-0.0119355571,-0.0199890795,0.0187784778,-0.014230972,-0.0209110579,0.0203427456
17,60,0.9375,0.265625,-0.00606873799,-0.0148331876,0.0160851508,-0.00711798117,-0.0118491337,0.0184273439,-0.00831154677,-0.0108974565,0.0200219525
17,61,0.953125,0.265625,-0.00324945603,-0.00918992041,0.0157083603,-0.00366918585,-0.00542660884,0.018106695,-0.00417233289,-0.00336785765,0.0197297255
17,62,0.96875,0.265625,-0.00135505346,-0.00467459464,0.0153645946,-0.00145575802,-0.00108289589,0.0178265783,-0.0015955049,0.00123362262,0.0194785463
17,63,0.984375,0.265625,-0.000306705746,-0.00153247442,0.0150553903,-0.000303058722,0.000835812548,0.0175882489,-0.000310018049,0.00248805885,0.0192707512
17,64,1,0.265625,0,0,0.0147752159,0,0,0.0173841794,0,0,0.0190987023
18,0,0,0.28125,0,0,0.0202203572,0,0,0.0251839742,0,0,0.0278147921
18,1,0.015625,0.28125,-0.00073474131,0.0109738426,0.0197679801,-0.00103201386,0.0143619926,0.0247989883,-0.00133207346,0.0173797752,0.0274661055
18,2,0.03125,0.28125,-0.00272267077,0.0209477492,0.0193641016,-0.0037566906,0.0270157295,0.0244645759,-0.0047697004,0.0322727134,0.027169907
18,3,0.046875,0.28125,-0.00576961618,0.0298941095,0.0190192725,-0.0078512148,0.0380089992,0.0241870294,-0.00984202599,0.0448696744,0.0269276322
18,4,0.0625,0.28125,-0.00970465151,0.0378266297,0.0187322288,-0.0130446952,0.0474725655,0.0239591682,-0.0161728462,0.0554925985,0.026725871
18,5,0.078125,0.28125,-0.0143797726,0.044787753,0.0184913376,-0.0191170712,0.055584034,0.0237631373,-0.0234766025,0.0645155465,0.0265406941
18,6,0.09375,0.28125,-0.0196685772,0.050838206,0.0182853616,-0.0258950264,0.0625393044,0.0235826139,-0.0315474606,0.0723069323,0.0263512404
18,7,0.109375,0.28125,-0.0254643018,0.0560484851,0.0181039742,-0.0332460111,0.0685308298,0.0234033849,-0.0402445368,0.079190478,0.026140036
18,8,0.125,0.28125,-0.0316774917,0.0604920941,0.0179380324,-0.04107124,0.0737319931,0.0232134473,-0.0494757326,0.0854224229,0.0258926472
18,9,0.140625,0.28125,-0.0382335148,0.0642403355,0.0177796881,-0.0492983669,0.0782869356,0.0230028647,-0.0591821187,0.0911822459,0.0255971095
18,10,0.15625,0.28125,-0.0450700739,0.0673584514,0.0176224034,-0.0578744011,0.0823051335,0.0227635324,-0.0693242609,0.0965738341,0.0252433835
18,11,0.171875,0.28125,-0.0521348195,0.0699029232,0.0174609089,-0.0667592923,0.0858599444,0.022488937,-0.0798712969,0.101633862,0.0248229545
18,12,0.1875,0.28125,-0.0593831283,0.0719197647,0.0172911373,-0.0759204694,0.0889902743,0.0221739615,-0.0907930218,0.106344284,0.0243286205
18,13,0.203125,0.28125,-0.0667760843,0.0734436705,0.0171101478,-0.0853284781,0.0917044787,0.0218147544,-0.102054789,0.110646292,0.0237544621
18,14,0.21875,0.28125,-0.0742786854,0.0744979125,0.0169160512,-0.09495373,0.0939856378,0.0214086675,-0.113614745,0.114453814,0.0230959647
18,15,0.234375,0.28125,-0.0818582879,0.0750948824,0.0167079434,-0.104764273,0.0957974452,0.0209542532,-0.125422791,0.117665321,0.0223502468
18,16,0.25,0.28125,-0.0894832982,0.0752371786,0.0164858465,-0.114724425,0.0970900961,0.0204513101,-0.137420691,0.120173462,0.0215163471
18,17,0.265625,0.28125,-0.0971221117,0.0749191179,0.0162506569,-0.124794072,0.0978057426,0.0199009549,-0.149542858,0.121872454,0.0205955226
18,18,0.28125,0.28125,-0.104742291,0.0741285437,0.0160040999,-0.134928451,0.097883258,0.0193057084,-0.16171747,0.122663519,0.01959152
18,19,0.296875,0.28125,-0.112309967,0.0728487982,0.0157486848,-0.145078242,0.0972622078,0.0186695728,-0.173867757,0.122458739,0.0185107858
18,20,0.3125,0.28125,-0.119789429,0.0710607332,0.0154876571,-0.155189844,0.0958860322,0.0179980878,-0.185913347,0.121183722,0.0173625927
18,21,0.328125,0.28125,-0.127142879,0.0687446585,0.0152249444,-0.16520575,0.0937045266,0.0172983532,-0.197771668,0.118779418,0.0161590634
18,22,0.34375,0.28125,-0.134330306,0.0658821526,0.0149650899,-0.175064973,0.0906757342,0.0165790048,-0.209359394,0.115203308,0.0149150797
18,23,0.359375,0.28125,-0.141309455,0.0624576882,0.0147131723,-0.184703482,0.0867673801,0.0158501398,-0.220593933,0.110430122,0.0136480744
18,24,0.375,0.28125,-0.148035844,0.0584600571,0.0144747069,-0.194054672,0.0819579606,0.0151231832,-0.231394903,0.104452157,0.0123777039
18,25,0.390625,0.28125,-0.154462835,0.0538835948,0.0142555272,-0.20304983,0.0762375813,0.0144106954,-0.241685508,0.09727921,0.0111254143
18,26,0.40625,0.28125,-0.160541726,0.0487292255,0.0140616457,-0.211618618,0.0696086129,0.0137261181,-0.25139371,0.0889381337,0.00991391254
18,27,0.421875,0.28125,-0.166221883,0.0430053565,0.0138990926,-0.219689543,0.0620862095,0.0130834638,-0.260453053,0.0794720248,0.00876656823
18,28,0.4375,0.28125,-0.17145091,0.0367286518,0.0137737358,-0.227190403,0.0536987197,0.0124969527,-0.268803032,0.0689391051,0.00770677029
18,29,0.453125,0.28125,-0.17617489,0.0299247127,0.0136910819,-0.234048678,0.0444880101,0.0119806061,-0.276388923,0.0574113898,0.0067572681
18,30,0.46875,0.28125,-0.180338718,0.0226286836,0.0136560632,-0.240191851,0.0345097211,0.0115478052,-0.283161012,0.0449732919,0.00593952195
18,31,0.484375,0.28125,-0.183886553,0.0148857881,0.0136728128,-0.245547637,0.0238334775,0.0112108275,-0.289073273,0.0317203402,0.0052730852
18,32,0.5,0.28125,-0.186762411,0.0067517874,0.0137444378,-0.250044151,0.0125430771,0.0109803743,-0.294081532,0.0177582049,0.00477503199
18,33,0.515625,0.28125,-0.188910932,-0.00170666317,0.0138727954,-0.253610016,0.000736683685,0.0108651031,-0.298141254,0.00320221289,0.00445944014
18,34,0.53125,0.28125,-0.190278333,-0.0104117978,0.0140582832,-0.256174512,-0.0114729604,0.0108711804,-0.30120513,-0.0118225002,0.00433692591
18,35,0.546875,0.28125,-0.190813553,-0.0192747115,0.0142996553,-0.257667833,-0.0239583084,0.0110018676,-0.303220669,-0.0271801101,0.00441422642
18,36,0.5625,0.28125,-0.190469604,-0.0281955778,0.0145938756,-0.258021592,-0.0365768049,0.011257159,-0.30412805,-0.0427224815,0.00469382006
18,37,0.578125,0.28125,-0.189205119,-0.037064176,0.0149360251,-0.257169708,-0.0491707876,0.0116334886,-0.303858556,-0.0582868902,0.00517357991
18,38,0.59375,0.28125,-0.186986075,-0.0457607944,0.0153192744,-0.255049835,-0.061567631,0.0121235273,-0.302333892,-0.0736932916,0.00584646004
18,39,0.609375,0.28125,-0.183787681,-0.0541575734,0.015734937,-0.251605484,-0.0735803294,0.0127160918,-0.299466797,-0.0887414809,0.00670022408
18,40,0.625,0.28125,-0.179596373,-0.0621203498,0.0161726113,-0.246788934,-0.0850087705,0.013396194,-0.295163309,-0.10320864,0.00771724704
18,41,0.640625,0.28125,-0.174411864,-0.0695110494,0.0166204229,-0.240565022,-0.0956419961,0.0141452578,-0.289327056,-0.116847932,0.00887443548
18,42,0.65625,0.28125,-0.168249167,-0.0761906603,0.0170653667,-0.232915744,-0.105261757,0.0149415313,-0.281865869,-0.129388934,0.0101433354
18,43,0.671875,0.28125,-0.161140493,-0.0820227929,0.017493745,-0.223845546,-0.113647641,0.0157607159,-0.272700826,-0.140540815,0.0114905101
18,44,0.6875,0.28125,-0.15313689,-0.0868778003,0.0178916885,-0.213386976,-0.120583974,0.0165768213,-0.261777588,-0.149999119,0.0128782758
18,45,0.703125,0.28125,-0.144309488,-0.0906373869,0.0182457387,-0.201606256,-0.125868522,0.0173632383,-0.249079522,-0.157456886,0.0142658754
18,46,0.71875,0.28125,-0.134750184,-0.0931995833,0.0185434639,-0.188608131,-0.129322822,0.0180939942,-0.234641584,-0.162620442,0.0156111287
18,47,0.734375,0.28125,-0.124571607,-0.0944839053,0.0187740677,-0.174539282,-0.130803681,0.0187451206,-0.21856349,-0.165229585,0.0168725424
18,48,0.75,0.28125,-0.113906194,-0.0944364493,0.0189289524,-0.159589525,-0.130215085,0.0192960372,-0.201020198,-0.165081077,0.0180117662
18,49,0.765625,0.28125,-0.102904253,-0.0930346221,0.0190021881,-0.143990095,-0.127519491,0.0197308197,-0.182267517,-0.162053405,0.0189961851
18,50,0.78125,0.28125,-0.0917309098,-0.0902911529,0.0189908521,-0.128008541,-0.122747304,0.0200392156,-0.162640748,-0.15612991,0.0198013458
18,51,0.796875,0.28125,-0.0805619369,-0.0862570255,0.0188952014,-0.111940079,-0.116003312,0.0202172745,-0.142544892,-0.147416864,0.0204128634
18,52,0.8125,0.28125,-0.0695785475,-0.0810229962,0.0187186608,-0.0960957122,-0.107469048,0.0202674963,-0.122436006,-0.136153112,0.0208274737
18,53,0.828125,0.28125,-0.0589613595,-0.0747194487,0.0184676222,-0.0807878798,-0.0974004477,0.0201984582,-0.102794787,-0.122708746,0.0210529983
18,54,0.84375,0.28125,-0.0488838618,-0.0675144824,0.0181510712,-0.0663148477,-0.0861207329,0.0200239534,-0.0840950074,-0.10757187,0.0211071689
18,55,0.859375,0.28125,-0.0395058087,-0.0596103136,0.0177800759,-0.0529452735,-0.0740091367,0.0197617511,-0.0667706144,-0.0913245999,0.0210154704
18,56,0.875,0.28125,-0.0309670127,-0.0512382643,0.017367184,-0.0409044444,-0.0614866739,0.0194321379,-0.0511858312,-0.074611561,0.0208083534
18,57,0.890625,0.28125,-0.0233819847,-0.042652778,0.0169257879,-0.0303634517,-0.0490006134,0.0190564358,-0.0376121299,-0.0581056579,0.0205182797
18,58,0.90625,0.28125,-0.0168357684,-0.0341249943,0.0164695123,-0.0214321405,-0.0370094583,0.0186556745,-0.0262146221,-0.0424764094,0.0201770644
18,59,0.921875,0.28125,-0.0113811679,-0.0259364165,0.0160116736,-0.0141561015,-0.0259700632,0.0182495538,-0.0170485387,-0.0283653942,0.0198138615
18,60,0.9375,0.28125,-0.00703739067,-0.0183731192,0.0155648436,-0.00851739513,-0.0163280262,0.0178557627,-0.0100645626,-0.016371584,0.0194539585
18,61,0.953125,0.28125,-0.00378996804,-0.0117207792,0.0151405291,-0.00443820724,-0.00851176976,0.0174896416,-0.00512032851,-0.00704693588,0.0191183402
18,62,0.96875,0.28125,-0.00159168927,-0.00626061138,0.014748956,-0.00178633195,-0.00292987475,0.0171641023,-0.00199469097,-0.000900091747,0.0188238112
18,63,0.984375,0.28125,-0.000364213688,-0.0022660746,0.0143927736,-0.000381287672,2.96203813e-05,0.016882069,-0.000401453368,0.00159619403,0.0185750942
18,64,1,0.28125,0,0,0.0140669395,0,0,0.016636485,0,0,0.0183651103
19,0,0,0.296875,0,0,0.0198109085,0,0,0.0247196235,0,0,0.0273040015
19,1,0.015625,0.296875,-0.000765310466,0.0123648879,0.0193408146,-0.00107480219,0.0162821472,0.0243199643,-0.00138616813,0.0198179133,0.026942382
19,2,0.03125,0.296875,-0.00283363381,0.0235189412,0.0189215968,-0.0039084535,0.0304990948,0.0239730688,-0.00495813167,0.0366196467,0.0266350476
19,3,0.046875,0.296875,-0.00600118542,0.0334581028,0.018563924,-0.00816248449,0.0427508118,0.0236846911,-0.0102228735,0.0506904425,0.0263821179
19,4,0.0625,0.296875,-0.0100889776,0.0422199655,0.0182659655,-0.0135535238,0.0532211353,0.0234463416,-0.0167868044,0.0624476234,0.0261680825
19,5,0.078125,0.296875,-0.0149423535,0.0498699666,0.0180149921,-0.0198517462,0.06213792,0.0232384013,-0.0243510379,0.0723527326,0.0259666109
19,6,0.09375,0.296875,-0.0204295314,0.0564901121,0.0177987501,-0.026876398,0.0697420605,0.02304302,-0.0326998282,0.0808483759,0.0257548615
19,7,0.109375,0.296875,-0.0264395088,0.0621699575,0.0176060215,-0.0344894623,0.0762643001,0.0228447193,-0.0416851277,0.0883165506,0.025513761
19,8,0.125,0.296875,-0.0328796025,0.0669995853,0.0174269133,-0.0425883126,0.0819089435,0.0226304663,-0.0512097309,0.0950554585,0.025227556
19,9,0.140625,0.296875,-0.0396728378,0.07106432,0.0172529678,-0.0510980561,0.0868436584,0.0223894833,-0.0612110056,0.101271534,0.0248831434
19,10,0.15625,0.296875,-0.0467553413,0.0744409221,0.017077164,-0.0599641408,0.0911945292,0.0221129624,-0.0716466722,0.107083046,0.0244694541
19,11,0.171875,0.296875,-0.054073841,0.0771950261,0.0168938605,-0.0691456707,0.0950454439,0.0217937876,-0.0824834809,0.112531447,0.0239770195
19,12,0.1875,0.296875,-0.0615833389,0.079379621,0.016698712,-0.0786097237,0.0984408184,0.0214263152,-0.0936890432,0.117596858,0.0233977624
19,13,0.203125,0.296875,-0.0692449925,0.0810344179,0.0164885793,-0.0883268198,0.101390632,0.0210062342,-0.105226597,0.122214661,0.022724996
19,14,0.21875,0.296875,-0.0770242285,0.0821859824,0.016261443,-0.0982675489,0.103876796,0.0205305062,-0.117052178,0.126291047,0.0219535923
19,15,0.234375,0.296875,-0.0848891034,0.0828485254,0.0160163316,-0.108400257,0.105859999,0.0199973792,-0.12911356,0.129716292,0.0210802677
19,16,0.25,0.296875,-0.0928089201,0.0830252418,0.0157532591,-0.118689617,0.107286373,0.0194064529,-0.141350355,0.13237529,0.0201039252
19,17,0.265625,0.296875,-0.100753101,0.0827100715,0.0154731748,-0.12909589,0.108093528,0.0187587784,-0.15369481,0.134155468,0.0190260064
19,18,0.28125,0.296875,-0.108690309,0.0818897423,0.015177922,-0.139574662,0.108215715,0.0180569709,-0.16607298,0.134952486,0.0178508046
19,19,0.296875,0.296875,-0.116587799,0.0805459517,0.0148702004,-0.150076918,0.107588048,0.0173053153,-0.178406105,0.134674231,0.0165857067
19,20,0.3125,0.296875,-0.12441096,0.0786575554,0.0145535257,-0.160549304,0.106149837,0.0165098481,-0.190612141,0.133243581,0.0152413335
19,21,0.328125,0.296875,-0.132123022,0.0762026564,0.0142321849,-0.170934505,0.103847146,0.0156784009,-0.202607404,0.1306003,0.0138315601
19,22,0.34375,0.296875,-0.139684878,0.0731605178,0.0139111786,-0.181171703,0.100634729,0.0148205929,-0.214308323,0.126702301,0.0123734017
19,23,0.359375,0.296875,-0.147054981,0.0695132595,0.013596149,-0.191197074,0.0964775037,0.013947766,-0.225633261,0.121526381,0.0108867608
19,24,0.375,0.296875,-0.154189304,0.0652473277,0.0132932884,-0.200944331,0.0913516532,0.0130728535,-0.236504305,0.115068481,0.0093940394
19,25,0.390625,0.296875,-0.161041321,0.0603547514,0.0130092258,-0.21034529,0.0852454846,0.0122101803,-0.246848902,0.107343427,0.00791962759
19,26,0.40625,0.296875,-0.167562015,0.0548342166,0.0127508888,-0.219330438,0.0781600789,0.0113751944,-0.256601187,0.098384158,0.00648929396
19,27,0.421875,0.296875,-0.17369992,0.0486919997,0.0125253419,-0.227829477,0.0701097796,0.0105841325,-0.265702848,0.0882404569,0.00512950397
19,28,0.4375,0.296875,-0.179401205,0.0419427988,0.0123395996,-0.235771805,0.0611225419,0.00985362673,-0.274103399,0.0769772576,0.00386670576
19,29,0.453125,0.296875,-0.184609838,0.0346104968,0.0122004163,-0.243086875,0.0512401629,0.00920026046,-0.281759776,0.0646726822,0.0027266141
19,30,0.46875,0.296875,-0.189267838,0.0267288784,0.0121140537,-0.249704414,0.0405184209,0.00864008578,-0.288635236,0.0514160044,0.00173352677
19,31,0.484375,0.296875,-0.193315668,0.0183423058,0.0120860304,-0.255554473,0.0290271638,0.00818811385,-0.294697578,0.0373057756,0.000909694583
19,32,0.5,0.296875,-0.19669278,0.00950634228,0.0121208603,-0.260567301,0.0168503978,0.00785779413,-0.299916774,0.0224483612,0.000274761476
19,33,0.515625,0.296875,-0.199338338,0.000288293802,0.0122217859,-0.264673099,0.00408643115,0.00766049423,-0.304262144,0.00695711428,-0.000154724844
19,34,0.53125,0.296875,-0.201192145,-0.00923237157,0.0123905172,-0.267801702,-0.00915187563,0.00760499435,-0.307699231,-0.00904761883,-0.00036573948
19,35,0.546875,0.296875,-0.202195788,-0.0189637834,0.0126269889,-0.269882321,-0.0227367259,0.00769700903,-0.310186593,-0.0254375303,-0.00034916007
19,36,0.5625,0.296875,-0.202294001,-0.0288016717,0.0129291498,-0.270843475,-0.0365248754,0.00793874934,-0.311672745,-0.0420743625,-0.000100121988
19,37,0.578125,0.296875,-0.201436271,-0.0386296844,0.0132928015,-0.270613298,-0.0503570555,0.0083285414,-0.312093554,-0.0588069384,0.000381632813
19,38,0.59375,0.296875,-0.199578661,-0.0483200968,0.0137115036,-0.269120422,-0.0640574616,0.0088605182,-0.3113704,-0.0754673684,0.00109139575
19,39,0.609375,0.296875,-0.196685849,-0.0577349919,0.0141765608,-0.26629564,-0.077433516,0.00952440709,-0.309409543,-0.0918667339,0.00201911822
19,40,0.625,0.296875,-0.192733353,-0.0667279873,0.0146771125,-0.262074541,-0.0902761974,0.0103054445,-0.306103111,-0.107790728,0.00314904316
19,41,0.640625,0.296875,-0.187709878,-0.0751465799,0.0152003328,-0.256401258,-0.102361305,0.0111844487,-0.301332234,-0.122995932,0.00445938021
19,42,0.65625,0.296875,-0.181619727,-0.0828351622,0.015731753,-0.249233384,-0.113452073,0.0121380934,-0.294972775,-0.137207622,0.00592209666
19,43,0.671875,0.296875,-0.174485159,-0.0896387428,0.0162557062,-0.240548005,-0.123303562,0.0131394199,-0.286904057,-0.150120196,0.00750292529
19,44,0.6875,0.296875,-0.16634856,-0.0954073677,0.0167558863,-0.23034858,-0.131669195,0.0141586223,-0.277020723,-0.161401422,0.00916171594
19,45,0.703125,0.296875,-0.157274278,-0.100001194,0.017216003,-0.218672252,-0.138309662,0.0151641212,-0.265247534,-0.170701674,0.010853264
19,46,0.71875,0.296875,-0.147349918,-0.103296107,0.017620502,-0.205596908,-0.143004184,0.0161239175,-0.251556332,-0.177669062,0.0125287367
19,47,0.734375,0.296875,-0.136686908,-0.105189706,0.0179553125,-0.191247115,-0.145563789,0.0170071778,-0.235983755,-0.181970769,0.0141377641
19,48,0.75,0.296875,-0.125420123,-0.105607393,0.0182085713,-0.175797958,-0.145845861,0.0177859566,-0.218647581,-0.183319973,0.0156311643
19,49,0.765625,0.296875,-0.113706382,-0.104508244,0.0183712691,-0.159475747,-0.14376882,0.018436914,-0.199758979,-0.181506545,0.0169641362
19,50,0.78125,0.296875,-0.101721661,-0.101890237,0.0184377647,-0.142554769,-0.139325446,0.0189428527,-0.179627743,-0.176428373,0.0180996076
19,51,0.796875,0.296875,-0.0896569538,-0.0977943893,0.01840612,-0.125349573,-0.132593204,0.0192938849,-0.158657867,-0.168119073,0.0190112943
19,52,0.8125,0.296875,-0.0777127938,-0.0923073517,0.018278218,-0.108202826,-0.123740022,0.019488058,-0.137331889,-0.156767352,0.0196859658
19,53,0.828125,0.296875,-0.0660926301,-0.0855620764,0.018059647,-0.0914694091,-0.113024342,0.0195313274,-0.116184106,-0.142723746,0.0201244706
19,54,0.84375,0.296875,-0.0549953694,-0.0777363163,0.0177593588,-0.0754980322,-0.100788975,0.0194368537,-0.0957648985,-0.126492111,0.0203412518
19,55,0.859375,0.296875,-0.044607575,-0.0690489494,0.0173891271,-0.0606121271,-0.0874491277,0.019223702,-0.0766003861,-0.108705815,0.0203623648
19,56,0.875,0.296875,-0.035095895,-0.0597543709,0.0169628593,-0.0470919894,-0.0734758719,0.01891512,-0.0591529338,-0.090091639,0.0202223147
19,57,0.890625,0.296875,-0.0266003156,-0.0501354472,0.0164958287,-0.0351599832,-0.0593770363,0.0185366335,-0.0437880922,-0.0714269779,0.0199602719
19,58,0.90625,0.296875,-0.01922874,-0.0404956972,0.0160038983,-0.0249701595,-0.0456778795,0.0181142115,-0.0307523027,-0.0534973766,0.0196163228
19,59,0.921875,0.296875,-0.0130532222,-0.0311514169,0.0155028037,-0.0166029275,-0.0329038248,0.0176727152,-0.0201633972,-0.0370611175,0.0192283317
19,60,0.9375,0.296875,-0.00810795451,-0.0224243874,0.0150075447,-0.0100646289,-0.021567028,0.0172347667,-0.0120132569,-0.0228256668,0.0188297803
19,61,0.953125,0.296875,-0.00438888311,-0.0146356218,0.0145319136,-0.00529114958,-0.012157672,0.0168200707,-0.00617971497,-0.0114377293,0.0184486667
19,62,0.96875,0.296875,-0.00185464191,-0.00810034899,0.0140881597,-0.00215421066,-0.00513981547,0.0164451223,-0.00244342821,-0.00348525252,0.0181072896
19,63,0.984375,0.296875,-0.000428378599,-0.00312416368,0.0136803211,-0.000468764753,-0.000950519398,0.0161150352,-0.000505203289,0.000493367885,0.0178135731
19,64,1,0.296875,0,0,0.0133040414,0,0,0.0158235258,0,0,0.0175614472
20,0,0,0.3125,0,0,0.0193129019,0,0,0.0241579142,0,0,0.0266862697
20,1,0.015625,0.3125,-0.000791262527,0.0138074764,0.0188277356,-0.00110814547,0.0182704461,0.0237466915,-0.00142470947,0.0223379069,0.026315118
20,2,0.03125,0.3125,-0.00292808906,0.0261836242,0.0183953927,-0.00402756949,0.0341034118,0.0233896891,-0.0050944541,0.0411094188,0.0259990054
20,3,0.046875,0.3125,-0.00619881246,0.0371494533,0.0180265136,-0.00840837781,0.0476540695,0.0230919065,-0.0105018424,0.0566983471,0.0257364752
20,4,0.0625,0.3125,-0.0104178371,0.0467677978,0.0177186454,-0.0139579419,0.0591618272,0.0228434868,-0.0172412511,0.0696207629,0.0255098786
20,5,0.078125,0.3125,-0.0154250292,0.0551283069,0.0174579991,-0.0204389542,0.0689069082,0.022623132,-0.0250037229,0.0804285703,0.0252906371
20,6,0.09375,0.3125,-0.0210841479,0.0623353614,0.017231338,-0.0276647117,0.0771770205,0.022411535,-0.0335652693,0.0896410221,0.0250540446
20,7,0.109375,0.3125,-0.0272806506,0.0684985561,0.0170265835,-0.0354925978,0.0842427445,0.0221920045,-0.0427712652,0.0977003807,0.0247795031
20,8,0.125,0.3125,-0.0339191424,0.0737254231,0.0168331181,-0.0438165602,0.0903405869,0.0219505099,-0.0525193262,0.104948301,0.0244499751
20,9,0.140625,0.3125,-0.0409206782,0.0781160743,0.0166418925,-0.0525592678,0.0956627638,0.0216754415,-0.0627427045,0.111619187,0.0240512202
20,10,0.15625,0.3125,-0.0482200713,0.0817594546,0.0164454149,-0.0616645269,0.100352748,0.0213572808,-0.0733957337,0.117846309,0.0235711185
20,11,0.171875,0.3125,-0.0557633117,0.0847309208,0.0162376767,-0.0710904124,0.104505527,0.0209882852,-0.0844422247,0.123676233,0.0229992161
20,12,0.1875,0.3125,-0.0635051592,0.0870909161,0.0160140529,-0.0808034229,0.108171423,0.0205622491,-0.0958470955,0.1290874,0.0223265294
20,13,0.203125,0.3125,-0.0714069472,0.08888456,0.0157711973,-0.0907738149,0.111362304,0.0200743584,-0.107571006,0.134009427,0.0215455861
20,14,0.21875,0.3125,-0.0794346224,0.0901420234,0.0155069476,-0.100972125,0.114059075,0.0195211405,-0.119567451,0.138340777,0.0206506511
20,15,0.234375,0.3125,-0.087557035,0.090879574,0.0152202464,-0.111366777,0.116219514,0.0189004959,-0.13178166,0.141963498,0.0196380764
20,16,0.25,0.3125,-0.095744492,0.0911011759,0.0149110783,-0.121922589,0.117785729,0.0182117904,-0.144150683,0.144754713,0.0185067072
20,17,0.265625,0.3125,-0.103967574,0.0908005067,0.0145804231,-0.132599988,0.118690787,0.0174559857,-0.15660422,0.146595079,0.0172582903
20,18,0.28125,0.3125,-0.112196205,0.0899632416,0.0142302195,-0.143354716,0.118864287,0.0166357833,-0.169065875,0.147374813,0.0158978312
20,19,0.296875,0.3125,-0.120398957,0.0885694491,0.0138633365,-0.154137886,0.11823685,0.015755762,-0.181454699,0.1469979,0.014433864
20,20,0.3125,0.3125,-0.128542547,0.0865959569,0.0134835438,-0.16489625,0.116743619,0.0148224874,-0.193686952,0.145385021,0.0128785989
20,21,0.328125,0.3125,-0.136591495,0.0840185763,0.0130954781,-0.175572617,0.114326925,0.0138445778,-0.205678055,0.142475601,0.0112479265
20,22,0.34375,0.3125,-0.144507885,0.080814111,0.012704597,-0.186106371,0.110938303,0.0128327142,-0.217344693,0.138229166,0.00956126272
20,23,0.359375,0.3125,-0.152251205,0.0769621148,0.0123171183,-0.196434074,0.106540009,0.0117995823,-0.228606978,0.132626104,0.00784123166
20,24,0.375,0.3125,-0.159778226,0.0724463976,0.0119399389,-0.206490121,0.101106177,0.0107597412,-0.239390539,0.125667797,0.00611319348
20,25,0.390625,0.3125,-0.167042905,0.0672563058,0.0115805287,-0.216207441,0.0946236878,0.00972941127,-0.249628377,0.117376092,0.00440463543
20,26,0.40625,0.3125,-0.173996308,0.0613878241,0.0112467983,-0.225518184,0.0870928002,0.00872618595,-0.259262291,0.10779208,0.00274446029
20,27,0.421875,0.3125,-0.180586564,0.0548445466,0.0109469388,-0.234354362,0.0785275771,0.00776866882,-0.268243716,0.0969742368,0.0011622108
20,28,0.4375,0.3125,-0.186758868,0.0476385698,0.0106892315,-0.242648364,0.0689561172,0.00687604497,-0.276533844,0.084996033,-0.000312723339
20,29,0.453125,0.3125,-0.192455561,0.0397913452,0.0104818271,-0.250333302,0.0584206192,0.00606759687,-0.284102971,0.0719432273,-0.00165187639
20,30,0.46875,0.3125,-0.197616314,0.0313345141,0.0103324967,-0.257343115,0.0469773193,0.00536217981,-0.290929048,0.057911094,-0.00282841419
20,31,0.484375,0.3125,-0.202178445,0.0223107306,0.0102483549,-0.263612424,0.0346963645,0.00477767,-0.296995501,0.0430018784,-0.00381775707
20,32,0.5,0.3125,-0.206077396,0.0127744571,0.0102355631,-0.26907611,0.0216617029,0.00433040136,-0.302288403,0.0273227714,-0.00459810362
20,33,0.515625,0.3125,-0.209247396,0.00279270168,0.0102990167,-0.273668664,0.00797108432,0.00403460298,-0.306793141,0.01098467,-0.00515085967
20,34,0.53125,0.3125,-0.211622321,-0.00755434835,0.0104420293,-0.277323381,-0.00626373792,0.00390184925,-0.310490722,-0.0058980519,-0.00546098931
20,35,0.546875,0.3125,-0.213136788,-0.0181728559,0.0106660252,-0.279971513,-0.020916535,0.00394053252,-0.313353905,-0.023206596,-0.00551731375
20,36,0.5625,0.3125,-0.213727489,-0.0289550942,0.0109702559,-0.281541547,-0.0358458282,0.00415536603,-0.315343359,-0.0408155206,-0.00531279439
20,37,0.578125,0.3125,-0.213334782,-0.039779516,0.0113515599,-0.281958808,-0.0508938413,0.00454692783,-0.316404109,-0.0585892355,-0.00484483427
20,38,0.59375,0.3125,-0.211904562,-0.0505112162,0.0118041863,-0.281145627,-0.0658852893,0.00511125817,-0.316462554,-0.0763773023,-0.00411562978
20,39,0.609375,0.3125,-0.209390397,-0.0610028815,0.0123197013,-0.279022338,-0.0806262098,0.00583952751,-0.315424478,-0.0940087699,-0.00313259585
20,40,0.625,0.3125,-0.205755933,-0.0710963214,0.0128870039,-0.275509361,-0.0949031526,0.00671780566,-0.313174515,-0.111285949,-0.00190886242
20,41,0.640625,0.3125,-0.200977522,-0.0806246752,0.013492465,-0.270530617,-0.108483153,0.00772696623,-0.309577655,-0.127978268,-0.000463820346
20,42,0.65625,0.3125,-0.195047006,-0.0894153794,0.0141202093,-0.264018444,-0.121115009,0.00884277691,-0.304483443,-0.143817111,0.00117634708
20,43,0.671875,0.3125,-0.187974565,-0.0972939602,0.0147525471,-0.255920063,-0.132532446,0.0100362321,-0.297733496,-0.158492867,0.00297825052
20,44,0.6875,0.3125,-0.179791481,-0.104088681,0.0153705562,-0.246205469,-0.142459727,0.0112741862,-0.289172868,-0.171655641,0.00490114986
20,45,0.703125,0.3125,-0.170552637,-0.109636029,0.0159548006,-0.23487638,-0.150620194,0.0125203382,-0.27866545,-0.182921277,0.00689726318
20,46,0.71875,0.3125,-0.160338546,-0.113786953,0.016486157,-0.221975591,-0.156747959,0.0137365929,-0.266113076,-0.191884221,0.00891272883
20,47,0.734375,0.3125,-0.149256655,-0.1164137,0.0169467113,-0.207595788,-0.160602631,0.0148847887,-0.251477236,-0.198138336,0.0108893999
20,48,0.75,0.3125,-0.137441682,-0.117416975,0.0173206686,-0.191886617,-0.161986453,0.0159287206,-0.234801345,-0.201305854,0.0127675614
20,49,0.765625,0.3125,-0.12505472,-0.116733083,0.0175952092,-0.175058678,-0.160762679,0.0168363204,-0.216230576,-0.201073243,0.0144895147
20,50,0.78125,0.3125,-0.112280901,-0.114340581,0.0177612243,-0.15738315,-0.156873478,0.0175817917,-0.196025513,-0.197231022,0.0160037692
20,51,0.796875,0.3125,-0.0993254634,-0.110265893,0.0178138607,-0.139186068,-0.150355256,0.0181474526,-0.17456575,-0.189712717,0.0172693621
20,52,0.8125,0.3125,-0.0864081636,-0.10458732,0.017752821,-0.120836845,-0.141349212,0.0185250255,-0.152340279,-0.178626872,0.018259649
20,53,0.828125,0.3125,-0.073756162,-0.0974368731,0.017582379,-0.102731423,-0.130105241,0.0187161621,-0.129923219,-0.164275737,0.0189648593
20,54,0.84375,0.3125,-0.0615956662,-0.0889995375,0.0173111041,-0.0852712742,-0.116978015,0.0187320838,-0.10793607,-0.14715559,0.0193928409
20,55,0.859375,0.3125,-0.050142853,-0.079509788,0.0169513111,-0.0688403036,-0.10241518,0.0185923538,-0.0870005728,-0.127936565,0.0195677276
20,56,0.875,0.3125,-0.0395947406,-0.0692455237,0.0165182882,-0.0537821137,-0.0869388179,0.0183229434,-0.067688667,-0.107423855,0.019526702
20,57,0.890625,0.3125,-0.03012077,-0.058519933,0.01602938,-0.0403801611,-0.0711224433,0.0179538705,-0.0504770796,-0.086506289,0.0193154406
20,58,0.90625,0.3125,-0.0218557961,-0.0476720877,0.0155030135,-0.0288428657,-0.055566514,0.0175167492,-0.0357132646,-0.0661011044,0.0189830993
20,59,0.921875,0.3125,-0.0148950027,-0.0370572019,0.0149577599,-0.0192948952,-0.0408755938,0.0170425725,-0.0235968521,-0.04710444,0.018577724
20,60,0.9375,0.3125,-0.00929097441,-0.0270374583,0.0144115031,-0.0117747995,-0.0276398042,0.0165599653,-0.014177254,-0.0303552662,0.0181427494
20,61,0.953125,0.3125,-0.00505284641,-0.0179740918,0.013880769,-0.00623816264,-0.016422188,0.0160940181,-0.00736467683,-0.0166167645,0.0177148972
20,62,0.96875,0.3125,-0.00214719234,-0.0102211159,0.0133802266,-0.00256466671,-0.00775225959,0.0156656733,-0.00294943841,-0.00657460343,0.0173233823
20,63,0.984375,0.3125,-0.000500124526,-0.00412071651,0.0129156452,-0.000567059475,-0.00212459028,0.0152828938,-0.000623660196,-0.00084723418,0.0169803768
20,64,1,0.3125,0,0,0.0124836184,0,0,0.0149405896,0,0,0.0166814545
21,0,0,0.328125,0,0,0.0187224968,0,0,0.0234950605,0,0,0.025958053
21,1,0.015625,0.328125,-0.000812171077,0.0152929769,0.0182251142,-0.00113107841,0.0203097167,0.0230756573,-0.00144617549,0.0249123674,0.0255810552
21,2,0.03125,0.328125,-0.00300457512,0.0289264912,0.0177820238,-0.00411084418,0.0377993271,0.0227111172,-0.00517379749,0.0456967796,0.0252587117
21,3,0.046875,0.328125,-0.00635957448,0.0409478508,0.0174036817,-0.00858269898,0.0526811842,0.0224054662,-0.0106697637,0.0628372395,0.0249877401
21,4,0.0625,0.328125,-0.0106865462,0.0514461822,0.0170869642,-0.0142483103,0.0652517117,0.0221474388,-0.0175223237,0.0769495039,0.0247483505
21,5,0.078125,0.328125,-0.0158211372,0.0605362774,0.016817071,-0.0208653663,0.0758446899,0.0219141737,-0.0254160028,0.0886767509,0.0245099178
21,6,0.09375,0.328125,-0.0216236139,0.0683457335,0.0165798289,-0.0282427953,0.084795704,0.0216850015,-0.0341203503,0.0986159183,0.0242460241
21,7,0.109375,0.328125,-0.0279766134,0.075004952,0.0163623366,-0.0362342669,0.0924161486,0.0214420868,-0.0434747467,0.107270608,0.0239346467
21,8,0.125,0.328125,-0.0347825469,0.080639613,0.0161532825,-0.0447306874,0.0989756135,0.0211704433,-0.0533714972,0.115026898,0.0235575191
21,9,0.140625,0.328125,-0.0419608584,0.0853652488,0.0159430476,-0.0536523361,0.104691625,0.0208576486,-0.063739251,0.122147942,0.023099284
21,10,0.15625,0.328125,-0.0494452882,0.0892835555,0.0157236813,-0.062941222,0.109725674,0.02049347,-0.074528346,0.128782566,0.0225467682
21,11,0.171875,0.328125,-0.057181243,0.092480114,0.0154888114,-0.0725541268,0.11418434,0.0200695186,-0.0856990565,0.134982809,0.0218885205
21,12,0.1875,0.328125,-0.0651233375,0.0950232566,0.0152335282,-0.0824566618,0.118124221,0.0195789949,-0.0972130749,0.140725639,0.0211146444
21,13,0.203125,0.328125,-0.073233145,0.0969638811,0.0149542668,-0.0926185053,0.121559335,0.0190165436,-0.109028024,0.145935016,0.0202168925
21,14,0.21875,0.328125,-0.0814771816,0.0983360702,0.0146487025,-0.103009837,0.124469759,0.0183782173,-0.12109446,0.150501701,0.0191889609
21,15,0.234375,0.328125,-0.0898251443,0.099158395,0.0143156683,-0.113598869,0.126810464,0.0176615329,-0.133354717,0.154299524,0.0180269122
21,16,0.25,0.328125,-0.0982484121,0.0994357805,0.0139550916,-0.124350294,0.128519584,0.0168655951,-0.145742989,0.157197851,0.0167296518
21,17,0.265625,0.328125,-0.106718817,0.0991617842,0.0135679524,-0.135224448,0.129525655,0.015991262,-0.158186202,0.15907066,0.0152993948
21,18,0.28125,0.328125,-0.115207668,0.0983211253,0.0131562543,-0.146176999,0.129753613,0.0150413245,-0.170605405,0.159802965,0.013742067
21,19,0.296875,0.328125,-0.123685017,0.0968922942,0.0127230072,-0.157158989,0.129129583,0.0140206786,-0.182917515,0.159295308,0.0120675955
21,20,0.3125,0.328125,-0.132119105,0.0948500938,0.01227221,-0.168117139,0.127584568,0.0129364631,-0.195037366,0.157466937,0.0102900527
21,21,0.328125,0.328125,-0.140475974,0.0921679939,0.0118088303,-0.178994331,0.125057267,0.0117981503,-0.206880002,0.154258042,0.00842762757
21,22,0.34375,0.328125,-0.148719174,0.0888202275,0.011338774,-0.189730226,0.121496186,0.0106175694,-0.218363127,0.149631223,0.00650240881
21,23,0.359375,0.328125,-0.156809529,0.0847836008,0.0108688378,-0.200261996,0.116861253,0.00940885426,-0.229409591,0.143572226,0.00453997926
21,24,0.375,0.328125,-0.164704954,0.0800390283,0.010406642,-0.210525141,0.11112502,0.00818830406,-0.239949732,0.13608988,0.00256883447
21,25,0.390625,0.328125,-0.172360272,0.0745728337,0.00996053507,-0.220454337,0.104273548,0.00697415513,-0.249923365,0.127215179,0.000619654141
21,26,0.40625,0.328125,-0.179727063,0.0683778756,0.00953947077,-0.229984267,0.096307,0.00578626457,-0.259281231,0.116999497,-0.00127552814
21,27,0.421875,0.328125,-0.18675354,0.0614545595,0.00915285243,-0.239050367,0.0872399595,0.00464571193,-0.267985732,0.10551201,-0.00308420594
21,28,0.4375,0.328125,-0.193384475,0.0538117956,0.00881034176,-0.247589389,0.0771014812,0.0035743293,-0.276010853,0.0928365129,-0.00477427537
21,29,0.453125,0.328125,-0.199561208,0.0454679424,0.008521631,-0.255539725,0.0659349134,0.00259417461,-0.283341228,0.0790678866,-0.00631485374
21,30,0.46875,0.328125,-0.205221757,0.0364517619,0.00829617732,-0.262841409,0.0537975437,0.00172696429,-0.289970374,0.0643085345,-0.00767699986
21,31,0.484375,0.328125,-0.210301055,0.0268033881,0.00814290182,-0.269435766,0.0407601592,0.000993483229,-0.295898166,0.0486651306,-0.00883431033
21,32,0.5,0.328125,-0.214731345,0.0165752934,0.00806985676,-0.275264702,0.0269066376,0.000412987501,-0.301127666,0.0322460013,-0.00976338182
21,33,0.515625,0.328125,-0.218442746,0.0058332183,0.00808386668,-0.28026965,0.0123337017,2.61213948e-06,-0.305661423,0.0151594332,-0.0104441511
21,34,0.53125,0.328125,-0.221364016,-0.00534297923,0.00819015466,-0.284390267,-0.00284902695,-0.000223205142,-0.309497404,-0.00248685544,-0.0108601352
21,35,0.546875,0.328125,-0.223423534,-0.0168586151,0.00839196606,-0.287562981,-0.01851856,-0.000253280239,-0.312624661,-0.0205848931,-0.0109986115
21,36,0.5625,0.328125,-0.224550536,-0.0286036774,0.00869020588,-0.289719565,-0.0345375805,-8.02155459e-05,-0.315018924,-0.0390241584,-0.0108507849
21,37,0.578125,0.328125,-0.224676629,-0.0404526113,0.00908311124,-0.290785961,-0.0507529752,0.00029909331,-0.316638279,-0.0576877442,-0.0104119887
21,38,0.59375,0.328125,-0.223737622,-0.0522644825,0.00956598014,-0.290681599,-0.0669939311,0.000882980714,-0.317419189,-0.0764469993,-0.00968197291
21,39,0.609375,0.328125,-0.221675688,-0.0638836209,0.0101309823,-0.289319533,-0.0830697821,0.00166457489,-0.317273183,-0.0951547728,-0.00866531564
21,40,0.625,0.328125,-0.218441882,-0.0751408622,0.0107670796,-0.28660772,-0.0987679186,0.00263142483,-0.31608469,-0.113637551,-0.00737198463
21,41,0.640625,0.328125,-0.213998991,-0.0858555069,0.0114600819,-0.282451767,-0.113852222,0.00376522399,-0.313710616,-0.131687004,-0.00581804585
21,42,0.65625,0.328125,-0.208324679,-0.0958381185,0.0121928619,-0.276759456,-0.128062627,0.00504168471,-0.309982431,-0.149051781,-0.00402647947
21,43,0.671875,0.328125,-0.201414829,-0.104894268,0.012945749,-0.269447236,-0.141116537,0.00643063205,-0.304711637,-0.165430771,-0.00202801303
21,44,0.6875,0.328125,-0.193286941,-0.112829296,0.0136971082,-0.260448729,-0.152712878,0.00789639969,-0.297699495,-0.180469467,0.000138178531
21,45,0.703125,0.328125,-0.183983392,-0.11945413,0.0144241052,-0.24972502,-0.16253954,0.00939861592,-0.288751681,-0.193761465,0.00242412471
21,46,0.71875,0.328125,-0.173574322,-0.124592089,0.0151036317,-0.237276188,-0.170284776,0.0108934511,-0.277698138,-0.204857277,0.00477333083
21,47,0.734375,0.328125,-0.162159836,-0.128086569,0.0157133553,-0.223153133,-0.175652763,0.0123353676,-0.264417579,-0.2132825,0.00712196083
21,48,0.75,0.328125,-0.149871233,-0.129809328,0.0162328331,-0.207468353,-0.178382971,0.0136793483,-0.248865007,-0.218566632,0.00940117881
21,49,0.765625,0.328125,-0.136870934,-0.129669025,0.0166446141,-0.190404045,-0.178272287,0.0148834967,-0.231099296,-0.220282377,0.0115407653
21,50,0.78125,0.328125,-0.123350802,-0.127619494,0.0169352437,-0.172215733,-0.175198056,0.0159118032,-0.211306598,-0.218093199,0.0134738941
21,51,0.796875,0.328125,-0.109528627,-0.123667127,0.0170960781,-0.153229855,-0.169139509,0.0167367798,-0.189814487,-0.211804307,0.0151426443
21,52,0.8125,0.328125,-0.0956426292,-0.117876653,0.017123829,-0.133834247,-0.160194666,0.017341614,-0.167091859,-0.201409884,0.016503509
21,53,0.828125,0.328125,-0.0819440082,-0.110374574,0.0170207721,-0.114461387,-0.148589913,0.0177214961,-0.143731016,-0.187127956,0.0175319369
21,54,0.84375,0.328125,-0.0686877679,-0.101349625,0.0167945883,-0.0955653673,-0.134680094,0.0178838629,-0.120411193,-0.169414757,0.0182249465
21,55,0.859375,0.328125,-0.0561223345,-0.0910498751,0.01645784,-0.0775947615,-0.118938288,0.0178474586,-0.0978466178,-0.148953218,0.0186011216
21,56,0.875,0.328125,-0.0444787124,-0.0797764539,0.0160271287,-0.0609643515,-0.101936014,0.0176403153,-0.0767259875,-0.126615132,0.0186978367
21,57,0.890625,0.328125,-0.0339601058,-0.0678743918,0.015522016,-0.0460290852,-0.0843162844,0.01729695,-0.0576528153,-0.10340238,0.0185661935
21,58,0.90625,0.328125,-0.0247329464,-0.0557214645,0.0149638185,-0.0330632689,-0.0667631454,0.0168552052,-0.0410962852,-0.0803776042,0.0182646841
21,59,0.921875,0.328125,-0.0169200953,-0.0437162385,0.0143743944,-0.022247081,-0.049971891,0.0163531931,-0.0273598478,-0.0585971281,0.0178528231
21,60,0.9375,0.328125,-0.0105966539,-0.0322665438,0.0137750308,-0.0136611603,-0.0346237605,0.0158267283,-0.0165704649,-0.039057842,0.0173858495
21,61,0.953125,0.328125,-0.00578841863,-0.0217794039,0.0131855089,-0.00728862671,-0.0213678048,0.0153074762,-0.00868660838,-0.0226655449,0.0169111633
21,62,0.96875,0.328125,-0.0024726291,-0.0126530709,0.0126233863,-0.00302274055,-0.0108109186,0.0148218606,-0.00351933763,-0.0102262692,0.0164666036
21,63,0.984375,0.328125,-0.000580390224,-0.00527135602,0.0120965888,-0.000677711825,-0.00351518611,0.0143815231,-0.000758958981,-0.00245607053,0.0160699172
21,64,1,0.328125,0,0,0.0116030027,0,0,0.0139831339,0,0,0.0157191813
22,0,0,0.34375,0,0,0.0180366516,0,0,0.022728656,0,0,0.0251177719
22,1,0.015625,0.34375,-0.000827645312,0.0168120515,0.0175301034,-0.00114277936,0.0223812903,0.0223046904,-0.00144937931,0.0275117044,0.0247388474
22,2,0.03125,0.34375,-0.00306175131,0.0317310276,0.0170787922,-0.00415554559,0.0415550324,0.0219353539,-0.00519231902,0.050333007,0.0244129897
22,3,0.046875,0.34375,-0.00648078588,0.0448314244,0.0166928307,-0.00868012487,0.0577915356,0.0216234815,-0.0107193375,0.0690468733,0.0241348577
22,4,0.0625,0.34375,-0.0108907926,0.0562293605,0.0163683798,-0.0144163101,0.0714444946,0.0213563755,-0.0176189108,0.084367002,0.0238825525
22,5,0.078125,0.34375,-0.0161245272,0.0660653746,0.0160896917,-0.0211194305,0.0829013932,0.0211097555,-0.0255728601,0.0970265969,0.023623647
22,6,0.09375,0.34375,-0.0220397687,0.0744908376,0.0158417124,-0.0285957072,0.0925459211,0.0208617056,-0.0343461702,0.107699766,0.0233301952
22,7,0.109375,0.34375,-0.0285170663,0.0816574891,0.0156107656,-0.0366959998,0.100730637,0.0205933315,-0.0437728328,0.116951528,0.0229788763
22,8,0.125,0.34375,-0.0354571505,0.0877096681,0.015384881,-0.0453085322,0.107758656,0.0202887456,-0.0537396847,0.125212805,0.0225502718
22,9,0.140625,0.34375,-0.0427781963,0.0927788156,0.0151538939,-0.0543511918,0.113873298,0.0199347402,-0.0641702439,0.132776036,0.0220279489
22,10,0.15625,0.34375,-0.0504130839,0.0969798391,0.0149094085,-0.0637639702,0.119254539,0.019520373,-0.0750102137,0.139806115,0.0213977016
22,11,0.171875,0.34375,-0.0583067572,0.10040897,0.0146446912,-0.0735020241,0.124020967,0.0190365958,-0.0862157258,0.146360962,0.020647096
22,12,0.1875,0.34375,-0.0664137441,0.103142818,0.0143545405,-0.0835297039,0.128235802,0.0184759908,-0.0977447372,0.152416367,0.0197653453
22,13,0.203125,0.34375,-0.0746958793,0.105238404,0.0140351566,-0.0938157345,0.131915479,0.0178326305,-0.109551431,0.157890813,0.0187434705
22,14,0.21875,0.34375,-0.0831202555,0.106734023,0.0136840296,-0.104329583,0.135039438,0.0171020626,-0.121583123,0.16266747,0.0175746737
22,15,0.234375,0.34375,-0.0916574245,0.107650805,0.0132998532,-0.115038921,0.13755997,0.0162813949,-0.133779044,0.166612027,0.0162548429
22,16,0.25,0.34375,-0.100279863,0.107994848,0.0128824641,-0.125908013,0.139411308,0.015369456,-0.146070422,0.169586197,0.0147831018
22,17,0.265625,0.34375,-0.108960703,0.107759763,0.0124328056,-0.13689684,0.140517492,0.0143669999,-0.158381435,0.171457495,0.0131623371
22,18,0.28125,0.34375,-0.117672726,0.106929442,0.0119529091,-0.147960761,0.140798827,0.0132769257,-0.170630756,0.172106126,0.0113996386
22,19,0.296875,0.34375,-0.126387578,0.105480886,0.0114458887,-0.159050578,0.14017699,0.0121044839,-0.182733546,0.171429861,0.00950660151
22,20,0.3125,0.34375,-0.135075188,0.103386915,0.0109159396,-0.170112885,0.138578961,0.0108574469,-0.194603815,0.169347509,0.00749945088
22,21,0.328125,0.34375,-0.143703316,0.100618645,0.0103683344,-0.181090643,0.135940011,0.00954622001,-0.206157044,0.165801362,0.00539896041
22,22,0.34375,0.34375,-0.152237211,0.0971476658,0.0098094089,-0.191923929,0.132205968,0.00818387671,-0.217312965,0.160758755,0.00323014895
22,23,0.359375,0.34375,-0.160639318,0.0929478954,0.00924653359,-0.202550828,0.127334925,0.00678610508,-0.227998301,0.154212709,0.00102176083
22,24,0.375,0.34375,-0.168869019,0.0879971402,0.00868806133,-0.212908412,0.121298518,0.00537105549,-0.238149275,0.146181571,-0.00119444872
22,25,0.390625,0.34375,-0.176882391,0.0822784147,0.00814324769,-0.22293377,0.114082814,0.00395908569,-0.247713644,0.136707591,-0.00338458246
22,26,0.40625,0.34375,-0.184631984,0.0757810917,0.00762213987,-0.23256498,0.10568883,0.00257240844,-0.256652069,0.125854447,-0.005513564
22,27,0.421875,0.34375,-0.192066634,0.0685019584,0.00713542892,-0.241741959,0.096132699,0.00123464925,-0.264938679,0.113703859,-0.00754613109
22,28,0.4375,0.34375,-0.199131328,0.0604462385,0.00669426057,-0.250407079,0.0854454754,-2.96711122e-05,-0.272560736,0.100351529,-0.00944779037
22,29,0.453125,0.34375,-0.205767151,0.0516286273,0.00631000212,-0.258505465,0.0736726387,-0.00119571047,-0.279517419,0.0859027483,-0.0111856763
22,30,0.46875,0.34375,-0.211911323,0.0420743604,0.00599396313,-0.265984901,0.0608733602,-0.00223891484,-0.28581777,0.0704680323,-0.0127292684
22,31,0.484375,0.34375,-0.217497357,0.0318203184,0.00575707106,-0.272795294,0.0471196573,-0.00313564247,-0.291477905,0.0541591699,-0.0140509408
22,32,0.5,0.34375,-0.222455356,0.0209161485,0.00560950455,-0.278887685,0.0324955866,-0.00386378572,-0.296517623,0.0370860284,-0.0151263417
22,33,0.515625,0.34375,-0.226712449,0.0094253729,0.00556028715,-0.284212832,0.0170966498,-0.00440337863,-0.300956525,0.0193544085,-0.0159346183
22,34,0.53125,0.34375,-0.230193415,-0.0025735606,0.0056168569,-0.288719427,0.00102959305,-0.00473717986,-0.304809758,0.00106518601,-0.0164585213
22,35,0.546875,0.34375,-0.232821497,-0.0149863361,0.00578461917,-0.29235207,-0.0155872366,-0.00485123309,-0.308083481,-0.0176850758,-0.0166844344
22,36,0.5625,0.34375,-0.234519469,-0.0277019986,0.00606650232,-0.295049145,-0.0326228476,-0.004735407,-0.310770151,-0.0368019024,-0.0166023895
22,37,0.578125,0.34375,-0.235210979,-0.0405924292,0.00646253551,-0.296740833,-0.049931808,-0.00438392237,-0.312843711,-0.056188971,-0.0162061262
22,38,0.59375,0.34375,-0.234822251,-0.0535121571,0.00696947488,-0.297347515,-0.0673517177,-0.00379587109,-0.314254852,-0.075742399,-0.0154932594
22,39,0.609375,0.34375,-0.233284171,-0.0662986222,0.00758050316,-0.296778903,-0.0847000888,-0.00297572925,-0.314926582,-0.0953432682,-0.0144656144
22,40,0.625,0.34375,-0.230534821,-0.0787730191,0.00828503724,-0.294934281,-0.101770919,-0.00193385205,-0.314750492,-0.114848516,-0.0131297734
22,41,0.640625,0.34375,-0.226522479,-0.0907418777,0.0090686737,-0.291704267,-0.118331417,-0.000686925259,-0.31358429,-0.134080527,-0.0114978632
22,42,0.65625,0.34375,-0.221209057,-0.101999541,0.00991330793,-0.28697452,-0.134119541,0.000741677321,-0.311251421,-0.15281609,-0.00958857476
22,43,0.671875,0.34375,-0.214573923,-0.112331699,0.0107974546,-0.280631763,-0.148843173,0.00232170562,-0.307543784,-0.170775803,-0.00742835616
22,44,0.6875,0.34375,-0.20661796,-0.121520118,0.0116967923,-0.272572356,-0.162181943,0.0040161144,-0.302228735,-0.187615598,-0.00505265257
22,45,0.703125,0.34375,-0.197367675,-0.129348648,0.0125849423,-0.262713425,-0.173792734,0.00578153612,-0.295061564,-0.202922634,-0.002506975
22,46,0.71875,0.34375,-0.186879058,-0.13561051,0.0134344714,-0.251006185,-0.183319846,0.00756926935,-0.285804351,-0.216218322,0.000152510046
22,47,0.734375,0.34375,-0.175240879,-0.140116789,0.0142180877,-0.23745064,-0.190410466,0.0093268884,-0.274251466,-0.226971467,0.00285925783
22,48,0.75,0.34375,-0.162577025,-0.142705876,0.0149099691,-0.222110301,-0.19473554,0.0110005223,-0.260260822,-0.234624137,0.00553789948
22,49,0.765625,0.34375,-0.14904748,-0.143253515,0.0154871424,-0.205125044,-0.196015299,0.0125377585,-0.243788431,-0.238631652,0.00810740879
22,50,0.78125,0.34375,-0.13484757,-0.141682889,0.0159308073,-0.186719871,-0.194047668,0.0138909994,-0.224921961,-0.238515831,0.0104860052
22,51,0.796875,0.34375,-0.120205114,-0.137974066,0.0162274883,-0.167207285,-0.188736741,0.015020955,-0.203907342,-0.233927456,0.0125975536
22,52,0.8125,0.34375,-0.105375251,-0.132171938,0.0163699006,-0.146981404,-0.18011768,0.0158998392,-0.181161618,-0.224710344,0.014378761
22,53,0.828125,0.34375,-0.0906328604,-0.124391734,0.0163574313,-0.126502834,-0.168374121,0.0165137791,-0.157265875,-0.210956403,0.0157860327
22,54,0.84375,0.34375,-0.0762627125,-0.114821211,0.0161961681,-0.106274733,-0.15384464,0.0168639921,-0.132934703,-0.193039988,0.0168006134
22,55,0.859375,0.34375,-0.0625478124,-0.103718843,0.0158984565,-0.0868120551,-0.137016195,0.016966451,-0.108963098,-0.17162177,0.0174307587
22,56,0.875,0.34375,-0.0497567299,-0.0914077524,0.0154820137,-0.0686073652,-0.118504494,0.0168500106,-0.086157082,-0.147617657,0.0177102355
22,57,0.890625,0.34375,-0.0381309913,-0.078265699,0.0149686874,-0.0520974819,-0.0990235259,0.0165532605,-0.0652588831,-0.122135991,0.0176933037
22,58,0.90625,0.34375,-0.0278737405,-0.0647120982,0.0143829864,-0.0376351609,-0.0793485182,0.016120608,-0.0468795654,-0.096394072,0.017447209
22,59,0.921875,0.34375,-0.0191407602,-0.0511934945,0.0137505351,-0.0254691157,-0.0602777024,0.0155982091,-0.0314503951,-0.0716302603,0.0170437962
22,60,0.9375,0.34375,-0.012034587,-0.0381691349,0.0130966047,-0.0157340593,-0.0425982585,0.0150303354,-0.0191993983,-0.0490285056,0.0165519071
22,61,0.953125,0.34375,-0.00660194543,-0.0260981166,0.0124448362,-0.00845057977,-0.0270606078,0.0144565828,-0.0101531658,-0.0296678919,0.0160317714
22,62,0.96875,0.34375,-0.00283420075,-0.0154291443,0.011816231,-0.00353298968,-0.0143631745,0.0139100823,-0.00415822014,-0.0145022528,0.0155318603
22,63,0.984375,0.34375,-0.000670120882,-0.00659334561,0.0112213939,-0.000802169359,-0.00514733083,0.0134071853,-0.000912874595,-0.00436657181,0.0150771456
22,64,1,0.34375,0,0,0.0106599439,0,0,0.0129470644,0,0,0.0146693374
23,0,0,0.359375,0,0,0.0172532117,0,0,0.0218578075,0,0,0.0241659705
23,1,0.015625,0.359375,-0.000837345358,0.0183547282,0.0167407179,-0.00114260633,0.0244652623,0.0214330877,-0.00143352768,0.0301046864,0.0237892117
23,2,0.03125,0.359375,-0.00309844776,0.0345796317,0.0162838453,-0.00415951567,0.0453366726,0.0210618439,-0.00514737344,0.0549667378,0.0234627035
23,3,0.046875,0.359375,-0.00656009425,0.048776892,0.0158921999,-0.00869640865,0.0629419487,0.0207455088,-0.0106454266,0.0752638312,0.0231788349
23,4,0.0625,0.359375,-0.011026782,0.0610899235,0.0155611899,-0.014455243,0.0776910174,0.0204699467,-0.0175230637,0.0918030266,0.0229136611
23,5,0.078125,0.359375,-0.0163297614,0.0716852536,0.0152741969,-0.0211917666,0.0900240869,0.0202096272,-0.0254634343,0.10540401,0.0226332328
23,6,0.09375,0.359375,-0.0223253567,0.0807382727,0.0150153533,-0.0287112252,0.100372273,0.0199415237,-0.0342289827,0.116815891,0.0223082885
23,7,0.109375,0.359375,-0.0288927687,0.0884223339,0.0147702616,-0.0368625933,0.109128974,0.0196457825,-0.0436489753,0.126664122,0.0219143587
23,8,0.125,0.359375,-0.0359315501,0.094900743,0.0145263344,-0.0455317574,0.116630806,0.0193056818,-0.0536046377,0.135424309,0.0214309736
23,9,0.140625,0.359375,-0.0433589272,0.100321182,0.0142728886,-0.0546341741,0.123147063,0.0189072658,-0.0640138301,0.143418471,0.0208406906
23,10,0.15625,0.359375,-0.0511071028,0.104812116,0.0140010967,-0.0641075502,0.128876506,0.0184388969,-0.0748169908,0.150828048,0.0201283182
23,11,0.171875,0.359375,-0.0591206423,0.108480774,0.0137038661,-0.0739050361,0.133950074,0.0178908651,-0.0859655363,0.157717332,0.0192804841
23,12,0.1875,0.359375,-0.0673540049,0.111412379,0.0133756945,-0.0839893012,0.138437931,0.0172551199,-0.097413244,0.164061345,0.0182855666
23,13,0.203125,0.359375,-0.0757692652,0.113670393,0.0130125284,-0.0943277049,0.142359214,0.0165251436,-0.109110562,0.169773402,0.0171339342
23,14,0.21875,0.359375,-0.0843340541,0.115297615,0.0126116459,-0.10488862,0.145692945,0.0156959612,-0.121001414,0.174729314,0.0158184075
23,15,0.234375,0.359375,-0.093019742,0.116318002,0.012171568,-0.115638838,0.148388894,0.0147642611,-0.133021923,0.178786823,0.0143348509
23,16,0.25,0.359375,-0.101799881,0.116739059,0.0116920021,-0.126541903,0.150377504,0.0137285969,-0.1451005,0.181800242,0.012682801
23,17,0.265625,0.359375,-0.110648911,0.116554647,0.0111738129,-0.137557193,0.151578403,0.0125896358,-0.15715889,0.183630994,0.0108660508
23,18,0.28125,0.359375,-0.119541119,0.115748001,0.0106190161,-0.148639581,0.151907351,0.0113504198,-0.169113903,0.184155076,0.00889312143
23,19,0.296875,0.359375,-0.128449824,0.114294757,0.0100307876,-0.159739518,0.151281706,0.0100166104,-0.180879666,0.183268367,0.00677756365
23,20,0.3125,0.359375,-0.137346749,0.112165832,0.0094134795,-0.17080346,0.149624633,0.00859668821,-0.192370286,0.180890435,0.00453804477
23,21,0.328125,0.359375,-0.146201526,0.109330017,0.00877263501,-0.181774549,0.146868311,0.00710208284,-0.203502771,0.176967192,0.00219819029
23,22,0.34375,0.359375,-0.154981297,0.105756229,0.00811499537,-0.192593509,0.142956371,0.00554721505,-0.214200073,0.17147248,-0.000213830054
23,23,0.359375,0.359375,-0.16365037,0.101415409,0.00744849018,-0.20319971,0.137845736,0.00394943453,-0.224393995,0.164408537,-0.002665962
23,24,0.375,0.359375,-0.172169899,0.096282101,0.00678220553,-0.213532329,0.131507963,0.00232884453,-0.234027759,0.155805223,-0.00512313633
23,25,0.390625,0.359375,-0.180497591,0.0903357983,0.00612632253,-0.223531538,0.123930116,0.000708011672,-0.243057978,0.145717974,-0.00754829341
23,26,0.40625,0.359375,-0.188587434,0.0835621181,0.00549202077,-0.233139625,0.115115189,-0.000888433756,-0.251455855,0.134224532,-0.00990348852
23,27,0.421875,0.359375,-0.196389465,0.0759539038,0.00489134175,-0.242301934,0.105082058,-0.00243429253,-0.259207495,0.121420677,-0.0121509958
23,28,0.4375,0.359375,-0.203849591,0.0675123133,0.00433700351,-0.250967526,0.0938649872,-0.00390236952,-0.266313288,0.107415253,-0.0142543377
23,29,0.453125,0.359375,-0.210909487,0.0582479369,0.00384216508,-0.259089449,0.0815127358,-0.00526509811,-0.272786403,0.0923249202,-0.0161791694
23,30,0.46875,0.359375,-0.217506572,0.0481819678,0.00342013504,-0.26662456,0.0680873729,-0.00649519227,-0.278650489,0.0762690199,-0.017893976
23,31,0.484375,0.359375,-0.223574087,0.0373474211,0.00308402644,-0.273532824,0.0536629432,-0.00756630036,-0.283936724,0.0593649842,-0.0193705577
23,32,0.5,0.359375,-0.229041271,0.0257903851,0.00284635601,-0.279776089,0.0383241752,-0.00845364261,-0.288680321,0.0417246221,-0.0205843072
23,33,0.515625,0.359375,-0.233833661,0.0135712774,0.00271859561,-0.285316356,0.0221654437,-0.00913461801,-0.292916642,0.0234515675,-0.0215143024
23,34,0.53125,0.359375,-0.237873518,0.000766069237,0.00271068476,-0.290113585,0.00529021108,-0.00958937421,-0.296676979,0.00464010018,-0.022143256
23,35,0.546875,0.359375,-0.241080429,-0.0125325609,0.00283051568,-0.294123158,-0.0121888419,-0.00980134575,-0.299984074,-0.0146244998,-0.0224573788
23,36,0.5625,0.359375,-0.243372113,-0.0262141953,0.00308340679,-0.297293121,-0.0301488168,-0.00975777019,-0.30284738,-0.0342639288,-0.0224462187
23,37,0.578125,0.359375,-0.24466552,-0.0401498289,0.00347158604,-0.299561422,-0.0484546052,-0.00945019922,-0.305258089,-0.0542030435,-0.02210255
23,38,0.59375,0.359375,-0.244878274,-0.0541912912,0.00399370796,-0.300853393,-0.0669558616,-0.00887502122,-0.307183961,-0.0743641278,-0.0214223784
23,39,0.609375,0.359375,-0.243930576,-0.0681710512,0.00464443409,-0.301079805,-0.0854830163,-0.00803401157,-0.308564082,-0.0946591327,-0.0204051405
23,40,0.625,0.359375,-0.241747629,-0.0819025538,0.005414109,-0.300135909,-0.103842555,-0.00693491436,-0.309303811,-0.114979843,-0.0190541585
23,41,0.640625,0.359375,-0.238262659,-0.0951812706,0.00628857389,-0.297901931,-0.121811983,-0.00559204215,-0.309270394,-0.135186075,-0.017377409
23,42,0.65625,0.359375,-0.233420557,-0.107786675,0.00724915554,-0.294245562,-0.139135131,-0.004026857,-0.308290001,-0.155092287,-0.0153886331
23,43,0.671875,0.359375,-0.227182119,-0.119485365,0.00827287547,-0.289026958,-0.1555187,-0.00226846033,-0.306147266,-0.174453456,-0.0131087758
23,44,0.6875,0.359375,-0.219528759,-0.130035544,0.00933291384,-0.282106748,-0.170631215,-0.000353883137,-0.302588726,-0.192951687,-0.0105676758
23,45,0.703125,0.359375,-0.210467507,-0.139193032,0.010399359,-0.273357284,-0.184105711,0.0016719717,-0.29733176,-0.21018585,-0.0078058194
23,46,0.71875,0.359375,-0.200035988,-0.146718885,0.0114402479,-0.262677118,-0.195547562,0.00375690757,-0.290080619,-0.225667375,-0.00487586066
23,47,0.734375,0.359375,-0.188306996,-0.152388602,0.0124228815,-0.250008095,-0.204548647,0.00584271116,-0.280550723,-0.238826029,-0.00184346188
23,48,0.75,0.359375,-0.175392193,-0.156002727,0.013315365,-0.235353876,-0.210708566,0.00786727058,-0.268501389,-0.249029667,0.00121309217
23,49,0.765625,0.359375,-0.161444444,-0.157398479,0.0140882824,-0.218797911,-0.213662718,0.00976758436,-0.253775517,-0.255621238,0.00420507181
23,50,0.78125,0.359375,-0.146658285,-0.15646186,0.014716389,-0.200518275,-0.213115816,0.0114835718,-0.236342486,-0.257974288,0.00703770956
23,51,0.796875,0.359375,-0.13126805,-0.153139447,0.0151801734,-0.180796349,-0.208877975,0.0129623979,-0.216338037,-0.25556465,0.00961691677
23,52,0.8125,0.359375,-0.115543319,-0.147448907,0.0154671376,-0.160016488,-0.200899118,0.0141628316,-0.194092855,-0.248051351,0.0118578336
23,53,0.828125,0.359375,-0.0997814583,-0.139487112,0.0155726487,-0.138654587,-0.189296584,0.015059005,-0.170140974,-0.235354872,0.0136940617
23,54,0.84375,0.359375,-0.0842972915,-0.129434673,0.0155002534,-0.117254988,-0.174370873,0.0156429069,-0.145200848,-0.217717534,0.0150858648
23,55,0.859375,0.359375,-0.0694102745,-0.117555858,0.0152613918,-0.0963971629,-0.156605656,0.0159250724,-0.120126512,-0.195730839,0.0160254397
23,56,0.875,0.359375,-0.0554299465,-0.104193275,0.0148745209,-0.0766557323,-0.136650588,0.0159332189,-0.0958329475,-0.170319347,0.0165377674
23,57,0.890625,0.359375,-0.0426408604,-0.0897573811,0.0143637227,-0.0585588931,-0.115288489,0.0157089769,-0.073206824,-0.142679897,0.0166765483
23,58,0.90625,0.359375,-0.0312884647,-0.0747116957,0.0137569466,-0.0425509178,-0.0933915116,0.0153032466,-0.0530185324,-0.114186092,0.016516008
23,59,0.921875,0.359375,-0.0215674163,-0.0595553921,0.0130840704,-0.0289636319,-0.0718729926,0.0147709697,-0.0358517255,-0.0862772952,0.0161404425
23,60,0.9375,0.359375,-0.0136134606,-0.0448053585,0.0123749882,-0.0179999562,-0.0516422964,0.014166157,-0.022061895,-0.0603550713,0.0156338264
23,61,0.953125,0.359375,-0.00749941166,-0.0309797901,0.011657895,-0.00973017756,-0.0335688744,0.0135378369,-0.0117675544,-0.0377067231,0.0150714648
23,62,0.96875,0.359375,-0.00323506189,-0.0185848954,0.0109578899,-0.00409925459,-0.018459329,0.0129272778,-0.00486935507,-0.0194665603,0.0145147502
23,63,0.984375,0.359375,-0.000770258369,-0.00810555677,0.0102888953,-0.000941729672,-0.00704817579,0.0123568032,-0.00108675317,-0.00661429066,0.0139978852
23,64,1,0.359375,0,0,0.00965281723,0,0,0.0118290388,0,0,0.013527655
24,0,0,0.375,0,0,0.0163709851,0,0,0.020883235,0,0,0.0231054103
24,1,0.015625,0.375,-0.00084099736,0.0199104993,0.015855904,-0.00113012935,0.026540806,0.0204617059,-0.00139826644,0.0326590778,0.0227350162
24,2,0.03125,0.375,-0.00311371545,0.0374537765,0.0153962396,-0.00412127122,0.0491088347,0.0200915635,-0.00503764786,0.0595449059,0.0224108433
24,3,0.046875,0.375,-0.00659557711,0.0527597587,0.0150009289,-0.00862856575,0.0680872629,0.0197726373,-0.0104452937,0.0814225636,0.0221228251
24,4,0.0625,0.375,-0.0110913885,0.0659990276,0.0146645968,-0.0143603064,0.0839398526,0.0194893657,-0.0172303309,0.0991850097,0.0218450624
24,5,0.078125,0.375,-0.0164323196,0.0773639493,0.0143698439,-0.0210755317,0.0971573755,0.0192151577,-0.0250814432,0.113732516,0.021542389
24,6,0.09375,0.375,-0.0224742902,0.0870538449,0.0141000659,-0.0285803022,0.108216748,0.018926028,-0.0337606997,0.125885307,0.0211844622
24,7,0.109375,0.375,-0.0290958907,0.0952636825,0.0138402061,-0.036722659,0.117551169,0.0186012772,-0.0430934012,0.136327183,0.0207458362
24,8,0.125,0.375,-0.036195985,0.102175827,0.0135771051,-0.0453864981,0.125530237,0.0182234274,-0.0529550825,0.14557766,0.020205113
24,9,0.140625,0.375,-0.0436911467,0.107954368,0.0132995915,-0.0544847902,0.132449091,0.0177778236,-0.0632574661,0.153988389,0.0195439317
24,10,0.15625,0.375,-0.0515130533,0.112741554,0.0129984216,-0.0639526648,0.138525401,0.0172521591,-0.0739351462,0.161757821,0.0187461916
24,11,0.171875,0.375,-0.0596059393,0.116655872,0.0126661459,-0.0737408569,0.143902718,0.0166360716,-0.0849343224,0.168957215,0.0177976583
24,12,0.1875,0.375,-0.0679241733,0.119791441,0.0122969508,-0.0838099132,0.148658471,0.015920878,-0.096204253,0.175561393,0.0166859647
24,13,0.203125,0.375,-0.0764300062,0.122218453,0.0118865093,-0.094125404,0.152814798,0.0150994668,-0.107691502,0.181478983,0.0154009399
24,14,0.21875,0.375,-0.0850915249,0.123984499,0.0114318579,-0.10465423,0.156350571,0.0141663397,-0.119336647,0.186578832,0.0139351688
24,15,0.234375,0.375,-0.0938808363,0.125116631,0.0109313088,-0.115361984,0.159213253,0.0131177726,-0.131072939,0.190711113,0.0122846755
24,16,0.25,0.375,-0.102772501,0.125624017,0.010384398,-0.126211236,0.161329663,0.0119520642,-0.142826404,0.193723164,0.0104496287
24,17,0.265625,0.375,-0.111742224,0.125501001,0.0097918661,-0.137160588,0.16261517,0.0106698302,-0.154516995,0.195470897,0.00843497987
24,18,0.28125,0.375,-0.120765786,0.124730355,0.00915566587,-0.148164325,0.162981152,0.00927430987,-0.166060504,0.195826902,0.00625095511
24,19,0.296875,0.375,-0.129818202,0.123286516,0.00847898808,-0.15917255,0.16234087,0.00777164784,-0.177371068,0.194686244,0.0039133404
24,20,0.3125,0.375,-0.138873047,0.121138616,0.00776629702,-0.17013168,0.160613992,0.00617112135,-0.188364089,0.191970614,0.00144350896
24,21,0.328125,0.375,-0.147901927,0.118253193,0.00702336796,-0.18098526,0.15773006,0.00448528566,-0.198959401,0.187631149,-0.00113183657
24,22,0.34375,0.375,-0.156874023,0.11459651,0.00625731572,-0.191675004,0.153631129,0.00273001512,-0.209084473,0.181649978,-0.00378121448
24,23,0.359375,0.375,-0.165755708,0.110136497,0.00547660825,-0.202142032,0.148273745,0.000924423588,-0.218677382,0.174040395,-0.00646918537
24,24,0.375,0.375,-0.174510179,0.104844361,0.00469105763,-0.212328192,0.141630346,-0.000909343228,-0.227689321,0.164845554,-0.00915739354
24,25,0.390625,0.375,-0.183097133,0.0986959498,0.00391177894,-0.22217741,0.13369011,-0.00274644574,-0.236086401,0.154135687,-0.011805758
24,26,0.40625,0.375,-0.191472462,0.0916729656,0.00315111163,-0.231636921,0.124459226,-0.00455980698,-0.243850591,0.142003964,-0.0143737196
24,27,0.421875,0.375,-0.199588003,0.0837641158,0.00242249486,-0.240658286,0.1139606,-0.00632067078,-0.250979725,0.128561292,-0.0168214526
24,28,0.4375,0.375,-0.207391333,0.0749662611,0.00174028886,-0.249198081,0.10223299,-0.00799923626,-0.257486567,0.113930436,-0.0191109534
24,29,0.453125,0.375,-0.214825636,0.0652856083,0.00111953769,-0.257218141,0.0893296733,-0.00956533743,-0.263397039,0.0982399492,-0.0212069351
24,30,0.46875,0.375,-0.221829628,0.0547389596,0.000575668391,-0.264685299,0.0753167348,-0.0109891376,-0.268747739,0.0816183538,-0.0230774867
24,31,0.484375,0.375,-0.228337562,0.0433550166,0.000124125149,-0.271570561,0.0602711862,-0.0122418093,-0.273582888,0.0641890019,-0.0246944767
24,32,0.5,0.375,-0.234279279,0.0311757224,-0.000220060533,-0.277847693,0.0442791187,-0.0132961779,-0.277950893,0.0460659463,-0.0260337154
24,33,0.515625,0.375,-0.239580342,0.0182576205,-0.00044275884,-0.283491249,0.027434146,-0.0141273138,-0.281900592,0.0273510664,-0.0270749042
24,34,0.53125,0.375,-0.244162243,0.00467320786,-0.000531280493,-0.288474064,0.00983639494,-0.0147130704,-0.28547729,0.00813261854,-0.0278014256
24,35,0.546875,0.375,-0.247942726,-0.00948774081,-0.000474955573,-0.292764306,-0.00840770141,-0.0150345752,-0.28871855,-0.0115146745,-0.028200032
24,36,0.5625,0.375,-0.250836281,-0.0241169079,-0.000265735476,-0.296322201,-0.0271845837,-0.0150766907,-0.291649734,-0.0315278877,-0.0282605065
24,37,0.578125,0.375,-0.252754881,-0.0390862689,0.000101198495,-0.299096591,-0.0463715358,-0.0148284726,-0.294279178,-0.0518523907,-0.0279753641
24,38,0.59375,0.375,-0.253609074,-0.0542471007,0.000626846404,-0.301021564,-0.0658333348,-0.0142836531,-0.29659297,-0.0724364062,-0.027339674
24,39,0.609375,0.375,-0.253309552,-0.0694292665,0.00130784461,-0.302013448,-0.0854175731,-0.0134411811,-0.298549281,-0.0932234178,-0.026351079
24,40,0.625,0.375,-0.251769317,-0.0844409365,0.00213600357,-0.301968581,-0.104948792,-0.0123058404,-0.300072385,-0.114142204,-0.0250100936
24,41,0.640625,0.375,-0.248906575,-0.09906895,0.00309796603,-0.300762349,-0.124221764,-0.0108889537,-0.301046672,-0.135094338,-0.0233207582
24,42,0.65625,0.375,-0.244648432,-0.11308008,0.00417503765,-0.298250104,-0.142994513,-0.00920915144,-0.301311286,-0.155939218,-0.0212917148
24,43,0.671875,0.375,-0.238935428,-0.126223497,0.00534323973,-0.294270645,-0.160981987,-0.00729315165,-0.3006564,-0.176477077,-0.0189377451
24,44,0.6875,0.375,-0.231726841,-0.13823473,0.00657364129,-0.288652944,-0.177851617,-0.0051764444,-0.298822594,-0.196431104,-0.0162817506
24,45,0.703125,0.375,-0.223006577,-0.148841418,0.00783301856,-0.281226711,-0.193222364,-0.00290372245,-0.295505226,-0.215430742,-0.0133570637
24,46,0.71875,0.375,-0.212789364,-0.157771021,0.00908487475,-0.2718371,-0.206669035,-0.000528847257,-0.290365961,-0.23299936,-0.0102098369
24,47,0.734375,0.375,-0.201126784,-0.164760585,0.0102908261,-0.260363394,-0.217733709,0.00188589734,-0.283053552,-0.248550697,-0.00690107853
24,48,0.75,0.375,-0.188112629,-0.169568428,0.0114123226,-0.246740754,-0.225945725,0.00427150931,-0.27323528,-0.261399342,-0.00350770806
24,49,0.765625,0.375,-0.173886931,-0.171987422,0.0124126216,-0.230983225,-0.2308509,0.00655511107,-0.260638984,-0.270790555,-0.000121864602
24,50,0.78125,0.375,-0.158638035,-0.171859283,0.0132588835,-0.213205211,-0.232049231,0.00866396765,-0.245103143,-0.275953311,0.00315229884
24,51,0.796875,0.375,-0.142602107,-0.169089032,0.0139242184,-0.193637801,-0.229238528,0.0105304947,-0.226629342,-0.276177087,0.00620485655
24,52,0.8125,0.375,-0.126059548,-0.16365853,0.0143894828,-0.172636033,-0.222259441,0.0120977879,-0.205428081,-0.270907407,0.00892933023
24,53,0.828125,0.375,-0.109327987,-0.155637762,0.0146446258,-0.150673623,-0.211135621,0.0133249374,-0.181946671,-0.25984841,0.0112339734
24,54,0.84375,0.375,-0.0927517316,-0.145192395,0.014689413,-0.128323155,-0.196102064,0.0141912307,-0.156868031,-0.24305445,0.0130532669
24,55,0.859375,0.375,-0.0766879244,-0.132586188,0.0145334116,-0.106222101,-0.177615451,0.0146983757,-0.131073041,-0.22098967,0.0143571209
24,56,0.875,0.375,-0.0614901423,-0.118177166,0.0141952008,-0.0850278543,-0.156342764,0.0148701575,-0.105566531,-0.194537345,0.0151553219
24,57,0.890625,0.375,-0.0474906821,-0.102407181,0.0137008699,-0.0653675266,-0.13312834,0.0147494319,-0.0813765648,-0.164950406,0.015495708
24,58,0.90625,0.375,-0.0349832658,-0.0857855423,0.0130819566,-0.0477896712,-0.108943779,0.0143929229,-0.0594450596,-0.13374917,0.0154562012
24,59,0.921875,0.375,-0.0242080677,-0.0688684986,0.0123730589,-0.0327249115,-0.084828664,0.0138647581,-0.0405312586,-0.102586898,0.0151325701
24,60,0.9375,0.375,-0.0153407195,-0.0522371395,0.0116093782,-0.0204605451,-0.0618317128,0.0132298789,-0.0251463057,-0.0731126767,0.0146248963
24,61,0.953125,0.375,-0.00848627357,-0.0364765153,0.010824449,-0.0111312076,-0.0409613094,0.0125483494,-0.0135280422,-0.0468604318,0.0140257273
24,62,0.96875,0.375,-0.00367820919,-0.0221582976,0.0100482322,-0.00472444878,-0.0231516224,0.0118712066,-0.00565398077,-0.0251830541,0.0134118879
24,63,0.984375,0.375,-0.000881728693,-0.0098284075,0.00929874148,-0.0010974897,-0.00924658541,0.0112282661,-0.00128146882,-0.00923592688,0.0128291825
24,64,1,0.375,0,0,0.00858085923,0,0,0.0106267967,0,0,0.0122912631
25,0,0,0.390625,0,0,0.0153898038,0,0,0.0198073286,0,0,0.0219410903
25,1,0.015625,0.390625,-0.000838407916,0.0214684437,0.0148755939,-0.00110515751,0.0285865335,0.0193930124,-0.00134371037,0.0351423342,0.0215812947
25,2,0.03125,0.390625,-0.00310687464,0.0403342115,0.0144159912,-0.00404008962,0.052835109,0.0190270676,-0.0048632545,0.064013765,0.0212625364
25,3,0.046875,0.390625,-0.00658583652,0.0567545651,0.0140191053,-0.00847503405,0.0731809839,0.0187075358,-0.0101187687,0.0874565142,0.0209721383
25,4,0.0625,0.390625,-0.0110823016,0.070926666,0.0136787566,-0.0141288346,0.0901379834,0.0184174576,-0.0167399985,0.106439176,0.0206823605
25,5,0.078125,0.390625,-0.0164288038,0.0830681553,0.0133768643,-0.0207667422,0.104244083,0.0181293864,-0.02442549,0.121934379,0.0203571405
25,6,0.09375,0.390625,-0.0224819122,0.0934018438,0.0130961735,-0.0281974692,0.116019401,0.0178185431,-0.0329392541,0.134827849,0.019965305
25,7,0.109375,0.390625,-0.0291203364,0.102144029,0.0128210365,-0.03626911,0.125935169,0.0174635078,-0.0421035249,0.145858505,0.0194806219
25,8,0.125,0.390625,-0.0362427226,0.109495999,0.012537772,-0.044863937,0.134392937,0.0170461357,-0.05178818,0.155588374,0.0188809102
25,9,0.140625,0.390625,-0.0437652626,0.11563825,0.0122347524,-0.0538923881,0.14171323,0.0165511335,-0.0618984172,0.164398534,0.0181470086
25,10,0.15625,0.390625,-0.0516192298,0.120726909,0.0119023348,-0.0632867225,0.148132573,0.0159655642,-0.0723624976,0.172504904,0.0172620127
25,11,0.171875,0.390625,-0.0597485418,0.124891894,0.0115327147,-0.0729948499,0.153807322,0.0152784376,-0.0831210069,0.179986439,0.0162109333
25,12,0.1875,0.390625,-0.0681074172,0.128236446,0.0111197573,-0.0829747567,0.158822478,0.0144804538,-0.094118478,0.186818524,0.0149807787
25,13,0.203125,0.390625,-0.0766581805,0.130837744,0.0106588407,-0.0931898159,0.163203531,0.0135639217,-0.105297614,0.192905796,0.0135609826
25,14,0.21875,0.390625,-0.0853692513,0.132748445,0.0101467298,-0.103605111,0.166929525,0.0125228369,-0.116595907,0.19811075,0.0119440663
25,15,0.234375,0.390625,-0.0942133485,0.133998978,0.00958149026,-0.114184769,0.1699459,0.0113530897,-0.127944232,0.202276581,0.0101264166
25,16,0.25,0.390625,-0.10316593,0.134600446,0.00896244345,-0.124890213,0.172176107,0.0100527621,-0.139266953,0.205244299,0.00810906558
25,17,0.265625,0.390625,-0.112203874,0.134547932,0.0082901589,-0.135679183,0.173531492,0.0086224733,-0.150483172,0.206865094,0.00589837427
25,18,0.28125,0.390625,-0.121304399,0.133823979,0.00756647693,-0.146505405,0.173919313,0.00706573,-0.161508813,0.207009149,0.00350653243
25,19,0.296875,0.390625,-0.130444183,0.132402018,0.00679455395,-0.15731876,0.173249061,0.00538924623,-0.172259327,0.205571951,0.000951808448
25,20,0.3125,0.390625,-0.139598668,0.130249557,0.0059789204,-0.168065876,0.171437344,0.00360319468,-0.182652819,0.202478768,-0.00174150321
25,21,0.328125,0.390625,-0.148741476,0.127330993,0.00512554119,-0.178691054,0.168411636,0.00172136146,-0.19261336,0.197687576,-0.00454346324
25,22,0.34375,0.390625,-0.157843931,0.123610011,0.00424186973,-0.189137462,0.164113143,-0.000238821947,-0.202074248,0.19119046,-0.00741919573
25,23,0.359375,0.390625,-0.166874626,0.119051565,0.00333688735,-0.199348514,0.158498924,-0.00225638416,-0.210980927,0.183013385,-0.0103298872
25,24,0.375,0.390625,-0.175799041,0.113623526,0.0024211182,-0.209269345,0.151543342,-0.00430706663,-0.219293318,0.173214242,-0.0132340122
25,25,0.390625,0.390625,-0.184579195,0.107298081,0.0015066117,-0.218848273,0.143238844,-0.0063637191,-0.226987358,0.161879245,-0.0160886905
25,26,0.40625,0.390625,-0.193173345,0.100052988,0.00060688211,-0.228038117,0.133596064,-0.00839682485,-0.234055606,0.149117857,-0.0188510726
25,27,0.421875,0.390625,-0.201535726,0.0918727748,-0.000263202475,-0.236797267,0.122643218,-0.0103751304,-0.240506906,0.135056652,-0.0214796446
25,28,0.4375,0.390625,-0.209616353,0.0827499456,-0.0010875915,-0.245090365,0.110424842,-0.0122663481,-0.246365132,0.119832568,-0.0239353586
25,29,0.453125,0.390625,-0.217360876,0.0726862319,-0.00184929026,-0.25288853,0.0969999543,-0.014037895,-0.251667181,0.103586092,-0.0261825192
25,30,0.46875,0.390625,-0.224710468,0.0616938943,-0.00253066988,-0.260169019,0.082439793,-0.0156576292,-0.256460348,0.0864548688,-0.0281893864
25,31,0.484375,0.390625,-0.231601758,0.0497970718,-0.00311385074,-0.266914311,0.0668253372,-0.0170945519,-0.260799294,0.0685681382,-0.0299284845
25,32,0.5,0.390625,-0.237966768,0.0370331651,-0.00358115965,-0.273110574,0.0502448635,-0.0183194493,-0.264742734,0.050042326,-0.0313766394
25,33,0.515625,0.390625,-0.243732863,0.0234542412,-0.00391565372,-0.27874553,0.0327918144,-0.0193054595,-0.268349989,0.0309779645,-0.0325147846
25,34,0.53125,0.390625,-0.248822722,0.00912845349,-0.00410170477,-0.283805746,0.014563268,-0.0200285608,-0.271677406,0.0114580583,-0.0333275931
25,35,0.546875,0.390625,-0.253154339,-0.00585852251,-0.00412563221,-0.288273421,-0.00434070496,-0.0204679945,-0.274774646,-0.00845205587,-0.033803002
25,36,0.5625,0.390625,-0.25664114,-0.0214020407,-0.0039763724,-0.292122728,-0.023816532,-0.0206066434,-0.277680723,-0.0287033013,-0.0339316989
25,37,0.578125,0.390625,-0.259192284,-0.0373770361,-0.00364616698,-0.295315854,-0.0437552423,-0.0204314016,-0.280419644,-0.0492598075,-0.0337066447
25,38,0.59375,0.390625,-0.260713289,-0.0536366201,-0.00313125143,-0.297798917,-0.0640390044,-0.0199335766,-0.282995469,-0.0700940248,-0.0331227044
25,39,0.609375,0.390625,-0.261107123,-0.0700108082,-0.00243251751,-0.299498004,-0.0845359986,-0.0191093691,-0.285386654,-0.0911797174,-0.0321764691
25,40,0.625,0.390625,-0.260275953,-0.0863055312,-0.00155611911,-0.300315696,-0.105093654,-0.0179604698,-0.287539605,-0.112482452,-0.0308663512
25,41,0.640625,0.390625,-0.258123716,-0.102302156,-0.000513977779,-0.300128572,-0.12553046,-0.0164948056,-0.289361578,-0.133947174,-0.0291930465
25,42,0.65625,0.390625,-0.254559676,-0.117757821,0.000675861064,-0.298786335,-0.145626835,-0.0147274391,-0.290713346,-0.15548256,-0.0271604596
25,43,0.671875,0.390625,-0.249503068,-0.132406955,0.00198908594,-0.296113331,-0.16511586,-0.0126815912,-0.291402471,-0.176942149,-0.0247771801
25,44,0.6875,0.390625,-0.24288884,-0.145964395,0.00339526109,-0.291913354,-0.183675149,-0.0103897017,-0.291178567,-0.198102861,-0.0220585584
25,45,0.703125,0.390625,-0.23467437,-0.158130509,0.00485832531,-0.285978627,-0.200921555,-0.00789437716,-0.28973253,-0.218642482,-0.0190293621
25,46,0.71875,0.390625,-0.224846884,-0.168598679,0.00633751128,-0.278103692,-0.216410878,-0.00524899455,-0.286702303,-0.238119049,-0.0157268545
25,47,0.734375,0.390625,-0.213431113,-0.177065337,0.00778872593,-0.268104537,-0.229644993,-0.00251766123,-0.281688054,-0.25595671,-0.0122039371
25,48,0.75,0.390625,-0.200496567,-0.18324258,0.00916639001,-0.255842568,-0.240088735,0.000225814762,-0.274279431,-0.271444235,-0.00853174146
25,49,0.765625,0.390625,-0.186163657,-0.186873073,0.0104256791,-0.241252005,-0.24719826,0.00290027288,-0.264096499,-0.283753375,-0.00480078151
25,50,0.78125,0.390625,-0.170607857,-0.187746684,0.0115250364,-0.224368014,-0.25046124,0.00542108043,-0.250843654,-0.29198393,-0.00111960544
25,51,0.796875,0.390625,-0.154061075,-0.185717934,0.0124287646,-0.205351595,-0.249447153,0.00770553011,-0.234372274,-0.295239711,0.00239005594
25,52,0.8125,0.390625,-0.13680953,-0.180723026,0.0131094494,-0.184506328,-0.243863296,0.00967939355,-0.214743455,-0.292734022,0.00560219025
25,53,0.828125,0.390625,-0.119187609,-0.172794928,0.0135499439,-0.162281966,-0.233609462,0.0112838707,-0.192277974,-0.283914923,0.00839906589
25,54,0.84375,0.390625,-0.101567423,-0.162074736,0.0137446625,-0.139260993,-0.218822395,0.0124818372,-0.167578515,-0.268591164,0.0106857901
25,55,0.859375,0.390625,-0.0843441937,-0.148817447,0.0136999877,-0.116126757,-0.199900957,0.0132621546,-0.141511056,-0.247032339,0.0124039664
25,56,0.875,0.390625,-0.0679180736,-0.133390517,0.013433692,-0.0936153353,-0.177505162,0.0136410001,-0.115139522,-0.220015823,0.0135409718
25,57,0.890625,0.390625,-0.0526736714,-0.116264258,0.0129733962,-0.072457011,-0.152526672,0.0136597032,-0.0896193565,-0.188801368,0.0141319638
25,58,0.90625,0.390625,-0.0389592127,-0.0979943102,0.0123542171,-0.0533160011,-0.126034127,0.0133793421,-0.0660682419,-0.155031398,0.0142535525
25,59,0.921875,0.390625,-0.0270676777,-0.0791979384,0.0116158736,-0.0367378164,-0.0992021187,0.0128730925,-0.0454404457,-0.120576049,0.0140105433
25,60,0.9375,0.390625,-0.0172221917,-0.0605271526,0.0107995832,-0.0231120245,-0.0732360003,0.0122177826,-0.0284311198,-0.0873582877,0.0135191953
25,61,0.953125,0.390625,-0.00956726674,-0.0426423004,0.00994509041,-0.0126546744,-0.0493049707,0.0114861345,-0.0154276795,-0.057199048,0.0128911475
25,62,0.96875,0.390625,-0.00416640544,-0.0261894403,0.00908810118,-0.00541037795,-0.028493047,0.0107407622,-0.00651117573,-0.0317131337,0.0122212711
25,63,0.984375,0.390625,-0.00100542594,-0.011783766,0.0082516482,-0.00127030213,-0.0117726246,0.0100207644,-0.00149739603,-0.0122682714,0.0115696866
25,64,1,0.390625,0,0,0.00744443826,0,0,0.00933951523,0,0,0.0109590802
26,0,0,0.40625,0,0,0.0143105659,0,0,0.0186341588,0,0,0.0206801888
26,1,0.015625,0.40625,-0.000829477433,0.0230173739,0.0138007406,-0.00106775911,0.0305808956,0.0182310899,-0.00127045556,0.0375223323,0.0203351842
26,2,0.03125,0.40625,-0.00307756038,0.0432012051,0.0133441062,-0.00391607515,0.0564787113,0.0178724909,-0.00462577642,0.0683199643,0.0200249814
26,3,0.046875,0.40625,-0.00653008909,0.0607351856,0.0129477943,-0.00823580124,0.0781760079,0.0175544512,-0.00966834025,0.0932993075,0.0197341698
26,4,0.0625,0.40625,-0.0109981687,0.0758419949,0.0126048079,-0.0137604936,0.0962315607,0.0172586577,-0.0160552291,0.113491731,0.0194333009
26,5,0.078125,0.40625,-0.0163171365,0.0887635599,0.0122964957,-0.020264539,0.11122601,0.0169570223,-0.0234992419,0.129931771,0.0190857399
26,6,0.09375,0.40625,-0.0223452534,0.0997453775,0.0120050451,-0.027561171,0.123719116,0.0166241467,-0.0317688075,0.143563342,0.0186597418
26,7,0.109375,0.40625,-0.0289620613,0.109024493,0.011714291,-0.0354995664,0.134217636,0.0162380235,-0.0406841722,0.155176108,0.018128492
26,8,0.125,0.40625,-0.0360664385,0.116820753,0.0114100833,-0.0439607824,0.143153515,0.0157799409,-0.0501097507,0.165372552,0.017469191
26,9,0.140625,0.40625,-0.0435744405,0.123330875,0.0110803736,-0.0528527103,0.150871877,0.0152340393,-0.0599439678,0.174562707,0.0166620191
26,10,0.15625,0.40625,-0.0514170302,0.128724834,0.0107151374,-0.0621044741,0.157627863,0.0145868042,-0.0701083868,0.182980411,0.0156894008
26,11,0.171875,0.40625,-0.0595377913,0.13314406,0.0103062178,-0.0716607739,0.163590752,0.0138266568,-0.0805377104,0.190713196,0.0145357279
26,12,0.1875,0.40625,-0.0678907016,0.13670108,0.0098471492,-0.0814766293,0.168853437,0.0129437138,-0.0911716898,0.197738,0.0131875317
26,13,0.203125,0.40625,-0.0764380221,0.139480287,0.00933299404,-0.0915128499,0.173445152,0.0119297364,-0.101949371,0.203956412,0.0116340168
26,14,0.21875,0.40625,-0.0851483465,0.141539667,0.00876021578,-0.101732415,0.177345525,0.0107782514,-0.112805635,0.209225449,0.00986782948
26,15,0.234375,0.40625,-0.0939948439,0.14291331,0.00812659619,-0.1120978,0.180498354,0.00948480752,-0.123669717,0.213382158,0.00788592794
26,16,0.25,0.40625,-0.102953718,0.143614543,0.0074311994,-0.122569203,0.182824077,0.00804732769,-0.134465308,0.216262105,0.00569043311
26,17,0.265625,0.40625,-0.112002891,0.14363947,0.00667437671,-0.13310355,0.184230362,0.00646650378,-0.145111862,0.217712758,0.00328934545
26,18,0.28125,0.40625,-0.121120912,0.142970664,0.00585780773,-0.143654166,0.184620729,0.00474619421,-0.155526812,0.217603057,0.000697039365
26,19,0.296875,0.40625,-0.130286053,0.141580785,0.00498456625,-0.154170998,0.18390134,0.00289377709,-0.165628415,0.21583025,-0.00206554157
26,20,0.3125,0.40625,-0.139475579,0.139435909,0.00405920246,-0.164601279,0.181986286,0.000920422904,-0.175338989,0.212324647,-0.00497103754
26,21,0.328125,0.40625,-0.148665139,0.136498456,0.00308782903,-0.174890567,0.178801647,-0.00115874934,-0.184588272,0.207052578,-0.00798619731
26,22,0.34375,0.40625,-0.157828252,0.13272966,0.00207820258,-0.184984059,0.174288589,-0.00332465646,-0.193316619,0.200017545,-0.0110727598
26,23,0.359375,0.40625,-0.166935856,0.128091607,0.00103979045,-0.194828092,0.168405629,-0.00555439419,-0.201477747,0.191259465,-0.0141886429
26,24,0.375,0.40625,-0.175955916,0.122548931,-1.61884908e-05,-0.204371721,0.161130105,-0.00782154439,-0.209040797,0.180851984,-0.0172893532
26,25,0.390625,0.40625,-0.184853087,0.116070254,-0.0010767577,-0.213568255,0.152458882,-0.0100966399,-0.215991521,0.168897975,-0.020329507
26,26,0.40625,0.40625,-0.193588424,0.108629496,-0.0021272241,-0.222376627,0.14240822,-0.012347767,-0.222332514,0.155523513,-0.0232643382
26,27,0.421875,0.40625,-0.20211915,0.100207124,-0.0031512762,-0.230762461,0.131012848,-0.0145412752,-0.228082509,0.140870818,-0.0260510791
26,28,0.4375,0.40625,-0.210398482,0.0907914115,-0.00413114882,-0.238698746,0.118324254,-0.016642553,-0.233274831,0.125090711,-0.0286501122
26,29,0.453125,0.40625,-0.218375485,0.0803797233,-0.00504786257,-0.246166004,0.104408327,-0.0186168278,-0.23795518,0.108335166,-0.031025828
26,30,0.46875,0.40625,-0.225994953,0.0689798418,-0.00588154306,-0.253151906,0.0893425161,-0.0204299447,-0.242178948,0.0907504667,-0.0331471556
26,31,0.484375,0.40625,-0.233197276,0.0566113159,-0.00661182154,-0.259650291,0.0732127416,-0.0220490873,-0.246008264,0.0724713879,-0.0349877667
26,32,0.5,0.40625,-0.239918269,0.0433068278,-0.00721831511,-0.265659571,0.0561103369,-0.0234434122,-0.249508926,0.0536166416,-0.0365259865
26,33,0.515625,0.40625,-0.246088943,0.029113575,-0.00768118127,-0.271180532,0.0381293179,-0.0245845804,-0.252747332,0.0342857377,-0.0377444598
26,34,0.53125,0.40625,-0.251635221,0.0140946833,-0.00798173826,-0.276213548,0.0193642869,-0.0254471853,-0.255787428,0.0145572752,-0.0386296386
26,35,0.546875,0.40625,-0.256477604,-0.00166932332,-0.00810314217,-0.280755234,-9.07201077e-05,-0.0260090898,-0.258687617,-0.00551135675,-0.0391711585
26,36,0.5625,0.40625,-0.26053087,-0.0180789627,-0.0080311084,-0.284794598,-0.0201421516,-0.0262517009,-0.261497487,-0.0258828895,-0.0393611735
26,37,0.578125,0.40625,-0.263703871,-0.0350141196,-0.0077546657,-0.288308749,-0.0406953461,-0.026160223,-0.264254131,-0.0465376449,-0.0391937171
26,38,0.59375,0.40625,-0.265899598,-0.0523322615,-0.00726692627,-0.291258297,-0.0616511839,-0.0257239404,-0.266977814,-0.067469396,-0.0386641591
26,39,0.609375,0.40625,-0.267015672,-0.069866602,-0.00656585453,-0.293582613,-0.0829007947,-0.0249365884,-0.269666707,-0.088679282,-0.0377688288
26,40,0.625,0.40625,-0.266945502,-0.0874243435,-0.00565500488,-0.295195254,-0.104318225,-0.0237968707,-0.272290471,-0.11016728,-0.0365048897
26,41,0.640625,0.40625,-0.265580332,-0.104785227,-0.00454419482,-0.295979986,-0.125751125,-0.0223091765,-0.274782615,-0.131920597,-0.0348705609
26,42,0.65625,0.40625,-0.262812414,-0.121700728,-0.00325005948,-0.295788022,-0.147009754,-0.0204845333,-0.277031801,-0.153898325,-0.0328657997
26,43,0.671875,0.40625,-0.258539524,-0.137894333,-0.00179642381,-0.294437304,-0.167854967,-0.018341796,-0.278872677,-0.176011856,-0.0304935711
26,44,0.6875,0.40625,-0.252670894,-0.153063429,-0.000214404393,-0.291714853,-0.187986321,-0.0159090238,-0.280077394,-0.198101046,-0.0277618188
26,45,0.703125,0.40625,-0.24513458,-0.166883374,0.0014578512,-0.28738334,-0.207032026,-0.0132249173,-0.280349678,-0.219907006,-0.0246862142
26,46,0.71875,0.40625,-0.235886019,-0.179014277,0.00317588818,-0.28119304,-0.224543125,-0.0103400962,-0.279324154,-0.241043835,-0.021293648
26,47,0.734375,0.40625,-0.22491736,-0.189110902,0.00489021447,-0.272900055,-0.239994833,-0.00731788781,-0.276574354,-0.260973568,-0.0176262402
26,48,0.75,0.40625,-0.212266885,-0.196835885,0.00654816029,-0.262291097,-0.252798257,-0.0042342027,-0.27163317,-0.278990897,-0.0137453529
26,49,0.765625,0.40625,-0.198027626,-0.201876132,0.00809631223,-0.24921406,-0.262325455,-0.00117602303,-0.264029076,-0.294226332,-0.00973471855
26,50,0.78125,0.40625,-0.182354151,-0.203961865,0.00948341527,-0.233612147,-0.267949641,0.00176191815,-0.253339652,-0.305677536,-0.00570143214
26,51,0.796875,0.40625,-0.165466435,-0.202887358,0.010663544,-0.215557563,-0.269100214,0.00448249343,-0.239260495,-0.312277286,-0.00177336168
26,52,0.8125,0.40625,-0.14764983,-0.198531996,0.0115992526,-0.195279172,-0.26532907,0.00689342581,-0.221682443,-0.313001706,0.00190826236
26,53,0.828125,0.40625,-0.129250359,-0.19087987,0.0122643561,-0.173177595,-0.256380956,0.00891575948,-0.200764104,-0.30701335,0.00520149317
26,54,0.84375,0.40625,-0.110664848,-0.18003581,0.01264599,-0.149821643,-0.242257273,0.0104923511,-0.176981742,-0.293821368,0.0079804869
26,55,0.859375,0.40625,-0.0923258498,-0.166235537,0.0127456402,-0.125922249,-0.223261108,0.0115947901,-0.15113754,-0.273428664,0.010153608
26,56,0.875,0.40625,-0.074681851,-0.149847689,0.0125789519,-0.102284113,-0.20001251,0.0122271495,-0.124312565,-0.246429045,0.0116785037
26,57,0.890625,0.40625,-0.0581739864,-0.131366042,0.01217427,-0.0797402745,-0.173427675,0.0124254538,-0.0977632503,-0.214021686,0.012569663
26,58,0.90625,0.40625,-0.0432113256,-0.111391536,0.0115700439,-0.0590792967,-0.144662974,0.012252674,-0.0727768194,-0.177928081,0.0128956171
26,59,0.921875,0.40625,-0.0301475058,-0.0906055196,0.0108113918,-0.0409770894,-0.115032641,0.0117901391,-0.050515559,-0.14022402,0.0127660239
26,60,0.9375,0.40625,-0.0192616816,-0.0697375505,0.00994623937,-0.0259445557,-0.0859148549,0.0111270975,-0.0318850679,-0.103125443,0.0123121177
26,61,0.953125,0.40625,-0.0107461922,-0.0495323016,0.00902148509,-0.014298471,-0.0586629559,0.0103504505,-0.0174542194,-0.0687803758,0.0116658538
26,62,0.96875,0.40625,-0.00470209205,-0.0307201384,0.00807958394,-0.00615759148,-0.0345359947,0.00953632208,-0.00743779209,-0.0391133375,0.0109426898
26,63,0.984375,0.40625,-0.00114219268,-0.0139948129,0.00714968922,-0.00146073856,-0.0146569634,0.00873515741,-0.00173438964,-0.0157471026,0.0102200594
26,64,1,0.40625,0,0,0.0062453621,0,0,0.00796819358,0,0,0.00953223031
27,0,0,0.421875,0,0,0.0131352544,0,0,0.0173694347,0,0,0.0193319245
27,1,0.015625,0.421875,-0.000814211964,0.0245460041,0.0126333315,-0.00101827403,0.0325026087,0.0169815906,-0.00117957354,0.0397681107,0.0190057847
27,2,0.03125,0.421875,-0.00302576368,0.0460348231,0.01218259,-0.00375020278,0.0600031511,0.0166334983,-0.00432826371,0.0724116497,0.0187073027
27,3,0.046875,0.421875,-0.00642824872,0.0646751734,0.0117890443,-0.00791249349,0.0830254023,0.0163191563,-0.00909916596,0.0988859669,0.0184182485
27,4,0.0625,0.421875,-0.0108387271,0.0807137134,0.011444879,-0.0132574229,0.102166721,0.0160189569,-0.0151830921,0.120270078,0.0181076096
27,5,0.078125,0.421875,-0.0160967466,0.0944152399,0.0111309901,-0.0195713857,0.11804476,0.0157043884,-0.0223114755,0.137647958,0.0177384945
27,6,0.09375,0.421875,-0.0220632751,0.106046769,0.0108291072,-0.0266740199,0.131254428,0.0153496107,-0.030259798,0.152012779,0.0172788458
27,7,0.109375,0.421875,-0.0286193743,0.115865214,0.0105226251,-0.0344166644,0.142334781,0.0149321691,-0.0388476098,0.164199448,0.0167014776
27,8,0.125,0.421875,-0.0356645796,0.124108378,0.0101969814,-0.0426796294,0.151746081,0.0144328919,-0.0479342643,0.174848169,0.0159831525
27,9,0.140625,0.421875,-0.0431150319,0.130988842,0.00983974299,-0.0513683064,0.159856922,0.0138354364,-0.0574113418,0.18439717,0.0151035538
27,10,0.15625,0.421875,-0.050901452,0.13669026,0.00944052224,-0.0604084747,0.166940637,0.0131257761,-0.0671934955,0.193098647,0.0140445913
27,11,0.171875,0.421875,-0.0589670489,0.141365566,0.0089908144,-0.0697412943,0.173179477,0.0122917984,-0.0772094198,0.201049742,0.0127901957
27,12,0.1875,0.421875,-0.0672654431,0.145136676,0.00848381358,-0.0793184666,0.178674554,0.0113230866,-0.0873941769,0.208230185,0.0113265889
27,13,0.203125,0.421875,-0.0757586695,0.148095389,0.00791424695,-0.0890979371,0.183459316,0.0102109043,-0.0976835282,0.214539741,0.00964292545
27,14,0.21875,0.421875,-0.0844153103,0.150305267,0.00727824804,-0.0990403727,0.187514475,0.00894836266,-0.108010409,0.219831096,0.00773216696
27,15,0.234375,0.421875,-0.093208794,0.15180435,0.00657327962,-0.109106511,0.190782688,0.00753073152,-0.118303359,0.223936254,0.00559204349
27,16,0.25,0.421875,-0.102115888,0.152608494,0.0057981077,-0.119255368,0.193181857,0.00595584466,-0.128486587,0.226686444,0.00322596432
27,17,0.265625,0.421875,-0.111115397,0.152715126,0.00495282164,-0.129443234,0.194616455,0.00422454855,-0.138481293,0.227926598,0.000643758828
27,18,0.28125,0.421875,-0.120187058,0.15210714,0.00403889489,-0.139623349,0.194986761,0.0023411434,-0.148207941,0.227525702,-0.00213785162
27,19,0.296875,0.421875,-0.129310632,0.150756685,0.00305927377,-0.14974616,0.194196173,0.000313768557,-0.157589167,0.225384127,-0.00509512961
27,20,0.3125,0.421875,-0.138465136,0.148628644,0.002018485,-0.159760056,0.192156912,-0.00184531081,-0.166553017,0.221438625,-0.00819759402
27,21,0.328125,0.421875,-0.147628217,0.145683667,0.000922750374,-0.169612483,0.188794416,-0.00411955123,-0.175036239,0.215665206,-0.0114087016
27,22,0.34375,0.421875,-0.156775613,0.141880727,-0.00021990351,-0.179251348,0.184050668,-0.00648814212,-0.1829873,0.208079935,-0.0146869134
27,23,0.359375,0.421875,-0.165880702,0.137179228,-0.00139954998,-0.188626596,0.177886586,-0.00892619486,-0.190368853,0.198737563,-0.0179870742
27,24,0.375,0.421875,-0.17491412,0.131540758,-0.0026042946,-0.197691843,0.170283504,-0.0114051154,-0.197159444,0.187728016,-0.0212620026
27,25,0.390625,0.421875,-0.183843441,0.124930589,-0.00382024612,-0.20640594,0.16124375,-0.0138931467,-0.2033543,0.175170962,-0.0244641604
27,26,0.40625,0.421875,-0.192632935,0.117319052,-0.00503153931,-0.214734334,0.15079027,-0.0163560573,-0.20896516,0.161208846,-0.0275472668
27,27,0.421875,0.421875,-0.201243376,0.108682833,-0.00622042135,-0.222650106,0.138965338,-0.0187579354,-0.214019219,0.145998969,-0.0304677302
27,28,0.4375,0.421875,-0.209631907,0.0990062803,-0.0073674122,-0.23013459,0.125828385,-0.0210620426,-0.218557318,0.129705238,-0.0331858011
27,29,0.453125,0.421875,-0.217751924,0.0882827032,-0.00845154705,-0.237177494,0.111453114,-0.0232316753,-0.22263159,0.112490209,-0.035666381
27,30,0.46875,0.421875,-0.225552956,0.0765156857,-0.00945070627,-0.243776466,0.0959240796,-0.0252309855,-0.226302769,0.0945079532,-0.0378794691
27,31,0.484375,0.421875,-0.232980484,0.0637203875,-0.0103420319,-0.249936082,0.0793330014,-0.0270257178,-0.229637393,0.0758981162,-0.0398002548
27,32,0.5,0.421875,-0.239975674,0.049924832,-0.0111024292,-0.25566626,0.0617751044,-0.0285838315,-0.232705043,0.0567813936,-0.0414089046
27,33,0.515625,0.421875,-0.246474984,0.0351711928,-0.0117091451,-0.260980074,0.0433457915,-0.0298759925,-0.235575724,0.037256466,-0.0426901009
27,34,0.53125,0.421875,-0.252409623,0.0195171145,-0.0121404166,-0.265891009,0.0241379703,-0.0308759324,-0.238317406,0.0173983439,-0.0436324027
27,35,0.546875,0.421875,-0.257704893,0.00303712696,-0.0123761783,-0.270409644,0.00424034492,-0.0315606906,-0.240993633,-0.00274199629,-0.0442274996
27,36,0.5625,0.421875,-0.262279434,-0.0141757736,-0.0123988192,-0.274539783,-0.0162630173,-0.0319107701,-0.243661038,-0.0231367881,-0.0444694224
27,37,0.578125,0.421875,-0.266044507,-0.0320083086,-0.0121939815,-0.27827405,-0.0372915431,-0.0319102546,-0.246366506,-0.0437794812,-0.044353775
27,38,0.59375,0.421875,-0.268903413,-0.0503248197,-0.0117513919,-0.281589002,-0.0587651404,-0.0315469427,-0.249143662,-0.0646814488,-0.0438770427
27,39,0.609375,0.421875,-0.270751298,-0.0689649036,-0.0110657108,-0.28443986,-0.0805990414,-0.0308125701,-0.252008323,-0.0858670598,-0.0430360403
27,40,0.625,0.421875,-0.271475558,-0.0877408715,-0.0101373853,-0.286755057,-0.102696281,-0.0297031913,-0.254952556,-0.107366543,-0.041827571
27,41,0.640625,0.421875,-0.270957162,-0.106435244,-0.00897347452,-0.288430954,-0.124937693,-0.0282197983,-0.257937075,-0.129205844,-0.0402483892
27,42,0.65625,0.421875,-0.269073192,-0.124798629,-0.00758840465,-0.289327272,-0.147169517,-0.0263692385,-0.260881883,-0.151392498,-0.0382955852
27,43,0.671875,0.421875,-0.265700907,-0.142548476,-0.00600458756,-0.289264035,-0.169189029,-0.0241654741,-0.263655444,-0.173896555,-0.0359675394
27,44,0.6875,0.421875,-0.260723575,-0.159369339,-0.0042528119,-0.288021118,-0.190729113,-0.0216311745,-0.26606318,-0.19662586,-0.0332656134
27,45,0.703125,0.421875,-0.254038161,-0.174915384,-0.00237229199,-0.285341747,-0.211443368,-0.0187995636,-0.267836873,-0.219395723,-0.0301967379
27,46,0.71875,0.421875,-0.245564812,-0.188815898,-0.000410242914,-0.280941463,-0.230894163,-0.0157163355,-0.268627562,-0.241894373,-0.0267769969
27,47,0.734375,0.421875,-0.235257763,-0.200684471,0.00157915117,-0.274524032,-0.248546937,-0.0124413176,-0.268005543,-0.263647694,-0.0230361524
27,48,0.75,0.421875,-0.223117008,-0.210132314,0.00353648119,-0.265805353,-0.263774731,-0.00904941518,-0.265472042,-0.283989512,-0.0190227713
27,49,0.765625,0.421875,-0.20919975,-0.216785807,0.00539961507,-0.254545474,-0.27587721,-0.0056302424,-0.260487416,-0.302046892,-0.014809197
27,50,0.78125,0.421875,-0.193630373,-0.220307876,0.00710690451,-0.240587317,-0.284117737,-0.00228580867,-0.252519768,-0.31675251,-0.0104950818
27,51,0.796875,0.421875,-0.176607558,-0.220422255,0.00860091898,-0.223898568,-0.287780128,0.000874259931,-0.241115021,-0.326896921,-0.00620772738
27,52,0.8125,0.421875,-0.158407166,-0.216939101,0.00983239079,-0.204610913,-0.286243263,0.0037401367,-0.225984226,-0.331230413,-0.00209732391
27,53,0.828125,0.421875,-0.139379753,-0.20977991,0.0107639505,-0.183048825,-0.279066991,0.00621143684,-0.207096562,-0.328615623,0.00167430719
27,54,0.84375,0.421875,-0.119941939,-0.198999246,0.0113731745,-0.159739475,-0.266077742,0.00820792642,-0.184758798,-0.318217728,0.00495142355
27,55,0.859375,0.421875,-0.100561345,-0.184800444,0.0116544961,-0.135396886,-0.247438487,0.00967944363,-0.159657019,-0.299701516,0.00760621586
27,56,0.875,0.421875,-0.0817354432,-0.167542381,0.0116196431,-0.110877521,-0.223687136,0.0106128392,-0.132838239,-0.273390113,0.00956009097
27,57,0.890625,0.421875,-0.0639654801,-0.147734783,0.0112964493,-0.0871107246,-0.195731488,0.0110340373,-0.105620928,-0.240337113,0.0107983524
27,58,0.90625,0.421875,-0.0477276152,-0.126020791,0.0107261177,-0.0650139188,-0.164797312,0.0110043048,-0.0794432687,-0.20227909,0.0113731483
27,59,0.921875,0.421875,-0.0334444327,-0.103147582,0.00995924011,-0.0454071067,-0.13233686,0.0106112506,-0.0556794903,-0.161467801,0.0113929088
27,60,0.9375,0.421875,-0.021460548,-0.0799284662,0.00905107387,-0.0289419533,-0.0999146187,0.00995643481,-0.0354677461,-0.120419627,0.0110010255
27,61,0.953125,0.421875,-0.0120256881,-0.05720189,0.00805665875,-0.0160571555,-0.0690919349,0.00914219619,-0.0195902582,-0.0816463238,0.0103500259
27,62,0.96875,0.421875,-0.00528729325,-0.0357934398,0.00702632178,-0.00696527073,-0.0413307795,0.0082601409,-0.0084284537,-0.0474329635,0.00957818312
27,63,0.984375,0.421875,-0.00129279749,-0.016485858,0.00599662668,-0.00166905935,-0.0179302161,0.00737437397,-0.00199177068,-0.0197060635,0.00878341486
27,64,1,0.421875,0,0,0.00498722679,0,0,0.00651606495,0,0,0.00801447777
28,0,0,0.4375,0,0,0.0118669316,0,0,0.0160204116,0,0,0.017907343
28,1,0.015625,0.4375,-0.000792733195,0.0260431376,0.0113763765,-0.000957317388,0.0343310984,0.0156516405,-0.00107258721,0.041850596,0.0176039438
28,2,0.03125,0.4375,-0.00295186723,0.0488152418,0.0109344308,-0.00354433692,0.0633729307,0.0153171855,-0.00397518024,0.0762395567,0.0173203306
28,3,0.046875,0.4375,-0.00628099978,0.0685481491,0.0105458692,-0.00750842125,0.087683228,0.0150088466,-0.00841900241,0.104154136,0.0170354081
28,4,0.0625,0.4375,-0.0106049226,0.0855104928,0.010202068,-0.0126243173,0.107890453,0.0147057939,-0.014134486,0.126704041,0.0167167507
28,5,0.078125,0.4375,-0.0157687393,0.0999881079,0.0098835961,-0.0186931898,0.124642607,0.0143793071,-0.02087599,0.145008477,0.0163275085
28,6,0.09375,0.4375,-0.021637093,0.112268005,0.00957182866,-0.0255429585,0.138564394,0.0140032821,-0.0284288288,0.160099476,0.0158355607
28,7,0.109375,0.4375,-0.0280932175,0.122625797,0.00924980101,-0.0330282551,0.150223246,0.0135549583,-0.0366133868,0.172850575,0.0152135634
28,8,0.125,0.4375,-0.0350377021,0.13131641,0.00890259643,-0.0410291902,0.160105157,0.0130148176,-0.0452846011,0.183936284,0.0144380301
28,9,0.140625,0.4375,-0.0423869715,0.138567748,0.00851743378,-0.0494487874,0.168600722,0.0123661251,-0.0543273474,0.193821938,0.0134883246
28,10,0.15625,0.4375,-0.0500715542,0.144576851,0.00808358209,-0.0582093539,0.176000851,0.0115944195,-0.0636493295,0.202778489,0.0123460143
28,11,0.171875,0.4375,-0.0580342256,0.149508051,0.00759219254,-0.0672482569,0.182500744,0.010687123,-0.0731732547,0.210913877,0.010994743
28,12,0.1875,0.4375,-0.0662281167,0.1534927,0.00703611122,-0.0765136073,0.188210079,0.00963335033,-0.0828297274,0.218212108,0.00942059969
28,13,0.203125,0.4375,-0.0746148584,0.156630155,0.00640971186,-0.0859602685,0.193167058,0.00842393263,-0.0925517368,0.224572644,0.00761286882
28,14,0.21875,0.4375,-0.0831628194,0.158989792,0.00570877214,-0.0955464831,0.197354099,0.00705163441,-0.102271084,0.22984528,0.00556500792
28,15,0.234375,0.4375,-0.0918454802,0.160613888,0.00493040338,-0.10523127,0.20071335,0.00551151943,-0.111916708,0.233858337,0.00327569214
28,16,0.25,0.4375,-0.100639972,0.161521145,0.0040730368,-0.114972634,0.2031608,0.00380141294,-0.121414655,0.236440039,0.000749777236
28,17,0.265625,0.4375,-0.109525796,0.16171064,0.00313646085,-0.124726545,0.204598343,0.00192240176,-0.130689363,0.237434112,-0.00200094819
28,18,0.28125,0.4375,-0.118483725,0.1611659,0.00212190261,-0.134446616,0.204923655,-0.000120682039,-0.139665903,0.236710931,-0.00495732848
28,19,0.296875,0.4375,-0.127494876,0.159858863,0.00103214125,-0.144084379,0.204038048,-0.00231884877,-0.148272836,0.234175325,-0.00809280315
28,20,0.3125,0.4375,-0.136539931,0.157753494,-0.000128356439,-0.153590058,0.201852609,-0.00465865404,-0.15644536,0.22977172,-0.0113738097
28,21,0.328125,0.4375,-0.145598488,0.154808932,-0.00135329313,-0.162913731,0.198292938,-0.00712205965,-0.1641284,0.223486861,-0.0147606331
28,22,0.34375,0.4375,-0.15464852,0.150982145,-0.00263440085,-0.172006774,0.193302702,-0.00968647772,-0.171279349,0.215350158,-0.0182086572
28,23,0.359375,0.4375,-0.163665929,0.146230114,-0.00396131717,-0.180823464,0.186846123,-0.0123250157,-0.177870174,0.205431609,-0.0216699306
28,24,0.375,0.4375,-0.172624189,0.14051167,-0.00532149145,-0.18932261,0.17890945,-0.0150069211,-0.183888704,0.193837432,-0.0250949225
28,25,0.390625,0.4375,-0.181494069,0.13378907,-0.00670013401,-0.197469085,0.169501373,-0.0176982102,-0.189338993,0.180703691,-0.0284343235
28,26,0.40625,0.4375,-0.190243442,0.126029431,-0.00808022337,-0.20523513,0.158652386,-0.0203624459,-0.194240765,0.166188431,-0.0316407402
28,27,0.421875,0.4375,-0.198837158,0.117206096,-0.00944258338,-0.21260132,0.146413104,-0.0229616212,-0.198628041,0.150462976,-0.0346701577
28,28,0.4375,0.4375,-0.207236962,0.107299959,-0.010766043,-0.219557102,0.132851642,-0.0254570906,-0.20254712,0.133703081,-0.037483069
28,29,0.453125,0.4375,-0.215401421,0.0963007727,-0.0120276849,-0.226100849,0.118050202,-0.0278104945,-0.206054151,0.116080616,-0.0400452226
28,30,0.46875,0.4375,-0.223285811,0.0842084015,-0.0132031876,-0.232239389,0.102101104,-0.029984619,-0.209212514,0.0977562701,-0.0423279724
28,31,0.484375,0.4375,-0.230841912,0.0710340341,-0.0142672588,-0.237987,0.085102536,-0.0319441475,-0.212090226,0.0788736618,-0.0443082613
28,32,0.5,0.4375,-0.238017663,0.0568013277,-0.0151941558,-0.243363866,0.0671543285,-0.0336562693,-0.214757542,0.0595549726,-0.0459682907
28,33,0.515625,0.4375,-0.244756614,0.0415475243,-0.0159582834,-0.248394005,0.0483540669,-0.0350911287,-0.21728482,0.0398981014,-0.0472949465
28,34,0.53125,0.4375,-0.250997165,0.0253245922,-0.0165348603,-0.253102658,0.0287938572,-0.0362221131,-0.219740663,0.0199751846,-0.0482790576
28,35,0.546875,0.4375,-0.256671585,0.00820048778,-0.0169006427,-0.257513149,0.00855805371,-0.0370259966,-0.222190255,-0.000167724944,-0.0489145535
28,36,0.5625,0.4375,-0.261704839,-0.0097393487,-0.0170346998,-0.261643168,-0.0122777462,-0.0374829722,-0.224693694,-0.0205100171,-0.0491975864
28,37,0.578125,0.4375,-0.26601333,-0.0283901415,-0.0169192337,-0.26550046,-0.033646127,-0.0375766213,-0.227304055,-0.0410550213,-0.0491256676
28,38,0.59375,0.4375,-0.269503676,-0.0476254706,-0.016540443,-0.269077906,-0.0554853735,-0.0372938825,-0.230064831,-0.0618275789,-0.0486968656
28,39,0.609375,0.4375,-0.272071742,-0.0672944564,-0.0158894254,-0.272347995,-0.0777347396,-0.0366250949,-0.233006326,-0.0828703873,-0.0479091126
28,40,0.625,0.4375,-0.273602196,-0.0872184786,-0.0149631126,-0.275256792,-0.100327131,-0.0355642008,-0.236140545,-0.104238528,-0.0467596751
28,41,0.640625,0.4375,-0.273968922,-0.107187594,-0.0137652238,-0.277717632,-0.12317891,-0.0341092013,-0.239454142,-0.125991271,-0.0452448691
28,42,0.65625,0.4375,-0.273036676,-0.126956984,-0.0123072029,-0.279604965,-0.146176673,-0.0322629548,-0.24289911,-0.148179955,-0.0433601295
28,43,0.671875,0.4375,-0.270664388,-0.14624395,-0.0106090835,-0.280749063,-0.169161121,-0.0300343971,-0.246381145,-0.170830558,-0.0411005879
28,44,0.6875,0.4375,-0.266710477,-0.164726175,-0.00870019354,-0.280932658,-0.191908609,-0.0274402254,-0.249746086,-0.193919617,-0.0384623552
28,45,0.703125,0.4375,-0.261040477,-0.182042137,-0.00661957215,-0.279890933,-0.214111682,-0.0245070287,-0.252765589,-0.217342623,-0.035444736
28,46,0.71875,0.4375,-0.253537037,-0.197794675,-0.00441594071,-0.277316664,-0.23536084,-0.021273736,-0.255124198,-0.240875166,-0.032053592
28,47,0.734375,0.4375,-0.244112134,-0.211558706,-0.00214704641,-0.272872493,-0.255130943,-0.0177941114,-0.256411345,-0.264129089,-0.0283059764
28,48,0.75,0.4375,-0.232720902,-0.222893898,0.000121799039,-0.266212169,-0.272776815,-0.0141388312,-0.256123162,-0.286509023,-0.0242359317
28,49,0.765625,0.4375,-0.219376085,-0.231362767,0.0023201136,-0.257011923,-0.28754349,-0.0103964811,-0.253680095,-0.307178607,-0.0199009294
28,50,0.78125,0.4375,-0.204161707,-0.236554057,0.00437560513,-0.245011707,-0.298596547,-0.00667265783,-0.248466412,-0.325049931,-0.0153878115
28,51,0.796875,0.4375,-0.187244211,-0.238110566,0.00621837678,-0.230063762,-0.305076618,-0.00308635268,-0.239895849,-0.338812828,-0.0108163858
28,52,0.8125,0.4375,-0.168879253,-0.235759802,0.00778567812,-0.212183055,-0.306178814,0.000236965111,-0.227502989,-0.347020166,-0.0063382499
28,53,0.828125,0.4375,-0.149412494,-0.229345096,0.00902671881,-0.191591093,-0.301252394,0.00317556269,-0.211052118,-0.348238778,-0.00212844904
28,54,0.84375,0.4375,-0.129273137,-0.218854218,0.00990693941,-0.168742582,-0.289909212,0.00562405137,-0.190645157,-0.341260911,0.00163133221
28,55,0.859375,0.4375,-0.108959596,-0.204442034,0.0104111083,-0.144324574,-0.272123063,0.00750645283,-0.166801061,-0.325349222,0.0047769267
28,56,0.875,0.4375,-0.0890174281,-0.186443554,0.0105447102,-0.119221306,-0.248298671,0.00878699964,-0.140475732,-0.300465136,0.00718879495
28,57,0.890625,0.4375,-0.0700105848,-0.16537387,0.010333305,-0.0944448294,-0.219291277,0.00947585073,-0.112999418,-0.267416657,0.00881489905
28,58,0.90625,0.4375,-0.052488187,-0.141912583,0.00981982629,-0.0710402703,-0.186366592,0.00962778279,-0.0859294448,-0.227869519,0.00968167831
28,59,0.921875,0.4375,-0.0369503119,-0.116872587,0.00906010991,-0.0499821628,-0.151104606,0.0093336415,-0.0608445887,-0.184199542,0.00988842714
28,60,0.9375,0.4375,-0.0238172842,-0.0911562951,0.00811722253,-0.032081655,-0.115264806,0.00870631222,-0.0391308186,-0.139214675,0.00958601471
28,61,0.953125,0.4375,-0.0134069989,-0.0657055563,0.00705533262,-0.0179218529,-0.0806396385,0.0078643679,-0.021813635,-0.0958196682,0.00894647677
28,62,0.96875,0.4375,-0.00592351638,-0.041453029,0.00593386519,-0.0078311614,-0.0489240908,0.006916784,-0.00947563745,-0.056711825,0.00813253566
28,63,0.984375,0.4375,-0.00145791092,-0.0192821062,0.0047982852,-0.00189519095,-0.0216222341,0.00594384322,-0.0022683227,-0.0241755563,0.00726577931
28,64,1,0.4375,0,0,0.00367580779,0,0,0.00498903166,0,0,0.00641267095
29,0,0,0.453125,0,0,0.0105097053,0,0,0.0145957456,0,0,0.0164190325
29,1,0.015625,0.453125,-0.000765286266,0.0274978713,0.0100338702,-0.000885774193,0.0360469456,0.0142496934,-0.000951430009,0.0437432909,0.016141975
29,2,0.03125,0.453125,-0.00285667467,0.0515230897,0.00960355768,-0.00330122407,0.066554255,0.01393193,-0.00357230359,0.0797580649,0.0158763146
29,3,0.046875,0.453125,-0.00608985888,0.0723282288,0.00922220228,-0.00702857986,0.0921053827,0.0136319857,-0.00763805749,0.109045273,0.0155980887
29,4,0.0625,0.453125,-0.010299012,0.0902014529,0.00888039645,-0.0118684454,0.11335149,0.0133278937,-0.0129239572,0.132727065,0.015273614
29,5,0.078125,0.453125,-0.0153360445,0.10544741,0.00855851114,-0.0176393459,0.130963401,0.0129909319,-0.0192113944,0.1519423,0.01486635
29,6,0.09375,0.453125,-0.0210701752,0.118371247,0.00823767424,-0.0241793255,0.145589493,0.0125949045,-0.0262984108,0.167750176,0.0143443458
29,7,0.109375,0.453125,-0.0273874154,0.129265823,0.00790064358,-0.0313474892,0.157821013,0.0121168855,-0.034008004,0.18105522,0.0136803046
29,8,0.125,0.453125,-0.0341897731,0.138402132,0.00753220582,-0.0390243879,0.168166613,0.0115371244,-0.0421916122,0.19256213,0.0128506827
29,9,0.140625,0.453125,-0.0413941343,0.146022694,0.00711926883,-0.0471109154,0.177037085,0.0108385915,-0.0507277832,0.202761899,0.0118347081
29,10,0.15625,0.453125,-0.0489308698,0.152337514,0.00665077663,-0.0555258852,0.184740106,0.0100064761,-0.0595174186,0.211944554,0.0106137883
29,11,0.171875,0.453125,-0.0567422549,0.157522128,0.0061175409,-0.06420272,0.191483731,0.00902781457,-0.0684774026,0.22023014,0.00917145981
29,12,0.1875,0.453125,-0.0647807937,0.161717309,0.00551205204,-0.0730857633,0.197386566,0.00789132964,-0.077534227,0.227608667,0.00749385535
29,13,0.203125,0.453125,-0.0730075316,0.165030092,0.00482831389,-0.0821266753,0.202492192,0.00658749644,-0.0866187218,0.233981098,0.0055705581
29,14,0.21875,0.453125,-0.0813904199,0.167535889,0.00406172473,-0.0912812634,0.206785477,0.00510881064,-0.0956624553,0.239196067,0.00339567645
29,15,0.234375,0.453125,-0.0899027811,0.169281502,0.0032090162,-0.10050696,0.210208839,0.00345021071,-0.104595929,0.243079824,0.000968964115
29,16,0.25,0.453125,-0.0985219073,0.17028881,0.00226825297,-0.109761045,0.212677132,0.00160959536,-0.113348402,0.245459099,-0.00170317525
29,17,0.265625,0.453125,-0.107227812,0.17055888,0.00123888939,-0.118999611,0.214090437,-0.000411624941,-0.121849047,0.246177846,-0.00460693675
29,18,0.28125,0.453125,-0.116002141,0.17007622,0.000121872709,-0.128177232,0.214344595,-0.0026080062,-0.130029064,0.245109175,-0.00772072952
29,19,0.296875,0.453125,-0.12482724,0.16881289,-0.00108021654,-0.137247229,0.213339616,-0.00496963406,-0.137824379,0.242163585,-0.0110152348
29,20,0.3125,0.453125,-0.133685368,0.166732255,-0.00236300107,-0.146162445,0.210986265,-0.00748182434,-0.145178577,0.237294189,-0.0144539487
29,21,0.328125,0.453125,-0.142558036,0.163792255,-0.00372013402,-0.154876414,0.207211132,-0.0101250019,-0.152045693,0.230499195,-0.0179941989
29,22,0.34375,0.453125,-0.151425471,0.159948169,-0.00514312829,-0.163344789,0.201960401,-0.0128747857,-0.158392583,0.221821709,-0.0215885754
29,23,0.359375,0.453125,-0.160266189,0.155154898,-0.00662120508,-0.171526909,0.195202421,-0.0157022959,-0.164200604,0.211346917,-0.0251866702
29,24,0.375,0.453125,-0.169056674,0.149368897,-0.00814117572,-0.179387376,0.186929125,-0.0185746773,-0.169466455,0.199196835,-0.0287369809
29,25,0.390625,0.453125,-0.177771154,0.142549842,-0.00968737165,-0.186897491,0.177156271,-0.0214558166,-0.174202125,0.185523023,-0.0321888176
29,26,0.40625,0.453125,-0.186381478,0.134662141,-0.011241639,-0.194036449,0.165922506,-0.0243072143,-0.178433977,0.170497894,-0.035494055
29,27,0.421875,0.453125,-0.194857055,0.125676354,-0.0127834117,-0.200792198,0.15328731,-0.0270889555,-0.182201119,0.154305324,-0.0386086008
29,28,0.4375,0.453125,-0.203164835,0.115570544,-0.0142898742,-0.207161865,0.139327914,-0.0297607207,-0.185553253,0.137131349,-0.0414934864
29,29,0.453125,0.453125,-0.211269288,0.104331552,-0.0157362209,-0.21315174,0.124135401,-0.032282769,-0.18854824,0.119155603,-0.0441155376
29,30,0.46875,0.453125,-0.219132312,0.0919561768,-0.0170960129,-0.218776767,0.107810231,-0.0346168368,-0.191249619,0.100544028,-0.0464476283
29,31,0.484375,0.453125,-0.226713017,0.0784522401,-0.0183416297,-0.224059569,0.0904574791,-0.0367269017,-0.193724276,0.0814431449,-0.0484685554
29,32,0.5,0.453125,-0.233967312,0.0638395338,-0.0194448075,-0.229029003,0.0721821091,-0.0385797771,-0.196040415,0.0619759873,-0.0501626048
29,33,0.515625,0.453125,-0.240847243,0.048150695,-0.0203772514,-0.233718249,0.0530845831,-0.04014552,-0.198265918,0.0422395866,-0.0515188831
29,34,0.53125,0.453125,-0.24730004,0.0314320852,-0.0211113113,-0.238162446,0.033257115,-0.0413976502,-0.200467072,0.0223037797,-0.0525304963
29,35,0.546875,0.453125,-0.253266849,0.0137448006,-0.0216207102,-0.242395825,0.0127808546,-0.0423131987,-0.202707583,0.00221103512,-0.0531936427
29,36,0.5625,0.453125,-0.258681191,-0.00483402812,-0.0218813169,-0.246448307,-0.00827570671,-0.0428726178,-0.205047702,-0.0180229886,-0.0535066773
29,37,0.578125,0.453125,-0.263467191,-0.0242094713,-0.021871966,-0.25034148,-0.0298568046,-0.0430596038,-0.207543167,-0.0384083447,-0.0534691911
29,38,0.59375,0.453125,-0.267537735,-0.0442664077,-0.021575323,-0.254083876,-0.0519176054,-0.0428608934,-0.210243634,-0.0589791777,-0.0530811388
29,39,0.609375,0.453125,-0.27079272,-0.0648663838,-0.020978805,-0.257665473,-0.0744201555,-0.0422661131,-0.213190122,-0.0797913454,-0.0523420442
29,40,0.625,0.453125,-0.273117698,-0.0858436916,-0.0200755617,-0.261051415,-0.0973266432,-0.0412677733,-0.216410972,-0.100918727,-0.0512503238
29,41,0.640625,0.453125,-0.27438326,-0.107000764,-0.018865516,-0.264175032,-0.12058952,-0.039861511,-0.219915757,-0.122447279,-0.0498027874
29,42,0.65625,0.453125,-0.274445584,-0.128103163,-0.0173564502,-0.266930447,-0.144138086,-0.0380466925,-0.22368663,-0.144465495,-0.0479944088
29,43,0.671875,0.453125,-0.273148661,-0.148874675,-0.0155650956,-0.269165337,-0.167861335,-0.0358274898,-0.22766673,-0.167049579,-0.045818513
29,44,0.6875,0.453125,-0.270328693,-0.16899325,-0.0135181492,-0.270674786,-0.191587243,-0.033214522,-0.231745631,-0.190241416,-0.0432675813
29,45,0.703125,0.453125,-0.265821134,-0.188088824,-0.0112530921,-0.271197631,-0.215059362,-0.0302271085,-0.235742467,-0.214017612,-0.0403349442
29,46,0.71875,0.453125,-0.259470696,-0.20574424,-0.00881863418,-0.270417251,-0.237912603,-0.026896089,-0.239388328,-0.238248617,-0.0370176625
29,47,0.734375,0.453125,-0.251144357,-0.221500606,-0.00627456146,-0.267969118,-0.259651432,-0.0232670168,-0.242311001,-0.26264873,-0.0333208839
29,48,0.75,0.453125,-0.240747013,-0.234868364,-0.00369074067,-0.263457702,-0.2796353,-0.0194033209,-0.244026825,-0.286720763,-0.0292638088
29,49,0.765625,0.453125,-0.228238882,-0.245345001,-0.00114504914,-0.256484949,-0.297077672,-0.0153887661,-0.24394625,-0.309703642,-0.024887048
29,50,0.78125,0.453125,-0.213653152,-0.25243975,0.00127991645,-0.24669147,-0.311065898,-0.0113282807,-0.241400871,-0.330536757,-0.0202605378
29,51,0.796875,0.453125,-0.197111888,-0.25570471,0.0035013399,-0.233809368,-0.320608781,-0.00734605001,-0.235699273,-0.347860344,-0.0154903005
29,52,0.8125,0.453125,-0.178837829,-0.254770818,0.00544165856,-0.21772234,-0.324715932,-0.00357985271,-0.226215658,-0.360074143,-0.0107213888
29,53,0.828125,0.453125,-0.159159755,-0.249386026,0.00703451414,-0.198524663,-0.322507463,-0.000171090787,-0.212507751,-0.365473455,-0.00613377138
29,54,0.84375,0.453125,-0.138509499,-0.239452144,0.00823045589,-0.176566988,-0.313344261,0.00274907144,-0.194448924,-0.362468785,-0.001928394
29,55,0.859375,0.453125,-0.117409422,-0.225056153,0.00900156132,-0.152475164,-0.296959764,0.00507571656,-0.172346144,-0.349870941,0.00169720969
29,56,0.875,0.453125,-0.0964501433,-0.206491392,0.00934417677,-0.127130417,-0.273566881,0.006745263,-0.147005755,-0.327191756,0.00458054339
29,57,0.890625,0.453125,-0.0762594274,-0.184264024,0.0092792044,-0.101606088,-0.243912524,0.00774587428,-0.119710926,-0.2948834,0.00662546215
29,58,0.90625,0.453125,-0.0574644705,-0.159081064,0.00884972271,-0.0770668272,-0.209259978,0.0081199358,-0.0920934598,-0.254433919,0.00782313898
29,59,0.921875,0.453125,-0.0406513825,-0.131818485,0.00811615517,-0.0546473482,-0.171295475,0.00795719259,-0.0659164718,-0.208266427,0.00825433261
29,60,0.9375,0.453125,-0.0263271282,-0.103471779,0.00714961135,-0.0353350168,-0.131974928,0.00737976602,-0.0428198309,-0.159450581,0.00807076124
29,61,0.953125,0.453125,-0.014889753,-0.0750956579,0.00602431097,-0.0198803113,-0.0933424286,0.00652257242,-0.0240981382,-0.111301505,0.00746128244
29,62,0.96875,0.453125,-0.00661165433,-0.0477425277,0.00481007725,-0.008751561,-0.0573574414,0.00551359909,-0.0105698667,-0.0669782758,0.0066137941
29,63,0.984375,0.453125,-0.00163808112,-0.0224093744,0.00356297127,-0.00213871334,-0.0257613775,0.00445195199,-0.00256230824,-0.029181701,0.00567655617
29,64,1,0.453125,0,0,0.00231949612,0,0,0.00339611815,0,0,0.00473717853
30,0,0,0.46875,0,0,0.00906866658,0,0,0.0131053009,0,0,0.0148807821
30,1,0.015625,0.46875,-0.000732245262,0.0288998123,0.00861072511,-0.000804785283,0.0376323224,0.012785338,-0.000818390483,0.0454228996,0.0146333171
30,2,0.03125,0.46875,-0.00274143276,0.0541398145,0.00819477029,-0.00302445957,0.0695157364,0.0124871953,-0.00312658316,0.0829261842,0.0143885786
30,3,0.046875,0.46875,-0.00585722399,0.0759904864,0.00782282349,-0.00647960493,0.0962504493,0.0121981039,-0.00676877262,0.11350579,0.0141197821
30,4,0.0625,0.46875,-0.00992464772,0.0947566784,0.00748473306,-0.0109996042,0.118501219,0.0118950577,-0.0115694249,0.138277377,0.0137921414
30,5,0.078125,0.46875,-0.0148035418,0.110759271,0.00716080488,-0.0164226964,0.136953487,0.0115495273,-0.0173407813,0.158382931,0.0133696585
30,6,0.09375,0.46875,-0.0203685112,0.124319376,0.00683202783,-0.0225988243,0.152272538,0.011135387,-0.0238965738,0.174896086,0.0128207578
30,7,0.109375,0.46875,-0.0265088897,0.135745395,0.00648096398,-0.0293927869,0.165068308,0.0106296795,-0.0310644359,0.188743776,0.0121183817
30,8,0.125,0.46875,-0.0331284319,0.145323129,0.00609215993,-0.0366863142,0.175868583,0.0100125345,-0.0386935111,0.200656063,0.0112391127
30,9,0.140625,0.46875,-0.0401446415,0.153308845,0.00565224708,-0.0443785313,0.185102219,0.0092667258,-0.0466566523,0.211147745,0.0101622273
30,10,0.15625,0.46875,-0.0474877595,0.159924971,0.00514986158,-0.0523848628,0.193092655,0.008377183,-0.054848299,0.220528108,0.00886915393
30,11,0.171875,0.46875,-0.0550994941,0.165357975,0.00457547779,-0.0606347526,0.200060622,0.00733064215,-0.0631798092,0.228930686,0.00734349871
30,12,0.1875,0.46875,-0.0629315926,0.169757977,0.00392122289,-0.0690687098,0.206134035,0.00611551739,-0.0715739923,0.236353427,0.00557160299
30,13,0.203125,0.46875,-0.0709443448,0.173239781,0.00318071503,-0.0776351742,0.211362559,0.00472201027,-0.0799601822,0.242700872,0.00354349483
30,14,0.21875,0.46875,-0.0791050943,0.175885042,0.00234895188,-0.0862876087,0.215734384,0.00314242933,-0.0882706404,0.247822487,0.00125405172
30,15,0.234375,0.46875,-0.0873868102,0.177745375,0.0014222607,-0.0949820936,0.219193131,0.0013716677,-0.0964385935,0.251544283,-0.0012958127
30,16,0.25,0.46875,-0.095766758,0.178846176,0.000398313489,-0.103675576,0.221653451,-0.000592224833,-0.104397849,0.253693157,-0.00409811319
30,17,0.265625,0.46875,-0.104225294,0.179190873,-0.000723796459,-0.112324822,0.223014531,-0.00274744287,-0.112083729,0.254114774,-0.00713705231
30,18,0.28125,0.46875,-0.112744796,0.178765328,-0.00194342706,-0.120886049,0.223171273,-0.00508786726,-0.119434947,0.252686263,-0.0103886926
30,19,0.296875,0.46875,-0.121308731,0.17754209,-0.00325822029,-0.129315155,0.222023261,-0.00760261039,-0.126396047,0.249324838,-0.0138211185
30,20,0.3125,0.46875,-0.129900869,0.175484289,-0.0046639092,-0.137568461,0.219481794,-0.0102757176,-0.132919996,0.243993034,-0.0173951163
30,21,0.328125,0.46875,-0.138504621,0.172549035,-0.00615411501,-0.145603818,0.215475282,-0.0130860706,-0.138970599,0.236700868,-0.0210653525
30,22,0.34375,0.46875,-0.147102514,0.168690298,-0.00772014725,-0.153381974,0.209953197,-0.0160075184,-0.144524418,0.227505069,-0.024781973
30,23,0.359375,0.46875,-0.155675792,0.163861317,-0.00935082544,-0.160868047,0.202888711,-0.0190092507,-0.149571998,0.216505481,-0.0284924951
30,24,0.375,0.46875,-0.164204136,0.158016635,-0.0110323395,-0.16803297,0.194280031,-0.0220564026,-0.154118257,0.203838953,-0.0321438362
30,25,0.390625,0.46875,-0.172665505,0.151113874,-0.0127481638,-0.174854793,0.184150445,-0.0251108624,-0.15818204,0.189671213,-0.0356843016
30,26,0.40625,0.46875,-0.181036073,0.143115331,-0.0144790444,-0.181319724,0.172547093,-0.0281322348,-0.16179491,0.174187426,-0.0390653703
30,27,0.421875,0.46875,-0.189290244,0.133989452,-0.0162030721,-0.187422828,0.15953852,-0.0310789,-0.164999331,0.157582251,-0.0422431495
30,28,0.4375,0.46875,-0.197400698,0.123712193,-0.0178958542,-0.19316834,0.145211185,-0.0339090975,-0.167846465,0.140050202,-0.0451794124
30,29,0.453125,0.46875,-0.205338416,0.11226825,-0.0195307884,-0.198569554,0.129665104,-0.0365819678,-0.170393812,0.121776982,-0.0478421868
30,30,0.46875,0.46875,-0.213072618,0.0996521305,-0.0210794391,-0.203648296,0.113008933,-0.0390584856,-0.172702926,0.102932306,-0.0502059122
30,31,0.484375,0.46875,-0.220570548,0.0858690336,-0.0225120082,-0.208433991,0.0953547722,-0.0413022364,-0.174837373,0.0836644576,-0.0522512171
30,32,0.5,0.46875,-0.227797012,0.070935554,-0.0237978914,-0.21296235,0.0768130087,-0.0432799978,-0.176861104,0.0640966151,-0.053964394
30,33,0.515625,0.46875,-0.234713635,0.0548802523,-0.0249063013,-0.217273681,0.0574875104,-0.0449621099,-0.178837263,0.0443247579,-0.0553366582
30,34,0.53125,0.46875,-0.241277752,0.0377441981,-0.0258069455,-0.22141082,0.0374714332,-0.0463226314,-0.180827456,0.0244168499,-0.0563632699
30,35,0.546875,0.46875,-0.247440923,0.0195816385,-0.0264707474,-0.225416647,0.0168439148,-0.0473393016,-0.182891378,0.0044129053,-0.0570425895
30,36,0.5625,0.46875,-0.253147072,0.000460993307,-0.0268706018,-0.229331105,-0.00433209118,-0.0479933379,-0.185086625,-0.0156744334,-0.0573751152
30,37,0.578125,0.46875,-0.258330292,-0.0195335972,-0.0269821694,-0.233187624,-0.0260105587,-0.0482691194,-0.187468455,-0.0358590889,-0.0573625394
30,38,0.59375,0.46875,-0.262912426,-0.0402999423,-0.0267847164,-0.237008807,-0.048161381,-0.0481538171,-0.190089142,-0.0561806236,-0.0570068435
30,39,0.609375,0.46875,-0.266800594,-0.0617144931,-0.0262620171,-0.240801221,-0.0707672001,-0.0476370482,-0.192996492,-0.0767030496,-0.0563094457
30,40,0.625,0.46875,-0.269884924,-0.0836279383,-0.0254033371,-0.244549198,-0.0938175719,-0.0467106469,-0.196230979,-0.0975128933,-0.0552704228
30,41,0.640625,0.46875,-0.272036837,-0.105859708,-0.0242045156,-0.248207567,-0.117299878,-0.0453686635,-0.199820891,-0.118715612,-0.0538878432
30,42,0.65625,0.46875,-0.27310836,-0.128191582,-0.0226691501,-0.251693461,-0.141186367,-0.0436077138,-0.203774806,-0.140428983,-0.0521572814
30,43,0.671875,0.46875,-0.272932996,-0.150360841,-0.0208098684,-0.254877558,-0.165416782,-0.0414278215,-0.208070779,-0.162771558,-0.0500716384
30,44,0.6875,0.46875,-0.27132881,-0.172053702,-0.0186496282,-0.257575497,-0.189876315,-0.0388338864,-0.212641831,-0.18584388,-0.0476214607
30,45,0.703125,0.46875,-0.268104359,-0.192900134,-0.0162229375,-0.259540766,-0.214369217,-0.0358378923,-0.217357811,-0.209699927,-0.0447960324
30,46,0.71875,0.46875,-0.263068049,-0.212471453,-0.0135768172,-0.260460931,-0.238589354,-0.0324618976,-0.22200458,-0.234306632,-0.0415856
30,47,0.734375,0.46875,-0.256041269,-0.230282388,-0.0107712568,-0.259959793,-0.262090492,-0.0287417234,-0.22626284,-0.259490591,-0.0379851329
30,48,0.75,0.46875,-0.246875246,-0.245799372,-0.0078788565,-0.257608559,-0.284260983,-0.0247310376,-0.229690874,-0.284873774,-0.033999973
30,49,0.765625,0.46875,-0.235470996,-0.258456628,-0.00498332054,-0.252949281,-0.304309722,-0.0205052346,-0.231717749,-0.30980456,-0.0296534886
30,50,0.78125,0.46875,-0.221800966,-0.26768105,-0.00217651407,-0.245533173,-0.321272128,-0.0161641422,-0.231655767,-0.333296908,-0.0249962989
30,51,0.796875,0.46875,-0.205930206,-0.272925888,0.000446058823,-0.234974594,-0.334045749,-0.0118322627,-0.228742039,-0.353998041,-0.0201157247
30,52,0.8125,0.46875,-0.188034217,-0.273711935,0.00279125374,-0.221018127,-0.341463519,-0.00765509776,-0.222217523,-0.370211688,-0.0151428813
30,53,0.828125,0.46875,-0.168410394,-0.269673427,0.00477531856,-0.20361144,-0.342407746,-0.00379037887,-0.211445834,-0.380005512,-0.0102536621
30,54,0.84375,0.46875,-0.147480179,-0.260604551,0.00633117064,-0.182971288,-0.335958711,-0.000393901866,-0.196062361,-0.381422517,-0.00565948792
30,55,0.859375,0.46875,-0.125779891,-0.246501389,0.00741487075,-0.159625954,-0.321559633,0.00239881093,-0.176127816,-0.372792391,-0.00158512531
30,56,0.875,0.46875,-0.103939403,-0.227593548,0.0080101803,-0.134417164,-0.299167747,0.00449193601,-0.1522441,-0.353100354,0.00176526593
30,57,0.890625,0.46875,-0.082649283,-0.204359542,0.00813027632,-0.108450232,-0.269354867,0.00584530069,-0.125583749,-0.322328952,0.00424705885
30,58,0.90625,0.46875,-0.0626186434,-0.177520628,0.00781611362,-0.0829931058,-0.233325332,0.00648211093,-0.0977972683,-0.281663973,0.00580735416
30,59,0.921875,0.46875,-0.0445277894,-0.148009929,0.00713148502,-0.05934005,-0.192836417,0.00648536364,-0.0707986135,-0.233473171,0.0064980918
30,60,0.9375,0.46875,-0.0289817248,-0.116917925,0.00615540896,-0.038667969,-0.150031843,0.00598304065,-0.0464766026,-0.181033009,0.00646339403
30,61,0.953125,0.46875,-0.0164717661,-0.0854210301,0.00497292692,-0.0219171358,-0.107223094,0.00512558962,-0.0264145424,-0.128069632,0.00590442627
30,62,0.96875,0.46875,-0.00735189596,-0.0547047009,0.00366558714,-0.00972137501,-0.0666656887,0.00406121741,-0.0117000434,-0.078247655,0.00503378208
30,63,0.984375,0.46875,-0.00183371095,-0.0258937605,0.00230194044,-0.00239886148,-0.0303737951,0.00291051871,-0.0028715165,-0.034745423,0.0040289719
30,64,1,0.46875,0,0,0.000929778648,0,0,0.00174993111,0,0,0.00300229534
31,0,0,0.484375,0,0,0.00754979823,0,0,0.0115599137,0,0,0.0133071932
31,1,0.015625,0.484375,-0.000694116335,0.0302393041,0.00711267673,-0.000715725062,0.0390714052,0.0112690638,-0.000676045105,0.0468698741,0.0130921522
31,2,0.03125,0.484375,-0.00260784638,0.0566480685,0.00671364062,-0.00271842992,0.0722290747,0.0109932953,-0.00264596326,0.085708447,0.0128711355
31,3,0.046875,0.484375,-0.00558641048,0.0795114437,0.00635325742,-0.00586968454,0.100080527,0.0107175562,-0.00582554476,0.117488114,0.0126146331
31,4,0.0625,0.484375,-0.00948694239,0.0991477708,0.00602068933,-0.0100300127,0.123294581,0.0104179125,-0.0100918244,0.143299074,0.0122869124
31,5,0.078125,0.484375,-0.0141781607,0.115891274,0.00569631201,-0.0150594154,0.142562621,0.0100662045,-0.0152913044,0.164269449,0.0118527068
31,6,0.09375,0.484375,-0.0195407496,0.130076595,0.00536108356,-0.020821398,0.158559584,0.00963652554,-0.0212563705,0.18147383,0.01128099
31,7,0.109375,0.484375,-0.0254678354,0.142025744,0.00499745035,-0.0271876969,0.171908502,0.00910601013,-0.0278215346,0.195852158,0.0105451107
31,8,0.125,0.484375,-0.0318652034,0.152037884,0.00458977181,-0.0340420582,0.183152357,0.00845477362,-0.0348351396,0.208154346,0.00962194718
31,9,0.140625,0.484375,-0.0386511116,0.160382022,0.00412443374,-0.0412823328,0.192735634,0.00766548749,-0.04216524,0.218916687,0.00849099578
31,10,0.15625,0.484375,-0.045755696,0.167292367,0.0035897765,-0.0488207997,0.200996327,0.00672291057,-0.0497003517,0.228467711,0.00713387795
31,11,0.171875,0.484375,-0.0531200422,0.172965961,0.00297593674,-0.0565830227,0.208167578,0.00561356434,-0.0573467222,0.236955833,0.00553443175
31,12,0.1875,0.484375,-0.0606950303,0.17756216,0.00227466785,-0.0645057277,0.214386987,0.00432563838,-0.0650239622,0.24438904,0.00367935044
31,13,0.203125,0.484375,-0.0684400511,0.181203593,0.0014791859,-0.0725342225,0.219711091,0.00284914255,-0.0726605737,0.250677746,0.0015592201
31,14,0.21875,0.484375,-0.0763216807,0.183978354,0.000584067767,-0.0806198124,0.224132396,0.00117627645,-0.080190397,0.255674478,-0.000830240058
31,15,0.234375,0.484375,-0.084312373,0.185943166,-0.00041478547,-0.0887175486,0.227596806,-0.000698039462,-0.0875504692,0.259207033,-0.00348693596
31,16,0.25,0.484375,-0.0923892152,0.187127294,-0.00152011619,-0.0967845213,0.23001986,-0.00277554003,-0.094680364,0.261104234,-0.00640133964
31,17,0.265625,0.484375,-0.100532774,0.187536917,-0.00273321272,-0.104778791,0.231300909,-0.00505397216,-0.101522808,0.261214944,-0.00955576746
31,18,0.28125,0.484375,-0.108726055,0.187159657,-0.00405375629,-0.112658965,0.231334928,-0.00752650457,-0.108025216,0.259421493,-0.0129241137
31,19,0.296875,0.484375,-0.116953582,0.185968964,-0.00547962701,-0.120384359,0.230022028,-0.0101812587,-0.114141752,0.255648634,-0.0164721134
31,20,0.3125,0.484375,-0.125200614,0.183928145,-0.00700668067,-0.127915645,0.227274927,-0.0130010161,-0.119835496,0.249868741,-0.0201581546
31,21,0.328125,0.484375,-0.133452495,0.180993901,-0.00862851688,-0.135215861,0.223024645,-0.0159631494,-0.125080395,0.242103618,-0.0239346055
31,22,0.34375,0.484375,-0.141694141,0.17711934,-0.0103362508,-0.142251644,0.21722463,-0.0190398031,-0.129862694,0.232423108,-0.0277495607
31,23,0.359375,0.484375,-0.149909674,0.17225652,-0.012118311,-0.148994546,0.209853417,-0.0221983335,-0.134181686,0.220940756,-0.0315488641
31,24,0.375,0.484375,-0.15808219,0.16635861,-0.0139602815,-0.155422308,0.200915871,-0.0254019956,-0.138049675,0.207806877,-0.0352782359
31,25,0.390625,0.484375,-0.166193656,0.159381778,-0.0158448045,-0.161519964,0.190443024,-0.0286108383,-0.141491191,0.193199677,-0.0388853167
31,26,0.40625,0.484375,-0.174224908,0.151286879,-0.017751565,-0.167280689,0.178490541,-0.0317827573,-0.144541551,0.177315185,-0.0423214661
31,27,0.421875,0.484375,-0.182155734,0.142040978,-0.0196573701,-0.172706324,0.165135926,-0.0348746347,-0.147244944,0.160356878,-0.0455431871
31,28,0.4375,0.484375,-0.189964977,0.131618715,-0.0215363343,-0.177807541,0.15047464,-0.0378434949,-0.14965226,0.14252583,-0.0485131035
31,29,0.453125,0.484375,-0.1976306,0.120003472,-0.023360174,-0.182603649,0.134615357,-0.0406475971,-0.15181888,0.124012064,-0.0512004662
31,30,0.46875,0.484375,-0.205129659,0.107188309,-0.0250986056,-0.187122045,0.117674668,-0.0432474031,-0.15380263,0.104987589,-0.0535812202
31,31,0.484375,0.484375,-0.212438081,0.0931766336,-0.0267198393,-0.191397345,0.0997715331,-0.045606364,-0.15566208,0.0856013234,-0.0556376953
31,32,0.5,0.484375,-0.219530191,0.077982621,-0.0281911524,-0.195470228,0.081021799,-0.0476914925,-0.15745528,0.0659758767,-0.0573580091
31,33,0.515625,0.484375,-0.226377905,0.0616314346,-0.0294795222,-0.19938599,0.0615330533,-0.0494737007,-0.159239007,0.0462059387,-0.0587352718
31,34,0.53125,0.484375,-0.23294952,0.0441593729,-0.0305523003,-0.20319283,0.0414000809,-0.0509279027,-0.161068487,0.0263578946,-0.0597666735
31,35,0.546875,0.484375,-0.239208078,0.0256141205,-0.0313779169,-0.20693979,0.0207011388,-0.0520329022,-0.162997533,0.00647020355,-0.0604525257
31,36,0.5625,0.484375,-0.245109271,0.0060553409,-0.0319266059,-0.210674292,-0.000504729488,-0.0527710925,-0.165078938,-0.0134459114,-0.0607952993
31,37,0.578125,0.484375,-0.250598911,-0.0144441169,-0.0321711546,-0.214439113,-0.0221791027,-0.0531280164,-0.167364914,-0.0334058271,-0.0607986856
31,38,0.59375,0.484375,-0.255610046,-0.0357961051,-0.0320876921,-0.21826864,-0.044304008,-0.053091846,-0.169907259,-0.0534511408,-0.0604666917
31,39,0.609375,0.484375,-0.260059854,-0.0578938863,-0.0316565384,-0.222184184,-0.0668797639,-0.0526528514,-0.172756861,-0.0736495091,-0.0598027697
31,40,0.625,0.484375,-0.263846525,-0.0806074487,-0.0308631484,-0.226188143,-0.0899202981,-0.0518029532,-0.175962022,-0.0940943279,-0.0588089818
31,41,0.640625,0.484375,-0.266846486,-0.103777327,-0.0296991829,-0.230256848,-0.113445257,-0.0505354631,-0.17956495,-0.114903451,-0.0574852175
31,42,0.65625,0.484375,-0.268912387,-0.127207004,-0.0281637347,-0.234332024,-0.137468095,-0.048845148,-0.18359568,-0.136215607,-0.0558285081
31,43,0.671875,0.484375,-0.269872464,-0.150654225,-0.0262647209,-0.238311034,-0.161979299,-0.0467287697,-0.188062609,-0.158182555,-0.0538325343
31,44,0.6875,0.484375,-0.269531963,-0.173821888,-0.0240204109,-0.242036405,-0.186924035,-0.0441862699,-0.192938907,-0.180954384,-0.0514874922
31,45,0.703125,0.484375,-0.267677462,-0.196349585,-0.0214610135,-0.245285677,-0.212173928,-0.0412227729,-0.198144371,-0.204654862,-0.0487805812
31,46,0.71875,0.484375,-0.26408489,-0.21780733,-0.0186301585,-0.247763285,-0.237493576,-0.0378515346,-0.203522949,-0.229343588,-0.045697484
31,47,0.734375,0.484375,-0.25853196,-0.237693409,-0.0155860228,-0.249097056,-0.262503804,-0.0340978741,-0.208817415,-0.254962436,-0.0422253178
31,48,0.75,0.484375,-0.250815366,-0.255438637,-0.0124017494,-0.248842723,-0.286645812,-0.0300039272,-0.213644556,-0.281265853,-0.0383575739
31,49,0.765625,0.484375,-0.240772529,-0.27041928,-0.00916473403,-0.246500509,-0.309153058,-0.0256337547,-0.217476855,-0.307738748,-0.0341014661
31,50,0.78125,0.484375,-0.228306816,-0.281980539,-0.00597434251,-0.241547824,-0.329040585,-0.0210779071,-0.219639657,-0.333512467,-0.0294876972
31,51,0.796875,0.484375,-0.213414098,-0.289471459,-0.0029377193,-0.233490886,-0.345123827,-0.0164560631,-0.2193354,-0.357298588,-0.0245818247
31,52,0.8125,0.484375,-0.196207484,-0.29229063,-0.000163586469,-0.221935127,-0.356079086,-0.0119159617,-0.215707082,-0.377370348,-0.0194950382
31,53,0.828125,0.484375,-0.176936336,-0.289940064,0.00224567295,-0.206669146,-0.360554302,-0.00762681062,-0.207949395,-0.391628618,-0.0143905118
31,54,0.84375,0.484375,-0.155995549,-0.282082647,0.00420287731,-0.187750293,-0.357329747,-0.0037659937,-0.195465516,-0.397786803,-0.0094802131
31,55,0.859375,0.484375,-0.13392181,-0.268596929,0.00564464165,-0.165573331,-0.345513888,-0.000499432146,-0.178049524,-0.393689202,-0.00500737164
31,56,0.875,0.484375,-0.111374956,-0.249622,0.0065382415,-0.140900104,-0.324742603,0.00204173362,-0.156052304,-0.377735823,-0.00121303844
31,57,0.890625,0.484375,-0.0891044847,-0.225584783,0.00688536356,-0.114831326,-0.295336582,0.00378311728,-0.130472125,-0.349330232,0.0017084879
31,58,0.90625,0.484375,-0.0679033233,-0.197202557,0.00672178987,-0.0887134334,-0.258370161,0.00472145836,-0.102914262,-0.309219054,0.00365322003
31,59,0.921875,0.484375,-0.0485532545,-0.165455404,0.00611275979,-0.0639920433,-0.215620612,0.00492617185,-0.0753973648,-0.259587093,0.00463395333
31,60,0.9375,0.484375,-0.0317688699,-0.131527803,0.00514455673,-0.0420420481,-0.169397843,0.00452633243,-0.0500420809,-0.203834652,0.0047773261
31,61,0.953125,0.484375,-0.018148881,-0.0967254867,0.00391354846,-0.0240142236,-0.122289023,0.00368596915,-0.0287319624,-0.146078064,0.00429041966
31,62,0.96875,0.484375,-0.00814365128,-0.0623805829,0.00251429542,-0.0107342555,-0.0768757157,0.0025740717,-0.0128539327,-0.0905213017,0.00340858156
31,63,0.984375,0.484375,-0.00204503801,-0.0297612704,0.00102991025,-0.00267454534,-0.0354827525,0.00133527194,-0.0031933511,-0.0408817444,0.00234047858
31,64,1,0.484375,0,0,-0.000478237822,0,0,6.7114651e-05,0,0,0.00122659285
32,0,0,0.5,0,0,0.00595985502,0,0,0.00997112112,0,0,0.0117132632
32,1,0.015625,0.5,-0.000651538603,0.0315076586,0.00554616142,-0.000620172279,0.0403507524,0.00971199394,-0.00052718299,0.0480688629,0.0115329946
32,2,0.03125,0.5,-0.00245808661,0.0590321086,0.0051663872,-0.00238823361,0.0746696959,0.00946112522,-0.00213917961,0.0880756838,0.0113382736
32,3,0.046875,0.5,-0.00528167479,0.0828695824,0.00481964387,-0.00520843266,0.103562032,0.00920124681,-0.00482440067,0.120951651,0.0110970166
32,4,0.0625,0.5,-0.00899251597,0.103348429,0.00449448618,-0.0089741497,0.12769095,0.00890762334,-0.00851468481,0.147743137,0.010772702
32,5,0.078125,0.5,-0.0134689553,0.120813078,0.00417149566,-0.0135688208,0.147744872,0.0085526226,-0.0130936779,0.169547477,0.0103309389
32,6,0.09375,0.5,-0.0185983045,0.135609051,0.00383170703,-0.0188710194,0.164400819,0.00811068871,-0.0184152979,0.187426316,0.00974138601
32,7,0.109375,0.5,-0.0242778584,0.148069849,0.00345752672,-0.0247606572,0.178288969,0.00755915638,-0.0243233521,0.202322545,0.00897793385
32,8,0.125,0.5,-0.0304156646,0.158506405,0.00303317491,-0.031124422,0.189963219,0.00687821957,-0.0306671516,0.214999769,0.0080179002
32,9,0.140625,0.5,-0.0369308512,0.167199337,0.00254481473,-0.0378595193,0.199880961,0.00605053185,-0.0373111168,0.226012957,0.00684115249
32,10,0.15625,0.5,-0.043753476,0.174393902,0.00198049656,-0.0448754747,0.208393345,0.00506076187,-0.0441385738,0.235709591,0.0054296556
32,11,0.171875,0.5,-0.0508239673,0.180297309,0.00133001169,-0.0520942101,0.21574555,0.00389529582,-0.0510511851,0.244254296,0.00376761789
32,12,0.1875,0.5,-0.058092261,0.185077986,0.000584724351,-0.0594488433,0.222085235,0.00254217619,-0.0579658701,0.251667279,0.00184219715
32,13,0.203125,0.5,-0.0655167479,0.188866431,-0.000262571574,-0.0668817427,0.227476643,0.000991294896,-0.0648109191,0.257867307,-0.000355390161
32,14,0.21875,0.5,-0.0730631258,0.191757363,-0.00121774129,-0.0743423286,0.23191771,-0.000765189917,-0.071522539,0.262712382,-0.00282856362
32,15,0.234375,0.5,-0.0807032242,0.19381291,-0.00228533094,-0.0817850164,0.23535784,-0.00273227289,-0.07804252,0.26603425,-0.0055740912
32,16,0.25,0.5,-0.0884138545,0.195066577,-0.00346851593,-0.0891675694,0.237714693,-0.00491142924,-0.0843172378,0.267665496,-0.00858101474
32,17,0.265625,0.5,-0.0961757193,0.195527713,-0.00476898172,-0.0964500044,0.238888975,-0.00729993146,-0.0902978619,0.267459626,-0.0118299505
32,18,0.28125,0.5,-0.103972407,0.195186136,-0.00618674566,-0.10359409,0.238776841,-0.00989023077,-0.095941447,0.265305207,-0.0152928823
32,19,0.296875,0.5,-0.111789493,0.19401665,-0.00771993395,-0.110563397,0.237279941,-0.0126694768,-0.10121251,0.261135118,-0.0189335186
32,20,0.3125,0.5,-0.119613768,0.191983202,-0.00936453109,-0.117323812,0.234313297,-0.0156192341,-0.106084699,0.254931677,-0.0227082238
32,21,0.328125,0.5,-0.127432596,0.189042562,-0.0111141184,-0.123844383,0.22981128,-0.0187154435,-0.110542211,0.246728066,-0.0265674748
32,22,0.34375,0.5,-0.135233431,0.185147477,-0.0129596209,-0.130098369,0.223731881,-0.0219286511,-0.114580723,0.23660636,-0.0304577307
32,23,0.359375,0.5,-0.143003473,0.180249367,-0.0148890841,-0.136064345,0.216059375,-0.0252245162,-0.118207658,0.224692461,-0.0343235608
32,24,0.375,0.5,-0.150729483,0.174300617,-0.0168875013,-0.141727244,0.206805449,-0.0285645751,-0.121441778,0.211148458,-0.0381098432
32,25,0.390625,0.5,-0.158397724,0.167256591,-0.0189367106,-0.147079235,0.196008827,-0.0319072199,-0.124312107,0.196163089,-0.0417638428
32,26,0.40625,0.5,-0.16599402,0.15907741,-0.0210153818,-0.15212034,0.183733452,-0.0352088339,-0.126856355,0.179941178,-0.0452370055
32,27,0.421875,0.5,-0.173503881,0.149729521,-0.0230991075,-0.156858766,0.170065372,-0.0384250074,-0.129118987,0.162692961,-0.0484863431
32,28,0.4375,0.5,-0.180912651,0.139187059,-0.0251606086,-0.16131092,0.15510851,-0.0415117572,-0.131149164,0.144624139,-0.0514753481
32,29,0.453125,0.5,-0.188205611,0.127432932,-0.0271700515,-0.165501123,0.138979608,-0.0444266668,-0.132998743,0.125927352,-0.0541744219
32,30,0.46875,0.5,-0.195367964,0.114459611,-0.0290954741,-0.169461054,0.12180263,-0.047129884,-0.134720536,0.106775505,-0.0565608633
32,31,0.484375,0.5,-0.202384623,0.100269566,-0.0309033039,-0.173228953,0.103702955,-0.0495849209,-0.136366935,0.0873171073,-0.0586184888
32,32,0.5,0.5,-0.209239732,0.0848753783,-0.03255895,-0.176848631,0.0848016533,-0.051759218,-0.137989022,0.0676735421,-0.0603369807
32,33,0.515625,0.5,-0.215915825,0.0682995807,-0.0340274429,-0.1803683,0.0652101125,-0.0536244574,-0.139636188,0.0479379646,-0.0617110561
32,34,0.53125,0.5,-0.222392575,0.0505743714,-0.035274104,-0.183839212,0.0450252335,-0.0551566243,-0.141356236,0.0281753758,-0.0627395407
32,35,0.546875,0.5,-0.228645068,0.0317413894,-0.0362652265,-0.18731407,0.024325377,-0.0563358334,-0.143195914,0.00842335709,-0.0634244153
32,36,0.5625,0.5,-0.234641571,0.0118518256,-0.0369687601,-0.190845105,0.00316723152,-0.0571459504,-0.145201757,-0.0113070515,-0.0637698741
32,37,0.578125,0.5,-0.240340784,-0.0090328216,-0.0373550011,-0.194481691,-0.0184162107,-0.0575740493,-0.147421043,-0.0310307687,-0.0637814133
32,38,0.59375,0.5,-0.245688618,-0.0308389989,-0.0373973081,-0.198267261,-0.0404163101,-0.0576097628,-0.149902626,-0.0507886773,-0.0634649531
32,39,0.609375,0.5,-0.250614588,-0.0534780144,-0.0370728702,-0.202235313,-0.0628476972,-0.0572445882,-0.152697285,-0.0706482863,-0.0628259799
32,40,0.625,0.5,-0.255027992,-0.0768413065,-0.0363635705,-0.20640419,-0.085744908,-0.0564712362,-0.15585713,-0.0907048035,-0.0618686957
32,41,0.640625,0.5,-0.25881415,-0.100793846,-0.0352569955,-0.210770368,-0.109155997,-0.0552831216,-0.159433442,-0.111081954,-0.0605951685
32,42,0.65625,0.5,-0.261831121,-0.125165604,-0.0337476407,-0.215300033,-0.133132181,-0.0536741292,-0.163472178,-0.131931324,-0.0590045081
32,43,0.671875,0.5,-0.263907467,-0.149741265,-0.0318383498,-0.219918896,-0.1577124,-0.0516388125,-0.168006225,-0.153428331,-0.0570921271
32,44,0.6875,0.5,-0.26484181,-0.174248705,-0.0295419965,-0.224500461,-0.182901672,-0.0491732164,-0.173043415,-0.175762118,-0.0548492234
32,45,0.703125,0.5,-0.264405113,-0.198347207,-0.0268833677,-0.228853499,-0.208642337,-0.046276539,-0.178549436,-0.199115885,-0.0522627096
32,46,0.71875,0.5,-0.262346721,-0.221616954,-0.0239011215,-0.23271011,-0.234777975,-0.0429538403,-0.184425212,-0.223633587,-0.0493159484
32,47,0.734375,0.5,-0.258405199,-0.243551912,-0.0206495888,-0.235716764,-0.261011054,-0.0392199508,-0.190479301,-0.249368984,-0.0459907888
32,48,0.75,0.5,-0.252324824,-0.263558804,-0.017200055,-0.237431773,-0.28685753,-0.0351045823,-0.19639759,-0.276214334,-0.042271531
32,49,0.765625,0.5,-0.243878048,-0.280965178,-0.0136410313,-0.237333748,-0.311604621,-0.0306583588,-0.201715204,-0.30380946,-0.0381514718
32,50,0.78125,0.5,-0.232893405,-0.295039481,-0.010076938,-0.234846268,-0.334281752,-0.0259590303,-0.205799064,-0.331438363,-0.0336424633
32,51,0.796875,0.5,-0.219287066,-0.30502522,-0.00662464648,-0.229383604,-0.353658446,-0.0211165381,-0.207853354,-0.357930615,-0.0287872595
32,52,0.8125,0.5,-0.203094839,-0.310189697,-0.00340751373,-0.220420144,-0.368285259,-0.0162749602,-0.206962913,-0.381597693,-0.023673116
32,53,0.828125,0.5,-0.184500047,-0.309885362,-0.000546943899,-0.207581315,-0.376592579,-0.0116089699,-0.202188729,-0.400247079,-0.0184431595
32,54,0.84375,0.5,-0.163852057,-0.303619076,0.0018478938,-0.190746258,-0.377054526,-0.0073126874,-0.192721953,-0.411322389,-0.0132999555
32,55,0.859375,0.5,-0.141670514,-0.291121982,0.00369091331,-0.170143422,-0.368409822,-0.00358012064,-0.178085296,-0.412205603,-0.00849469592
32,56,0.875,0.5,-0.118631837,-0.272410874,0.00492873497,-0.146412888,-0.349909752,-0.000578934201,-0.158344293,-0.400677753,-0.00429737899
32,57,0.890625,0.5,-0.0955369005,-0.247831175,0.0055471556,-0.120608302,-0.321541538,0.00157748668,-0.134263972,-0.375466994,-0.000949554182
32,58,0.90625,0.5,-0.0732616029,-0.218071858,0.00557289955,-0.0941212794,-0.284164615,0.00285216046,-0.107336093,-0.336738733,0.00138941446
32,59,0.921875,0.5,-0.0526949453,-0.184144383,0.00506989469,-0.0685320797,-0.239507802,0.00329317829,-0.0796269539,-0.286345352,0.00268377895
32,60,0.9375,0.5,-0.034672362,-0.147322298,0.00413037835,-0.0454157796,-0.190009663,0.00302455504,-0.0534594482,-0.227698411,0.00303197035
32,61,0.953125,0.5,-0.0199148633,-0.109046249,0.00286214763,-0.0261514037,-0.138530887,0.00222064141,-0.0310194584,-0.165257781,0.00263885074
32,62,0.96875,0.5,-0.00898549817,-0.070808544,0.00137393119,-0.0117828318,-0.088005367,0.00107091635,-0.0140187926,-0.103786266,0.00175895203
32,63,0.984375,0.5,-0.00227211935,-0.0340374118,-0.000234381865,-0.00296439321,-0.0411080506,-0.000253680851,-0.00352496154,-0.0475993557,0.000633086826
32,64,1,0.5,0,0,-0.00188526336,0,0,-0.00163121477,0,0,-0.000566808116
33,0,0,0.515625,0,0,0.00430621693,0,0,0.00835086284,0,0,0.0101139537
33,1,0.015625,0.515625,-0.000605283176,0.0326973907,0.00391816747,-0.000519875381,0.0414596388,0.00812559153,-0.000374726272,0.0490090537,0.0099702687
33,2,0.03125,0.515625,-0.00229479321,0.0612782046,0.00355972284,-0.00203958457,0.076817335,0.0079018677,-0.00161553886,0.0900056647,0.00980413413
33,3,0.046875,0.515625,-0.00494822752,0.0860458731,0.00322858175,-0.0045067303,0.106666443,0.00766032973,-0.00378263732,0.12386362,0.00958110482
33,4,0.0625,0.515625,-0.00844952657,0.107335051,0.0029127938,-0.00784854388,0.131654969,0.00737558408,-0.00686365811,0.151568351,0.00926403267
33,5,0.078125,0.515625,-0.0126871586,0.125497062,0.00259328382,-0.0119731251,0.152459491,0.00702066479,-0.0107816198,0.174170062,0.00881950252
33,6,0.09375,0.515625,-0.0175554337,0.140885498,0.00225126807,-0.0167754075,0.16975142,0.00657047888,-0.0154146615,0.192703505,0.00821795141
33,7,0.109375,0.515625,-0.0229560764,0.153843104,0.00186918383,-0.0221446715,0.184161905,0.00600265095,-0.0206184106,0.208104011,0.0074339098
33,8,0.125,0.515625,-0.0287995644,0.164690877,0.00143115017,-0.0279715406,0.196251219,0.00529752818,-0.0262451612,0.221142111,0.00644524371
33,9,0.140625,0.515625,-0.0350059869,0.173719833,0.000923121074,-0.0341533321,0.206486687,0.00443781363,-0.0321571207,0.232388109,0.00523231041
33,10,0.15625,0.515625,-0.0415053579,0.181185483,0.000332850868,-0.0405973591,0.215231018,0.00340815108,-0.0382333558,0.242207779,0.00377753778
33,11,0.171875,0.515625,-0.0482374422,0.187304746,-0.00035023246,-0.0472222848,0.222740946,0.00219485576,-0.0443715692,0.250783129,0.00206560946
33,12,0.1875,0.515625,-0.0551512012,0.192254941,-0.00113517897,-0.0539579196,0.22917452,0.000785885658,-0.0504865012,0.258148774,8.42209641e-05
33,13,0.203125,0.515625,-0.0622039838,0.196174458,-0.00202964354,-0.0607439852,0.234604576,-0.000828927199,-0.0565067726,0.264234415,-0.00217475522
33,14,0.21875,0.515625,-0.0693605648,0.199164831,-0.00303996008,-0.0675283638,0.23903567,-0.00265741722,-0.0623715999,0.268906079,-0.00471391275
33,15,0.234375,0.515625,-0.0765921117,0.201293895,-0.00417114448,-0.0742652777,0.242422047,-0.00470445834,-0.0680282766,0.272001732,-0.00752898763
33,16,0.25,0.515625,-0.0838751378,0.202599789,-0.00542682382,-0.0809137201,0.244684848,-0.00697124871,-0.0734307871,0.273359576,-0.0106077738
33,17,0.265625,0.515625,-0.0911904817,0.20309547,-0.00680909421,-0.0874363307,0.24572743,-0.00945459052,-0.0785395262,0.272839153,-0.0139294437
33,18,0.28125,0.515625,-0.098522347,0.202773431,-0.00831831686,-0.093798793,0.24544832,-0.0121462475,-0.083321853,0.270336141,-0.0174643959
33,19,0.296875,0.515625,-0.105857431,0.201610325,-0.00995286856,-0.0999697363,0.24375175,-0.0150324562,-0.0877531026,0.265791885,-0.0211746938
33,20,0.3125,0.515625,-0.113184169,0.199571248,-0.0117088623,-0.105921063,0.240555914,-0.0180936524,-0.0918176818,0.259198443,-0.0250150962
33,21,0.328125,0.515625,-0.120492111,0.196613564,-0.0135798607,-0.111628583,0.235799203,-0.0213044623,-0.0955099294,0.250599641,-0.0289346195
33,22,0.34375,0.515625,-0.127771453,0.192690217,-0.0155565991,-0.117072819,0.229444591,-0.0246339801,-0.0988345211,0.240088555,-0.0328785055
33,23,0.359375,0.515625,-0.135012728,0.187752572,-0.0176267463,-0.12223986,0.221482292,-0.0280463373,-0.101806302,0.227801811,-0.0367904264
33,24,0.375,0.515625,-0.142206643,0.18175286,-0.0197747214,-0.127122129,0.211930762,-0.0315015387,-0.104449531,0.213911325,-0.0406147304
33,25,0.390625,0.515625,-0.149344064,0.174646315,-0.0219815897,-0.131718996,0.20083612,-0.0349565183,-0.106796611,0.198614254,-0.0442985357
33,26,0.40625,0.515625,-0.156416106,0.166393036,-0.0242250574,-0.136037152,0.188270071,-0.0383663481,-0.108886436,0.182122065,-0.0477935059
33,27,0.421875,0.515625,-0.16341429,0.15695961,-0.0264795808,-0.140090735,0.174326506,-0.0416855231,-0.110762536,0.164649687,-0.0510571946
33,28,0.4375,0.515625,-0.170330712,0.146320446,-0.0287165941,-0.143901192,0.159116997,-0.044869236,-0.112471198,0.146405586,-0.0540538971
33,29,0.453125,0.515625,-0.177158162,0.134458785,-0.0309048567,-0.147496909,0.142765491,-0.0478745614,-0.114059744,0.127583437,-0.0567550141
33,30,0.46875,0.515625,-0.183890118,0.121367321,-0.033010908,-0.150912651,0.125402497,-0.0506614808,-0.115575109,0.10835578,-0.0591389745
33,31,0.484375,0.515625,-0.190520539,0.107048402,-0.0349996133,-0.154188849,0.107159111,-0.0531936947,-0.117062816,0.0888698097,-0.0611908035
33,32,0.5,0.515625,-0.197043379,0.0915138226,-0.0368347746,-0.157370785,0.0881611467,-0.0554391845,-0.118566431,0.0692451306,-0.0629014329
33,33,0.515625,0.515625,-0.20345176,0.0747842776,-0.0384797789,-0.160507688,0.0685236345,-0.0573705092,-0.120127496,0.0495731519,-0.0642668528
33,34,0.53125,0.515625,-0.209736705,0.0568886167,-0.0398982604,-0.163651741,0.0483458501,-0.0589648365,-0.121785939,0.0299176199,-0.0652871883
33,35,0.546875,0.515625,-0.215885406,0.0378631172,-0.0410547558,-0.166856949,0.0277070319,-0.0602037257,-0.123580892,0.0103157245,-0.0659657661
33,36,0.5625,0.515625,-0.221878941,0.0177510565,-0.0419153418,-0.170177779,0.00666289165,-0.0610726893,-0.125551837,-0.00922078229,-0.0663082069
33,37,0.578125,0.515625,-0.227689437,-0.00339707039,-0.0424482583,-0.173667407,-0.0147569472,-0.0615605721,-0.127739927,-0.0287049577,-0.0663215589
33,38,0.59375,0.515625,-0.233276651,-0.025522301,-0.0426245355,-0.177375384,-0.0365503853,-0.0616587979,-0.130189304,-0.0481748983,-0.0660134638
33,39,0.609375,0.515625,-0.238584035,-0.0485545123,-0.0424186583,-0.181344411,-0.0587428343,-0.0613605414,-0.132948109,-0.0676950048,-0.0653913365
33,40,0.625,0.515625,-0.243534373,-0.0724078872,-0.041809318,-0.18560592,-0.0813852436,-0.060659899,-0.136068814,-0.0873581715,-0.0644615303
33,41,0.640625,0.515625,-0.24802522,-0.096974198,-0.0407803146,-0.190174085,-0.104549414,-0.059551153,-0.13960729,-0.107288404,-0.063228465
33,42,0.65625,0.515625,-0.251924464,-0.122113687,-0.0393216813,-0.195037916,-0.128319567,-0.0580282497,-0.143619902,-0.127642824,-0.0616937193
33,43,0.671875,0.515625,-0.255066545,-0.147643536,-0.0374310947,-0.200151185,-0.152778871,-0.0560846465,-0.148157636,-0.148611317,-0.0598551189
33,44,0.6875,0.515625,-0.257250061,-0.173324241,-0.0351156206,-0.205420135,-0.177989431,-0.0537137271,-0.153256173,-0.170411173,-0.0577059144
33,45,0.703125,0.515625,-0.258237723,-0.198844674,-0.0323937982,-0.210689349,-0.20396428,-0.0509100265,-0.15892068,-0.193273065,-0.0552342406
33,46,0.71875,0.515625,-0.257759876,-0.223807245,-0.0292979884,-0.215726802,-0.230630312,-0.0476715329,-0.165104351,-0.217413723,-0.0524231648
33,47,0.734375,0.515625,-0.25552291,-0.247715306,-0.025876799,-0.220210062,-0.257782141,-0.044003325,-0.171680352,-0.242990058,-0.0492518107
33,48,0.75,0.515625,-0.251223901,-0.269965787,-0.0221972448,-0.223716902,-0.285028828,-0.0399227078,-0.178408281,-0.27002995,-0.0456982154
33,49,0.765625,0.515625,-0.244572459,-0.2898507,-0.018346125,-0.225725007,-0.311738563,-0.0354657802,-0.184898672,-0.298337274,-0.0417447292
33,50,0.78125,0.515625,-0.235319995,-0.306571521,-0.0144299342,-0.225626826,-0.336990729,-0.030694938,-0.190582778,-0.327374317,-0.0373867317
33,51,0.796875,0.515625,-0.223295292,-0.319270024,-0.0105725454,-0.222766193,-0.359549951,-0.0257061608,-0.194699521,-0.35613474,-0.0326450215
33,52,0.8125,0.515625,-0.208443502,-0.327077649,-0.00690999335,-0.216502238,-0.377881374,-0.0206341053,-0.196316185,-0.383034974,-0.0275811326
33,53,0.828125,0.515625,-0.190863712,-0.329182847,-0.00358203852,-0.206302138,-0.390228188,-0.0156522582,-0.194401741,-0.405869577,-0.0223128365
33,54,0.84375,0.515625,-0.170838686,-0.32491218,-0.000720840532,-0.191856562,-0.39476764,-0.0109651431,-0.187967683,-0.421890235,-0.0170244066
33,55,0.859375,0.515625,-0.148849969,-0.313817149,0.00156206914,-0.173200692,-0.389847258,-0.00679043469,-0.176276328,-0.428066862,-0.0119639031
33,56,0.875,0.515625,-0.12557268,-0.295755613,0.00318849642,-0.150812206,-0.374277723,-0.0033313046,-0.15908841,-0.421557148,-0.00741990922
33,57,0.890625,0.515625,-0.101847061,-0.270955017,0.00412347035,-0.125651337,-0.34762819,-0.000743228125,-0.136885693,-0.400338432,-0.00367522344
33,58,0.90625,0.515625,-0.0786274914,-0.240044513,0.004379953,-0.0991138017,-0.310446383,0.00089649478,-0.110978015,-0.363856072,-0.000945479749
33,59,0.921875,0.515625,-0.0569135859,-0.204044645,0.00401686672,-0.0728887947,-0.264326112,0.00160641348,-0.0834139672,-0.313463737,0.000677534905
33,60,0.9375,0.515625,-0.0376719901,-0.164307885,0.00313026865,-0.0487463439,-0.211778519,0.00149808524,-0.0566772101,-0.252442148,0.00125326809
33,61,0.953125,0.515625,-0.0217613652,-0.122412351,0.00183893042,-0.028307266,-0.15592197,0.000751517592,-0.0332477803,-0.18551872,0.000974818974
33,62,0.96875,0.515625,-0.00987515801,-0.0800233268,0.000266658701,-0.0128590345,-0.100062726,-0.000424668181,-0.0151821187,-0.118015799,0.000110657592
33,63,0.984375,0.515625,-0.0025148231,-0.0387467685,-0.00146757898,-0.00326682095,-0.0472655843,-0.00183140831,-0.00386341666,-0.054900537,-0.00106638915
33,64,1,0.515625,0,0,-0.00326722644,0,0,-0.00331906675,0,0,-0.00235005927
34,0,0,0.53125,0,0,0.00259671806,0,0,0.00671116641,0,0,0.00852376479
34,1,0.015625,0.53125,-0.00055625093,0.0338024518,0.00223606198,-0.000416714372,0.0423903369,0.00652135119,-0.000221650072,0.0496844017,0.00841789166
34,2,0.03125,0.53125,-0.00212107322,0.0633750529,0.00190067867,-0.00167870341,0.0786565508,0.00632668506,-0.00108469091,0.0914835949,0.00828229557
34,3,0.046875,0.53125,-0.00459223956,0.0890243158,0.00158694881,-0.00377654298,0.109370991,0.00610589535,-0.00271844374,0.12619977,0.00808044488
34,4,0.0625,0.53125,-0.00786769067,0.11108736,0.00128254723,-0.00667152834,0.135157345,0.00583309423,-0.00516601909,0.15474212,0.00777473777
34,5,0.078125,0.53125,-0.0118462204,0.129918985,0.000968880602,-0.0102971401,0.156671736,0.00548210226,-0.00839126058,0.17809848,0.00733279506
34,6,0.09375,0.53125,-0.016429295,0.145877969,0.000627449606,-0.0145656867,0.174572365,0.00502838162,-0.0122989087,0.197263107,0.00672588334
34,7,0.109375,0.53125,-0.0215231902,0.15931398,0.000240784036,-0.0193769206,0.189485102,0.00444991362,-0.0167589567,0.213153045,0.0059292268
34,8,0.125,0.53125,-0.0270409026,0.170556316,-0.000207070915,-0.0246264311,0.20197188,0.00372724937,-0.0216288923,0.226538479,0.00492130498
34,9,0.140625,0.53125,-0.0329035443,0.179905131,-0.00073037279,-0.0302125159,0.212506779,0.00284318469,-0.0267703711,0.238001151,0.00368304214
34,10,0.15625,0.53125,-0.0390411285,0.187625357,-0.00134168509,-0.0360409611,0.221462298,0.00178237918,-0.0320593233,0.247924039,0.00219740658
34,11,0.171875,0.53125,-0.0453927884,0.193943152,-0.00205197783,-0.0420276984,0.229106111,0.000531117815,-0.037390217,0.256507442,0.000449619294
34,12,0.1875,0.53125,-0.0519065403,0.199044528,-0.0028707539,-0.0480996573,0.235606935,-0.000922686543,-0.0426761208,0.263802482,-0.00157205854
34,13,0.203125,0.53125,-0.0585387226,0.203075795,-0.00380615678,-0.0541943014,0.241047087,-0.00258922821,-0.0478464285,0.269752406,-0.00387512279
34,14,0.21875,0.53125,-0.0652532269,0.206145491,-0.00486502387,-0.0602583851,0.245439002,-0.00447631089,-0.0528438383,0.274233887,-0.00646143211
34,15,0.234375,0.53125,-0.0720206107,0.208327483,-0.00605286989,-0.0662464112,0.248743196,-0.00658868021,-0.0576216716,0.277093437,-0.00932585611
34,16,0.25,0.53125,-0.0788171584,0.209664947,-0.00737379543,-0.0721191606,0.250885746,-0.00892727071,-0.0621420703,0.278176745,-0.012455183
34,17,0.265625,0.53125,-0.0856239371,0.210174922,-0.00883032109,-0.0778425362,0.251774048,-0.011488453,-0.0663751633,0.277350692,-0.015827457
34,18,0.28125,0.53125,-0.0924258879,0.209853085,-0.0104231596,-0.0833868384,0.251310247,-0.0142633705,-0.0702990051,0.274518783,-0.0194118688
34,19,0.296875,0.53125,-0.0992109867,0.208678472,-0.012150939,-0.0887264829,0.249402211,-0.0172374433,-0.0738999551,0.269630947,-0.023169257
34,20,0.3125,0.53125,-0.10596951,0.206617882,-0.0140098989,-0.0938400989,0.245972143,-0.0203901056,-0.0771731507,0.262688504,-0.0270532166
34,21,0.328125,0.53125,-0.112693428,0.203629846,-0.0159935793,-0.0987109026,0.240963037,-0.0236948241,-0.0801227857,0.253744906,-0.0310117397
34,22,0.34375,0.53125,-0.119375955,0.199668095,-0.0180925262,-0.103327218,0.234343159,-0.0271194196,-0.0827620042,0.242902733,-0.0349892533
34,23,0.359375,0.53125,-0.126011252,0.194684556,-0.0202940376,-0.107683029,0.226108685,-0.0306266921,-0.0851123249,0.230307472,-0.0389288743
34,24,0.375,0.53125,-0.13259429,0.188631953,-0.0225819762,-0.111778449,0.216284585,-0.0341753208,-0.0872026065,0.216138768,-0.042774682
34,25,0.390625,0.53125,-0.139120848,0.181466055,-0.0249366693,-0.115620048,0.204923849,-0.0377209878,-0.0890676415,0.200599994,-0.0464738114
34,26,0.40625,0.53125,-0.145587614,0.173147636,-0.0273349163,-0.119220969,0.192105191,-0.0412176521,-0.0907465156,0.183907103,-0.0499782054
34,27,0.421875,0.53125,-0.151992354,0.163644127,-0.029750119,-0.122600849,0.177929412,-0.0446188932,-0.0922808911,0.166277722,-0.0532459166
34,28,0.4375,0.53125,-0.15833408,0.152930931,-0.0321525381,-0.12578553,0.162514684,-0.0478792358,-0.0937133754,0.147921347,-0.0562419089
34,29,0.453125,0.53125,-0.164613155,0.140992338,-0.0345096714,-0.128806618,0.145991067,-0.0509553712,-0.0950861126,0.129031264,-0.0589383671
34,30,0.46875,0.53125,-0.170831291,0.127821988,-0.036786742,-0.131700924,0.12849457,-0.0538072084,-0.0964397065,0.109778577,-0.0613145735
34,31,0.484375,0.53125,-0.176991328,0.113422828,-0.0389472724,-0.13450984,0.110161089,-0.0563986993,-0.0978125476,0.0903084295,-0.0633564407
34,32,0.5,0.53125,-0.183096765,0.0978065994,-0.0409537162,-0.137278702,0.0911204923,-0.0586984034,-0.0992405784,0.0707382217,-0.0650558032
34,33,0.515625,0.53125,-0.189150944,0.0809929063,-0.0427681154,-0.140056139,0.0714910685,-0.0606797757,-0.100757502,0.0511574719,-0.0664095669
34,34,0.53125,0.53125,-0.19515583,0.0630080173,-0.0443527563,-0.142893435,0.0513744947,-0.0623211801,-0.102395412,0.0316287714,-0.0674188017
34,35,0.546875,0.53125,-0.201110319,0.0438836256,-0.0456707982,-0.145843826,0.0308514144,-0.0636056452,-0.1041858,0.012189255,-0.0680878395
34,36,0.5625,0.53125,-0.207008005,0.0236558569,-0.0466868636,-0.148961675,0.00997768922,-0.0645203852,-0.10616088,-0.007148016,-0.068423411
34,37,0.578125,0.53125,-0.212834362,0.00236488825,-0.0473675894,-0.152301351,-0.0112186049,-0.0650561258,-0.108355121,-0.0263933013,-0.0684338319
34,38,0.59375,0.53125,-0.218563284,-0.0199444014,-0.0476821581,-0.155915617,-0.0327393062,-0.0652062746,-0.110806867,-0.0455804953,-0.0681282262
34,39,0.609375,0.53125,-0.224152998,-0.0432202925,-0.0476028451,-0.159853243,-0.0546171616,-0.0649659895,-0.113559825,-0.0647687766,-0.0675157579
34,40,0.625,0.53125,-0.229541371,-0.0674001208,-0.0471056342,-0.164155474,-0.0769152346,-0.0643312073,-0.116664105,-0.0840456223,-0.066604836
34,41,0.640625,0.53125,-0.234640758,-0.0924037548,-0.046170978,-0.168850967,-0.0997240011,-0.0632977129,-0.120176349,-0.103530866,-0.0654022542
34,42,0.65625,0.53125,-0.239332623,-0.118124279,-0.0447847867,-0.173948723,-0.123155081,-0.061860358,-0.124158259,-0.123380979,-0.0639122486
34,43,0.671875,0.53125,-0.243462382,-0.144415669,-0.0429397396,-0.179428601,-0.147330181,-0.0600125728,-0.128672627,-0.14379206,-0.0621354775
34,44,0.6875,0.53125,-0.246835109,-0.171077527,-0.0406369993,-0.18522913,-0.172363508,-0.0577463629,-0.133775658,-0.164999073,-0.0600679832
34,45,0.703125,0.53125,-0.249213072,-0.197837392,-0.0378883873,-0.191232625,-0.19833567,-0.0550530448,-0.139504195,-0.187267706,-0.0577002771
34,46,0.71875,0.53125,-0.250316354,-0.224331767,-0.0347190032,-0.197248173,-0.225257262,-0.0519250233,-0.145856434,-0.210873915,-0.0550168095
34,47,0.734375,0.53125,-0.249828141,-0.250087887,-0.0311701675,-0.20299396,-0.253020954,-0.0483589498,-0.152765017,-0.236065055,-0.0519962526
34,48,0.75,0.53125,-0.24740641,-0.274509255,-0.027302402,-0.208081714,-0.281342585,-0.0443605713,-0.160062466,-0.262996015,-0.0486132448
34,49,0.765625,0.53125,-0.242703708,-0.296869085,-0.0231979467,-0.212007743,-0.309694697,-0.039951421,-0.167440963,-0.291634963,-0.0448424662
34,50,0.78125,0.53125,-0.235396094,-0.316316649,-0.0189620772,-0.214156961,-0.337240566,-0.0351771419,-0.174412011,-0.321637514,-0.0406660577
34,51,0.796875,0.53125,-0.225221148,-0.331901713,-0.0147222884,-0.213827847,-0.362783034,-0.0301165883,-0.180276577,-0.352197209,-0.0360852342
34,52,0.8125,0.53125,-0.212022949,-0.342621277,-0.0106243644,-0.210286552,-0.384749314,-0.0248899082,-0.184122467,-0.381895473,-0.0311361551
34,53,0.828125,0.53125,-0.195799386,-0.347490178,-0.00682458736,-0.202855774,-0.401238255,-0.0196627153,-0.184870963,-0.40859558,-0.0259083063
34,54,0.84375,0.53125,-0.176744636,-0.345632819,-0.00347796241,-0.191037117,-0.410155971,-0.0146426414,-0.181395193,-0.429447802,-0.0205606953
34,55,0.859375,0.53125,-0.155278042,-0.336387988,-0.000723343926,-0.17465364,-0.409454178,-0.0100647536,-0.172722335,-0.441084875,-0.0153277364
34,56,0.875,0.53125,-0.132050977,-0.319413782,0.00133246646,-0.15398407,-0.397459107,-0.00616435627,-0.158304884,-0.440068388,-0.0105048821
34,57,0.890625,0.53125,-0.10792596,-0.294776364,0.00262863202,-0.129847474,-0.373239942,-0.00313992672,-0.138303658,-0.42357739,-0.0064070913
34,58,0.90625,0.53125,-0.0839268007,-0.263005333,0.00315893304,-0.103596197,-0.336927156,-0.00111437429,-0.113782184,-0.390210459,-0.00330347711
34,59,0.921875,0.53125,-0.061163841,-0.225099884,0.00297261455,-0.0769937011,-0.28987526,-0.00010683072,-0.0867008406,-0.340646157,-0.0013466244
34,60,0.9375,0.53125,-0.0407436804,-0.182474519,0.00216645534,-0.0519914134,-0.234591192,-2.65547429e-05,-0.0596519639,-0.277864598,-0.000526023802
34,61,0.953125,0.53125,-0.0236779743,-0.136843081,0.000869022828,-0.0304601396,-0.174418196,-0.000693948631,-0.0353911056,-0.206752872,-0.000670781104
34,62,0.96875,0.53125,-0.0108095079,-0.090055086,-0.000780271463,-0.0139545063,-0.113045812,-0.00188380439,-0.016332455,-0.13317063,-0.00150531693
34,63,0.984375,0.53125,-0.00277282902,-0.0439125698,-0.00264106772,-0.00358012823,-0.0539670851,-0.00336774652,-0.0042059119,-0.0627814744,-0.00272618727
34,64,1,0.53125,0,0,-0.00459464437,0,0,-0.0049652177,0,0,-0.00409050594
35,0,0,0.546875,0,0,0.000839454547,0,0,0.0050638263,0,0,0.0069563272
35,1,0.015625,0.546875,-0.000505469952,0.0348184639,0.000507396293,-0.000312661401,0.0431383422,0.0049104845,-7.09058462e-05,0.0500937446,0.00688887714
35,2,0.03125,0.546875,-0.00194049894,0.0653141933,0.000196406185,-0.00131220296,0.0801771636,0.00474640659,-0.000556404324,0.0925024584,0.00678538098
35,3,0.046875,0.546875,-0.00422084674,0.0917924905,-9.83004749e-05,-0.00303072482,0.111659268,0.00454865371,-0.0016505197,0.127944948,0.00660756075
35,4,0.0625,0.546875,-0.00725830001,0.114589032,-0.000389260771,-0.00546297269,0.138175566,0.004291033,-0.00345015443,0.157241168,0.00631755268
35,5,0.078125,0.546875,-0.0109618389,0.134058667,-0.000694443265,-0.00856794884,0.160353649,0.00394825752,-0.00596053905,0.181302952,0.0058840419
35,6,0.09375,0.546875,-0.015239991,0.150562467,-0.00103196533,-0.0122760094,0.178831201,0.00349641614,-0.00911495613,0.201071201,0.00527913475
35,7,0.109375,0.546875,-0.0200035351,0.164454711,-0.00141915203,-0.0164983318,0.194222649,0.0029138886,-0.0128002247,0.217433995,0.00447875576
35,8,0.125,0.546875,-0.0251679786,0.176071231,-0.0018720225,-0.0211364958,0.207086815,0.00218145104,-0.0168813655,0.231153525,0.00346201313
35,9,0.140625,0.546875,-0.0306554816,0.185720059,-0.00240506805,-0.0260907351,0.217901216,0.00128200229,-0.021221354,0.24281854,0.00221042169
35,10,0.15625,0.546875,-0.0363961088,0.193674727,-0.00303121545,-0.0312661247,0.227046201,0.000200225327,-0.0256942949,0.252827625,0.000707516524
35,11,0.171875,0.546875,-0.0423284395,0.200170158,-0.00376188872,-0.036576534,0.234799643,-0.00107761763,-0.0301922517,0.261399927,-0.00106093294
35,12,0.1875,0.546875,-0.0483996451,0.205400875,-0.00460710468,-0.0419465611,0.241341123,-0.00256365263,-0.0346271288,0.268604985,-0.00310612334
35,13,0.203125,0.546875,-0.0545651748,0.209521145,-0.00557555206,-0.0473118944,0.246763304,-0.00426809902,-0.038929435,0.274402132,-0.00543499557
35,14,0.21875,0.546875,-0.060788177,0.212646719,-0.00667462163,-0.0526186268,0.25108778,-0.00619873867,-0.0430456397,0.278681322,-0.00804881619
35,15,0.234375,0.546875,-0.0670387573,0.214857826,-0.00791036712,-0.0578220324,0.254282823,-0.00836021496,-0.0469353811,0.281299964,-0.0109418066
35,16,0.25,0.546875,-0.0732931477,0.216203115,-0.00928739136,-0.0628852179,0.256280973,-0.0107532461,-0.0505692413,0.282113068,-0.0141000415
35,17,0.265625,0.546875,-0.0795328417,0.216704199,-0.0108086582,-0.0677779378,0.256995107,-0.0133738454,-0.0539273182,0.280996088,-0.0175007967
35,18,0.28125,0.546875,-0.0857437396,0.216360481,-0.0124752403,-0.0724757319,0.256332267,-0.0162126383,-0.0569984937,0.277860933,-0.0211124656
35,19,0.296875,0.546875,-0.0919153466,0.215153947,-0.0142860188,-0.076959429,0.254205011,-0.0192543609,-0.0597801298,0.272666031,-0.0248951041
35,20,0.3125,0.546875,-0.0980400599,0.213053689,-0.0162373568,-0.0812149794,0.250540333,-0.0224776066,-0.062277887,0.265421273,-0.0288015906
35,21,0.328125,0.546875,-0.10411258,0.21002001,-0.0183227681,-0.0852335263,0.245286322,-0.0258548675,-0.0645054135,0.256188495,-0.0327793163
35,22,0.34375,0.546875,-0.110129465,0.206008042,-0.0205326084,-0.0890116055,0.238416718,-0.0293528946,-0.0664837471,0.245078094,-0.0367722659
35,23,0.359375,0.546875,-0.116088849,0.200970907,-0.0228538126,-0.0925513665,0.229933523,-0.0329333707,-0.0682403724,0.232242413,-0.0407232994
35,24,0.375,0.546875,-0.121990296,0.194862456,-0.0252697066,-0.0958607247,0.219867781,-0.036553865,-0.0698079632,0.217866642,-0.0445764316
35,25,0.390625,0.546875,-0.127834806,0.187639638,-0.0277599168,-0.0989533857,0.20827864,-0.0401690142,-0.0712229063,0.202158163,-0.0482789156
35,26,0.40625,0.546875,-0.133624899,0.179264543,-0.0303003943,-0.101848712,0.195250873,-0.0437318518,-0.0725237354,0.185335315,-0.0517829688
35,27,0.421875,0.546875,-0.139364765,0.169706075,-0.0328635711,-0.104571433,0.180891067,-0.047195202,-0.0737496131,0.167616547,-0.0550470393
35,28,0.4375,0.546875,-0.145060404,0.158941246,-0.0354186461,-0.107151226,0.165322767,-0.0505130452,-0.07493899,0.149210808,-0.0580365681
35,29,0.453125,0.546875,-0.150719709,0.146955996,-0.0379319988,-0.109622207,0.148680884,-0.0536417744,-0.0761285402,0.130309768,-0.060724263
35,30,0.46875,0.546875,-0.156352431,0.133745493,-0.0403677106,-0.112022386,0.131105719,-0.0565412693,-0.0773524431,0.111082215,-0.0630899469
35,31,0.484375,0.546875,-0.161969954,0.119313876,-0.0426881692,-0.11439314,0.112736889,-0.0591757368,-0.0786420476,0.0916706816,-0.0651200749
35,32,0.5,0.546875,-0.167584826,0.103673438,-0.044854722,-0.116778733,0.0937074462,-0.0615142825,-0.0800259271,0.0721900847,-0.066807023
35,33,0.515625,0.546875,-0.173209984,0.0868433427,-0.0468283447,-0.119225919,0.0741383681,-0.0635311989,-0.0815303134,0.0527279851,-0.0681482499
35,34,0.53125,0.546875,-0.1788576,0.0688479918,-0.0485702914,-0.121783609,0.0541335371,-0.0652059737,-0.0831798859,0.0333459186,-0.0691454158
35,35,0.546875,0.546875,-0.18453749,0.049715293,-0.0500427005,-0.12450258,0.0337752718,-0.0665230312,-0.0849988816,0.0140811933,-0.0698035189
35,36,0.5625,0.546875,-0.190255,0.0294751,-0.0512091383,-0.127435116,0.0131204159,-0.0674712347,-0.0870124864,-0.00505146181,-0.0701300826
35,37,0.578125,0.546875,-0.196008319,0.00815820846,-0.0520350801,-0.130634479,-0.00780300499,-0.0680431784,-0.0892484527,-0.0240589713,-0.0701343977
35,38,0.59375,0.546875,-0.201785114,-0.0142036652,-0.0524883457,-0.134153985,-0.0289984934,-0.0682343117,-0.0917388594,-0.0429701946,-0.0698268086
35,39,0.609375,0.546875,-0.207558474,-0.0375764252,-0.0525395217,-0.138045416,-0.0505029778,-0.068041935,-0.0945218782,-0.061837766,-0.0692180063
35,40,0.625,0.546875,-0.213282097,-0.0619201272,-0.0521624299,-0.142356437,-0.0723875187,-0.0674641208,-0.0976433146,-0.0807416474,-0.0683182863
35,41,0.640625,0.546875,-0.218884798,-0.0871829462,-0.0513347199,-0.147126544,-0.0947561645,-0.0664986297,-0.101157553,-0.0997942505,-0.0671367258
35,42,0.65625,0.546875,-0.224264464,-0.113292063,-0.0500386832,-0.152381067,-0.117741934,-0.0651419091,-0.105127332,-0.119146546,-0.065680243
35,43,0.671875,0.546875,-0.229281774,-0.140141051,-0.0482624012,-0.158122664,-0.141498465,-0.0633883043,-0.109621507,-0.138993919,-0.0639525254
35,44,0.6875,0.546875,-0.233754216,-0.167573551,-0.0460013439,-0.164319811,-0.166185407,-0.061229659,-0.114709644,-0.159579605,-0.0619528521
35,45,0.703125,0.546875,-0.237451274,-0.195363428,-0.0432605194,-0.170891971,-0.191945237,-0.0586555502,-0.120451953,-0.181192289,-0.059674909
35,46,0.71875,0.546875,-0.240092008,-0.223192175,-0.0400572266,-0.177691551,-0.218868977,-0.0556544766,-0.126882858,-0.204152901,-0.0571057993
35,47,0.734375,0.546875,-0.241346724,-0.250625251,-0.0364243687,-0.184483517,-0.2469486,-0.0522163923,-0.133986511,-0.228784026,-0.0542256134
35,48,0.75,0.546875,-0.240844788,-0.27709022,-0.0324141254,-0.19092479,-0.276015045,-0.048337007,-0.141663171,-0.255354004,-0.0510081447
35,49,0.765625,0.546875,-0.238190888,-0.301861016,-0.0281015503,-0.196547345,-0.305663316,-0.044024206,-0.149686949,-0.283987729,-0.0474236165
35,50,0.78125,0.546875,-0.232991781,-0.324054082,-0.0235873616,-0.20075125,-0.335170626,-0.0393066806,-0.157658467,-0.314538703,-0.0434445482
35,51,0.796875,0.546875,-0.224894654,-0.34264317,-0.0189988904,-0.202816322,-0.363420359,-0.0342442888,-0.164961035,-0.346424283,-0.0390559761
35,52,0.8125,0.546875,-0.21363628,-0.356499411,-0.0144879323,-0.201942763,-0.388853447,-0.0289386983,-0.170735925,-0.378440588,-0.0342708175
35,53,0.828125,0.546875,-0.199099196,-0.364461159,-0.0102243032,-0.197330454,-0.409477622,-0.023541539,-0.173900109,-0.408596851,-0.0291497259
35,54,0.84375,0.546875,-0.181367601,-0.365433524,-0.00638439146,-0.188301279,-0.422969774,-0.0182559403,-0.173234846,-0.434038864,-0.0238219063
35,55,0.859375,0.546875,-0.160772569,-0.358510809,-0.00313506101,-0.174457082,-0.426900305,-0.0133267149,-0.16756909,-0.451157171,-0.018499208
35,56,0.875,0.546875,-0.137915103,-0.343107695,-0.000614751479,-0.155847803,-0.419083889,-0.0090156976,-0.156059356,-0.455975825,-0.0134720853
35,57,0.890625,0.546875,-0.113657476,-0.319079194,0.00108486759,-0.133104921,-0.398016064,-0.00556280898,-0.138522366,-0.444861132,-0.00907635475
35,58,0.90625,0.546875,-0.0890784695,-0.286806631,0.00193247006,-0.107485429,-0.363300155,-0.00313996367,-0.115718634,-0.415458889,-0.00562828083
35,59,0.921875,0.546875,-0.0653949857,-0.247227765,0.00196200912,-0.080783988,-0.315930895,-0.0018114089,-0.0894480018,-0.367593958,-0.00334269854
35,60,0.9375,0.546875,-0.0438598167,-0.201793751,0.00126682334,-0.0551110087,-0.25831208,-0.00151612072,-0.0623505642,-0.303751883,-0.00226631726
35,61,0.953125,0.546875,-0.0256523585,-0.152346523,-1.67924369e-05,-0.0325891552,-0.193958877,-0.00208226062,-0.0374286119,-0.228838228,-0.00226114482
35,62,0.96875,0.546875,-0.0117846361,-0.100928472,-0.0017338305,-0.0150610788,-0.126942738,-0.0032718924,-0.0174602095,-0.149200992,-0.0030526688
35,63,0.984375,0.546875,-0.0030456405,-0.0495562764,-0.00372030934,-0.00390261954,-0.0612200906,-0.00482693452,-0.00454999844,-0.071232992,-0.00430955286
35,64,1,0.546875,0,0,-0.00583196947,0,0,-0.00653289972,0,0,-0.00575070252
36,0,0,0.5625,0,0,-0.000957425388,0,0,0.00342008643,0,0,0.00542402941
36,1,0.015625,0.5625,-0.000454093968,0.0357429508,-0.00126030632,-0.000209742536,0.0437025399,0.00330361062,7.46483021e-05,0.0502408061,0.00539497434
36,2,0.03125,0.5625,-0.00175710921,0.0670904297,-0.00154604018,-0.000946975075,0.0813746142,0.00317122074,-4.03548274e-05,0.0930632088,0.00532470098
36,3,0.046875,0.5625,-0.0038421606,0.0943421169,-0.00182035698,-0.00228282179,0.113521761,0.00299862406,-0.000597707524,0.12909352,0.00517359529
36,4,0.0625,0.5625,-0.00663424639,0.117828352,-0.0020958041,-0.00424400973,0.140694569,0.0027595428,-0.00174506127,0.159052139,0.0049037499
36,5,0.078125,0.5625,-0.0100519999,0.137900676,-0.00238957851,-0.00681456892,0.163484773,0.00242967838,-0.00352860598,0.183763282,0.0044849211
36,6,0.09375,0.5625,-0.0140106171,0.154919665,-0.00271932108,-0.00994316189,0.182502748,0.00198579983,-0.005911532,0.204102792,0.00389003023
36,7,0.109375,0.5625,-0.0184251285,0.169241968,-0.00310217378,-0.0135531294,0.198345588,0.00140669962,-0.00879973342,0.220919454,0.00309566125
36,8,0.125,0.5625,-0.0232134256,0.181208262,-0.00355423191,-0.0175530088,0.211564283,0.000673363816,-0.0120681474,0.234959608,0.00208150698
36,9,0.140625,0.5625,-0.0282986938,0.191133261,-0.00409027151,-0.0218459752,0.222636408,-0.000231235902,-0.0155831079,0.246814081,0.000829636689
36,10,0.15625,0.5625,-0.0336111117,0.199298315,-0.00472365748,-0.0263373221,0.231948097,-0.00132242918,-0.0192183852,0.256894937,-0.000675883912
36,11,0.171875,0.5625,-0.0390888344,0.205946688,-0.00546635606,-0.0309396576,0.239786547,-0.00261401256,-0.022864586,0.265440276,-0.00244878479
36,12,0.1875,0.5625,-0.0446783721,0.211281263,-0.00632898668,-0.0355759233,0.246342295,-0.00411818726,-0.0264329754,0.272539666,-0.00449980032
36,13,0.203125,0.5625,-0.0503345102,0.215464327,-0.00732086595,-0.0401806085,0.251719153,-0.00584523635,-0.0298554352,0.278170917,-0.00683544471
36,14,0.21875,0.5625,-0.0560199099,0.218619074,-0.00845000852,-0.0446996648,0.25594914,-0.00780296783,-0.0330823261,0.282239833,-0.00945658481
36,15,0.234375,0.5625,-0.0617045042,0.220832453,-0.00972306327,-0.0490896392,0.259009787,-0.00999598512,-0.0360796645,0.284617039,-0.012357055
36,16,0.25,0.5625,-0.06736477,0.222159031,-0.0111451761,-0.0533164713,0.260841652,-0.0124248734,-0.0388264992,0.285168682,-0.0155225464
36,17,0.265625,0.5625,-0.07298294,0.222625514,-0.0127197799,-0.0573542877,0.261364562,-0.0150853957,-0.0413128756,0.283779944,-0.018929953
36,18,0.28125,0.5625,-0.078546203,0.22223559,-0.014448321,-0.0611843923,0.260491738,-0.0179677946,-0.0435384021,0.280371595,-0.0225472992
36,19,0.296875,0.5625,-0.0840459381,0.220974792,-0.0163299374,-0.0647945344,0.258141459,-0.0210562839,-0.045511231,0.27491034,-0.0263343035
36,20,0.3125,0.5625,-0.0894770248,0.218815115,-0.0183611138,-0.0681784466,0.25424624,-0.0243288021,-0.047247207,0.267413787,-0.030243562
36,21,0.328125,0.5625,-0.0948372645,0.215719252,-0.0205353347,-0.0713355843,0.248759663,-0.0277570733,-0.0487689713,0.257950766,-0.0342222633
36,22,0.34375,0.5625,-0.100126939,0.211644364,-0.0228427651,-0.074270977,0.241660999,-0.0313069976,-0.050104896,0.246637692,-0.0382142834
36,23,0.359375,0.5625,-0.105348518,0.206545387,-0.0252699846,-0.0769951005,0.232957804,-0.0349393628,-0.0512878157,0.233631688,-0.042162474
36,24,0.375,0.5625,-0.110506505,0.20037791,-0.0277998033,-0.0795236972,0.222686604,-0.0386108441,-0.0523535989,0.219121302,-0.0460109346
36,25,0.390625,0.5625,-0.115607408,0.193100658,-0.0304111843,-0.0818775014,0.210911837,-0.0422752315,-0.0533396554,0.203315766,-0.04970708
36,26,0.40625,0.5625,-0.120659798,0.184677595,-0.0330792893,-0.0840818552,0.197723239,-0.0458848047,-0.0542834948,0.186433809,-0.0532033424
36,27,0.421875,0.5625,-0.125674409,0.175079631,-0.0357756616,-0.0861662269,0.183231926,-0.0493917672,-0.0552214491,0.168692977,-0.056458412
36,28,0.4375,0.5625,-0.130664229,0.164285874,-0.0384685457,-0.0881636687,0.167565458,-0.0527496483,-0.0561876504,0.150300274,-0.0594379747
36,29,0.453125,0.5625,-0.135644531,0.152284366,-0.0411233361,-0.0901102574,0.150862227,-0.0559145881,-0.0572133252,0.131444717,-0.0621149692
36,30,0.46875,0.5625,-0.140632798,0.139072233,-0.0437031328,-0.0920445732,0.133265503,-0.0588464345,-0.0583264348,0.112292085,-0.0644694269
36,31,0.484375,0.5625,-0.145648473,0.124655222,-0.0461693758,-0.094007261,0.114917436,-0.0615096004,-0.0595516635,0.0929819134,-0.0664879907
36,32,0.5,0.5625,-0.150712497,0.109046629,-0.048482522,-0.096040712,0.0959532707,-0.0638736478,-0.0609107362,0.0736264875,-0.0681632168
36,33,0.515625,0.5625,-0.155846576,0.0922656807,-0.0506027258,-0.0981888831,0.0764959445,-0.065913584,-0.0624230405,0.0543114307,-0.069492761
36,34,0.53125,0.5625,-0.161072116,0.074335523,-0.0524904872,-0.100497248,0.0566511554,-0.0676098747,-0.0641065218,0.0350973396,-0.0704785318
36,35,0.546875,0.5625,-0.166408772,0.0552810256,-0.0541072371,-0.103012846,0.0365029206,-0.0689481864,-0.0659788306,0.0160218556,-0.0711258698
36,36,0.5625,0.5625,-0.171872518,0.0351266857,-0.0554158413,-0.105784347,0.0161095891,-0.0699188846,-0.0680586994,-0.00289844495,-0.0714427856
36,37,0.578125,0.5625,-0.177473166,0.0138950024,-0.0563810166,-0.108862028,-0.00449973591,-0.0705163157,-0.0703675322,-0.0216669284,-0.0714392609
36,38,0.59375,0.5625,-0.183211233,-0.00839424583,-0.056969674,-0.112297459,-0.0253283692,-0.0707379067,-0.0729311704,-0.0403070698,-0.071126596
36,39,0.609375,0.5625,-0.189074059,-0.0317233101,-0.0571512203,-0.11614268,-0.0464147093,-0.070583119,-0.0757817645,-0.0588643214,-0.0705167665
36,40,0.625,0.5625,-0.195031101,-0.0560737972,-0.0568978754,-0.120448498,-0.0678341071,-0.0700522991,-0.0789596052,-0.0774099476,-0.0696217431
36,41,0.640625,0.5625,-0.20102835,-0.0814213873,-0.0561850857,-0.125261505,-0.0896993711,-0.06914548,-0.082514645,-0.0960468484,-0.0684527183
36,42,0.65625,0.5625,-0.206981923,-0.107727303,-0.0549921367,-0.130619267,-0.11215896,-0.0678612088,-0.0865072519,-0.114917024,-0.0670191969
36,43,0.671875,0.5625,-0.212770989,-0.134925917,-0.0533030921,-0.136543056,-0.135391437,-0.066195505,-0.0910074712,-0.134209748,-0.0653279137
36,44,0.6875,0.5625,-0.218230431,-0.162908027,-0.0511082015,-0.143027493,-0.159594201,-0.0641411082,-0.0960917278,-0.154168628,-0.0633815828
36,45,0.703125,0.5625,-0.223143918,-0.191499599,-0.0484059177,-0.150026487,-0.18496393,-0.0616872397,-0.101835502,-0.175094492,-0.0611775345
36,46,0.71875,0.5625,-0.227238546,-0.220436317,-0.045205641,-0.157435154,-0.211665716,-0.0588201904,-0.108300123,-0.197339357,-0.0587063896
36,47,0.734375,0.5625,-0.230182664,-0.249335108,-0.0415312307,-0.16506798,-0.239787716,-0.0555251495,-0.115511589,-0.221284742,-0.0559510629
36,48,0.75,0.5625,-0.231589153,-0.27766509,-0.0374251893,-0.172634581,-0.269278758,-0.0517897682,-0.123429507,-0.247295577,-0.0528865987
36,49,0.765625,0.5625,-0.231026921,-0.304722091,-0.0329531898,-0.179716132,-0.299868236,-0.047609977,-0.131905252,-0.275639666,-0.0494816397
36,50,0.78125,0.5625,-0.22804355,-0.329612883,-0.0282082899,-0.185748091,-0.330971589,-0.0429984242,-0.140630874,-0.306363427,-0.0457026714
36,51,0.796875,0.5625,-0.222201617,-0.351257215,-0.0233137715,-0.190017927,-0.361591521,-0.0379954648,-0.14908486,-0.339119752,-0.0415224739
36,52,0.8125,0.5625,-0.213129505,-0.368416735,-0.0184231655,-0.19168963,-0.390235181,-0.0326817268,-0.156488057,-0.372956399,-0.0369341347
36,53,0.828125,0.5625,-0.200584536,-0.379758857,-0.0137158299,-0.189868213,-0.414879739,-0.0271898519,-0.161792601,-0.406096659,-0.0319710191
36,54,0.84375,0.5625,-0.18452185,-0.383959446,-0.00938672455,-0.183714574,-0.433029343,-0.021711223,-0.163735859,-0.435778821,-0.0267305825
36,55,0.859375,0.5625,-0.165157721,-0.379840486,-0.00562997897,-0.172610895,-0.441907654,-0.0164920305,-0.160993849,-0.458260365,-0.0213955075
36,56,0.875,0.5625,-0.14301282,-0.366528876,-0.00261755276,-0.156357385,-0.438811268,-0.0118131968,-0.152453479,-0.469115113,-0.0162403732
36,57,0.890625,0.5625,-0.118921258,-0.343612997,-0.000476368517,-0.135355602,-0.421602316,-0.00795201397,-0.137579708,-0.463918112,-0.0116094528
36,58,0.90625,0.5625,-0.0939962617,-0.311267823,0.000731024685,-0.11071295,-0.38924809,-0.00513045439,-0.116783915,-0.439284823,-0.0078568517
36,59,0.921875,0.5625,-0.0695518409,-0.270318537,0.00101686587,-0.0842048416,-0.34224968,-0.00346398009,-0.0916344549,-0.394014227,-0.00525757855
36,60,0.9375,0.5625,-0.046989733,-0.222217146,0.000465785129,-0.0580692018,-0.282786024,-0.00293020979,-0.0647514626,-0.329883988,-0.00392144585
36,61,0.953125,0.5625,-0.0276705123,-0.168918261,-0.000781296443,-0.0346753079,-0.214468126,-0.00337345695,-0.0393457346,-0.251643227,-0.0037536095
36,62,0.96875,0.5625,-0.012795947,-0.112661804,-0.00255448383,-0.016171288,-0.141732348,-0.00454823704,-0.0185584076,-0.166049243,-0.00448978952
36,63,0.984375,0.5625,-0.00333261019,-0.055697206,-0.00466414318,-0.00423274531,-0.069028164,-0.00616729442,-0.00489381919,-0.0802416839,-0.00577477805
36,64,1,0.5625,0,0,-0.00693691504,0,0,-0.00797953363,0,0,-0.00728850124
37,0,0,0.578125,0,0,-0.00278594483,0,0,0.00179033687,0,0,0.00393769059
37,1,0.015625,0.578125,-0.000403403527,0.0365755731,-0.00305977985,-0.000110003372,0.0440853173,0.00171045899,0.00021230715,0.0501340994,0.00394635125
37,2,0.03125,0.578125,-0.00157542014,0.0687022599,-0.00331993705,-0.00059008695,0.0822502429,0.00161038145,0.000454063411,0.0931748142,0.00390994557
37,3,0.046875,0.578125,-0.00346529617,0.0966696277,-0.00357279524,-0.00154688808,0.114956303,0.00146484015,0.000421347114,0.129649654,0.00378800305
37,4,0.0625,0.578125,-0.00601006943,0.120798871,-0.00383066552,-0.00303677614,0.142707314,0.00124772984,-7.98755413e-05,0.160172067,0.00354282791
37,5,0.078125,0.578125,-0.00913704102,0.141435037,-0.00410981826,-0.00506762673,0.166052802,0.000935833417,-0.00113525843,0.185469423,0.00314524743
37,6,0.09375,0.578125,-0.0127673333,0.158935596,-0.00442732832,-0.0076061823,0.185569761,0.000506638793,-0.00273855553,0.206342328,0.00256894714
37,7,0.109375,0.578125,-0.016819734,0.17365752,-0.00480013517,-0.0105883971,0.201832496,-6.06651527e-05,-0.00481663808,0.22359061,0.00179107992
37,8,0.125,0.578125,-0.0212142485,0.185944796,-0.00524445135,-0.0139306135,0.215379661,-0.000784937925,-0.00725668188,0.2379369,0.000791819618
37,9,0.140625,0.578125,-0.0258750059,0.196117745,-0.00577542443,-0.0175399623,0.22668553,-0.00168321526,-0.00993052924,0.249968778,-0.000446317748
37,10,0.15625,0.578125,-0.0307323693,0.204464867,-0.00640697403,-0.0213229709,0.236139883,-0.00277092913,-0.012713273,0.260109103,-0.00193884217
37,11,0.171875,0.578125,-0.0357242594,0.211237418,-0.00715173645,-0.0251919119,0.244038244,-0.00406202552,-0.0154951444,0.268614517,-0.00369909905
37,12,0.1875,0.578125,-0.040796805,0.216646551,-0.00802106063,-0.0290688678,0.250582074,-0.00556886814,-0.0181873441,0.275595834,-0.00573749972
37,13,0.203125,0.578125,-0.0459044713,0.220862683,-0.00902500692,-0.0328878047,0.255887045,-0.00730189167,-0.0207233353,0.281051483,-0.00806031394
37,14,0.21875,0.578125,-0.0510098207,0.224016713,-0.010172312,-0.0365951122,0.25999681,-0.00926902111,-0.0230573535,0.284905552,-0.0106682437
37,15,0.234375,0.578125,-0.0560830275,0.226202686,-0.0114702972,-0.0401491241,0.262899629,-0.0114749218,-0.0251616557,0.287044137,-0.0135550322
37,16,0.25,0.578125,-0.061101243,0.227481551,-0.0129247082,-0.043519088,0.264545622,-0.013920163,-0.0270235562,0.287346279,-0.0167063397
37,17,0.265625,0.578125,-0.066047875,0.227885632,-0.0145394839,-0.0466839501,0.264863028,-0.0166003958,-0.0286427999,0.285707991,-0.0200990782
37,18,0.28125,0.578125,-0.0709118391,0.227423479,-0.0163164641,-0.0496311981,0.263772514,-0.0195056396,-0.0300294214,0.282059288,-0.02370133
37,19,0.296875,0.578125,-0.0756868269,0.226084768,-0.0182550515,-0.0523558827,0.261199065,-0.0226197689,-0.031202001,0.276374836,-0.0274729074
37,20,0.3125,0.578125,-0.0803706348,0.223845015,-0.0203518516,-0.0548598414,0.257081383,-0.0259202697,-0.0321861419,0.268679013,-0.0313665346
37,21,0.328125,0.578125,-0.0849645923,0.220669924,-0.0226003168,-0.057151089,0.251378853,-0.0293783147,-0.0330130016,0.259046184,-0.0353295573
37,22,0.34375,0.578125,-0.0894731132,0.216519296,-0.0249904209,-0.0592433038,0.244076234,-0.0329591757,-0.0337177871,0.247596939,-0.0393060322
37,23,0.359375,0.578125,-0.0939033817,0.211350473,-0.0275083953,-0.061155342,0.235186243,-0.036622966,-0.0343381981,0.234491116,-0.0432390003
37,24,0.375,0.578125,-0.0982651691,0.205121345,-0.0301365538,-0.0629107256,0.224750182,-0.0403256741,-0.0349128699,0.219918482,-0.0470727443
37,25,0.390625,0.578125,-0.102570757,0.197792932,-0.0328532318,-0.0645370744,0.212836798,-0.0440204269,-0.0354799057,0.204088059,-0.0507548346
37,26,0.40625,0.578125,-0.106834939,0.189331545,-0.0356328564,-0.0660654833,0.199539598,-0.0476589003,-0.0360755932,0.187217108,-0.054237815
37,27,0.421875,0.578125,-0.111075049,0.179710506,-0.0384461575,-0.0675298654,0.18497288,-0.0511927861,-0.0367333913,0.169520702,-0.0574804277
37,28,0.4375,0.578125,-0.115310986,0.168911368,-0.0412605225,-0.0689663025,0.169266797,-0.0545752234,-0.0374832386,0.151202684,-0.0604483458
37,29,0.453125,0.578125,-0.119565174,0.156924566,-0.0440404787,-0.0704124495,0.152561789,-0.0577621093,-0.0383512068,0.132448552,-0.0631144303
37,30,0.46875,0.578125,-0.123862427,0.143749436,-0.046748284,-0.0719070418,0.135002723,-0.0607132181,-0.0393594904,0.113420553,-0.0654585823
37,31,0.484375,0.578125,-0.128229663,0.129393575,-0.0493445908,-0.0734895474,0.116733027,-0.0633930779,-0.0405266998,0.094254983,-0.0674672798
37,32,0.5,0.578125,-0.132695447,0.113871541,-0.0517891463,-0.0751999938,0.0978890682,-0.0657715708,-0.0418684184,0.0750614617,-0.0691329088
37,33,0.515625,0.578125,-0.137289301,0.0972029612,-0.0540414862,-0.0770789801,0.0785949044,-0.0678242456,-0.0433979798,0.0559237706,-0.0704529821
37,34,0.53125,0.578125,-0.142040742,0.0794101883,-0.0560615843,-0.0791678684,0.0589574999,-0.0695323444,-0.0451274339,0.0369017087,-0.0714293338
37,35,0.546875,0.578125,-0.14697799,0.0605156951,-0.0578104231,-0.0815091185,0.0390623708,-0.0708825587,-0.0470686827,0.0180333709,-0.0720673442
37,36,0.5625,0.578125,-0.152126264,0.040539494,-0.0592504634,-0.0841467037,0.0189695976,-0.0718665376,-0.049234785,-0.000662760153,-0.0723752275
37,37,0.578125,0.578125,-0.157505579,0.0194969231,-0.0603460049,-0.0871265033,-0.00128989291,-0.0724801763,-0.0516414374,-0.0191865003,-0.0723633887
37,38,0.59375,0.578125,-0.163127926,-0.00260277229,-0.0610634467,-0.0904965181,-0.0217178412,-0.0727227132,-0.0543086392,-0.0375559623,-0.0720438288
37,39,0.609375,0.578125,-0.168993719,-0.0257565574,-0.0613714771,-0.0943066933,-0.0423519396,-0.0725956672,-0.0572625264,-0.0558093312,-0.0714295645
37,40,0.625,0.578125,-0.175087362,-0.0499658365,-0.0612412465,-0.0986080439,-0.0632686931,-0.0721016497,-0.0605373056,-0.0740087669,-0.0705340087
37,41,0.640625,0.578125,-0.181371835,-0.0752321243,-0.0606466006,-0.103450683,-0.0845853955,-0.0712430918,-0.0641771156,-0.0922466038,-0.0693702567
37,42,0.65625,0.578125,-0.187782222,-0.101549424,-0.059564482,-0.108880225,-0.106460384,-0.0700209471,-0.068237482,-0.11065372,-0.0679502214
37,43,0.671875,0.578125,-0.194218223,-0.128892543,-0.0579756301,-0.114931921,-0.129090238,-0.0684334529,-0.0727857784,-0.129409443,-0.0662835723
37,44,0.6875,0.578125,-0.20053585,-0.157200622,-0.0558657447,-0.121621765,-0.152701975,-0.0664750845,-0.0778997656,-0.148751574,-0.0643764612
37,45,0.703125,0.578125,-0.206538808,-0.186355313,-0.0532272817,-0.128933783,-0.177537576,-0.0641358966,-0.0836628427,-0.168983894,-0.0622300585
37,46,0.71875,0.578125,-0.211970477,-0.21615343,-0.0500620559,-0.1368028,-0.203827484,-0.0614015455,-0.0901541486,-0.190476814,-0.059839002
37,47,0.734375,0.578125,-0.216507988,-0.246274643,-0.0463847745,-0.145092389,-0.231749172,-0.0582543956,-0.0974312024,-0.213654642,-0.0571899806
37,48,0.75,0.578125,-0.219760637,-0.276245963,-0.0422275199,-0.153568526,-0.261366894,-0.0546762446,-0.105502578,-0.238960342,-0.0542608661
37,49,0.765625,0.578125,-0.221275665,-0.305406619,-0.0376449889,-0.161871027,-0.292549807,-0.0506532924,-0.114288546,-0.266786362,-0.0510210918
37,50,0.78125,0.578125,-0.220555123,-0.332879385,-0.0327199616,-0.169487338,-0.324868831,-0.0461839586,-0.123569302,-0.297359095,-0.0474343575
37,51,0.796875,0.578125,-0.217087619,-0.357557215,-0.0275680121,-0.175736755,-0.35747882,-0.0412898699,-0.132924182,-0.3305671,-0.0434651634
37,52,0.8125,0.578125,-0.210397757,-0.378116492,-0.0223399328,-0.179777355,-0.38900316,-0.0360295881,-0.141672082,-0.365732847,-0.0390909035
37,53,0.828125,0.578125,-0.200113312,-0.393068813,-0.0172199096,-0.180651495,-0.417452679,-0.0305132531,-0.148833699,-0.40134905,-0.0343207978
37,54,0.84375,0.578125,-0.186045325,-0.400860339,-0.0124174302,-0.177385939,-0.440227092,-0.0249142518,-0.153148706,-0.434837616,-0.0292210167
37,55,0.859375,0.578125,-0.16827005,-0.400019839,-0.0081516101,-0.169155469,-0.454257493,-0.0194717974,-0.153190279,-0.462439551,-0.0239411495
37,56,0.875,0.578125,-0.147195849,-0.389344159,-0.0046283415,-0.155500083,-0.456339183,-0.0144772174,-0.147613781,-0.479389965,-0.0187309442
37,57,0.890625,0.578125,-0.123595837,-0.368095752,-0.00201323913,-0.136555701,-0.443660499,-0.0102388179,-0.135540001,-0.480530696,-0.0139308119
37,58,0.90625,0.578125,-0.0985907082,-0.336176048,-0.000405982146,-0.113226106,-0.414450915,-0.00702709746,-0.116997627,-0.461404142,-0.00992128509
37,59,0.921875,0.578125,-0.0735759145,-0.294234294,0.000176962154,-0.0872110278,-0.368574643,-0.00501293989,-0.0932567678,-0.41962641,-0.00703209589
37,60,0.9375,0.578125,-0.0501003604,-0.24367508,-0.000194818511,-0.0608354881,-0.307841614,-0.00422097999,-0.066845078,-0.356040603,-0.00543914617
37,61,0.953125,0.578125,-0.0297171029,-0.186540309,-0.00138002142,-0.0367024267,-0.235856791,-0.00452077539,-0.0411349882,-0.275031283,-0.00509984901
37,62,0.96875,0.578125,-0.0138383169,-0.125266374,-0.00319543281,-0.0172788913,-0.1573853,-0.00566572476,-0.0196233235,-0.183652908,-0.00576986081
37,63,0.984375,0.578125,-0.00363298106,-0.0623522234,-0.00542406413,-0.00456925611,-0.0773913785,-0.0073409461,-0.00523633622,-0.0897913996,-0.00707529284
37,64,1,0.578125,0,0,-0.00785976338,0,0,-0.00925649229,0,0,-0.00865717699
38,0,0,0.59375,0,0,-0.00463853248,0,0,0.000183831962,0,0,0.00250628805
38,1,0.015625,0.59375,-0.000354812372,0.0373183709,-0.00488425756,-1.54813619e-05,0.0442926268,0.000139593562,0.000339564785,0.0497867426,0.00255133363
38,2,0.03125,0.59375,-0.00140045297,0.0701523224,-0.00511914178,-0.000248696131,0.0828114989,7.19350442e-05,0.00091789406,0.0928541688,0.00254893055
38,3,0.046875,0.59375,-0.00310043094,0.0987767662,-0.00534982857,-0.000837332209,0.11596845,-4.49224707e-05,0.00138848827,0.129627459,0.00245830073
38,4,0.0625,0.59375,-0.00540204748,0.123500097,-0.00558809192,-0.00186419002,0.144215307,-0.000236609142,0.00151654838,0.160608744,0.00224226339
38,5,0.078125,0.59375,-0.00823976628,0.14465794,-0.00584910992,-0.00335907253,0.168054179,-0.000525161696,0.00117957293,0.186421962,0.0018727255
38,6,0.09375,0.59375,-0.0115394857,0.162602358,-0.00614930905,-0.00530601796,0.188023519,-0.000932347214,0.000353425628,0.207784172,0.00132406725
38,7,0.109375,0.59375,-0.0152229692,0.177688883,-0.0065054304,-0.00765367893,0.204670019,-0.00147862613,-0.000911151748,0.225437581,0.000573879381
38,8,0.125,0.59375,-0.0192118938,0.190263534,-0.00693388359,-0.0103268635,0.218515848,-0.00218280755,-0.00251571599,0.240073499,-0.000397354595
38,9,0.140625,0.59375,-0.0234311794,0.200651382,-0.00745032328,-0.0132376287,0.230028766,-0.00306207367,-0.00433980529,0.252270672,-0.00160685618
38,10,0.15625,0.59375,-0.027811453,0.209147569,-0.00806939169,-0.0162948102,0.239600046,-0.00413211354,-0.00626163659,0.262459552,-0.00306989829
38,11,0.171875,0.59375,-0.0322906603,0.216011124,-0.0088045755,-0.0194113805,0.247532444,-0.00540717785,-0.00817229741,0.270914347,-0.00479963228
38,12,0.1875,0.59375,-0.036814938,0.221461475,-0.00966812846,-0.0225094873,0.254038188,-0.00689994325,-0.00998359056,0.277767856,-0.00680635294
38,13,0.203125,0.59375,-0.0413389111,0.225677343,-0.0106710119,-0.0255233575,0.259245397,-0.008621138,-0.0116307715,0.283040926,-0.00909631874
38,14,0.21875,0.59375,-0.0458255777,0.22879763,-0.011822817,-0.0284004699,0.26321046,-0.0105789438,-0.013071849,0.286678153,-0.0116703413
38,15,0.234375,0.59375,-0.0502459173,0.230923876,-0.013131642,-0.0311014851,0.265933763,-0.0127782288,-0.0142850326,0.288583242,-0.0145223924
38,16,0.25,0.59375,-0.0545783259,0.232123879,-0.0146039076,-0.0335994104,0.267376478,-0.0152196965,-0.0152655164,0.288649827,-0.0176384648
38,17,0.265625,0.59375,-0.0588079511,0.23243611,-0.016244108,-0.0358783932,0.267476672,-0.0178990474,-0.0160223104,0.286785809,-0.0209958839
38,18,0.28125,0.59375,-0.062925984,0.231874542,-0.0180545041,-0.0379324245,0.266163671,-0.0208062562,-0.0165754147,0.282930796,-0.0245632008
38,19,0.296875,0.59375,-0.0669289549,0.230433588,-0.020034774,-0.0397641128,0.263370102,-0.0239250513,-0.0169533642,0.277067061,-0.0283007256
38,20,0.3125,0.59375,-0.070818078,0.22809288,-0.0221816447,-0.0413835895,0.259041447,-0.0272326732,-0.0171910448,0.269224788,-0.0321616814
38,21,0.328125,0.59375,-0.0745986775,0.22482173,-0.0244885313,-0.0428075421,0.253143125,-0.0306999579,-0.0173276737,0.259482411,-0.0360938881
38,22,0.34375,0.59375,-0.0782797243,0.220583153,-0.0269452135,-0.044058333,0.245665252,-0.0342917649,-0.0174048814,0.247962888,-0.0400418224
38,23,0.359375,0.59375,-0.0818734908,0.215337443,-0.029537578,-0.045163157,0.236625226,-0.0379677404,-0.0174648995,0.234826771,-0.0439488652
38,24,0.375,0.59375,-0.0853953194,0.209045286,-0.0322474577,-0.046153204,0.226068336,-0.041683376,-0.0175489061,0.220263009,-0.0477595338
38,25,0.390625,0.59375,-0.088863484,0.201670428,-0.0350525901,-0.0470628117,0.214066594,-0.0453912975,-0.0176956084,0.204478489,-0.0514215095
38,26,0.40625,0.59375,-0.0922991133,0.193181887,-0.0379267139,-0.0479286212,0.20071603,-0.049042702,-0.0179401355,0.187687295,-0.0548873118
38,27,0.421875,0.59375,-0.0957261376,0.183555678,-0.040839811,-0.0487887629,0.186132746,-0.0525888509,-0.0183132941,0.170100622,-0.0581155239
38,28,0.4375,0.59375,-0.0991712193,0.172776,-0.0437584932,-0.0496821172,0.170448042,-0.0559825243,-0.0188412052,0.15191809,-0.0610715338
38,29,0.453125,0.59375,-0.102663632,0.160835807,-0.0466465202,-0.0506476947,0.153802966,-0.0591793559,-0.0195453043,0.133320969,-0.0637278133
38,30,0.46875,0.59375,-0.106235049,0.147736721,-0.0494654216,-0.0517241783,0.136342601,-0.0621389728,-0.0204426605,0.114467578,-0.0660637981
38,31,0.484375,0.59375,-0.109919222,0.133488243,-0.0521751895,-0.052949663,0.118210388,-0.0648258942,-0.0215465547,0.0954908415,-0.0680654612
38,32,0.5,0.59375,-0.113751512,0.118106268,-0.0547350023,-0.054361612,0.0995427035,-0.0672101528,-0.0228672512,0.0764977675,-0.0697246831
38,33,0.515625,0.59375,-0.11776824,0.101610976,-0.0571039325,-0.0559970353,0.0804638191,-0.0692676295,-0.0244129084,0.0575704462,-0.0710385151
38,34,0.53125,0.59375,-0.122005836,0.0840242124,-0.0592415999,-0.0578928778,0.0610812938,-0.0709801023,-0.0261905893,0.0387680425,-0.0720084178
38,35,0.546875,0.59375,-0.126499717,0.0653665477,-0.0611087329,-0.0600865853,0.041481756,-0.0723350256,-0.0282073601,0.0201292067,-0.0726395328
38,36,0.5625,0.59375,-0.131282824,0.0456542741,-0.062667612,-0.0626167922,0.0217269739,-0.0733250602,-0.0304714847,0.00167430975,-0.0729400179
38,37,0.578125,0.59375,-0.136383745,0.0248966641,-0.063882385,-0.0655240457,0.0018500785,-0.0739473826,-0.0329937468,-0.0165930742,-0.0729204546
38,38,0.59375,0.59375,-0.141824274,0.00309389472,-0.0647192579,-0.0688514402,-0.0181481792,-0.0742027961,-0.0357889384,-0.0346859807,-0.0725933071
38,39,0.609375,0.59375,-0.147616281,-0.0197638737,-0.0651465864,-0.0726449794,-0.0383031835,-0.0740946734,-0.0388775465,-0.052635655,-0.0719723972
38,40,0.625,0.59375,-0.153757715,-0.0436956811,-0.0651349183,-0.0769534102,-0.0586901176,-0.0736277562,-0.0422876336,-0.0704953585,-0.0710723444
38,41,0.640625,0.59375,-0.160227562,-0.0687265272,-0.0646570573,-0.0818271672,-0.0794271903,-0.0728068433,-0.0460568303,-0.088346672,-0.06990791
38,42,0.65625,0.59375,-0.166979613,-0.0948809147,-0.0636882559,-0.0873159462,-0.100677722,-0.0716354125,-0.0502342198,-0.106308362,-0.0684931863
38,43,0.671875,0.59375,-0.173934921,-0.12217229,-0.0622066685,-0.0934642695,-0.122649896,-0.0701142407,-0.0548816778,-0.124547465,-0.0668405757
38,44,0.6875,0.59375,-0.180972998,-0.150587443,-0.0601942353,-0.10030425,-0.145592338,-0.0682401284,-0.0600739058,-0.143291563,-0.0649595279
38,45,0.703125,0.59375,-0.187921993,-0.180064972,-0.0576381943,-0.107844632,-0.169782896,-0.0660048947,-0.0658959539,-0.162840109,-0.0628550342
38,46,0.71875,0.59375,-0.194548516,-0.210467137,-0.0545334316,-0.116055127,-0.195507111,-0.0633948987,-0.0724364793,-0.183570998,-0.060525944
38,47,0.734375,0.59375,-0.200548315,-0.241544947,-0.0508858742,-0.124845262,-0.22302199,-0.0603914653,-0.0797743783,-0.205936313,-0.0579632614
38,48,0.75,0.59375,-0.205539864,-0.272897413,-0.0467170496,-0.134037458,-0.252500119,-0.0569727466,-0.0879559321,-0.230438234,-0.0551487513
38,49,0.765625,0.59375,-0.209063925,-0.303927605,-0.0420697736,-0.14333536,-0.283949423,-0.0531177014,-0.0969595195,-0.257572941,-0.052054434
38,50,0.78125,0.59375,-0.210593265,-0.333800929,-0.0370146155,-0.152290616,-0.317105861,-0.0488129675,-0.10664585,-0.287727791,-0.0486439344
38,51,0.796875,0.59375,-0.209557491,-0.361414581,-0.0316563061,-0.160274969,-0.351301504,-0.0440632879,-0.116694453,-0.321016972,-0.0448771434
38,52,0.8125,0.59375,-0.205387807,-0.385391042,-0.0261386035,-0.166469455,-0.385320441,-0.0389056114,-0.126533095,-0.357046882,-0.0407201033
38,53,0.828125,0.59375,-0.197584471,-0.404111289,-0.0206454566,-0.169888025,-0.417271155,-0.0334257512,-0.13527709,-0.394620036,-0.0361620544
38,54,0.84375,0.59375,-0.185804984,-0.415802708,-0.0153958726,-0.169456465,-0.444525369,-0.0277743371,-0.1417102,-0.431422241,-0.0312403272
38,55,0.859375,0.59375,-0.169963587,-0.418689962,-0.0106301948,-0.164164427,-0.46379351,-0.0221759865,-0.144354289,-0.46379529,-0.0260701722
38,56,0.875,0.59375,-0.150324045,-0.411203088,-0.00658699143,-0.153292545,-0.471411037,-0.0169232513,-0.141679977,-0.486765391,-0.0208700796
38,57,0.890625,0.59375,-0.127561648,-0.392218138,-0.00347262596,-0.136684158,-0.463876293,-0.0123472829,-0.1324856,-0.494534266,-0.0159654511
38,58,0.90625,0.59375,-0.102771107,-0.361287746,-0.00142915552,-0.114988066,-0.438592762,-0.00876300386,-0.116397275,-0.481568056,-0.011750799
38,59,0.921875,0.59375,-0.0774066529,-0.318808885,-0.000508975921,-0.0897675319,-0.394640298,-0.00639861781,-0.0943265761,-0.444166776,-0.00860226139
38,60,0.9375,0.59375,-0.0531569841,-0.266075958,-0.000664809112,-0.0633856651,-0.333294625,-0.00533302583,-0.0686331492,-0.382005767,-0.00676169936
38,61,0.953125,0.59375,-0.031775904,-0.205180305,-0.00176041119,-0.0386579547,-0.258024723,-0.00547039457,-0.0427962689,-0.298864981,-0.00624616117
38,62,0.96875,0.59375,-0.0149063015,-0.138745926,-0.00360182722,-0.0183793472,-0.173865518,-0.00657053495,-0.0206549381,-0.201947895,-0.00684098871
38,63,0.984375,0.59375,-0.00394594433,-0.0695355228,-0.00594347317,-0.00491136133,-0.0863070552,-0.00829353515,-0.00557753511,-0.0998650074,-0.00815976069
38,64,1,0.59375,0,0,-0.00854265278,0,0,-0.0103088674,0,0,-0.00980553594
39,0,0,0.609375,0,0,-0.00650826467,0,0,-0.00139156249,0,0,0.00113674577
39,1,0.015625,0.609375,-0.000309882227,0.0379760261,-0.00672772719,7.18119299e-05,0.0443340134,-0.00140183713,0.000454145243,0.0492162053,0.00121620236
39,2,0.03125,0.609375,-0.00123778958,0.0714478785,-0.00693835838,7.00053003e-05,0.0830720937,-0.00143752728,0.00134273277,0.0921258907,0.00124740284
39,3,0.046875,0.609375,-0.0027589142,0.100671222,-0.00714657985,-0.0001688122,0.116571797,-0.00152439179,0.00228627886,0.129051,0.00118988067
39,4,0.0625,0.609375,-0.00482835828,0.125938207,-0.00736326364,-0.000749792381,0.145229054,-0.00168722933,0.00301598241,0.160380982,0.0010073304
39,5,0.078125,0.609375,-0.00738564186,0.147572476,-0.0076023158,-0.00172196744,0.16949463,-0.00194678259,0.00337625743,0.186632545,0.000672773003
39,6,0.09375,0.609375,-0.0103598122,0.165918799,-0.00787944242,-0.00308525821,0.189864368,-0.00232405504,0.00331371693,0.208433053,0.000161210314
39,7,0.109375,0.609375,-0.0136744899,0.181329928,-0.00821122315,-0.00480065578,0.206853342,-0.00283923536,0.00285594413,0.226459752,-0.000549500561
39,8,0.125,0.609375,-0.0172523805,0.194153006,-0.00861439579,-0.00680183609,0.22096361,-0.00351124005,0.00208517062,0.241365554,-0.00147880385
39,9,0.140625,0.609375,-0.0210189593,0.204717305,-0.00910531954,-0.0090066567,0.232653477,-0.00435760648,0.00111202356,0.253714698,-0.00264392757
39,10,0.15625,0.609375,-0.0249052106,0.213324348,-0.00969959432,-0.0113273583,0.242313635,-0.00539451178,5.32499702e-05,0.263941595,-0.00406018455
39,11,0.171875,0.609375,-0.0288494457,0.220240903,-0.010411803,-0.0136787493,0.250252921,-0.00663674462,-0.000984491025,0.272336471,-0.00574080787
39,12,0.1875,0.609375,-0.0327983279,0.225694801,-0.0112553382,-0.0159840951,0.256694051,-0.00809751488,-0.00191441033,0.279054308,-0.00769625161
39,13,0.203125,0.609375,-0.0367072763,0.229873322,-0.0122422706,-0.0181787919,0.261778028,-0.00978804973,-0.00267383454,0.284139741,-0.00993305075
39,14,0.21875,0.609375,-0.0405404244,0.232923719,-0.0133832189,-0.0202121518,0.265574938,-0.0117169775,-0.00322442841,0.287559813,-0.0124524349
39,15,0.234375,0.609375,-0.0442702828,0.234955434,-0.0146871925,-0.0220477501,0.26809857,-0.01388955,-0.00354998077,0.289237804,-0.0152489394
39,16,0.25,0.609375,-0.0478772141,0.236043585,-0.0161613836,-0.0236628035,0.26932253,-0.016306781,-0.00365305196,0.289083557,-0.01830925
39,17,0.265625,0.609375,-0.0513488024,0.23623329,-0.0178109043,-0.0250469944,0.269196043,-0.0189646007,-0.00355134477,0.287017889,-0.0216114834
39,18,0.28125,0.609375,-0.0546791712,0.235544483,-0.0196384701,-0.0262010515,0.267658233,-0.0218531236,-0.00327424673,0.282990342,-0.0251250394
39,19,0.296875,0.609375,-0.0578682992,0.233976862,-0.0216440465,-0.027135287,0.26465023,-0.0249561252,-0.00285969582,0.276990466,-0.0288110881
39,20,0.3125,0.609375,-0.0609213717,0.231514738,-0.0238244794,-0.027868192,0.260124812,-0.0282507992,-0.00235136442,0.269053323,-0.032623676
39,21,0.328125,0.609375,-0.0638482014,0.228131571,-0.0261731381,-0.0284251189,0.254053596,-0.0317078457,-0.00179611269,0.25926002,-0.0365113624
39,22,0.34375,0.609375,-0.0666627422,0.223794109,-0.0286795979,-0.0288370397,0.246431849,-0.0352919089,-0.00124168478,0.247734165,-0.0404192349
39,23,0.359375,0.609375,-0.0693827032,0.218466068,-0.0313293971,-0.0291393604,0.237281114,-0.0389623529,-0.000734665128,0.234635141,-0.0442911185
39,24,0.375,0.609375,-0.0720292595,0.212111338,-0.0341038935,-0.0293707727,0.226649836,-0.0426743361,-0.000318746669,0.220149191,-0.0480717787
39,25,0.390625,0.609375,-0.074626838,0.204696726,-0.0369802464,-0.029572147,0.214612215,-0.0463801182,-3.33746164e-05,0.204479288,-0.0517089323
39,26,0.40625,0.609375,-0.0772029524,0.196194198,-0.0399315408,-0.0297854868,0.201265549,-0.0500305153,8.71836889e-05,0.187834794,-0.0551549198
39,27,0.421875,0.609375,-0.079788051,0.186582612,-0.0429270599,-0.0300529771,0.186726377,-0.0535764111,1.43224643e-05,0.170421772,-0.0583679427
39,28,0.4375,0.609375,-0.082415347,0.175848862,-0.0459327044,-0.030416172,0.171125729,-0.0569702322,-0.000274848213,0.152434694,-0.0613128321
39,29,0.453125,0.609375,-0.0851206017,0.163988395,-0.048911542,-0.0309153612,0.15460385,-0.0601673023,-0.000797825629,0.134050007,-0.063961365
39,30,0.46875,0.609375,-0.0879418369,0.151005026,-0.0518244594,-0.0315891509,0.137304691,-0.0631270045,-0.00156733843,0.115421804,-0.0662921903
39,31,0.484375,0.609375,-0.090918958,0.136910038,-0.054630882,-0.0324742847,0.119370461,-0.0658137025,-0.00259218358,0.0966795737,-0.0682904528
39,32,0.5,0.609375,-0.0940932719,0.121720558,-0.0572895183,-0.0336057138,0.100936441,-0.0681973882,-0.0038781919,0.0779278154,-0.0699472147
39,33,0.515625,0.609375,-0.0975068813,0.105457286,-0.0597590831,-0.0350169133,0.0821261703,-0.070254043,-0.00542925382,0.0592471087,-0.0712587696
39,34,0.53125,0.609375,-0.101201927,0.0881416649,-0.0619989561,-0.0367404271,0.0630470499,-0.0719657167,-0.00724836245,0.0406961604,-0.0722259298
39,35,0.546875,0.609375,-0.105219639,0.0697926823,-0.0639697387,-0.0388086091,0.0437862852,-0.0733203364,-0.00933866094,0.0223142664,-0.0728533436
39,36,0.5625,0.609375,-0.109599128,0.0504235222,-0.0656336797,-0.0412545127,0.024407058,-0.0743112696,-0.0117045123,0.00412362661,-0.0731488763
39,37,0.578125,0.609375,-0.114375841,0.0300383734,-0.0669549555,-0.0441128588,0.00494475504,-0.0749366624,-0.0143526361,-0.0138690466,-0.0731230615
39,38,0.59375,0.609375,-0.119579538,0.00862976445,-0.0678998061,-0.047420983,-0.0145969075,-0.0751985793,-0.0172933762,-0.0316721626,-0.0727886067
39,39,0.609375,0.609375,-0.125231657,-0.0138231165,-0.0684365455,-0.0512196172,-0.0342499696,-0.0751019664,-0.0205421639,-0.049310636,-0.0721599171
39,40,0.625,0.609375,-0.131341858,-0.0373545557,-0.0685354915,-0.0555532977,-0.0540865054,-0.0746534603,-0.0241212279,-0.0668294831,-0.0712525876
39,41,0.640625,0.609375,-0.137903532,-0.0620102261,-0.0681688809,-0.0604700973,-0.0742228594,-0.073860065,-0.0280615409,-0.0843000177,-0.0700828017
39,42,0.65625,0.609375,-0.144888052,-0.0878420645,-0.0673108674,-0.0660202554,-0.0948232814,-0.0727277316,-0.0324048935,-0.101828872,-0.0686665754
39,43,0.671875,0.609375,-0.152237528,-0.114899158,-0.0659377352,-0.0722531192,-0.116101934,-0.071259887,-0.0372057998,-0.119569757,-0.067018786
39,44,0.6875,0.609375,-0.15985596,-0.143213551,-0.0640284957,-0.0792116197,-0.138321613,-0.0694559943,-0.0425326525,-0.137737298,-0.0651519426
39,45,0.703125,0.609375,-0.167598771,-0.172779795,-0.0615660752,-0.0869232986,-0.161786699,-0.0673102789,-0.0484671304,-0.15662132,-0.0630746818
39,46,0.71875,0.609375,-0.175261091,-0.203527108,-0.058539338,-0.09538674,-0.186826854,-0.0648108369,-0.0551002888,-0.17659839,-0.0607900207
39,47,0.734375,0.609375,-0.182565637,-0.235283295,-0.0549461993,-0.104552216,-0.213766842,-0.0619394608,-0.0625230733,-0.198135189,-0.0582934799
39,48,0.75,0.609375,-0.189151866,-0.267730353,-0.0507980577,-0.114295612,-0.242876795,-0.0586726815,-0.0708082652,-0.2217752,-0.0555713244
39,49,0.765625,0.609375,-0.194569275,-0.300353218,-0.0461256551,-0.124385548,-0.274296648,-0.054984718,-0.0799803382,-0.248096444,-0.0525993878
39,50,0.78125,0.609375,-0.19827913,-0.332385819,-0.0409862166,-0.134445423,-0.307929222,-0.0508532047,-0.0899698588,-0.277624162,-0.0493433048
39,51,0.796875,0.609375,-0.199670417,-0.362762674,-0.0354712569,-0.143915527,-0.343299981,-0.0462686184,-0.100550755,-0.310679854,-0.0457614818
39,52,0.8125,0.609375,-0.198096661,-0.390089512,-0.0297137354,-0.152025605,-0.379390104,-0.0412480229,-0.111263418,-0.34715021,-0.0418127383
39,53,0.828125,0.609375,-0.192939357,-0.412651636,-0.0238923696,-0.1577953,-0.414465669,-0.0358527712,-0.121336005,-0.386171946,-0.0374709492
39,54,0.84375,0.609375,-0.183699844,-0.428481222,-0.0182301027,-0.160086726,-0.445950691,-0.0302077729,-0.12963191,-0.425760417,-0.0327484657
39,55,0.859375,0.609375,-0.170113454,-0.435500779,-0.0129834916,-0.15773536,-0.470421413,-0.024516786,-0.134671692,-0.462469774,-0.0277273387
39,56,0.875,0.609375,-0.1522687,-0.431746098,-0.00842081624,-0.14977478,-0.483819452,-0.019064697,-0.134793705,-0.491258654,-0.0225911643
39,57,0.890625,0.609375,-0.130703618,-0.41564869,-0.00478955785,-0.135739234,-0.481964978,-0.0141961974,-0.128507894,-0.505813398,-0.0176412185
39,58,0.90625,0.609375,-0.106447349,-0.386331044,-0.0022782827,-0.1159762,-0.461367541,-0.0102642315,-0.115031944,-0.499563166,-0.013273634
39,59,0.921875,0.609375,-0.0809826654,-0.343848416,-0.000982352041,-0.0918491255,-0.420177044,-0.00755369745,-0.0948668261,-0.467390536,-0.00990055266
39,60,0.9375,0.609375,-0.0561240467,-0.289305829,-0.00088476551,-0.0657020881,-0.358951191,-0.00620338183,-0.0701271029,-0.40757091,-0.00782663518
39,61,0.953125,0.609375,-0.0338302936,-0.224790992,-0.00186095989,-0.0405334535,-0.280863109,-0.00616122856,-0.0443365996,-0.323009495,-0.00713377689
39,62,0.96875,0.609375,-0.0159943918,-0.153096334,-0.00370994345,-0.0194702189,-0.191131894,-0.00720185544,-0.0216571892,-0.220871642,-0.00764631159
39,63,0.984375,0.609375,-0.00427071511,-0.077258525,-0.00615689438,-0.00525888335,-0.0957707257,-0.00896393982,-0.00591859511,-0.110446338,-0.00897211578
39,64,1,0.609375,0,0,-0.00891883455,0,0,-0.0110752008,0,0,-0.0106779432
40,0,0,0.625,0,0,-0.00838911528,0,0,-0.00292958925,0,0,-0.000166214511
40,1,0.015625,0.625,-0.00027035046,0.0385561605,-0.00858520038,0.000149894907,0.0442226215,-0.00290832018,0.000554014666,0.0484440099,-5.49493502e-05
40,2,0.03125,0.625,-0.00109366996,0.0726013543,-0.00877342215,0.000358804611,0.083052123,-0.00291308957,0.00172078871,0.0910220352,8.90610823e-06
40,3,0.046875,0.625,-0.00245345197,0.102367335,-0.00895937188,0.000443796722,0.116788248,-0.00296901591,0.00309814535,0.127954209,-1.41146048e-05
40,4,0.0625,0.625,-0.00430934386,0.128126824,-0.00915257874,0.00028231418,0.145768463,-0.00309964698,0.00439106546,0.159518766,-0.000159013792
40,5,0.078125,0.625,-0.00660311394,0.150189394,-0.00936548159,-0.000190382261,0.170389645,-0.00332429349,0.00541578744,0.186124228,-0.000451579801
40,6,0.09375,0.625,-0.00926477366,0.168891206,-0.00961300928,-0.000987983402,0.191102207,-0.00366318112,0.00609184894,0.208304485,-0.000916254637
40,7,0.109375,0.625,-0.012218291,0.184581451,-0.00991166405,-0.00208293617,0.208386597,-0.00413634184,0.00642368112,0.226666127,-0.00157511934
40,8,0.125,0.625,-0.0153865282,0.197608004,-0.0102787103,-0.00341785675,0.222721849,-0.00476302015,0.00647592262,0.24181742,-0.0024478511
40,9,0.140625,0.625,-0.0186951935,0.208304212,-0.0107314903,-0.00491712568,0.234554288,-0.0055613982,0.00634737609,0.254302592,-0.00355204562
40,10,0.15625,0.625,-0.0220757447,0.216978055,-0.0112868812,-0.00649747759,0.244272139,-0.00654846256,0.00614777573,0.264556066,-0.00490343205
40,11,0.171875,0.625,-0.025467304,0.223904241,-0.0119608877,-0.00807677927,0.252189181,-0.00773986056,0.00597995664,0.272882007,-0.00651569318
40,12,0.1875,0.625,-0.0288177325,0.229319305,-0.0127683471,-0.00958060307,0.258538231,-0.00914963773,0.00592830489,0.2794572,-0.00839979679
40,13,0.203125,0.625,-0.0320840565,0.233419439,-0.0137227065,-0.0109465671,0.263473454,-0.0107897926,0.00605300181,0.284350944,-0.0105628967
40,14,0.21875,0.625,-0.0352324305,0.236360636,-0.0148358304,-0.0121266827,0.267079418,-0.0126696429,0.00638877674,0.287554299,-0.0130069793
40,15,0.234375,0.625,-0.0382377993,0.238260665,-0.0161178067,-0.0130881064,0.269384415,-0.014795041,0.00694664076,0.289011865,-0.0157274858
40,16,0.25,0.625,-0.0410833743,0.239202398,-0.017576716,-0.0138127444,0.270375722,-0.01716751,0.00771723905,0.288651191,-0.0187121415
40,17,0.265625,0.625,-0.0437600073,0.239238067,-0.0192183612,-0.0142961283,0.27001492,-0.0197833959,0.00867482937,0.286407004,-0.0219402008
40,18,0.28125,0.625,-0.0462655178,0.238394039,-0.021045949,-0.0145458983,0.268251963,-0.022633135,0.00978129086,0.282239147,-0.0253822475
40,19,0.296875,0.625,-0.0486040159,0.236675788,-0.0230597412,-0.0145801279,0.265037242,-0.0257007288,0.0109898796,0.276144179,-0.0290006218
40,20,0.3125,0.625,-0.0507852545,0.234072782,-0.0252566934,-0.0144256293,0.260331278,-0.0289635022,0.012248636,0.268161205,-0.0327504619
40,21,0.328125,0.625,-0.0528240397,0.2305631,-0.0276301089,-0.0141163052,0.254111973,-0.032392194,0.0135034251,0.258372731,-0.0365812772
40,22,0.34375,0.625,-0.0547397178,0.226117655,-0.0301693378,-0.0136915681,0.246379493,-0.0359513991,0.0147006018,0.246901441,-0.0404389064
40,23,0.359375,0.625,-0.0565557441,0.22070396,-0.0328595524,-0.0131948314,0.237158959,-0.0396003524,0.015789267,0.233903832,-0.044267681
40,24,0.375,0.625,-0.0582993296,0.214289421,-0.0356816277,-0.012672075,0.226501123,-0.0432940114,0.0167230683,0.219561719,-0.0480125966
40,25,0.390625,0.625,-0.0600011461,0.206844121,-0.0386121492,-0.0121705021,0.214481308,-0.0469843723,0.0174614963,0.204072559,-0.0516213101
40,26,0.40625,0.625,-0.0616950652,0.1983431,-0.0416235658,-0.0117373147,0.20119686,-0.050621938,0.0179706518,0.187639598,-0.055045818
40,27,0.421875,0.625,-0.0634179031,0.188768073,-0.0446844936,-0.0114186461,0.186763431,-0.0541572418,0.0182234911,0.170462654,-0.0582437193
40,28,0.4375,0.625,-0.0652091448,0.178108551,-0.0477601641,-0.011258689,0.171310426,-0.0575423384,0.0181996018,0.152730238,-0.0611790249
40,29,0.453125,0.625,-0.0671106288,0.166362297,-0.050813004,-0.0112990577,0.154975945,-0.0607321761,0.0178845891,0.134613459,-0.0638225275
40,30,0.46875,0.625,-0.069166176,0.153535077,-0.0538033131,-0.0115784087,0.137901524,-0.0636857806,0.0172691795,0.116261936,-0.0661517877
40,31,0.484375,0.625,-0.0714211575,0.139639677,-0.0566900083,-0.0121323348,0.120226951,-0.0663672012,0.0163481527,0.0978016949,-0.0681508219
40,32,0.5,0.625,-0.0739219938,0.124694191,-0.0594313866,-0.0129935319,0.102085332,-0.0687461866,0.0151192028,0.0793348378,-0.0698095847
40,33,0.515625,0.625,-0.0767155795,0.108719631,-0.0619858615,-0.0141922262,0.0835985324,-0.0707985776,0.0135818101,0.0609406168,-0.0711233403
40,34,0.53125,0.625,-0.0798486163,0.0917369697,-0.0643126298,-0.0157568373,0.0648729895,-0.0725064211,0.0117361708,0.0426774496,-0.0720920006
40,35,0.546875,0.625,-0.0833668243,0.0737637485,-0.0663722268,-0.0177148444,0.0459958416,-0.0738578154,0.00958220048,0.0245853565,-0.072719489
40,36,0.5625,0.625,-0.0873139797,0.054810476,-0.0681269417,-0.0200938129,0.0270312236,-0.0748465109,0.00711858887,0.00668828496,-0.0730131625
40,37,0.578125,0.625,-0.0917306971,0.0348770737,-0.0695410731,-0.022922526,0.0080165488,-0.0754712873,0.00434185216,-0.0110042103,-0.072983302
40,38,0.59375,0.625,-0.0966528411,0.0139497112,-0.0705810245,-0.0262321453,-0.0110414209,-0.0757351293,0.00124530608,-0.0284964529,-0.0726426561
40,39,0.609375,0.625,-0.102109411,-0.00800155353,-0.071215252,-0.0300572943,-0.0301708688,-0.0756442226,-0.00218213236,-0.0458078033,-0.0720060053
40,40,0.625,0.625,-0.108119696,-0.0310238056,-0.0714141043,-0.0344369041,-0.0494396374,-0.0752067871,-0.00595740066,-0.0629759815,-0.0710896979
40,41,0.640625,0.625,-0.114689461,-0.0551803335,-0.0711496117,-0.0394145819,-0.0689602327,-0.0744317649,-0.010105059,-0.0800630063,-0.0699110965
40,42,0.65625,0.625,-0.12180587,-0.0805469189,-0.0703953161,-0.0450381491,-0.0888947003,-0.0733273877,-0.0146593503,-0.0971641027,-0.0684878728
40,43,0.671875,0.625,-0.129430854,-0.107204381,-0.069126265,-0.0513578334,-0.109458532,-0.0718996569,-0.0196663884,-0.114419706,-0.0668370886
40,44,0.6875,0.625,-0.137492621,-0.1352262,-0.0673193319,-0.0584223971,-0.130922159,-0.0701507988,-0.0251860734,-0.132030233,-0.0649740108
40,45,0.703125,0.625,-0.145875123,-0.164659841,-0.0649540728,-0.0662722333,-0.153607776,-0.0680777986,-0.0312929553,-0.150272473,-0.0629106356
40,46,0.71875,0.625,-0.154405485,-0.195500271,-0.0620143755,-0.0749281993,-0.177878194,-0.0656711906,-0.0380747258,-0.169515055,-0.0606539296
40,47,0.734375,0.625,-0.16283985,-0.227654173,-0.058491197,-0.0843747421,-0.204113118,-0.062914389,-0.0456262873,-0.190228337,-0.0582038649
40,48,0.75,0.625,-0.170848826,-0.260893775,-0.0543866963,-0.0945358409,-0.232666788,-0.0597840077,-0.054036478,-0.212980969,-0.0555514301
40,49,0.765625,0.625,-0.178004921,-0.294800341,-0.0497200072,-0.105242712,-0.263799613,-0.0562518243,-0.0633636556,-0.238411347,-0.0526769832
40,50,0.78125,0.625,-0.18377604,-0.328699788,-0.0445347082,-0.11619352,-0.297575882,-0.0522892901,-0.0735958424,-0.267157374,-0.0495496204
40,51,0.796875,0.625,-0.18753118,-0.361597051,-0.0389076394,-0.126908185,-0.333721322,-0.0478756696,-0.0845917436,-0.299723413,-0.0461287225
40,52,0.8125,0.625,-0.188566402,-0.392122102,-0.0329580223,-0.136686523,-0.371440667,-0.0430108326,-0.0960020698,-0.336261632,-0.042369502
40,53,0.828125,0.625,-0.186159753,-0.418508105,-0.026854838,-0.14458584,-0.409210034,-0.0377330582,-0.107178407,-0.376251544,-0.0382350441
40,54,0.84375,0.625,-0.179661369,-0.438628611,-0.0208192673,-0.149443753,-0.444585309,-0.0321404674,-0.117091998,-0.418086554,-0.0337173902
40,55,0.859375,0.625,-0.168617541,-0.450121105,-0.0151181875,-0.149979405,-0.474105456,-0.0264115009,-0.124308223,-0.458633495,-0.0288684188
40,56,0.875,0.625,-0.152914591,-0.450612923,-0.0100450596,-0.145002565,-0.493407164,-0.020815521,-0.127088402,-0.492929188,-0.023835912
40,57,0.890625,0.625,-0.132912979,-0.438039489,-0.00588699968,-0.133733438,-0.497674873,-0.0157011106,-0.123698374,-0.514296027,-0.0188904966
40,58,0.90625,0.625,-0.109531321,-0.411008699,-0.00288169567,-0.116179004,-0.482482871,-0.0114510433,-0.112955308,-0.515209124,-0.0144186851
40,59,0.921875,0.625,-0.0842427646,-0.369132187,-0.00117386419,-0.0934388095,-0.44491441,-0.00840378133,-0.0949070384,-0.489071617,-0.0108570997
40,60,0.9375,0.625,-0.0589659165,-0.313228329,-0.000785132367,-0.0677732134,-0.384610297,-0.00676160261,-0.0713455295,-0.432535994,-0.00856738642
40,61,0.953125,0.625,-0.0358637868,-0.24530996,-0.00161032242,-0.0423247639,-0.304256592,-0.00652472934,-0.0457693174,-0.347334895,-0.00769910393
40,62,0.96875,0.625,-0.0170973109,-0.168305504,-0.00344631861,-0.0205514684,-0.209140088,-0.00749155767,-0.0226379981,-0.2403659,-0.00812400672
40,63,0.984375,0.625,-0.00460662646,-0.0855299147,-0.00598914139,-0.00561239916,-0.105777274,-0.00928390748,-0.00626201751,-0.121522197,-0.00945146523
40,64,1,0.625,0,0,-0.00891188229,0,0,-0.0114871275,0,0,-0.0112141922
41,0,0,0.640625,0,0,-0.0102762158,0,0,-0.004425785,0,0,-0.00140016084
41,1,0.015625,0.640625,-0.000238176665,0.039069696,-0.0104530028,0.000216801637,0.0439752088,-0.00437617013,0.0006373719,0.0474954166,-0.00126030184
41,2,0.03125,0.640625,-0.000975150564,0.07363098,-0.0106216103,0.000610424357,0.0827781919,-0.00435170489,0.00204488111,0.08958176,-0.00116529836
41,3,0.046875,0.640625,-0.00219840077,0.103886896,-0.0107860436,0.000985332132,0.116648287,-0.00437615277,0.00380841344,0.126380723,-0.00115286005
41,4,0.0625,0.640625,-0.00386792431,0.130087869,-0.0109539576,0.00120738818,0.145863233,-0.00447131619,0.0056154051,0.15806334,-0.00125617953
41,5,0.078125,0.640625,-0.00592409846,0.152527905,-0.0111361129,0.00120054332,0.170764927,-0.00465490357,0.00725995107,0.184931762,-0.00149972125
41,6,0.09375,0.640625,-0.00829506127,0.171533976,-0.011346633,0.000940219162,0.191756922,-0.0049463525,0.00863780281,0.207425159,-0.00190741793
41,7,0.109375,0.640625,-0.0109031702,0.187451682,-0.0116020905,0.000443992388,0.209283215,-0.00536569519,0.00973114944,0.226075678,-0.00250152047
41,8,0.125,0.640625,-0.0136703214,0.200629909,-0.0119205667,-0.000239370572,0.2237978,-0.00593279911,0.0105862401,0.241441859,-0.0033023157
41,9,0.140625,0.640625,-0.0165220515,0.211406521,-0.0123207697,-0.00104129561,0.235733097,-0.00666687626,0.0112883196,0.254042845,-0.00432822598
41,10,0.15625,0.640625,-0.0193904559,0.220096459,-0.0128212784,-0.00188406307,0.245473288,-0.00758614704,0.0119381245,0.264309015,-0.00559588189
41,11,0.171875,0.640625,-0.0222160477,0.226982891,-0.0134399425,-0.0026899009,0.253336046,-0.00870754036,0.012632923,0.272555942,-0.00711988847
41,12,0.1875,0.640625,-0.0249487461,0.232311554,-0.0141934327,-0.00338802543,0.259563839,-0.0100463281,0.0134534676,0.278981263,-0.00891216421
41,13,0.203125,0.640625,-0.0275482073,0.23628802,-0.0150969052,-0.00391949909,0.264324108,-0.0116156254,0.0144568067,0.28367927,-0.0109808819
41,14,0.21875,0.640625,-0.0299837027,0.239077462,-0.0161637381,-0.00424005422,0.267716477,-0.0134257346,0.0156739545,0.286666174,-0.0133291519
41,15,0.234375,0.640625,-0.0322337093,0.240806378,-0.0174052956,-0.004321214,0.269784631,-0.015483358,0.0171110165,0.287909342,-0.0159536629
41,16,0.25,0.640625,-0.0342853378,0.241565793,-0.0188306817,-0.00415012235,0.270530552,-0.0177907395,0.0187523937,0.287355368,-0.0188435018
41,17,0.265625,0.640625,-0.0361336766,0.241415434,-0.0204464684,-0.00372849242,0.269929196,-0.0203448254,0.020564976,0.284953838,-0.0219793633
41,18,0.28125,0.640625,-0.0377811056,0.240388491,-0.0222563869,-0.00307102303,0.267942233,-0.0231365382,0.0225025938,0.280675292,-0.0253332944
41,19,0.296875,0.640625,-0.0392366142,0.238496599,-0.0242609943,-0.00220354529,0.264529961,-0.026150258,0.0245103141,0.274523121,-0.0288690528
41,20,0.3125,0.640625,-0.0405151492,0.235734762,-0.0264573316,-0.00116107293,0.25966099,-0.0293635842,0.0265283806,0.266539777,-0.0325430727
41,21,0.328125,0.640625,-0.0416370119,0.232086034,-0.0288385998,1.4142748e-05,0.253319535,-0.0327474299,0.0284957086,0.256808055,-0.036305965
41,22,0.34375,0.640625,-0.0426273187,0.227525813,-0.0313938836,0.00127450036,0.245510375,-0.0362664669,0.0303528833,0.245448323,-0.0401044102
41,23,0.359375,0.640625,-0.0435155255,0.222025679,-0.0341079532,0.0025688489,0.236261621,-0.039879913,0.0320446164,0.232612674,-0.0438832698
41,24,0.375,0.640625,-0.0443350115,0.21555674,-0.0369611731,0.00384417772,0.225625507,-0.0435426176,0.033521615,0.218476961,-0.0475877257
41,25,0.390625,0.640625,-0.0451227037,0.208092462,-0.0399295392,0.00504716787,0.213677455,-0.0472063825,0.0347418309,0.203231705,-0.0511652665
41,26,0.40625,0.640625,-0.0459187219,0.199610955,-0.0429848619,0.00612556982,0.200513693,-0.050821435,0.0356710883,0.187072799,-0.0545673804
41,27,0.421875,0.640625,-0.0467660218,0.190096691,-0.0460950986,0.0070293688,0.186247751,-0.0543379603,0.0362831264,0.170192822,-0.0577508524
41,28,0.4375,0.640625,-0.0477100156,0.179541588,-0.0492248311,0.0077117007,0.171006141,-0.0577076039,0.0365591344,0.152773596,-0.0606786281
41,29,0.453125,0.640625,-0.0487981592,0.167945426,-0.0523358694,0.0081294892,0.15492357,-0.0608848596,0.0364868887,0.13498043,-0.063320249
41,30,0.46875,0.640625,-0.0500795007,0.155315555,-0.0553879535,0.00824378712,0.138137968,-0.0638282743,0.0360596215,0.11695824,-0.0656519125
41,31,0.484375,0.640625,-0.0516041911,0.141665856,-0.0583395165,0.00801981893,0.120785584,-0.0665014194,0.0352747517,0.0988295504,-0.0676562327
41,32,0.5,0.640625,-0.053422962,0.12701498,-0.0611484627,0.00742673525,0.102996332,-0.0688735973,0.0341325936,0.0806941579,-0.0693217932
41,33,0.515625,0.640625,-0.0555865727,0.111383909,-0.0637729167,0.0064371016,0.0848894756,-0.0709202687,0.0326351354,0.0626301408,-0.0706425806
41,34,0.53125,0.640625,-0.058145222,0.0947929097,-0.0661718964,0.00502615161,0.0665696681,-0.0726232041,0.0307849428,0.04469577,-0.0716173768
41,35,0.546875,0.640625,-0.061147905,0.0772580457,-0.0683058708,0.00317084047,0.0481232609,-0.0739703709,0.028584204,0.0269318483,-0.0722491683
41,36,0.5625,0.640625,-0.0646416743,0.058787395,-0.0701371687,0.000848737282,0.0296147397,-0.0749555762,0.0260338964,0.00936397493,-0.0725446056
41,37,0.578125,0.640625,-0.0686707364,0.0393772349,-0.0716302207,-0.00196319948,0.0110830874,-0.0755778858,0.0231330165,-0.0079957638,-0.0725135271
41,38,0.59375,0.640625,-0.073275279,0.0190084782,-0.0727516264,-0.00528991,-0.00746213915,-0.0758408444,0.0198777909,-0.0251481781,-0.0721685342
41,39,0.609375,0.640625,-0.0784898812,-0.00235626164,-0.0734700582,-0.00915951017,-0.0260452108,-0.075751509,0.0162607592,-0.0421079293,-0.071524586
41,40,0.625,0.640625,-0.0843413086,-0.0247745056,-0.0737560329,-0.0136044452,-0.0447292178,-0.0753193188,0.0122696184,-0.0589065564,-0.0705985708
41,41,0.640625,0.640625,-0.0908454402,-0.0483240517,-0.0735816033,-0.0186623432,-0.0636216144,-0.0745548076,0.00788572671,-0.0755980681,-0.0694087902
41,42,0.65625,0.640625,-0.0980030131,-0.0731006711,-0.0729200506,-0.024376291,-0.0828800299,-0.0734681828,0.00308221401,-0.0922675428,-0.0679742994
41,43,0.671875,0.640625,-0.105793819,-0.0992124071,-0.0717456904,-0.030794108,-0.102717686,-0.0720677902,-0.00217825329,-0.109043034,-0.0663140355
41,44,0.6875,0.640625,-0.11416895,-0.126769282,-0.0700339456,-0.0379659873,-0.123407213,-0.0703585125,-0.00794581622,-0.126110731,-0.0644456827
41,45,0.703125,0.640625,-0.123040702,-0.155866931,-0.0677618869,-0.0459396045,-0.145280897,-0.0683401812,-0.0142853225,-0.143732668,-0.0623842382
41,46,0.71875,0.640625,-0.13226986,-0.186562381,-0.0649094996,-0.0547514722,-0.168724345,-0.0660061401,-0.0212767341,-0.162265058,-0.0601402761
41,47,0.734375,0.640625,-0.141650368,-0.218839954,-0.0614619914,-0.0644129657,-0.1941592,-0.0633421969,-0.0290122839,-0.182173437,-0.0577179561
41,48,0.75,0.640625,-0.150892015,-0.252565282,-0.0574135025,-0.0748891744,-0.222008825,-0.0603263478,-0.0375876848,-0.204037832,-0.0551129129
41,49,0.765625,0.640625,-0.159602842,-0.287426004,-0.052772572,-0.086068737,-0.252638969,-0.0569298676,-0.0470835872,-0.22853708,-0.0523103045
41,50,0.78125,0.640625,-0.167274761,-0.32285956,-0.0475696068,-0.0977235206,-0.286263749,-0.0531206387,-0.0575324557,-0.256396074,-0.0492835595
41,51,0.796875,0.640625,-0.173278358,-0.357972312,-0.0418662806,-0.109459101,-0.322806978,-0.048869874,-0.0688656594,-0.288273627,-0.045994797
41,52,0.8125,0.640625,-0.176875759,-0.39146094,-0.0357661649,-0.120661545,-0.36171245,-0.0441635353,-0.0808370947,-0.324563547,-0.0423985557
41,53,0.828125,0.640625,-0.17726277,-0.421556669,-0.0294248509,-0.13045402,-0.401708439,-0.039019426,-0.092925385,-0.365082017,-0.0384512955
41,54,0.84375,0.640625,-0.173651139,-0.446023434,-0.0230564293,-0.13768851,-0.440557125,-0.0335096022,-0.104230113,-0.4086306,-0.0341296667
41,55,0.859375,0.640625,-0.165396044,-0.462247557,-0.0169318092,-0.141010424,-0.474862602,-0.027784771,-0.113401996,-0.45247337,-0.0294596934
41,56,0.875,0.640625,-0.152160434,-0.46745066,-0.011363855,-0.139038868,-0.500065419,-0.022092554,-0.11868071,-0.491868503,-0.0245548033
41,57,0.890625,0.640625,-0.134087999,-0.45903196,-0.00667600033,-0.130687184,-0.510788539,-0.0167762517,-0.118140265,-0.519946492,-0.0196512767
41,58,0.90625,0.640625,-0.111937629,-0.435001258,-0.00315585092,-0.115591726,-0.501662169,-0.0122391825,-0.110218424,-0.528354502,-0.0151167241
41,59,0.921875,0.640625,-0.0871266472,-0.394413821,-0.00100276566,-0.0945251565,-0.468582835,-0.00886799722,-0.0944778779,-0.509000314,-0.0114006289
41,60,0.9375,0.640625,-0.0616475247,-0.337684807,-0.000285335849,-0.0695923841,-0.410065237,-0.00692984318,-0.0723108909,-0.456708631,-0.00891377686
41,61,0.953125,0.640625,-0.0378605655,-0.266659597,-0.000926382108,-0.0440317748,-0.328084854,-0.00648463289,-0.0471127341,-0.371717026,-0.00787380436
41,62,0.96875,0.640625,-0.0182103466,-0.184353494,-0.00272681479,-0.021625618,-0.227844258,-0.00736376839,-0.0236090709,-0.260378941,-0.00820710411
41,63,0.984375,0.640625,-0.00495324307,-0.0943558359,-0.00535440622,-0.00597336352,-0.116322194,-0.00917755722,-0.0066117099,-0.133084336,-0.00953177085
41,64,1,0.640625,0,0,-0.00843482469,0,0,-0.0114688659,0,0,-0.0113491311
42,0,0,0.65625,0,0,-0.0121661327,0,0,-0.005877632,0,0,-0.00256498181
42,1,0.015625,0.65625,-0.000215616639,0.0395313111,-0.0123290955,0.000270542788,0.0436121972,-0.0058036954,0.000702613492,0.0463991288,-0.00240034339
42,2,0.03125,0.65625,-0.000890349452,0.0745615784,-0.0124819912,0.000817398982,0.0822835925,-0.00575236891,0.00230835501,0.0878509936,-0.00227626391
42,3,0.046875,0.65625,-0.00201021446,0.105260109,-0.0126263043,0.00144013315,0.116191284,-0.00574523814,0.00440220323,0.124383685,-0.0022278662
42,4,0.0625,0.65625,-0.00353021741,0.131852522,-0.0127671759,0.00199977952,0.145553251,-0.00580177827,0.0066634948,0.156067228,-0.00228594125
42,5,0.078125,0.65625,-0.00538470542,0.154616531,-0.0129134677,0.00241431892,0.170656814,-0.0059378856,0.00887130219,0.18310183,-0.00247342545
42,6,0.09375,0.65625,-0.00749633974,0.173870278,-0.013078516,0.00265200973,0.191858758,-0.00617220701,0.0109020393,0.205833287,-0.00281376337
42,7,0.109375,0.65625,-0.00978340476,0.189956711,-0.0132792055,0.00272259417,0.209566187,-0.00652498556,0.012717569,0.22471769,-0.00332963444
42,8,0.125,0.65625,-0.0121654479,0.203226885,-0.0135348475,0.0026669918,0.224207137,-0.00701709717,0.0143456622,0.24026025,-0.00404238532
42,9,0.140625,0.65625,-0.0145673711,0.214024346,-0.0138660323,0.0025464443,0.23619898,-0.00766928133,0.0158566356,0.252950708,-0.00497183108
42,10,0.15625,0.65625,-0.0169221616,0.222672051,-0.0142935956,0.0024321273,0.245920744,-0.00850153691,0.0173402996,0.263211463,-0.0061361091
42,11,0.171875,0.65625,-0.01917249,0.229462532,-0.014837771,0.00239606692,0.253693143,-0.00953260983,0.0188864507,0.271366664,-0.0075513305
42,12,0.1875,0.65625,-0.0212714292,0.234651465,-0.0155175449,0.00250390023,0.259767829,-0.0107794868,0.0205707029,0.277633316,-0.00923089374
42,13,0.203125,0.65625,-0.02318254,0.238454396,-0.0163501869,0.0028096977,0.264325483,-0.012256819,0.0224460345,0.282130457,-0.0111844497
42,14,0.21875,0.65625,-0.0248795462,0.241046138,-0.0173509029,0.00335278889,0.267481133,-0.0139762386,0.0245393814,0.284900089,-0.013416626
42,15,0.234375,0.65625,-0.0263457696,0.2425623,-0.0185325594,0.00415633634,0.269294483,-0.0159455719,0.0268520551,0.285933426,-0.0159256931
42,16,0.25,0.65625,-0.0275734479,0.243102366,-0.0199054287,0.00522729659,0.269783001,-0.018167999,0.0293626541,0.285197231,-0.018702387
42,17,0.265625,0.65625,-0.0285630115,0.242733835,-0.0214769271,0.00655738288,0.268935821,-0.0206412344,0.0320313212,0.282656804,-0.0217290904
42,18,0.28125,0.65625,-0.02932236,0.241496977,-0.0232513302,0.00812468001,0.266727016,-0.023356822,0.0348045063,0.278293809,-0.0249795253
42,19,0.296875,0.65625,-0.0298661643,0.239409832,-0.0252294701,0.0098956312,0.263127292,-0.0262996317,0.0376196983,0.272118392,-0.0284190407
42,20,0.3125,0.65625,-0.030215206,0.23647318,-0.0274084256,0.0118271953,0.25811359,-0.0294476339,0.0404098223,0.26417581,-0.0320055013
42,21,0.328125,0.65625,-0.0303957653,0.23267527,-0.0297812336,0.0138690417,0.251676399,-0.0327720011,0.0431071365,0.254548229,-0.0356907082
42,22,0.34375,0.65625,-0.0304390592,0.227996168,-0.0323366471,0.0159657004,0.243824787,-0.036237558,0.0456465347,0.243352533,-0.0394222228
42,23,0.359375,0.65625,-0.0303807302,0.222411653,-0.0350589721,0.0180586117,0.234589281,-0.0398035696,0.0479681907,0.230735101,-0.0431454238
42,24,0.375,0.65625,-0.0302603737,0.215896599,-0.0379280099,0.0200880353,0.224022804,-0.0434248282,0.0500195002,0.216864504,-0.0468056142
42,25,0.390625,0.65625,-0.0301210915,0.208427831,-0.0409191265,0.0219947767,0.212199916,-0.0470529724,0.0517563039,0.201923086,-0.0503500012
42,26,0.40625,0.65625,-0.0300090515,0.199986418,-0.0440034667,0.0237216919,0.199214659,-0.0506379621,0.0531434078,0.186098302,-0.0537294061
42,27,0.421875,0.65625,-0.0299730374,0.190559366,-0.0471483147,0.025214931,0.1851773,-0.0541296146,0.0541544644,0.169574608,-0.0568996068
42,28,0.4375,0.65625,-0.0300639749,0.180140688,-0.0503175961,0.0264248865,0.170210306,-0.0574791144,0.0547713134,0.152526476,-0.0598222627
42,29,0.453125,0.65625,-0.0303344303,0.168731782,-0.0534725034,0.0273068257,0.154443859,-0.060640414,0.0549829159,0.135112972,-0.0624654273
42,30,0.46875,0.65625,-0.0308380843,0.156341109,-0.0565722157,0.027821199,0.138011195,-0.0635714583,0.054784029,0.117474073,-0.0648036896
42,31,0.484375,0.65625,-0.031629189,0.142983139,-0.0595746761,0.0279336304,0.121044003,-0.0662351816,0.0541737676,0.0997287229,-0.0668180178
42,32,0.5,0.65625,-0.0327620237,0.128676572,-0.0624373814,0.0276146123,0.103668049,-0.0686002444,0.053154183,0.0819744541,-0.0684953886
42,33,0.515625,0.65625,-0.0342903587,0.113441891,-0.0651181391,0.0268389349,0.085999116,-0.0706414971,0.0517289572,0.0642882676,-0.0698282873
42,34,0.53125,0.65625,-0.0362669329,0.097298302,-0.0675757466,0.025584888,0.0681392507,-0.0723401721,0.0499022769,0.0467283809,-0.0708141569
42,35,0.546875,0.65625,-0.0387429373,0.0802602009,-0.0697705507,0.0238332721,0.0501732559,-0.0736838133,0.0476779075,0.0293364029,-0.0714548512
42,36,0.5625,0.65625,-0.0417674743,0.0623333074,-0.0716648553,0.0215662566,0.0321652636,-0.0746659639,0.0450584511,0.0121394725,-0.0717561305
42,37,0.578125,0.65625,-0.0453869399,0.0435106785,-0.073223155,0.0187661198,0.0141551961,-0.0752856314,0.0420447331,-0.00484810485,-0.0717272122
42,38,0.59375,0.65625,-0.049644237,0.023768856,-0.074412187,0.0154139065,-0.00384511019,-0.0755465516,0.0386352307,-0.0216241956,-0.0713803703
42,39,0.609375,0.65625,-0.0545776879,0.00306447609,-0.0752008069,0.0114880475,-0.0218563336,-0.0754562676,0.034825432,-0.0381996308,-0.0707305539
42,40,0.625,0.65625,-0.0602194614,-0.0186682466,-0.0755597136,0.00696301312,-0.0399368045,-0.075025038,0.030606997,-0.054600949,-0.0697949811
42,41,0.640625,0.65625,-0.0665932657,-0.041518629,-0.0754610712,0.00180811624,-0.0581883869,-0.0742645871,0.0259665878,-0.0708756019,-0.0685926554
42,42,0.65625,0.65625,-0.0737109879,-0.0655985401,-0.0748780972,-0.00401333302,-0.0767629354,-0.0731867075,0.0208842577,-0.0871001227,-0.0671437387
42,43,0.671875,0.65625,-0.0815678791,-0.0910384447,-0.0737847196,-0.0105441913,-0.0958688358,-0.0718017361,0.0153313536,-0.103391675,-0.0654687237
42,44,0.6875,0.65625,-0.0901358084,-0.117979317,-0.072155441,-0.017832442,-0.115776662,-0.0701169338,0.00926802047,-0.119923164,-0.0635873441
42,45,0.703125,0.65625,-0.0993540482,-0.14655893,-0.0699656016,-0.0259281613,-0.136822291,-0.068134832,0.00264065207,-0.136941555,-0.0615171916
42,46,0.71875,0.65625,-0.109117056,-0.176890604,-0.0671922843,-0.0348773436,-0.159404833,-0.0658516526,-0.00461994473,-0.154788093,-0.0592720201
42,47,0.734375,0.65625,-0.119258861,-0.209032018,-0.0638161819,-0.0447110075,-0.183975415,-0.0632559922,-0.0125982495,-0.173917386,-0.0568597708
42,48,0.75,0.65625,-0.129534066,-0.242941301,-0.0598248161,-0.0554275358,-0.211011016,-0.0603280911,-0.0213892305,-0.194909665,-0.0542804189
42,49,0.765625,0.65625,-0.139596399,-0.278417595,-0.0552175378,-0.0669658479,-0.240965267,-0.0570402022,-0.0310854631,-0.218466577,-0.0515238506
42,50,0.78125,0.65625,-0.148977384,-0.315024272,-0.0500127114,-0.0791671002,-0.274185518,-0.053358863,-0.0417511741,-0.245375302,-0.0485681989
42,51,0.796875,0.65625,-0.157070395,-0.351996053,-0.0442572748,-0.0917238347,-0.310783298,-0.0492502138,-0.0533770253,-0.276418774,-0.0453794305
42,52,0.8125,0.65625,-0.163129069,-0.38813769,-0.0380383525,-0.104119027,-0.350445748,-0.0446898158,-0.0658094526,-0.312201906,-0.0419135969
42,53,0.828125,0.65625,-0.166292992,-0.421732726,-0.0314956157,-0.115564949,-0.392183068,-0.0396784188,-0.0786517402,-0.352858526,-0.0381240439
42,54,0.84375,0.65625,-0.165655911,-0.450495337,-0.0248315538,-0.124964473,-0.434028906,-0.0342642578,-0.0911446943,-0.397609943,-0.0339767429
42,55,0.859375,0.65625,-0.160388762,-0.47161181,-0.0183149648,-0.130934446,-0.472755098,-0.0285699492,-0.102058154,-0.444182898,-0.0294768641
42,56,0.875,0.65625,-0.149917579,-0.481920968,-0.0122715627,-0.131944846,-0.503730404,-0.0228172151,-0.109663507,-0.488190919,-0.0247068071
42,57,0.890625,0.65625,-0.134133404,-0.478262294,-0.00705615666,-0.126621576,-0.521122015,-0.0173361341,-0.111901031,-0.522758312,-0.0198675667
42,58,0.90625,0.65625,-0.113583421,-0.457970051,-0.00300510972,-0.11421092,-0.518644898,-0.0125409999,-0.10686263,-0.538871512,-0.0153011053
42,59,0.921875,0.65625,-0.0895750408,-0.419422291,-0.000376203684,-0.0950986278,-0.490913752,-0.00885951773,-0.0936052754,-0.52697915,-0.0114590415
42,60,0.9375,0.65625,-0.0641347714,-0.362494411,0.00070711367,-0.0711558536,-0.435103679,-0.0066228422,-0.073045585,-0.479901138,-0.00879222369
42,61,0.953125,0.65625,-0.0398059696,-0.288747138,0.000284756524,-0.0456577809,-0.352223358,-0.00595656694,-0.0483883109,-0.396036715,-0.00758460352
42,62,0.96875,0.65625,-0.0193297161,-0.201212827,-0.0014555764,-0.0226977692,-0.2471985,-0.00673426144,-0.0245854901,-0.280866924,-0.00782301109
42,63,0.984375,0.65625,-0.00531049724,-0.103740261,-0.00415522709,-0.00634421178,-0.127402892,-0.00856067112,-0.00697302901,-0.145131268,-0.00914121578
42,64,1,0.65625,0,0,-0.00738915609,0,0,-0.0109364746,0,0,-0.0110119517
43,0,0,0.671875,0,0,-0.0140571779,0,0,-0.00728468178,0,0,-0.00366286829
43,1,0.015625,0.671875,-0.000205335601,0.0399600455,-0.014213445,0.000309032622,0.0431578098,-0.00719134725,0.000748267108,0.0451870616,-0.00347786417
43,2,0.03125,0.671875,-0.000848813388,0.0754255778,-0.0143558341,0.000971842164,0.0816086016,-0.00711628388,0.00250489416,0.0858821703,-0.00332735431
43,3,0.046875,0.671875,-0.00190810181,0.106526764,-0.0144821451,0.00179163482,0.115465907,-0.00707794426,0.00486514123,0.122025583,-0.00324296276
43,4,0.0625,0.671875,-0.00332643625,0.13346236,-0.0145942418,0.00263239605,0.144889047,-0.00709279266,0.00751038627,0.153594241,-0.00325239076
43,5,0.078125,0.671875,-0.00502627213,0.156494028,-0.0146988701,0.00341251886,0.170112697,-0.00717466259,0.0102128578,0.180693217,-0.00337676562
43,6,0.09375,0.671875,-0.00692029228,0.175932675,-0.0148086759,0.00409774204,0.191448646,-0.00734142552,0.012835263,0.203578892,-0.00363903692
43,7,0.109375,0.671875,-0.00891969195,0.19212079,-0.0149412331,0.00469282961,0.209268233,-0.00761381995,0.0153221311,0.222632055,-0.00406260276
43,8,0.125,0.671875,-0.0109400414,0.205413875,-0.0151176608,0.00523210163,0.22397395,-0.00801422913,0.0176834697,0.238302792,-0.00467040201
43,9,0.140625,0.671875,-0.0129051405,0.216163235,-0.0153611213,0.00576942625,0.235967962,-0.00856555374,0.0199737531,0.251048208,-0.00548432747
43,10,0.15625,0.671875,-0.0147492847,0.224701578,-0.0156954211,0.00636848567,0.245623666,-0.00929025315,0.0222700562,0.2612792,-0.0065247584
43,11,0.171875,0.671875,-0.0164183297,0.231332159,-0.01614385,0.00709407607,0.253264273,-0.0102095514,0.0246526554,0.269325539,-0.00781001859
43,12,0.1875,0.671875,-0.0178699,0.236321604,-0.0167282969,0.0080049921,0.259150208,-0.0113427403,0.0271902164,0.27542168,-0.0093556115
43,13,0.203125,0.671875,-0.0190730388,0.239896138,-0.0174686192,0.00914877789,0.263475219,-0.0127065007,0.0299303463,0.279710591,-0.0111731873
43,14,0.21875,0.671875,-0.020007535,0.242240691,-0.0183822078,0.0105583706,0.266369839,-0.0143141822,0.032895193,0.282260153,-0.0132693053
43,15,0.234375,0.671875,-0.0206631012,0.24350028,-0.0194836746,0.0122504635,0.267910124,-0.0161750255,0.0360811041,0.283086069,-0.0156441388
43,16,0.25,0.671875,-0.0210385156,0.243783035,-0.0207846024,0.014225293,0.268129505,-0.0182933512,0.0394611173,0.282176102,-0.018290316
43,17,0.265625,0.671875,-0.0211407891,0.243164346,-0.0222933109,0.0164675031,0.267031813,-0.0206677808,0.0429891255,0.279511985,-0.0211920895
43,18,0.28125,0.671875,-0.0209843847,0.241691644,-0.0240146149,0.0189477544,0.264603985,-0.0232905689,0.0466047996,0.275086915,-0.024324989
43,19,0.296875,0.671875,-0.0205904951,0.239389445,-0.0259495683,0.0216247913,0.260827446,-0.0261471325,0.0502386304,0.268917805,-0.0276560477
43,20,0.3125,0.671875,-0.0199863772,0.236264363,-0.0280952064,0.0244477473,0.255687579,-0.0292158497,0.053816687,0.261052339,-0.0311446169
43,21,0.328125,0.671875,-0.0192047376,0.232309887,-0.030444305,0.02735853,0.24918103,-0.032468177,0.0572648499,0.251571342,-0.0347437098
43,22,0.34375,0.671875,-0.0182831626,0.227510778,-0.0329851856,0.030294177,0.241320805,-0.0358691096,0.0605123799,0.240587269,-0.0384017552
43,23,0.359375,0.671875,-0.0172635835,0.221846994,-0.0357015955,0.0331891043,0.232139286,-0.0393779718,0.0634947351,0.228239709,-0.0420646014
43,24,0.375,0.671875,-0.0161917652,0.215297102,-0.0385726896,0.0359771892,0.221689342,-0.0429495023,0.0661555933,0.214688848,-0.04567759
43,25,0.390625,0.671875,-0.0151168037,0.207841139,-0.0415731357,0.0385936359,0.210043798,-0.0465351716,0.0684480707,0.200107797,-0.0491875305
43,26,0.40625,0.671875,-0.0140906169,0.199462901,-0.0446733595,0.0409765787,0.197293539,-0.0500846518,0.0703351734,0.184674639,-0.0525444329
43,27,0.421875,0.671875,-0.0131674166,0.190151615,-0.0478399317,0.0430683839,0.183544556,-0.053547353,0.0717895619,0.168564916,-0.0557028972
43,28,0.4375,0.671875,-0.012403156,0.17990298,-0.0510360912,0.044816621,0.168914246,-0.0568739364,0.0727927485,0.151945145,-0.058623107
43,29,0.453125,0.671875,-0.0118549531,0.168719535,-0.0542223876,0.046174689,0.153527257,-0.0600177248,0.0733338768,0.134967714,-0.0612714243
43,30,0.46875,0.671875,-0.0115805008,0.156610314,-0.0573574127,0.0471020969,0.137511163,-0.0629359431,0.0734082472,0.117767388,-0.0636206199
43,31,0.484375,0.671875,-0.0116374786,0.143589795,-0.0603985871,0.0475644168,0.120992171,-0.0655907394,0.0730157443,0.100459396,-0.0656498058
43,32,0.5,0.671875,-0.0120829883,0.12967615,-0.0633029553,0.0475329376,0.104091028,-0.0679499513,0.072159308,0.0831389683,-0.0673441451
43,33,0.515625,0.671875,-0.0129730313,0.114888818,-0.0660279467,0.0469840599,0.0869191999,-0.0699876065,0.0708435541,0.0658820468,-0.0686944232
43,34,0.53125,0.671875,-0.0143620415,0.0992454883,-0.0685320572,0.0458984733,0.0695753309,-0.0716841545,0.0690736159,0.0487468198,-0.0696965547
43,35,0.546875,0.671875,-0.0163024754,0.082758587,-0.0707754101,0.0442601582,0.0521418924,-0.0730264404,0.0668542333,0.031775674,-0.0703510809
43,36,0.5625,0.671875,-0.0188444443,0.0654313976,-0.0727201635,0.0420552478,0.034681892,-0.0740074374,0.0641890797,0.0149971493,-0.0706626979
43,37,0.578125,0.671875,-0.0220353462,0.0472539976,-0.0743307414,0.0392707769,0.0172354375,-0.0746257582,0.0610802751,-0.00157254335,-0.070639831
43,38,0.59375,0.671875,-0.0259194261,0.0281992261,-0.0755738786,0.0358933406,-0.000184066823,-0.0748849648,0.0575280056,-0.017928877,-0.0702942513
43,39,0.609375,0.671875,-0.0305371504,0.00821896275,-0.0764184818,0.0319076835,-0.0175943175,-0.0747926921,0.0535301353,-0.0340796957,-0.0696407091
43,40,0.625,0.671875,-0.03592423,-0.0127589277,-0.0768353283,0.0272952517,-0.0350492866,-0.0743595992,0.0490816761,-0.0500477122,-0.0686965432
43,41,0.640625,0.671875,-0.0421100629,-0.0348325252,-0.0767966434,0.0220327746,-0.0526452683,-0.0735981597,0.0441739642,-0.0658753287,-0.0674812167
43,42,0.65625,0.671875,-0.0491152853,-0.0581260578,-0.0762756179,0.0160910054,-0.0705277224,-0.0725212997,0.0387933917,-0.0816323086,-0.0660157162
43,43,0.671875,0.671875,-0.0569480283,-0.0827875866,-0.0752459562,0.00943385694,-0.088898577,-0.0711408992,0.0329195723,-0.0974267965,-0.0643217562
43,44,0.6875,0.671875,-0.0655983615,-0.108983113,-0.0736815817,0.00201834088,-0.108023243,-0.069466182,0.0265229097,-0.11342003,-0.0624207334
43,45,0.703125,0.671875,-0.075030295,-0.136885683,-0.0715566702,-0.00620402944,-0.128235995,-0.0675020403,0.0195617252,-0.129844703,-0.0603323906
43,46,0.71875,0.671875,-0.0851706099,-0.166657568,-0.0688462413,-0.0152833594,-0.149941499,-0.0652473801,0.0119794443,-0.147026156,-0.058073173
43,47,0.734375,0.671875,-0.095893778,-0.198422945,-0.0655276135,-0.0252635252,-0.173609008,-0.0626936371,0.00370291878,-0.165404151,-0.055654296
43,48,0.75,0.671875,-0.107002419,-0.232227743,-0.061583117,-0.0361682769,-0.199753985,-0.0598237277,-0.00535616116,-0.185550619,-0.0530796012
43,49,0.765625,0.671875,-0.118203363,-0.267982686,-0.0570045375,-0.0479785704,-0.228899405,-0.0566118669,-0.0152935583,-0.208175136,-0.0503433645
43,50,0.78125,0.671875,-0.129080784,-0.305385564,-0.0517998039,-0.0605979596,-0.261505762,-0.0530249628,-0.0261936566,-0.234104511,-0.0474283892
43,51,0.796875,0.671875,-0.139070464,-0.343820626,-0.0460023377,-0.0738031901,-0.297855051,-0.0490266581,-0.0380928649,-0.264215349,-0.0443050239
43,52,0.8125,0.671875,-0.147443401,-0.382238343,-0.0396831129,-0.0871793924,-0.337871335,-0.044585508,-0.0509172909,-0.299288832,-0.040932288
43,53,0.828125,0.671875,-0.153312399,-0.419029827,-0.0329646211,-0.100045449,-0.380862994,-0.0396890388,-0.0643876826,-0.339746776,-0.0372631523
43,54,0.84375,0.671875,-0.155680397,-0.451927664,-0.0260344158,-0.111387649,-0.425187629,-0.0343650445,-0.0778918694,-0.385224186,-0.0332570819
43,55,0.859375,0.671875,-0.153550271,-0.477985889,-0.0191537244,-0.119839792,-0.467882228,-0.028709565,-0.0903452296,-0.433954557,-0.0289035368
43,56,0.875,0.671875,-0.146106873,-0.493706018,-0.0126543529,-0.123770875,-0.504378288,-0.0229165157,-0.100100409,-0.482025627,-0.024258483
43,57,0.890625,0.671875,-0.132958305,-0.495366118,-0.00691631749,-0.121550709,-0.528522466,-0.0172966642,-0.105025829,-0.522747369,-0.0194891348
43,58,0.90625,0.671875,-0.114387097,-0.479559621,-0.00232167172,-0.112028182,-0.533185118,-0.0122662656,-0.102912755,-0.546650257,-0.0149078893
43,59,0.921875,0.671875,-0.0915291467,-0.44386247,0.000811399453,-0.0951469714,-0.511637901,-0.00828585528,-0.0923042787,-0.542817359,-0.0109595215
43,60,0.9375,0.671875,-0.066394599,-0.387453878,0.00229757633,-0.0724600664,-0.459506084,-0.0057476941,-0.0735674607,-0.501925595,-0.00812554549
43,61,0.953125,0.671875,-0.0416869148,-0.311464653,0.00212990115,-0.0472084275,-0.376542939,-0.00484742038,-0.0496183915,-0.420177121,-0.00675272058
43,62,0.96875,0.671875,-0.0204529644,-0.218848966,0.000476180386,-0.0237754837,-0.267157827,-0.00550957448,-0.0255851181,-0.301794223,-0.00689264385
43,63,0.984375,0.671875,-0.00567885326,-0.113685552,-0.00228127135,-0.00672844621,-0.139019963,-0.00733968094,-0.00735279022,-0.157669826,-0.00820115273
43,64,1,0.671875,0,0,-0.00566365906,0,0,-0.00979678426,0,0,-0.0101250379
44,0,0,0.6875,0,0,-0.0159497761,0,0,-0.00864865957,0,0,-0.00469825633
44,1,0.015625,0.6875,-0.000210577414,0.0403801245,-0.0161084791,0.000329968221,0.042640355,-0.00854186828,0.000772883855,0.0438942346,-0.00449792486
44,2,0.03125,0.6875,-0.000862054716,0.0762643447,-0.0162471124,0.00106506165,0.0808009903,-0.00844703006,0.00262819807,0.0837341195,-0.00432422137
44,3,0.046875,0.6875,-0.00191497054,0.107737731,-0.0163583399,0.002021694,0.11453073,-0.00837834536,0.00518282914,0.119378193,-0.00420426316
44,4,0.0625,0.6875,-0.00329215398,0.134970692,-0.0164398413,0.00307581058,0.143932367,-0.00834846485,0.00813103414,0.150719512,-0.00416186564
44,5,0.078125,0.6875,-0.00489679095,0.158210387,-0.0164960624,0.0041537908,0.169191468,-0.00836887259,0.0112474285,0.177776953,-0.00421598767
44,6,0.09375,0.6875,-0.006626035,0.177763697,-0.0165391865,0.00522450196,0.190578447,-0.00845672164,0.0143878307,0.200724014,-0.00438905886
44,7,0.109375,0.6875,-0.00838039327,0.19397646,-0.0165880481,0.00629133019,0.208431827,-0.00863363602,0.0174835343,0.219869483,-0.00470553059
44,8,0.125,0.6875,-0.0100696388,0.207212333,-0.0166663772,0.00738371219,0.22313054,-0.00892415429,0.0205283559,0.235608628,-0.00519056826
44,9,0.140625,0.6875,-0.0116160974,0.21783359,-0.0168008158,0.00854831838,0.235062596,-0.009354135,0.0235605296,0.248364121,-0.00586895801
44,10,0.15625,0.6875,-0.0129560662,0.22618524,-0.0170190487,0.00984039869,0.244596094,-0.00994933959,0.0266427526,0.258532561,-0.00676420049
44,11,0.171875,0.6875,-0.0140399806,0.232583147,-0.0173482464,0.0113158949,0.252056637,-0.0107342669,0.0298436073,0.266446504,-0.00789766807
44,12,0.1875,0.6875,-0.0148318071,0.237306174,-0.0178138939,0.0130248286,0.257713127,-0.0117312084,0.0332226768,0.272355625,-0.00928769377
44,13,0.203125,0.6875,-0.0153080165,0.240592031,-0.018438978,0.01500628,0.261772104,-0.012959435,0.0368204753,0.276425481,-0.0109485075
44,14,0.21875,0.6875,-0.0154563932,0.242636201,-0.0192434597,0.0172850603,0.264379447,-0.0144344347,0.0406532245,0.278749332,-0.0128890318
44,15,0.234375,0.6875,-0.0152748412,0.243593281,-0.0202439406,0.0198699891,0.265627561,-0.0161671512,0.0447117646,0.279367502,-0.0151116409
44,16,0.25,0.6875,-0.0147702799,0.243580054,-0.021453436,0.0227535615,0.265565961,-0.0181632248,0.0489635254,0.27828921,-0.0176110437
44,17,0.265625,0.6875,-0.0139576642,0.242679704,-0.0228811936,0.0259127138,0.264213359,-0.0204222753,0.0533564486,0.275513122,-0.0203734671
44,18,0.28125,0.6875,-0.0128591314,0.240946683,-0.0245325185,0.0293103886,0.261569728,-0.0229372979,0.0578239093,0.271044304,-0.0233762933
44,19,0.296875,0.6875,-0.0115032552,0.238411824,-0.0264085886,0.0328976223,0.257627299,-0.0256942451,0.0622899225,0.264906504,-0.0265882414
44,20,0.3125,0.6875,-0.0099243854,0.235087423,-0.028506267,0.0366159284,0.252379852,-0.0286718681,0.0666741455,0.257149591,-0.0299701213
44,21,0.328125,0.6875,-0.00816204743,0.230972055,-0.0308179267,0.0403998013,0.24582997,-0.0318418634,0.070896366,0.247852536,-0.0334761085
44,22,0.34375,0.6875,-0.00626038438,0.226055014,-0.0333313163,0.0441792089,0.237994213,-0.0351693497,0.0748802853,0.237122648,-0.0370554323
44,23,0.359375,0.6875,-0.0042676219,0.220320256,-0.036029492,0.0478819803,0.228906269,-0.0386136652,0.0785564885,0.225091887,-0.0406543268
44,24,0.375,0.6875,-0.00223554061,0.213749819,-0.0388908451,0.0514360109,0.218618272,-0.0421294529,0.0818645486,0.211911169,-0.0442180735
44,25,0.390625,0.6875,-0.00021894085,0.206326683,-0.0418892463,0.0547712257,0.207200527,-0.0456679719,0.0847542638,0.197743506,-0.0476929705
44,26,0.40625,0.6875,0.00172491253,0.198037031,-0.0449943212,0.0578212507,0.194739911,-0.0491785606,0.0871860776,0.182756811,-0.0510280874
44,27,0.421875,0.6875,0.0035368731,0.188871906,-0.0481718616,0.0605247541,0.181337258,-0.0526101671,0.0891307732,0.167117033,-0.0541767034
44,28,0.4375,0.6875,0.00515652441,0.178828225,-0.0513843664,0.0628264304,0.167104001,-0.0559128616,0.090568579,0.150982161,-0.0570973712
44,29,0.453125,0.6875,0.00652281261,0.167909127,-0.0545916944,0.0646776199,0.152158383,-0.0590392512,0.0914878455,0.134497473,-0.0597545965
44,30,0.46875,0.6875,0.00757468473,0.156123635,-0.0577518027,0.0660365715,0.136621467,-0.0619457338,0.0918834649,0.117792205,-0.062119161
44,31,0.484375,0.6875,0.00825171012,0.143485626,-0.0608215344,0.0668683707,0.120613162,-0.0645935379,0.0917552031,0.100977662,-0.0641681457
44,32,0.5,0.6875,0.00849465892,0.130012125,-0.0637574135,0.0671445734,0.104248406,-0.0669495181,0.0911060873,0.0841466443,-0.0658847254
44,33,0.515625,0.6875,0.00824601153,0.115720944,-0.0665164037,0.0668425875,0.0876335803,-0.0689866889,0.0899409667,0.0673739597,-0.0672578136
44,34,0.53125,0.6875,0.00745037809,0.100627746,-0.069056588,0.0659448515,0.0708631523,-0.0706844956,0.0882653205,0.0507177017,-0.0682816272
44,35,0.546875,0.6875,0.00605481709,0.0847426037,-0.0713377277,0.0644378535,0.0540164814,-0.0720288305,0.0860843511,0.0342209391,-0.0689552292
44,36,0.5625,0.6875,0.00400905744,0.0680661782,-0.0733216696,0.0623110245,0.037154645,-0.0730118096,0.0834023567,0.0179134308,-0.0692820865
44,37,0.578125,0.6875,0.00126565063,0.0505856603,-0.0749725765,0.0595555295,0.0203171032,-0.0736313288,0.0802223421,0.00181296919,-0.0692696644
44,38,0.59375,0.6875,-0.00221989195,0.0322706601,-0.0762569711,0.0561629658,0.00351798312,-0.0738904187,0.0765457948,-0.0140740559,-0.0689290551
44,39,0.609375,0.6875,-0.00648888378,0.01306928,-0.077143593,0.0521239718,-0.0132582446,-0.0737964116,0.0723725154,-0.0297533013,-0.0682746173
44,40,0.625,0.6875,-0.0115790286,-0.00709533407,-0.0776030873,0.0474267473,-0.0300618955,-0.0733599361,0.0677003715,-0.0452447779,-0.0673235935
44,41,0.640625,0.6875,-0.0175235625,-0.0283275736,-0.0776075601,0.0420555091,-0.0469841407,-0.0725937485,0.0625248102,-0.0605873176,-0.0660956547
44,42,0.65625,0.6875,-0.0243496876,-0.0507605747,-0.0771300555,0.0359889465,-0.0641640178,-0.0715114108,0.0568379528,-0.0758457307,-0.0646123156
44,43,0.671875,0.6875,-0.0320759093,-0.0745553685,-0.0761440359,0.0291988311,-0.0817961713,-0.0701258277,0.0506270962,-0.0911211934,-0.0628961634
44,44,0.6875,0.6875,-0.0407077596,-0.0998970503,-0.0746229762,0.0216490757,-0.100138776,-0.0684476634,0.0438724932,-0.106565316,-0.0609698466
44,45,0.703125,0.6875,-0.050231232,-0.126986682,-0.0725402283,0.0132957633,-0.11952059,-0.0664836776,0.0365444089,-0.122398089,-0.0588547843
44,46,0.71875,0.6875,-0.0606030776,-0.156027121,-0.0698693617,0.00408899863,-0.140345337,-0.0642350473,0.0285997187,-0.138929287,-0.0565695763
44,47,0.734375,0.6875,-0.0717369621,-0.187200209,-0.0665852662,-0.0060220879,-0.163090498,-0.0616957987,0.0199787861,-0.15658178,-0.0541281278
44,48,0.75,0.6875,-0.0834844421,-0.220631716,-0.0626663934,-0.0170792038,-0.188295971,-0.0588515606,0.0106041469,-0.175913188,-0.0515375494
44,49,0.765625,0.6875,-0.0956100105,-0.25633923,-0.0580986217,-0.0290968182,-0.216535584,-0.0556790021,0.000383717216,-0.197629081,-0.0487959658
44,50,0.78125,0.6875,-0.10776044,-0.29415717,-0.0528813222,-0.0420324469,-0.248360898,-0.0521465567,-0.0107770622,-0.222575995,-0.0458904968
44,51,0.796875,0.6875,-0.119430908,-0.333633435,-0.0470362124,-0.0557410617,-0.284201865,-0.0482173952,-0.0229475314,-0.251695139,-0.0427959267
44,52,0.8125,0.6875,-0.129934568,-0.373895755,-0.0406193737,-0.0699102273,-0.32420349,-0.0438560766,-0.0361195798,-0.285907089,-0.0394750341
44,53,0.828125,0.6875,-0.138388672,-0.41349573,-0.0337361452,-0.0839769089,-0.367974812,-0.0390407551,-0.0501206361,-0.325883948,-0.0358823563
44,54,0.84375,0.6875,-0.14373815,-0.450257465,-0.0265572222,-0.0970380239,-0.414234562,-0.0337828545,-0.0644850497,-0.371652396,-0.0319742857
44,55,0.859375,0.6875,-0.144843178,-0.481185335,-0.0193319546,-0.107788098,-0.460371872,-0.0281548828,-0.0782925623,-0.421974358,-0.0277294217
44,56,0.875,0.6875,-0.140653721,-0.502512934,-0.0123918965,-0.114547896,-0.502019487,-0.0223232597,-0.0900213784,-0.473510319,-0.0231825667
44,57,0.890625,0.6875,-0.130472555,-0.50998207,-0.00613543391,-0.115473768,-0.532864708,-0.0165756227,-0.0975318406,-0.519945966,-0.0184706192
44,58,0.90625,0.6875,-0.114265754,-0.499399209,-0.000985596056,-0.109023265,-0.545048636,-0.0113225182,-0.0983707086,-0.551593063,-0.013875338
44,59,0.921875,0.6875,-0.0929292057,-0.46741479,0.00267898363,-0.0946498029,-0.530481867,-0.00704879255,-0.090572725,-0.556324445,-0.00982808785
44,60,0.9375,0.6875,-0.0683946303,-0.412336643,0.00460536112,-0.0734982269,-0.483042223,-0.00420328254,-0.0738848336,-0.522587025,-0.00683226704
44,61,0.953125,0.6875,-0.0434922147,-0.334688772,0.00473010997,-0.0486902653,-0.400907941,-0.00305435718,-0.0508235185,-0.444019057,-0.0052928103
44,62,0.96875,0.6875,-0.0215794116,-0.237220888,0.0031916336,-0.024868553,-0.287678481,-0.00358573825,-0.026627845,-0.323132525,-0.00532905178
44,63,0.984375,0.6875,-0.00605951205,-0.124193226,0.000392161065,-0.00713071781,-0.151178376,-0.00541023857,-0.00775925798,-0.170716386,-0.00662452076
44,64,1,0.6875,0,0,-0.00313294662,0,0,-0.00794589474,0,0,-0.00860226456
45,0,0,0.703125,0,0,-0.0178469367,0,0,-0.00997356811,0,0,-0.00567774708
45,1,0.015625,0.703125,-0.0002354136,0.0408221002,-0.0180196743,0.000330639631,0.0420927482,-0.00986046118,0.000774873849,0.0425588635,-0.00546781576
45,2,0.03125,0.703125,-0.000944322982,0.0771299709,-0.018163154,0.00108695784,0.0799168758,-0.0097507724,0.00267147337,0.081472225,-0.00527478687
45,3,0.046875,0.703125,-0.002058755,0.108956863,-0.0182630805,0.00210954211,0.113455158,-0.00965311687,0.00533998172,0.116522747,-0.00512013403
45,4,0.0625,0.703125,-0.00347004213,0.13644418,-0.0183118845,0.00329687838,0.14275695,-0.00957539111,0.00849919798,0.147529642,-0.00502287212
45,5,0.078125,0.703125,-0.005052822,0.159827909,-0.018311616,0.00459232292,0.167964006,-0.00952642641,0.0119364562,0.174436421,-0.00499936116
45,6,0.09375,0.703125,-0.00668195587,0.179416278,-0.0182744333,0.00597461764,0.189311107,-0.00952279698,0.015508683,0.197342787,-0.00507149195
45,7,0.109375,0.703125,-0.00824309189,0.195564394,-0.0182212855,0.00745010798,0.207109023,-0.00958755936,0.0191391165,0.21649153,-0.00526518002
45,8,0.125,0.703125,-0.00963831405,0.208649579,-0.0181796167,0.00904546624,0.221716962,-0.00974825098,0.0228077985,0.232225797,-0.00560857738
45,9,0.140625,0.703125,-0.0107883647,0.219049662,-0.0181807355,0.010800469,0.233511275,-0.0100346881,0.0265368476,0.244933811,-0.00613033722
45,10,0.15625,0.703125,-0.0116326847,0.227125461,-0.0182573391,0.0127609173,0.242856089,-0.0104769555,0.0303731229,0.254996122,-0.00685811475
45,11,0.171875,0.703125,-0.0121282022,0.2332079,-0.0184414706,0.014972058,0.250079844,-0.0111037682,0.0343712194,0.262745614,-0.00781730187
45,12,0.1875,0.703125,-0.0122475203,0.23758964,-0.0187630101,0.017472913,0.255459823,-0.0119412107,0.0385791654,0.268444812,-0.00902988352
45,13,0.203125,0.703125,-0.0119769286,0.240520724,-0.0192486648,0.0202918353,0.259214987,-0.0130117597,0.043028199,0.272280043,-0.010513302
45,14,0.21875,0.703125,-0.0113144976,0.242207516,-0.0199213596,0.0234434578,0.26150613,-0.0143334746,0.047726987,0.274368864,-0.0122792814
45,15,0.234375,0.703125,-0.0102683928,0.242814166,-0.0207999042,0.0269270389,0.262441622,-0.0159192713,0.0526598663,0.274775768,-0.0143326602
45,16,0.25,0.703125,-0.00885545798,0.242465858,-0.0218988231,0.0307260795,0.26208678,-0.0177762408,0.0577882435,0.273531418,-0.016670349
45,17,0.265625,0.703125,-0.00710006162,0.241253197,-0.0232282587,0.0348089976,0.260474986,-0.0199050279,0.06305414,0.270651601,-0.0192805662
45,18,0.28125,0.703125,-0.00503316782,0.239237235,-0.0247938948,0.0391306107,0.257619076,-0.0222993201,0.0683849491,0.266153441,-0.0221424908
45,19,0.296875,0.703125,-0.0026915805,0.236454699,-0.0265968722,0.0436341787,0.253521906,-0.0249455133,0.073698645,0.260067569,-0.0252264316
45,20,0.3125,0.703125,-0.000117308893,0.232923155,-0.0286336936,0.048253785,0.2481854,-0.0278226164,0.0789088945,0.252445896,-0.0284945388
45,21,0.328125,0.703125,0.0026429904,0.228645886,-0.0308961341,0.0529168761,0.241617749,-0.0309024456,0.0839296979,0.243365202,-0.0319020252
45,22,0.34375,0.703125,0.00553853088,0.223616353,-0.033371179,0.0575468147,0.233838626,-0.0341501277,0.0886793214,0.232927146,-0.0353987965
45,23,0.359375,0.703125,0.00851490097,0.21782215,-0.0360410191,0.0620653347,0.224882484,-0.0375249123,0.0930833857,0.221255445,-0.0389313536
45,24,0.375,0.703125,0.0115145775,0.211248421,-0.038883129,0.0663948117,0.214800097,-0.0409812569,0.097077047,0.208491073,-0.0424448037
45,25,0.390625,0.703125,0.0144774638,0.203880686,-0.041870452,0.0704602783,0.203658558,-0.0444701318,0.100606272,0.194786268,-0.0458848228
45,26,0.40625,0.703125,0.0173414624,0.195707087,-0.0449717058,0.0741911312,0.19154001,-0.0479404721,0.103628255,0.180298129,-0.0491994295
45,27,0.421875,0.703125,0.0200430857,0.186720003,-0.0481518152,0.0775224901,0.178539377,-0.0513406983,0.106111096,0.165182415,-0.0523404696
45,28,0.4375,0.703125,0.0225181014,0.176917041,-0.0513724646,0.0803961865,0.16476138,-0.0546202201,0.108032853,0.149588072,-0.0552647477
45,29,0.453125,0.703125,0.0247021989,0.166301375,-0.0545927562,0.0827613776,0.150317116,-0.0577308515,0.109380175,0.133652828,-0.0579347902
45,30,0.46875,0.703125,0.0265316554,0.154881416,-0.0577699474,0.0845747986,0.135320412,-0.0606280703,0.110146661,0.117500031,-0.0603192605
45,31,0.484375,0.703125,0.0279439771,0.142669821,-0.0608602319,0.0858006827,0.119884169,-0.0632720741,0.11033113,0.101236774,-0.0623930733
45,32,0.5,0.703125,0.0288784798,0.129681849,-0.0638195277,0.0864103917,0.104116811,-0.0656285979,0.109935959,0.0849532047,-0.0641372755
45,33,0.515625,0.703125,0.0292767824,0.115933099,-0.0666042258,0.0863818073,0.0881189218,-0.0676694791,0.108965597,0.0687228137,-0.0655387642
45,34,0.53125,0.703125,0.0290831811,0.101436683,-0.0691718619,0.0856985314,0.0719800649,-0.0693729637,0.107425346,0.0526034353,-0.0665899115
45,35,0.546875,0.703125,0.0282448895,0.0861999077,-0.0714816705,0.0843489427,0.0557757194,-0.0707237622,0.105320446,0.0366386379,-0.0672881504
45,36,0.5625,0.703125,0.0267121351,0.0702205641,-0.0734949863,0.082325142,0.039564216,-0.0717128673,0.102655482,0.0208591583,-0.0676355614
45,37,0.578125,0.703125,0.0244381286,0.053482947,-0.0751754771,0.0796218042,0.0233834962,-0.0723371533,0.0994340601,0.00528401854,-0.0676384838
45,38,0.59375,0.703125,0.021378942,0.0359537605,-0.0764891876,0.0762349402,0.00724749084,-0.0725987721,0.0956587027,-0.0100790502,-0.0673071494
45,39,0.609375,0.703125,0.0174933688,0.0175780994,-0.0774044005,0.0721605536,-0.00885809896,-0.0725043622,0.091330863,-0.0252342724,-0.0666553239
45,40,0.625,0.703125,0.0127428822,-0.00172424897,-0.0778913261,0.0673931739,-0.0249808238,-0.072064084,0.0864509178,-0.040200007,-0.0656999219
45,41,0.640625,0.703125,0.00709186433,-0.0220618662,-0.0779216548,0.0619242501,-0.0412074674,-0.071290492,0.081017984,-0.05501291,-0.0644605529
45,42,0.65625,0.703125,0.00050835897,-0.0435737111,-0.0774680196,0.0557404231,-0.0576710445,-0.0701972529,0.0750293604,-0.0697345946,-0.0629589418
45,43,0.671875,0.703125,-0.00703429918,-0.0664295146,-0.0765034439,0.0488217527,-0.0745587063,-0.0687977224,0.0684793853,-0.0844613369,-0.0612181736
45,44,0.6875,0.703125,-0.0155544881,-0.0908277903,-0.0750008735,0.0411400995,-0.0921201752,-0.0671034008,0.061357508,-0.0993373425,-0.0592617084
45,45,0.703125,0.703125,-0.0250572644,-0.116990365,-0.0729329313,0.0326580436,-0.110675918,-0.0651222989,0.0536454503,-0.114571928,-0.0571121308
45,46,0.71875,0.703125,-0.0355263937,-0.145151838,-0.0702720815,0.0233290234,-0.130623648,-0.0628572748,0.0453135211,-0.130460533,-0.0547896121
45,47,0.734375,0.703125,-0.0469122793,-0.17554158,-0.0669914592,0.013099819,-0.152440806,-0.0603044444,0.0363165227,-0.14740858,-0.0523100979
45,48,0.75,0.703125,-0.0591143844,-0.208354695,-0.0630667158,0.00191715623,-0.176679254,-0.0574518405,0.0265903556,-0.16595555,-0.0496832728
45,49,0.765625,0.703125,-0.0719566792,-0.243706688,-0.0584793463,-0.0102588735,-0.203946161,-0.0542786219,0.0160515009,-0.186793927,-0.0469104134
45,50,0.78125,0.703125,-0.085155128,-0.281564667,-0.0532220976,-0.023430694,-0.234861518,-0.0507553394,0.00460320651,-0.210773263,-0.0439823537
45,51,0.796875,0.703125,-0.098277887,-0.321646498,-0.0473071469,-0.0375232837,-0.269977271,-0.0468460919,-0.0078454362,-0.238872831,-0.0408779764
45,52,0.8125,0.703125,-0.110702653,-0.363280578,-0.0407776853,-0.0523226925,-0.309635488,-0.0425138809,-0.0213382554,-0.272115727,-0.0375640379
45,53,0.828125,0.703125,-0.121582435,-0.405226245,-0.033723101,-0.067389487,-0.353735197,-0.0377310307,-0.0357962218,-0.311381306,-0.0339978267
45,54,0.84375,0.703125,-0.129840996,-0.445473158,-0.026296803,-0.0819521857,-0.40137644,-0.0324969148,-0.0508943506,-0.35705226,-0.0301352668
45,55,0.859375,0.703125,-0.134229726,-0.481070318,-0.0187334624,-0.0948061715,-0.450372355,-0.0268646424,-0.0658880446,-0.408418228,-0.0259483505
45,56,0.875,0.703125,-0.133481455,-0.508076641,-0.0113590449,-0.104279213,-0.496692618,-0.0209754319,-0.0794189526,-0.462786349,-0.0214561294
45,57,0.890625,0.703125,-0.126581461,-0.521754085,-0.00458346525,-0.108367114,-0.534047097,-0.0150924362,-0.0894032003,-0.514398039,-0.0167700425
45,58,0.90625,0.703125,-0.11313117,-0.51710297,0.00113516467,-0.105156735,-0.554009083,-0.00961482865,-0.0932093745,-0.553609373,-0.0121427592
45,59,0.921875,0.703125,-0.0937120039,-0.489733594,0.00535958485,-0.0935724318,-0.547162939,-0.00504381208,-0.0883847361,-0.567303234,-0.00798851096
45,60,0.9375,0.703125,-0.0701022573,-0.436890869,0.00776502059,-0.0742561648,-0.505465621,-0.00187923901,-0.0739909869,-0.541674802,-0.00482531799
45,61,0.953125,0.703125,-0.045212789,-0.358279871,0.0082223453,-0.0501089395,-0.425172612,-0.000463339939,-0.0520193336,-0.467434109,-0.00311129751
45,62,0.96875,0.703125,-0.022710683,-0.256281669,0.00683020229,-0.0259887045,-0.308717375,-0.000846484737,-0.0277347185,-0.344858484,-0.00303541173
45,63,0.984375,0.703125,-0.00645467727,-0.135264964,0.00400604645,-0.0075569274,-0.163888516,-0.00265523583,-0.00820213942,-0.184297671,-0.00431360123
45,64,1,0.703125,0,0,0.000344412031,0,0,-0.00526710334,0,0,-0.00634661268
46,0,0,0.71875,0,0,-0.0197548999,0,0,-0.0112658181,0,0,-0.00661002021
46,1,0.015625,0.71875,-0.000285106043,0.0413244474,-0.0199563609,0.000307637695,0.0415533972,-0.0111550173,0.000752258966,0.0412227612,-0.00639703636
46,2,0.03125,0.71875,-0.00111369903,0.0780876861,-0.0201155186,0.00102511167,0.0790220879,-0.0110365426,0.00262666068,0.0791690116,-0.00618925708
46,3,0.046875,0.71875,-0.00237424993,0.110263451,-0.020208815,0.0020302169,0.11232081,-0.0109118046,0.00531910483,0.113550469,-0.00600120022
46,4,0.0625,0.71875,-0.00391220217,0.137964759,-0.0202222066,0.00325669158,0.141449586,-0.0107828504,0.00858574074,0.144123037,-0.00584602913
46,5,0.078125,0.71875,-0.00556197132,0.161422301,-0.0201554341,0.00467560059,0.166513729,-0.0106555782,0.0122381897,0.170767468,-0.00573702952
46,6,0.09375,0.71875,-0.00716799466,0.180953967,-0.0200214017,0.00628349926,0.187720662,-0.0105462738,0.0161436457,0.193521353,-0.0056955831
46,7,0.109375,0.71875,-0.00859640607,0.196932818,-0.0198444326,0.00809469771,0.205360979,-0.0104802077,0.0202234577,0.212570367,-0.00574960982
46,8,0.125,0.71875,-0.00973985823,0.209757606,-0.01965719,0.0101354716,0.219780179,-0.0104890228,0.0244470472,0.228210896,-0.00593118188
46,9,0.140625,0.71875,-0.0105179292,0.21982796,-0.0194971826,0.0124389598,0.231347145,-0.0106077406,0.0288209848,0.240798797,-0.00627397639
46,10,0.15625,0.71875,-0.0108750422,0.227525078,-0.0194035181,0.015040263,0.240424505,-0.0108719956,0.0333749683,0.250698189,-0.00681100757
46,11,0.171875,0.71875,-0.010777248,0.233197983,-0.0194142773,0.017971754,0.247344641,-0.0113158062,0.0381471731,0.258240461,-0.00757279143
46,12,0.1875,0.71875,-0.0102087281,0.2371549,-0.0195646244,0.0212588486,0.25239335,-0.0119699297,0.0431712476,0.263698646,-0.00858587481
46,13,0.203125,0.71875,-0.00916851152,0.239659008,-0.0198856012,0.0249165298,0.25580156,-0.0128606942,0.0484664883,0.267277659,-0.00987158171
46,14,0.21875,0.71875,-0.00766764524,0.240927665,-0.0204034619,0.0289468504,0.257744244,-0.0140091504,0.0540318476,0.269117664,-0.0114448651
46,15,0.234375,0.71875,-0.00572689976,0.241134241,-0.0211393834,0.0333375171,0.258344939,-0.0154304057,0.0598436607,0.269306245,-0.0133132392
46,16,0.25,0.71875,-0.00337499005,0.240411722,-0.0221093957,0.0380615391,0.257684002,-0.0171330598,0.0658564675,0.267894936,-0.0154758558
46,17,0.265625,0.71875,-0.000647240053,0.238857414,-0.0233244162,0.043077821,0.255808828,-0.0191187211,0.0720060766,0.264916416,-0.0179228391
46,18,0.28125,0.71875,0.00241540416,0.236538201,-0.0247903103,0.0483325242,0.252744547,-0.0213816291,0.078213997,0.260399799,-0.0206350032
46,19,0.296875,0.71875,0.00576710982,0.233495965,-0.0265079392,0.0537609923,0.248504125,-0.0239084361,0.0843924824,0.254382559,-0.0235840428
46,20,0.3125,0.71875,0.00935772809,0.229752852,-0.0284731857,0.0592900436,0.243097154,-0.0266782058,0.0904495988,0.246918538,-0.0267332356
46,21,0.328125,0.71875,0.0131332708,0.225316216,-0.0306769682,0.0648404549,0.23653694,-0.0296626726,0.0962938966,0.238082109,-0.030038628
46,22,0.34375,0.71875,0.0170363475,0.220183104,-0.0331052667,0.0703294864,0.228845754,-0.0328267883,0.101838408,0.22796896,-0.0334506206
46,23,0.359375,0.71875,0.0210066016,0.214344209,-0.0357391878,0.0756733288,0.220058272,-0.0361295534,0.107003807,0.216694162,-0.0369158254
46,24,0.375,0.71875,0.024981173,0.207787256,-0.0385551001,0.0807893739,0.210223329,-0.0395251065,0.111720647,0.204388283,-0.0403790462
46,25,0.390625,0.71875,0.028895204,0.200499798,-0.0415248596,0.085598232,0.199404207,-0.0429640204,0.115930682,0.191192297,-0.0437852293
46,26,0.40625,0.71875,0.032682396,0.192471409,-0.0446161449,0.0900254397,0.187677699,-0.0463947397,0.11958731,0.177251987,-0.0470812523
46,27,0.421875,0.71875,0.0362756178,0.183695266,-0.047792905,0.0940028148,0.175132202,-0.0497650831,0.122655265,0.162712436,-0.0502174465
46,28,0.4375,0.71875,0.0396075554,0.174169111,-0.0510159196,0.0974694404,0.161865113,-0.0530237346,0.125109677,0.147713081,-0.0531487912
46,29,0.453125,0.71875,0.0426113866,0.163895573,-0.0542434544,0.100372273,0.147979771,-0.0561216485,0.126934698,0.132383665,-0.0558357547
46,30,0.46875,0.71875,0.045221454,0.152881856,-0.0574319893,0.102666394,0.133582162,-0.0590133094,0.128121844,0.11684125,-0.0582447974
46,31,0.484375,0.71875,0.0473739045,0.141138802,-0.060536986,0.104314936,0.118777569,-0.0616577955,0.128668256,0.101188364,-0.0603485751
46,32,0.5,0.71875,0.0490072615,0.12867932,-0.0635136584,0.105288728,0.103667282,-0.0640196137,0.128575007,0.0855121771,-0.062125904
46,33,0.515625,0.71875,0.0500628907,0.115516243,-0.0663177059,0.105565715,0.0883454407,-0.0660692888,0.127845594,0.0698845734,-0.0635615523
46,34,0.53125,0.71875,0.0504853302,0.101659639,-0.0689059688,0.105130194,0.0728960169,-0.0677837007,0.126484705,0.0543628529,-0.0646459233
46,35,0.546875,0.71875,0.0502224557,0.0871136497,-0.0712369699,0.103971931,0.0573898709,-0.0691461748,0.124497294,0.0389908024,-0.0653746842
46,36,0.5625,0.71875,0.049225469,0.0718729391,-0.0732713096,0.102085158,0.0418817835,-0.0701463378,0.121888003,0.023799817,-0.0657483801
46,37,0.578125,0.71875,0.0474487095,0.0559188534,-0.0749718941,0.0994675044,0.026407305,-0.0707797547,0.118660884,0.00880974894,-0.065772057
46,38,0.59375,0.71875,0.044849314,0.03921542,-0.0763039829,0.0961188224,0.0109792337,-0.0710473634,0.114819382,-0.0059708588,-0.065454899
46,39,0.609375,0.71875,0.0413867757,0.0217053398,-0.0772350553,0.0920399045,-0.00441647827,-0.070954722,0.110366483,-0.0205455164,-0.0648098626
46,40,0.625,0.71875,0.0370224955,0.00330617043,-0.0777345102,0.0872310467,-0.019825592,-0.0705110813,0.105304897,-0.0349318989,-0.0638532838
46,41,0.640625,0.71875,0.031719467,-0.0160930504,-0.0777732272,0.081690419,-0.0353313899,-0.0697282948,0.0996371245,-0.0491657602,-0.0626044151
46,42,0.65625,0.71875,0.0254423089,-0.0366344112,-0.0773230367,0.075412219,-0.0510615203,-0.068619576,0.0933651986,-0.0633071321,-0.0610848439
46,43,0.671875,0.71875,0.0181579549,-0.0584925214,-0.076356164,0.0683846308,-0.0671958477,-0.0671981153,0.0864898695,-0.0774493409,-0.0593177433
46,44,0.6875,0.71875,0.00983744037,-0.081874085,-0.074844741,0.0605876996,-0.0839750669,-0.0654755775,0.0790089887,-0.0917313815,-0.0573269059
46,45,0.703125,0.71875,0.000459414751,-0.107014776,-0.0727605095,0.0519913888,-0.101709514,-0.0634605104,0.0709148712,-0.106354102,-0.0551355264
46,46,0.71875,0.71875,-0.00998373806,-0.134172107,-0.0700748821,0.0425543349,-0.120787112,-0.0611567198,0.0621905448,-0.121600359,-0.052764713
46,47,0.734375,0.71875,-0.0214759475,-0.163612219,-0.0667595916,0.0322242045,-0.141678631,-0.0585617029,0.0528050736,-0.137858615,-0.0502317385
46,48,0.75,0.71875,-0.0339620398,-0.195587317,-0.0627882412,0.0209411637,-0.164937279,-0.055665293,0.0427086782,-0.155648167,-0.0475480778
46,49,0.765625,0.71875,-0.0473248469,-0.230298486,-0.0581391872,0.00864688542,-0.191187734,-0.0524487694,0.0318292983,-0.175641932,-0.0447173356
46,50,0.78125,0.71875,-0.0613527736,-0.267835962,-0.052800334,-0.00469713764,-0.221096488,-0.0488848612,0.0200737423,-0.198679058,-0.0417332544
46,51,0.796875,0.71875,-0.0756966367,-0.30808591,-0.0467765743,-0.0190764431,-0.255309867,-0.044939353,0.00733888959,-0.225753678,-0.0385781621
46,52,0.8125,0.71875,-0.0898175232,-0.350591207,-0.0401006772,-0.0343683205,-0.294337286,-0.0405754438,-0.00645815528,-0.257956303,-0.0352225272
46,53,0.828125,0.71875,-0.102933892,-0.394357386,-0.0328482243,-0.0502569392,-0.338345319,-0.0357626156,-0.0213175951,-0.296327852,-0.0316268944
46,54,0.84375,0.71875,-0.113987407,-0.437610174,-0.025156332,-0.0661166241,-0.386817878,-0.0304923639,-0.0370449645,-0.341560573,-0.0277484903
46,55,0.859375,0.71875,-0.121662015,-0.477544875,-0.0172438851,-0.0808784311,-0.438044845,-0.0248031363,-0.0530753917,-0.393449756,-0.0235561756
46,56,0.875,0.71875,-0.124503118,-0.510161199,-0.00942743332,-0.0929326213,-0.488458544,-0.0188148413,-0.0682444566,-0.449995164,-0.0190583859
46,57,0.890625,0.71875,-0.121178801,-0.530332356,-0.00212228644,-0.10017638,-0.531987186,-0.0127672215,-0.0805861721,-0.506155544,-0.0143467709
46,58,0.90625,0.71875,-0.110884152,-0.532268667,0.00418477564,-0.1003622,-0.559843318,-0.00704490371,-0.0873666468,-0.552611527,-0.0096486802
46,59,0.921875,0.71875,-0.0938070752,-0.510443702,0.00900124627,-0.0918589218,-0.561382437,-0.00215891006,-0.0856839429,-0.575542832,-0.00536052534
46,60,0.9375,0.71875,-0.0714830271,-0.460835858,0.0119279796,-0.0747074578,-0.526505715,0.00134571527,-0.0738580662,-0.558952427,-0.00201001395
46,61,0.953125,0.71875,-0.0468417463,-0.382080347,0.012761596,-0.0514670367,-0.449175401,0.0030529948,-0.0532130194,-0.490275326,-0.000103969377
46,62,0.96875,0.71875,-0.0238513788,-0.275979,0.0115499546,-0.0271493193,-0.330230493,0.00283923311,-0.0289270036,-0.36694972,9.77572033e-05
46,63,0.984375,0.71875,-0.00686791985,-0.146903909,0.00872015346,-0.00801438768,-0.17716708,0.00105789745,-0.00869261639,-0.198451104,-0.00115695724
46,64,1,0.71875,0,0,0.00492837659,0,0,-0.00162809638,0,0,-0.00324694515
47,0,0,0.734375,0,0,-0.0216840786,0,0,-0.0125344343,0,0,-0.00750576916
47,1,0.015625,0.734375,-0.000366631871,0.0419357992,-0.0219328696,0.000256407809,0.0410676365,-0.0124364629,0.000702299286,0.0399322029,-0.00729732746
47,2,0.03125,0.734375,-0.00139362913,0.0792191148,-0.0221212228,0.000863422281,0.0781942966,-0.0123166574,0.00248327389,0.0769053791,-0.00708021244
47,3,0.046875,0.734375,-0.00290559898,0.111755366,-0.0222133938,0.00175226714,0.111223578,-0.0121672199,0.00509852216,0.110563667,-0.00686042384
47,4,0.0625,0.734375,-0.00468320968,0.139631901,-0.022187496,0.00290764419,0.140111567,-0.0119830841,0.0083560999,0.140610557,-0.00664406891
47,5,0.078125,0.734375,-0.0065059716,0.163083701,-0.0220413915,0.00434125027,0.164937198,-0.0117670346,0.0121049799,0.166878516,-0.00644088223
47,6,0.09375,0.734375,-0.00817828876,0.182450713,-0.021790022,0.00607665882,0.18589201,-0.0115356207,0.0162329123,0.189357519,-0.0062718957
47,7,0.109375,0.734375,-0.00954186378,0.198136258,-0.0214629184,0.00814164387,0.203257051,-0.0113174538,0.0206663128,0.208188128,-0.00616778175
47,8,0.125,0.734375,-0.010478703,0.210571102,-0.0210999996,0.0105644152,0.217372699,-0.0111497419,0.0253676359,0.22362827,-0.00616570682
47,9,0.140625,0.734375,-0.0109085676,0.220184846,-0.0207469318,0.0133713866,0.228606484,-0.0110742631,0.0303287141,0.23600589,-0.00630575402
47,10,0.15625,0.734375,-0.010783743,0.22738478,-0.0204509258,0.0165852222,0.237323295,-0.0111336536,0.0355607669,0.245669934,-0.00662768326
47,11,0.171875,0.734375,-0.0100830053,0.232541586,-0.0202574303,0.0202227253,0.243861258,-0.0113684611,0.0410829135,0.252949335,-0.00716836537
47,12,0.1875,0.734375,-0.00880586694,0.235980903,-0.0202078412,0.024292609,0.248515047,-0.0118150544,0.0469112228,0.258125497,-0.00795988432
47,13,0.203125,0.734375,-0.00696763204,0.237979641,-0.020338125,0.0287934097,0.251526986,-0.0125042531,0.0530498967,0.261419443,-0.00902812504
47,14,0.21875,0.734375,-0.00459543809,0.238765904,-0.020678153,0.033711831,0.253085142,-0.0134604633,0.059485481,0.262991692,-0.010391657
47,15,0.234375,0.734375,-0.00172526096,0.238521511,-0.0212515188,0.0390217397,0.253326934,-0.0147011169,0.0661842902,0.262951148,-0.0120608055
47,16,0.25,0.734375,0.00160024473,0.237386198,-0.0220756342,0.0446839235,0.252346476,-0.0162362764,0.073092701,0.261369002,-0.0140369012
47,17,0.265625,0.734375,0.00533323823,0.235462803,-0.023161951,0.0506466095,0.250204001,-0.0180683408,0.0801396581,0.258294072,-0.0163117748
47,18,0.28125,0.734375,0.00942169087,0.232822885,-0.0245162068,0.0568466583,0.246935905,-0.0201918497,0.0872406377,0.253767035,-0.0188675941
47,19,0.296875,0.734375,0.0138100458,0.229512375,-0.0261386434,0.0632112948,0.242564386,-0.0225934223,0.0943023541,0.247831967,-0.0216771261
47,20,0.3125,0.734375,0.0184396684,0.225556994,-0.0280241802,0.0696602175,0.237105938,-0.0252518797,0.10122762,0.240544482,-0.0247044652
47,21,0.328125,0.734375,0.0232491882,0.220967267,-0.0301625527,0.0761079274,0.230578307,-0.0281385938,0.107919911,0.231976393,-0.0279062095
47,22,0.34375,0.734375,0.0281748053,0.215743022,-0.0325384373,0.0824661317,0.223005752,-0.0312180902,0.114287325,0.222217235,-0.0312330143
47,23,0.359375,0.734375,0.0331506126,0.209877325,-0.0351315961,0.0886460988,0.214422597,-0.0344489082,0.120245745,0.211373206,-0.0346314118
47,24,0.375,0.734375,0.0381089648,0.203359818,-0.0379170686,0.0945608609,0.204875194,-0.0377846948,0.125721104,0.199564198,-0.0380457578
47,25,0.390625,0.734375,0.042980913,0.196179463,-0.040865439,0.100127181,0.194422492,-0.0411754916,0.130650744,0.186919606,-0.0414201669
47,26,0.40625,0.734375,0.0476967099,0.188326673,-0.0439431951,0.105267221,0.183135428,-0.044569151,0.134983905,0.173573546,-0.0447003046
47,27,0.421875,0.734375,0.0521863821,0.179794843,-0.0471131877,0.109909874,0.171095376,-0.047912815,0.138681458,0.159660048,-0.0478349402
47,28,0.4375,0.734375,0.056380354,0.170581272,-0.05033519,0.113991728,0.158391922,-0.0511543823,0.141715018,0.145308639,-0.050777191
47,29,0.453125,0.734375,0.0602101026,0.160687477,-0.0535665426,0.117457671,0.145120162,-0.0542438975,0.144065599,0.130640661,-0.0534854344
47,30,0.46875,0.734375,0.0636088118,0.150118898,-0.0567628635,0.120261151,0.131377749,-0.0571347995,0.145721998,0.115766472,-0.0559238896
47,31,0.484375,0.734375,0.0665119913,0.138884013,-0.0598787927,0.122364114,0.117261835,-0.0597849851,0.146679068,0.100783611,-0.0580629055
47,32,0.5,0.734375,0.0688580197,0.126992862,-0.0628687377,0.123736688,0.102866032,-0.0621576529,0.146936044,0.0857758663,-0.0598790055
47,33,0.515625,0.734375,0.0705885734,0.11445503,-0.0656875811,0.124356639,0.0882774559,-0.0642219095,0.146495034,0.0708131152,-0.0613547498
47,34,0.53125,0.734375,0.0716489031,0.101277118,-0.0682913122,0.124208662,0.073573849,-0.0659531306,0.145359781,0.0559517352,-0.0624784753
47,35,0.546875,0.734375,0.0719879267,0.0874597688,-0.0706375493,0.123283552,0.0588207558,-0.0673330801,0.143534743,0.0412353398,-0.063243965
47,36,0.5625,0.734375,0.0715581172,0.0729943103,-0.0726859213,0.121577274,0.0440686421,-0.0683497981,0.141024517,0.026695569,-0.0636500873
47,37,0.578125,0.734375,0.0703151787,0.057859102,-0.0743982884,0.119089952,0.0293498317,-0.068997271,0.137833591,0.0123526398,-0.0637004292
47,38,0.59375,0.734375,0.0682175207,0.0420156943,-0.0757387891,0.115824762,0.0146750907,-0.0692748996,0.133966375,-0.00178464919,-0.0634029295
47,39,0.609375,0.734375,0.0652255661,0.0254049179,-0.0766737135,0.111786696,2.9676779e-05,-0.0691867798,0.129427439,-0.0157197872,-0.0627695029
47,40,0.625,0.734375,0.0613009643,0.0079430598,-0.0771712154,0.106981155,-0.0146313383,-0.068740809,0.124221829,-0.0294706489,-0.0618156308
47,41,0.640625,0.734375,0.0564058198,-0.0104816795,-0.0772008921,0.101412307,-0.0293886397,-0.0679476293,0.118355303,-0.0430732118,-0.0605598822
47,42,0.65625,0.734375,0.0505021138,-0.030012199,-0.0767332729,0.0950811566,-0.0443652563,-0.06681942,0.111834307,-0.0565873396,-0.0590233214
47,43,0.671875,0.734375,0.0435515757,-0.0508246461,-0.0757392847,0.0879833132,-0.0597341868,-0.0653685529,0.104665417,-0.070105127,-0.0572287565
47,44,0.6875,0.734375,0.0355163856,-0.0731292501,-0.0741897761,0.0801064969,-0.0757269332,-0.0636061306,0.096854,-0.0837623441,-0.0551997843
47,45,0.703125,0.734375,0.0263612645,-0.0971691867,-0.0720552186,0.0714279491,-0.0926425534,-0.0615404418,0.0884018027,-0.0977534842,-0.0529595998
47,46,0.71875,0.734375,0.0160577646,-0.123216476,-0.0693057346,0.0619121178,-0.110856463,-0.0591753865,0.0793032706,-0.112350736,-0.050529552
47,47,0.734375,0.734375,0.00459195286,-0.151563279,-0.0659116586,0.0515093091,-0.130827634,-0.0565089618,0.0695405795,-0.127926713,-0.0479274549
47,48,0.75,0.734375,-0.00802280662,-0.182505795,-0.0618449076,0.0401565234,-0.153101935,-0.0535319475,0.0590777858,-0.144979774,-0.0451657017
47,49,0.765625,0.734375,-0.0217256252,-0.216315955,-0.0570815476,0.0277825336,-0.17830786,-0.0502270204,0.0478552454,-0.164158991,-0.042249277
47,50,0.78125,0.734375,-0.0363775087,-0.253192877,-0.0516060888,0.0143206143,-0.20713819,-0.0465686664,0.0357867429,-0.186282854,-0.0391738509
47,51,0.796875,0.734375,-0.0517175336,-0.293181748,-0.0454182289,-0.000265636987,-0.240306088,-0.0425244899,0.0227639016,-0.212340933,-0.035924272
47,52,0.8125,0.734375,-0.067304632,-0.336043323,-0.0385429334,-0.0159352653,-0.278454992,-0.0380589147,0.00867588351,-0.243459242,-0.0324740449
47,53,0.828125,0.734375,-0.0824492012,-0.381056361,-0.0310447416,-0.032491258,-0.321986894,-0.0331408472,-0.00654238323,-0.280794497,-0.0287868758
47,54,0.84375,0.734375,-0.0961501064,-0.426745035,-0.0230466616,-0.0494610381,-0.370754948,-0.0277576055,-0.0228136519,-0.325294463,-0.024822278
47,55,0.859375,0.734375,-0.107071069,-0.470554607,-0.0147523771,-0.0659394229,-0.423556358,-0.0219378478,-0.0397500992,-0.377218736,-0.0205486019
47,56,0.875,0.734375,-0.113611745,-0.508559855,-0.0064670437,-0.080432603,-0.477394669,-0.0157851738,-0.0564034743,-0.435275569,-0.0159682263
47,57,0.890625,0.734375,-0.114138037,-0.535373051,0.00139338115,-0.0908084282,-0.526617518,-0.00951917571,-0.0709840231,-0.495275849,-0.0111589716
47,58,0.90625,0.734375,-0.107406954,-0.544474696,0.00831958345,-0.0945380312,-0.562326542,-0.00350951729,-0.0807392865,-0.548511602,-0.0063283507
47,59,0.921875,0.734375,-0.0931312443,-0.529134719,0.0137681719,-0.0894242429,-0.572817682,0.00172728846,-0.0823762429,-0.580811815,-0.00185727053
47,60,0.9375,0.734375,-0.0724980864,-0.483856198,0.0172646351,-0.0748076662,-0.545857506,0.00560618686,-0.0734301821,-0.574145725,0.00171880199
47,61,0.953125,0.734375,-0.0483743141,-0.405911519,0.0185236739,-0.0527615792,-0.472730751,0.00763829526,-0.05439919,-0.512365172,0.00384733411
47,62,0.96875,0.734375,-0.0250099796,-0.296255496,0.017530833,-0.028365278,-0.352170024,0.00762062293,-0.0302252455,-0.389378887,0.00419634374
47,63,0.984375,0.734375,-0.00730470177,-0.159116342,0.0147164543,-0.00851211588,-0.191037836,0.00588084758,-0.00924347528,-0.213224675,0.00297464868
47,64,1,0.734375,0,0,0.0108008272,0,0,0.00312283176,0,0,0.000826272988
48,0,0,0.75,0,0,-0.0236504825,0,0,-0.0137914172,0,0,-0.00837769696
48,1,0.015625,0.75,-0.000489440479,0.0427180766,-0.0239702191,0.000170569266,0.0406899749,-0.0137193171,0.000620921047,0.0387394873,-0.00818281103
48,2,0.03125,0.75,-0.00181505543,0.0806266532,-0.0242044982,0.000580091431,0.0775262285,-0.013607369,0.00222665977,0.0747727888,-0.0079628311
48,3,0.046875,0.75,-0.00370960882,0.113553031,-0.0243016686,0.00123445099,0.110276588,-0.0134360394,0.00464947075,0.107677643,-0.00771331287
48,4,0.0625,0.75,-0.00586395918,0.141565132,-0.0242305558,0.00218932921,0.138860603,-0.013191722,0.0077666265,0.13711658,-0.00743193574
48,5,0.078125,0.75,-0.00798429569,0.16491738,-0.02398818,0.00351275589,0.163344714,-0.012874141,0.0114794198,0.162890656,-0.00712448628
48,6,0.09375,0.75,-0.00982392172,0.18398986,-0.0235936082,0.00526578934,0.183920269,-0.0125010934,0.0157074958,0.18496002,-0.00681205524
48,7,0.109375,0.75,-0.0111953828,0.199233233,-0.02308422,0.00749530855,0.200873222,-0.0121061609,0.0203897306,0.203435644,-0.00652914842
48,8,0.125,0.75,-0.0119699606,0.21112431,-0.0225099159,0.0102332716,0.214550437,-0.0117340453,0.0254853406,0.218548495,-0.00631953097
48,9,0.140625,0.75,-0.0120704553,0.220133,-0.0219269835,0.013498477,0.225326338,-0.0114351999,0.0309721086,0.230605666,-0.00623135017
48,10,0.15625,0.75,-0.0114613946,0.226699516,-0.0213927377,0.0172985729,0.233573167,-0.0112609528,0.0368412165,0.239943989,-0.00631268983
48,11,0.171875,0.75,-0.0101391664,0.231220106,-0.0209614611,0.021631339,0.239637254,-0.0112597227,0.0430897577,0.246890005,-0.00660811182
48,12,0.1875,0.75,-0.00812335205,0.234039527,-0.0206817272,0.0264850686,0.243822665,-0.0114744411,0.0497126111,0.251731663,-0.00715623987
48,13,0.203125,0.75,-0.00544975052,0.235448579,-0.020594924,0.0318382934,0.246382338,-0.0119409971,0.0566952615,0.254703401,-0.00798816335
48,14,0.21875,0.75,-0.00216512284,0.235685294,-0.0207346803,0.0376592405,0.247515914,-0.0126874075,0.0640086568,0.255983271,-0.00912637625
48,15,0.234375,0.75,0.00167654243,0.234938559,-0.0211268855,0.0439053886,0.247372846,-0.0137334279,0.0716065867,0.255699025,-0.0105840402
48,16,0.25,0.75,0.00601653364,0.233353223,-0.0217900378,0.0505233932,0.246059133,-0.0150903949,0.0794255317,0.253939568,-0.0123644761
48,17,0.265625,0.75,0.0107929931,0.231035968,-0.0227357244,0.0574495193,0.243646093,-0.0167611872,0.087386568,0.250768479,-0.0144608911
48,18,0.28125,0.75,0.0159418405,0.228061394,-0.0239691082,0.0646106113,0.240179861,-0.0187402667,0.0953987351,0.246237103,-0.0168564005
48,19,0.296875,0.75,0.0213972719,0.224477988,-0.0254893568,0.0719255434,0.235690566,-0.021013818,0.103363241,0.240395576,-0.0195244165
48,20,0.3125,0.75,0.0270920114,0.220313709,-0.0272899921,0.0793070442,0.230200522,-0.0235600289,0.111177943,0.233300981,-0.022429443
48,21,0.328125,0.75,0.0329574492,0.215581079,-0.0293591689,0.0866637685,0.223731026,-0.0263495505,0.118741653,0.225022404,-0.0255282707
48,22,0.34375,0.75,0.0389237582,0.210281679,-0.0316799107,0.0939024814,0.216307583,-0.0293461714,0.125957944,0.215643126,-0.0287715155
48,23,0.359375,0.75,0.0449200489,0.20441005,-0.0342303349,0.100930236,0.207963543,-0.0325077116,0.132738224,0.205260383,-0.0321054049
48,24,0.375,0.75,0.0508746001,0.197956956,-0.0369839029,0.107656436,0.198742247,-0.0357871242,0.139003988,0.193983284,-0.0354736908
48,25,0.390625,0.75,0.0567151803,0.190912053,-0.0399097234,0.113994697,0.188697847,-0.0391337669,0.144688187,0.181929497,-0.0388195578
48,26,0.40625,0.75,0.0623694649,0.18326594,-0.0429729301,0.11986444,0.177895006,-0.0424947917,0.14973577,0.169221273,-0.0420874101
48,27,0.421875,0.75,0.0677655373,0.175011622,-0.0461351452,0.125192166,0.166407696,-0.0458165907,0.154103481,0.155981322,-0.0452244388
48,28,0.4375,0.75,0.0728324564,0.166145391,-0.0493550283,0.1299124,0.154317316,-0.0490462304,0.15775905,0.14232894,-0.0481819048
48,29,0.453125,0.75,0.0775008629,0.156667115,-0.0525889039,0.133968283,0.141710348,-0.0521328119,0.160679927,0.128376685,-0.0509161071
48,30,0.46875,0.75,0.0817035885,0.146579968,-0.0557914419,0.137311844,0.12867572,-0.0550286997,0.162851739,0.114227782,-0.0533890337
48,31,0.484375,0.75,0.0853762306,0.135889594,-0.0589163717,0.13990397,0.115302032,-0.0576905739,0.164266624,0.099974318,-0.0555687246
48,32,0.5,0.75,0.0884576477,0.124602738,-0.0619171921,0.141714125,0.101674757,-0.0600802735,0.164921607,0.0856962116,-0.0574293904
48,33,0.515625,0.75,0.0908903342,0.112725359,-0.064747844,0.142719862,0.0878734669,-0.0621654105,0.164817121,0.0714608364,-0.0589513398
48,34,0.53125,0.75,0.0926206333,0.100260286,-0.0673633105,0.142906166,0.0739691038,-0.0639197467,0.163955784,0.0573231434,-0.0601207737
48,35,0.546875,0.75,0.0935987532,0.0872044356,-0.0697201116,0.14226469,0.0600212586,-0.0653233343,0.162341496,0.0433260657,-0.0609294924
48,36,0.5625,0.75,0.0937785593,0.073545687,-0.0717766646,0.140792875,0.0460753828,-0.066362429,0.159978859,0.0295009693,-0.0613745567
48,37,0.578125,0.75,0.0931171283,0.0592594499,-0.0734934915,0.138492996,0.0321598168,-0.0670291874,0.156872942,0.0158678915,-0.0614579277
48,38,0.59375,0.75,0.0915740652,0.0443050326,-0.0748332606,0.135371094,0.0182824899,-0.0673211627,0.15302933,0.0024352926,-0.0611860929
48,39,0.609375,0.75,0.0891106057,0.0286218962,-0.0757606634,0.131435765,0.00442712834,-0.0672406139,0.1484544,-0.0108009703,-0.0605696736
48,40,0.625,0.75,0.0856885532,0.0121259167,-0.0762421388,0.126696765,-0.00945120318,-0.0667936398,0.143155688,-0.023859763,-0.0596229936
48,41,0.640625,0.75,0.0812691393,-0.00529419993,-0.0762454724,0.12116334,-0.023431391,-0.0659891514,0.137142233,-0.0367782389,-0.0583635763
48,42,0.65625,0.75,0.0758119439,-0.023780167,-0.0757393136,0.114842229,-0.0376325263,-0.0648376935,0.130424665,-0.0496172461,-0.0568115341
48,43,0.671875,0.75,0.0692740874,-0.0435067932,-0.0746926737,0.107735282,-0.0522211881,-0.0633501334,0.123014821,-0.0624690336,-0.0549888071
48,44,0.6875,0.75,0.061610006,-0.0646837738,-0.073074489,0.0998367054,-0.0674197028,-0.0615362359,0.114924602,-0.075467767,-0.0529182115
48,45,0.703125,0.75,0.0527722814,-0.0875561554,-0.070853357,0.0911299963,-0.083515135,-0.0594031622,0.106163754,-0.088803373,-0.0506222695
48,46,0.71875,0.75,0.0427142346,-0.112402795,-0.0679975913,0.0815848445,-0.100868472,-0.0569539491,0.0967363143,-0.102739136,-0.0481218004
48,47,0.734375,0.75,0.0313953644,-0.139531647,-0.064475779,0.0711544841,-0.119923036,-0.0541860607,0.0866355523,-0.11763313,-0.0454342896
48,48,0.75,0.75,0.018791281,-0.169269738,-0.060258088,0.0597744384,-0.141210503,-0.0510901517,0.0758375651,-0.133962833,-0.0425720717
48,49,0.765625,0.75,0.00491058525,-0.201943784,-0.0553186625,0.0473643074,-0.165351825,-0.0476492626,0.0642942512,-0.152350889,-0.0395404338
48,50,0.78125,0.75,-0.0101778643,-0.237844054,-0.0496395789,0.0338354833,-0.193048317,-0.0438387781,0.0519274454,-0.173587714,-0.0363358144
48,51,0.796875,0.75,-0.0263030389,-0.277158787,-0.043217025,0.0191097462,-0.225053987,-0.0396276719,0.038627825,-0.198642818,-0.032944406
48,52,0.8125,0.75,-0.0431312583,-0.319859539,-0.0360706003,0.00315690788,-0.262111665,-0.0349818846,0.0242653623,-0.228650018,-0.029341702
48,53,0.828125,0.75,-0.0600867709,-0.365511912,-0.0282567956,-0.0139362478,-0.304819546,-0.0298711983,0.00872349051,-0.264838317,-0.0254939396
48,54,0.84375,0.75,-0.076263102,-0.412988306,-0.0198875128,-0.0318508571,-0.353369713,-0.0242817368,-0.00802252236,-0.308352857,-0.0213631754
48,55,0.859375,0.75,-0.0903548741,-0.460083237,-0.0111533014,-0.0498657473,-0.40707328,-0.018236954,-0.0257531914,-0.359859934,-0.0169190091
48,56,0.875,0.75,-0.100669155,-0.503094231,-0.00234791315,-0.0666520494,-0.463589539,-0.0118297173,-0.0437497208,-0.41876124,-0.0121615654
48,57,0.890625,0.75,-0.105301526,-0.536537146,0.00611485686,-0.0801228123,-0.517881758,-0.00526449392,-0.0604509185,-0.481819732,-0.00716065726
48,58,0.90625,0.75,-0.102553298,-0.55327546,0.0137081348,-0.0875382595,-0.561227503,0.00110164102,-0.0731761444,-0.541219307,-0.00211060894
48,59,0.921875,0.75,-0.0915809307,-0.545352569,0.0198421317,-0.0861451828,-0.581112802,0.00674813173,-0.0783217539,-0.582851937,0.00261808532
48,60,0.9375,0.75,-0.0731002596,-0.505592788,0.0239670717,-0.0744873553,-0.563168379,0.0110534176,-0.0726153971,-0.58692948,0.00648058776
48,61,0.953125,0.75,-0.0498075351,-0.429568454,0.0257089567,-0.0539810777,-0.49561779,0.0134565134,-0.0555550489,-0.533480262,0.00887913663
48,62,0.96875,0.75,-0.0262001249,-0.317048612,0.0249790688,-0.0296530929,-0.374479956,0.0136696256,-0.0316484462,-0.412105434,0.00940761
48,63,0.984375,0.75,-0.00777315971,-0.171913888,0.0222038645,-0.00906137363,-0.205532358,0.0119893541,-0.00986944212,-0.22867635,0.00823364438
48,64,1,0.75,0,0,0.0181703215,0,0,0.00916188186,0,0,0.00602662089
49,0,0,0.765625,0,0,-0.0256779336,0,0,-0.0150524017,0,0,-0.00924063845
49,1,0.015625,0.765625,-0.000666545385,0.0437508547,-0.0260986524,4.08765363e-05,0.040487545,-0.0150226155,0.000501827308,0.0377055431,-0.00907032126
49,2,0.03125,0.765625,-0.00241934966,0.0824392832,-0.026399358,0.000144665226,0.0771304148,-0.0149298907,0.001835382,0.0728768294,-0.00885533264
49,3,0.046875,0.765625,-0.00486006626,0.11580427,-0.0265077696,0.000421067504,0.10961434,-0.0147397312,0.00393186498,0.105023701,-0.0085783404
49,4,0.0625,0.765625,-0.00755630091,0.143906588,-0.0263820525,0.0010229607,0.137833262,-0.0144284413,0.00675939446,0.133780608,-0.00822704668
49,5,0.078125,0.765625,-0.0101180018,0.167043664,-0.0260204513,0.00209387867,0.161860738,-0.0139932015,0.0102890126,0.158937647,-0.0078031171
49,6,0.09375,0.765625,-0.0122351459,0.1856618,-0.0254494447,0.0037439001,0.181909457,-0.013454726,0.014484443,0.180447208,-0.00732854365
49,7,0.109375,0.765625,-0.0136874193,0.200282297,-0.0247180177,0.00604414439,0.198289568,-0.0128539177,0.0193042579,0.198410283,-0.00684325092
49,8,0.125,0.765625,-0.0143373811,0.211446175,-0.0238896538,0.00903085767,0.211369531,-0.0122455113,0.0247075616,0.213045892,-0.00639956092
49,9,0.140625,0.765625,-0.0141160465,0.21967628,-0.0230343053,0.0127128676,0.221541183,-0.0116909842,0.0306580787,0.224650014,-0.00605567571
49,10,0.15625,0.765625,-0.013006649,0.225453491,-0.0222216894,0.0170788971,0.229190433,-0.0112522827,0.0371247651,0.233552285,-0.0058697749
49,11,0.171875,0.765625,-0.01102971,0.229203543,-0.0215164547,0.0221031959,0.234674762,-0.0109871042,0.0440791846,0.24007794,-0.00589551246
49,12,0.1875,0.765625,-0.00823076611,0.231291487,-0.0209752026,0.0277491616,0.238308093,-0.0109458347,0.051490952,0.244519993,-0.00617902193
49,13,0.203125,0.765625,-0.0046710435,0.232021412,-0.0206450451,0.0339712607,0.240352814,-0.0111698708,0.0593227829,0.247123398,-0.00675714125
49,14,0.21875,0.765625,-0.00042082406,0.231639611,-0.0205632695,0.040715808,0.241018047,-0.0116909142,0.0675264248,0.248080366,-0.00765645839
49,15,0.234375,0.765625,0.00444497487,0.230339855,-0.0207576938,0.0479211746,0.240462781,-0.0125308498,0.0760402447,0.247534273,-0.00889284212
49,16,0.25,0.765625,0.0098495321,0.228269747,-0.0212473777,0.0555178905,0.238802346,-0.0137019158,0.0847887355,0.245589021,-0.0104712594
49,17,0.265625,0.765625,0.0157156453,0.225537496,-0.0220434465,0.0634289481,0.236116783,-0.0152069947,0.0936837986,0.242320868,-0.0123858166
49,18,0.28125,0.765625,0.0219664449,0.222218606,-0.023149879,0.0715704702,0.232459881,-0.0170399516,0.102627408,0.237790362,-0.0146200393
49,19,0.296875,0.765625,0.0285256114,0.218362204,-0.0245641874,0.0798527823,0.227867954,-0.0191860218,0.111515161,0.23205276,-0.0171474454
49,20,0.3125,0.765625,0.0353173274,0.213996817,-0.0262779664,0.0881818477,0.222367713,-0.021622278,0.120240208,0.225166069,-0.0199324507
49,21,0.328125,0.765625,0.042266128,0.20913552,-0.0282773259,0.0964609763,0.21598287,-0.0243182247,0.128697152,0.217196392,-0.0229316107
49,22,0.34375,0.765625,0.049296759,0.203780422,-0.0305432402,0.104592693,0.208739285,-0.0272365527,0.136785556,0.208220664,-0.02609516
49,23,0.359375,0.765625,0.0563341087,0.197926483,-0.0330518535,0.112480651,0.200668642,-0.0303340724,0.144412849,0.198327162,-0.0293687698
49,24,0.375,0.765625,0.0633032518,0.191564687,-0.0357747821,0.120031487,0.191810732,-0.0335628191,0.151496482,0.187614235,-0.0326954218
49,25,0.390625,0.765625,0.0701296182,0.184684598,-0.0386794471,0.127156521,0.182214489,-0.0368713056,0.157965288,0.176187824,-0.0360172812
49,26,0.40625,0.765625,0.0767392838,0.177276316,-0.0417294615,0.133773228,0.171937959,-0.0402058755,0.163760056,0.164158252,-0.0392774622
49,27,0.421875,0.765625,0.0830593687,0.169331852,-0.0448850882,0.139806449,0.161047416,-0.0435121062,0.168833412,0.151636767,-0.0424215946
49,28,0.4375,0.765625,0.0890185171,0.160845947,-0.0481037701,0.145189278,0.149615805,-0.0467361983,0.173149105,0.138732193,-0.0453991282
49,29,0.453125,0.765625,0.0945474263,0.151816344,-0.051340727,0.149863651,0.137720718,-0.0498262964,0.176680853,0.125547973,-0.0481643413
49,30,0.46875,0.765625,0.099579386,0.142243531,-0.0545496008,0.153780624,0.125442062,-0.0527336847,0.179410916,0.112179775,-0.0506770473
49,31,0.484375,0.765625,0.104050784,0.132129954,-0.057683126,0.156900381,0.112859553,-0.0554138177,0.181328526,0.0987137426,-0.0529030214
49,32,0.5,0.765625,0.107901532,0.121478759,-0.0606937965,0.159191993,0.100050141,-0.0578271511,0.182428347,0.08522537,-0.0548141835
49,33,0.515625,0.765625,0.111075373,0.110292044,-0.0635344942,0.160632981,0.0870854152,-0.059939754,0.182709058,0.0717789381,-0.0563885848
49,34,0.53125,0.765625,0.113520012,0.0985686986,-0.0661590481,0.16120872,0.0740290211,-0.0617236923,0.182172177,0.0584273594,-0.0576102499
49,35,0.546875,0.765625,0.115187054,0.0863018428,-0.0685226931,0.160911716,0.0609340471,-0.0631571818,0.180821167,0.0452122651,-0.0584689179
49,36,0.5625,0.765625,0.116031699,0.0734759352,-0.0705824015,0.159740772,0.0478403353,-0.0642245192,0.178660872,0.0321641237,-0.0589597223
49,37,0.578125,0.765625,0.116012186,0.0600635961,-0.0722970691,0.157700055,0.0347716129,-0.0649157989,0.17569726,0.0193021686,-0.059082833
49,38,0.59375,0.765625,0.115088975,0.0460222169,-0.0736275451,0.154798044,0.021732322,-0.0652264315,0.171937463,0.00663389283,-0.0588430716
49,39,0.609375,0.765625,0.113223682,0.0312904298,-0.074536506,0.151046312,0.00870400497,-0.0651564727,0.167390023,-0.0058461453,-0.058249496
49,40,0.625,0.765625,0.1103778,0.0157845262,-0.074988188,0.146458102,-0.00435891368,-0.0647097811,0.16206525,-0.0181584828,-0.0573149423
49,41,0.640625,0.765625,0.106511267,-0.000605070209,-0.0749480028,0.141046615,-0.0175341029,-0.0638930107,0.155975553,-0.0303421884,-0.0560554904
49,42,0.65625,0.765625,0.101580994,-0.0180171472,-0.0743820839,0.134822934,-0.0309371982,-0.0627144569,0.149135545,-0.0424599271,-0.0544898289
49,43,0.671875,0.765625,0.0955395149,-0.0366227082,-0.0732568234,0.127793525,-0.0447286636,-0.0611827685,0.141561715,-0.0546050638,-0.0526384749
49,44,0.6875,0.765625,0.0883340036,-0.0566274441,-0.071538486,0.119957273,-0.0591216471,-0.0593055524,0.133271359,-0.0669112772,-0.0505228196
49,45,0.703125,0.765625,0.0799060433,-0.0782734153,-0.0691930082,0.1113021,-0.0743906925,-0.0570879079,0.124280497,-0.0795651968,-0.0481639668
49,46,0.71875,0.765625,0.070192731,-0.101839559,-0.0661861215,0.101801305,-0.090880951,-0.0545309551,0.114600426,-0.0928225341,-0.0455813552
49,47,0.734375,0.765625,0.0591300414,-0.127640325,-0.0624839773,0.0914099803,-0.109017228,-0.0516304537,0.104232702,-0.107027964,-0.0427911695
49,48,0.75,0.765625,0.0466599289,-0.156021016,-0.0580544957,0.0800621981,-0.129311759,-0.0483756649,0.0931624903,-0.122638473,-0.0398045885
49,49,0.765625,0.765625,0.0327435199,-0.187346809,-0.0528697347,0.0676702053,-0.152368905,-0.0447486753,0.0813506778,-0.140248872,-0.0366259701
49,50,0.78125,0.765625,0.0173840194,-0.221979253,-0.0469096904,0.0541279319,-0.178883629,-0.0407245111,0.0687259757,-0.160616428,-0.033251163
49,51,0.796875,0.765625,0.000664488021,-0.260228354,-0.0401681092,0.0393229895,-0.209627512,-0.0362725132,0.0551796817,-0.18467885,-0.0296662607
49,52,0.8125,0.765625,-0.0171932519,-0.302259591,-0.0326611563,0.0231646833,-0.245408998,-0.0313597074,0.0405684952,-0.213554908,-0.0258473294
49,53,0.828125,0.765625,-0.0357435651,-0.347924517,-0.0244400605,0.00564077972,-0.286979129,-0.0259573317,0.0247357862,-0.248506612,-0.0217619956
49,54,0.84375,0.765625,-0.0542082109,-0.396476932,-0.0156089419,-0.0130781406,-0.334825448,-0.0200524004,0.00757072015,-0.290817781,-0.0173744257
49,55,0.859375,0.765625,-0.0713653838,-0.446148554,-0.00634833383,-0.0324665854,-0.388755166,-0.0136670954,-0.0108618012,-0.341491538,-0.0126563806
49,56,0.875,0.765625,-0.0854931154,-0.493613203,0.00305761782,-0.0514028062,-0.447137604,-0.00688916091,-0.0300763035,-0.400577841,-0.00760868076
49,57,0.890625,0.765625,-0.09446734,-0.533488908,0.0121978402,-0.0679221527,-0.505731308,8.58318585e-05,-0.0487839323,-0.465849425,-0.00229849376
49,58,0.90625,0.765625,-0.0961352864,-0.558195292,0.0205308674,-0.0791621339,-0.556304171,0.00690845,-0.0644700628,-0.530640766,0.0030857668
49,59,0.921875,0.765625,-0.0890212555,-0.558587757,0.0274240049,-0.0818493878,-0.585868586,0.0130521609,-0.0733254257,-0.581372562,0.00817652278
49,60,0.9375,0.765625,-0.0732279883,-0.525629593,0.0322525127,-0.0736432654,-0.578021611,0.0178595743,-0.0712760548,-0.59691243,0.012414028
49,61,0.953125,0.765625,-0.0511395078,-0.452811654,0.0345474354,-0.055101883,-0.517565013,0.020697261,-0.0566344807,-0.553332123,0.0151521099
49,62,0.96875,0.765625,-0.0274424602,-0.338289871,0.0341333318,-0.0310315539,-0.397089728,0.021187092,-0.0332135348,-0.435064494,0.0159067312
49,63,0.984375,0.765625,-0.00828531496,-0.185316467,0.0314249891,-0.00967665285,-0.220690929,0.019589936,-0.010587931,-0.244873121,0.0148027768
49,64,1,0.765625,0,0,0.027278956,0,0,0.0166967366,0,0,0.0125392279
50,0,0,0.78125,0,0,-0.0278015618,0,0,-0.0163378512,0,0,-0.0101119248
50,1,0.015625,0.78125,-0.000916106411,0.0451374262,-0.0283615005,-0.000146366602,0.0405453097,-0.0163714483,0.000335097988,0.0369041054,-0.00998006074
50,2,0.03125,0.78125,-0.0032623238,0.084820174,-0.0287533917,-0.000486267068,0.0771460376,-0.0163120309,0.00127728642,0.0713427511,-0.00977978345
50,3,0.046875,0.78125,-0.00645320409,0.118689982,-0.0288783783,-0.000764505437,0.109398292,-0.0161059927,0.00288818336,0.10275363,-0.00947769184
50,4,0.0625,0.78125,-0.00988823404,0.146823068,-0.0286829673,-0.000695935553,0.137187792,-0.0157179902,0.00525500592,0.130759432,-0.00904980735
50,5,0.078125,0.78125,-0.0130530496,0.169596225,-0.0281703894,-3.81988826e-05,0.160623774,-0.0151440169,0.00843906507,0.155165607,-0.0084939577
50,6,0.09375,0.78125,-0.0155617677,0.187559277,-0.0273795955,0.00137981305,0.179970003,-0.0144104343,0.0124606972,0.175944775,-0.00783458899
50,7,0.109375,0.78125,-0.0171599769,0.201335468,-0.0263764431,0.00365696808,0.195586265,-0.0135688214,0.0173042621,0.193212525,-0.00711936932
50,8,0.125,0.78125,-0.0177070079,0.211552937,-0.0252426815,0.00683192651,0.207881713,-0.0126872633,0.0229302496,0.207194674,-0.00641174048
50,9,0.140625,0.78125,-0.0171506774,0.218802268,-0.024065597,0.0108988184,0.217278299,-0.0118410921,0.029286801,0.218188463,-0.00578234326
50,10,0.15625,0.78125,-0.0155021688,0.223613179,-0.0229298408,0.015821604,0.224182838,-0.0111050008,0.0363172905,0.226522884,-0.00530140066
50,11,0.171875,0.78125,-0.0128146532,0.226444224,-0.0219119031,0.0215451217,0.22896699,-0.0105473537,0.0439634488,0.232523818,-0.00503305948
50,12,0.1875,0.78125,-0.00916676764,0.227680861,-0.0210770244,0.0280025318,0.231954601,-0.0102267167,0.0521650304,0.236488064,-0.00503181078
50,13,0.203125,0.78125,-0.00465076378,0.227638637,-0.0204780118,0.0351197066,0.233415691,-0.0101901857,0.0608575799,0.238667928,-0.00534059697
50,14,0.21875,0.78125,0.000635423213,0.226569276,-0.0201553546,0.0428174217,0.233566,-0.010472949,0.0699697761,0.239265809,-0.00599005537
50,15,0.234375,0.78125,0.00659308381,0.224668202,-0.0201380959,0.0510122032,0.232570764,-0.0110985649,0.0794214352,0.238436715,-0.00699842152
50,16,0.25,0.78125,0.0131254611,0.222082553,-0.0204450399,0.0596165388,0.230551359,-0.0120795692,0.0891227598,0.236296014,-0.00837177382
50,17,0.265625,0.78125,0.0201389978,0.218919055,-0.0210860152,0.0685389586,0.227593513,-0.0134181812,0.0989749827,0.232929807,-0.0101044776
50,18,0.28125,0.78125,0.0275436477,0.215251428,-0.0220630243,0.0776842923,0.223756027,-0.0151070017,0.108872236,0.228405741,-0.0121797977
50,19,0.296875,0.78125,0.0352526551,0.211127105,-0.0233712097,0.0869542531,0.219079189,-0.0171296881,0.118704308,0.222782777,-0.0145707131
50,20,0.3125,0.78125,0.0431820833,0.206573193,-0.0249996187,0.0962483735,0.213592328,-0.0194616384,0.128359872,0.216118989,-0.0172409752
50,21,0.328125,0.78125,0.051250282,0.201601647,-0.0269317932,0.105465248,0.207320181,-0.02207073,0.137729815,0.208477056,-0.0201464211
50,22,0.34375,0.78125,0.059377413,0.196213699,-0.0291462287,0.114503996,0.200287908,-0.0249181621,0.146710328,0.199927429,-0.0232365262
50,23,0.359375,0.78125,0.0674851027,0.190403557,-0.0316167518,0.123265827,0.192524748,-0.0279594262,0.155205528,0.190549457,-0.0264561366
50,24,0.375,0.78125,0.0754962526,0.184161446,-0.0343128629,0.131655627,0.184066377,-0.0311454104,0.163129452,0.180430845,-0.0297472962
50,25,0.390625,0.78125,0.0833350162,0.177476021,-0.0372000865,0.139583437,0.174956106,-0.0344236224,0.17040735,0.169665923,-0.033051072
50,26,0.40625,0.78125,0.090926931,0.170336189,-0.0402403564,0.146965785,0.165245077,-0.0377394984,0.176976286,0.158353148,-0.0363092824
50,27,0.421875,0.78125,0.0981991826,0.162732389,-0.0433924558,0.153726774,0.154991646,-0.0410377488,0.182785086,0.146592273,-0.0394660441
50,28,0.4375,0.78125,0.10508097,0.154657333,-0.0466125175,0.15979893,0.144260114,-0.0442636928,0.187793742,0.134481499,-0.0424690789
50,29,0.453125,0.78125,0.111503929,0.146106246,-0.0498545808,0.165123752,0.133119002,-0.0473645249,0.191972399,0.122114874,-0.0452707447
50,30,0.46875,0.78125,0.117402581,0.13707661,-0.0530711893,0.169652011,0.121638989,-0.0502904666,0.195300062,0.109580108,-0.0478287812
50,31,0.484375,0.78125,0.122714743,0.127567448,-0.0562140113,0.173343773,0.109890663,-0.0529957622,0.197763171,0.096956887,-0.0501067865
50,32,0.5,0.78125,0.12738187,0.117578149,-0.0592344515,0.176168205,0.0979421572,-0.0554394867,0.199354167,0.0843156799,-0.0520744525
50,33,0.515625,0.78125,0.131349268,0.10710688,-0.0620842286,0.178103182,0.0858567397,-0.0575861444,0.200070172,0.0717170064,-0.053707602
50,34,0.53125,0.78125,0.134566148,0.0961486041,-0.0647158841,0.179134731,0.0736903687,-0.0594060496,0.199911873,0.059211034,-0.0549880721
50,35,0.546875,0.78125,0.136985461,0.0846927481,-0.0670831964,0.179256338,0.0614892071,-0.0608754829,0.198882654,0.046837371,-0.0559034835
50,36,0.5625,0.78125,0.138563508,0.072720555,-0.0691414757,0.17846813,0.0492870434,-0.0619766312,0.196988029,0.0346248772,-0.0564469349
50,37,0.578125,0.78125,0.139259277,0.0602021743,-0.0708477195,0.176775936,0.0371025445,-0.0626973174,0.194235352,0.0225913004,-0.0566166428
50,38,0.59375,0.78125,0.139033519,0.0470935366,-0.0721606226,0.174190211,0.0249362334,-0.0630305315,0.190633798,0.0107425294,-0.0564155418
50,39,0.609375,0.78125,0.137847541,0.0333330711,-0.0730404401,0.170724776,0.0127670702,-0.0629737757,0.186194514,-0.000928757774,-0.0558508428
50,40,0.625,0.78125,0.13566176,0.0188383322,-0.0734487191,0.166395333,0.000548493339,-0.0625282341,0.180930887,-0.0124452928,-0.0549335399
50,41,0.640625,0.78125,0.132434057,0.0035026062,-0.073347925,0.161217678,-0.0117962233,-0.0616977804,0.174858755,-0.0238485338,-0.0536778422
50,42,0.65625,0.78125,0.128118002,-0.0128084151,-0.0727010102,0.155205534,-0.0243794357,-0.060487836,0.167996419,-0.035203408,-0.0521005026
50,43,0.671875,0.78125,0.122661088,-0.0302598029,-0.0714709878,0.14836794,-0.0373555263,-0.0589040962,0.160364234,-0.0466048477,-0.0502200142
50,44,0.6875,0.78125,0.116003156,-0.0490503022,-0.0696205985,0.140706139,-0.050928278,-0.0569511513,0.151983508,-0.058186549,-0.048055639
50,45,0.703125,0.78125,0.108075312,-0.0694148828,-0.0671121831,0.132209961,-0.0653591669,-0.0546310437,0.142874441,-0.0701324393,-0.0456262485
50,46,0.71875,0.78125,0.0987997915,-0.091626793,-0.0639079012,0.122853792,-0.0809763524,-0.0519418318,0.133052763,-0.0826913417,-0.0429489579
50,47,0.734375,0.78125,0.0880915111,-0.115998845,-0.059970471,0.112592362,-0.0981839299,-0.0488762697,0.12252479,-0.096195195,-0.0400375686
50,48,0.75,0.78125,0.0758625522,-0.142883217,-0.0552646414,0.101356822,-0.117470728,-0.0454207674,0.111280749,-0.111080808,-0.036900861
50,49,0.765625,0.78125,0.0620316507,-0.172667874,-0.0497596636,0.0890520425,-0.139417559,-0.0415548739,0.0992864923,-0.127914375,-0.0335408487
50,50,0.78125,0.78125,0.0465421688,-0.205765022,-0.0434331149,0.0755568212,-0.164701102,-0.0372516194,0.0864743845,-0.147416718,-0.0299511963
50,51,0.796875,0.78125,0.0293940514,-0.242581516,-0.0362765718,0.0607302925,-0.194090739,-0.032479178,0.0727352271,-0.170485338,-0.0261161475
50,52,0.8125,0.78125,0.0106976472,-0.283451486,-0.0283038819,0.044430891,-0.228429455,-0.0272045093,0.0579152461,-0.198206123,-0.0220105206
50,53,0.828125,0.78125,-0.0092414556,-0.328496953,-0.0195631288,0.0265598635,-0.268576722,-0.0213999696,0.0418264021,-0.231840542,-0.0176016484
50,54,0.84375,0.78125,-0.0298010371,-0.377366487,-0.0101536977,0.00714993174,-0.315262348,-0.0150545003,0.0242868807,-0.272755269,-0.0128546709
50,55,0.859375,0.78125,-0.049894381,-0.428798333,-0.000249625695,-0.0134719253,-0.368748614,-0.00819196496,0.00522443755,-0.32221291,-0.00774355795
50,56,0.875,0.78125,-0.0678426006,-0.479992275,0.00987144354,-0.0344241015,-0.428133972,-0.000900079011,-0.0151031837,-0.380839109,-0.00227184707
50,57,0.890625,0.78125,-0.081373084,-0.525894975,0.0197995276,-0.0539405355,-0.49012243,0.0066277361,-0.0357119776,-0.447425973,0.00349128311
50,58,0.90625,0.78125,-0.0879060544,-0.558721544,0.0289788889,-0.0691414314,-0.547300268,0.0140426658,-0.054347443,-0.516677814,0.00935591774
50,59,0.921875,0.78125,-0.0852703746,-0.568259868,0.0367351172,-0.0763014586,-0.58663167,0.0208066344,-0.0671254266,-0.576045945,0.014947988
50,60,0.9375,0.78125,-0.0727957269,-0.543474536,0.0423675414,-0.0721264502,-0.589915884,0.0262230112,-0.0692165232,-0.603620425,0.0196831218
50,61,0.953125,0.78125,-0.0523676319,-0.475353982,0.0453055191,-0.0560832164,-0.538229501,0.0295828343,-0.057560427,-0.571542782,0.0228585537
50,62,0.96875,0.78125,-0.0287672992,-0.359902805,0.0452734228,-0.0325231699,-0.419905187,0.0304111671,-0.0349353959,-0.458151984,0.0239054344
50,63,0.984375,0.78125,-0.00885898997,-0.199356348,0.0426659492,-0.0103774572,-0.236563912,0.0289292169,-0.0114206277,-0.261889884,0.0229046649
50,64,1,0.78125,0,0,0.0384125675,0,0,0.0259763898,0,0,0.0205909851
51,0,0,0.796875,0,0,-0.0300733874,0,0,-0.0176752041,0,0,-0.0110121983
51,1,0.015625,0.796875,-0.00126374921,0.0470131785,-0.0308211314,-0.000411728812,0.0409738121,-0.0177995232,0.000104968545,0.0364282567,-0.0109368128
51,2,0.03125,0.796875,-0.00441968384,0.0879763808,-0.0313334214,-0.00137524797,0.0777485537,-0.0177907957,0.000503606152,0.0703237441,-0.0107634846
51,3,0.046875,0.796875,-0.00861434458,0.12243018,-0.0314774665,-0.00242848902,0.109824009,-0.0175709865,0.0014347942,0.101045981,-0.0104385356
51,4,0.0625,0.796875,-0.0130189406,0.150506434,-0.0311880517,-0.00310657061,0.137106955,-0.0170917841,0.00314293253,0.128229726,-0.00992452939
51,5,0.078125,0.796875,-0.0169614382,0.172717197,-0.0304798827,-0.00304047989,0.159784989,-0.0163507904,0.00580367895,0.151731955,-0.00921657483
51,6,0.09375,0.796875,-0.0199691307,0.189768727,-0.0294120192,-0.00198696427,0.17821429,-0.0153843339,0.00950577968,0.171582011,-0.00834423347
51,7,0.109375,0.796875,-0.0217571194,0.202427537,-0.0280744592,0.000180620242,0.192837455,-0.0142593954,0.0142627382,0.187940731,-0.00736629203
51,8,0.125,0.796875,-0.0221925326,0.211436875,-0.0265731827,0.00349742927,0.204127681,-0.0130616818,0.0200348316,0.201063353,-0.00636065987
51,9,0.140625,0.796875,-0.0212533783,0.217471441,-0.0250170912,0.00793464737,0.212551505,-0.0118837155,0.0267504934,0.211262973,-0.00541324341
51,10,0.15625,0.796875,-0.0189915881,0.221117467,-0.0235083924,0.0134230416,0.21854413,-0.0108151824,0.0343223378,0.218875637,-0.0046083854
51,11,0.171875,0.796875,-0.0155037927,0.222868142,-0.0221366382,0.0198705025,0.222493835,-0.00993634536,0.0426568645,0.224230201,-0.00402202106
51,12,0.1875,0.796875,-0.0109101319,0.223127598,-0.0209758716,0.027173726,0.224733508,-0.00931435586,0.0516588222,0.227625861,-0.0037176007
51,13,0.203125,0.796875,-0.00533998373,0.222219221,-0.0200840508,0.03522513,0.225537924,-0.00900181613,0.0612319707,0.229318652,-0.00374421889
51,14,0.21875,0.796875,0.00107692645,0.220395764,-0.0195039115,0.0439163464,0.225125551,-0.00903682036,0.0712780085,0.229516511,-0.00413620928
51,15,0.234375,0.796875,0.00821552357,0.217849817,-0.0192645783,0.0531395372,0.223663664,-0.00944380421,0.0816950865,0.22838129,-0.0049135566
51,16,0.25,0.796875,0.0159577284,0.214723833,-0.0193834266,0.0627875372,0.22127559,-0.0102347191,0.0923768284,0.226035473,-0.0060826869
51,17,0.265625,0.796875,0.02419311,0.21111931,-0.0198678808,0.0727535459,0.218049029,-0.0114102417,0.103212301,0.222571392,-0.00763740638
51,18,0.28125,0.796875,0.0328185438,0.207104949,-0.0207169813,0.0829308307,0.214044586,-0.0129608882,0.114087008,0.218061037,-0.00955991728
51,19,0.296875,0.796875,0.0417373614,0.202723769,-0.0219226562,0.0932126945,0.209303872,-0.0148680098,0.124884727,0.212565124,-0.0118219249
51,20,0.3125,0.796875,0.0508583149,0.19799919,-0.0234707057,0.103492804,0.203856717,-0.0171047061,0.13548991,0.206140563,-0.0143858787
51,21,0.328125,0.796875,0.0600945603,0.19294019,-0.0253415395,0.113665869,0.197727247,-0.0196367153,0.145790301,0.198845936,-0.0172063783
51,22,0.34375,0.796875,0.0693627773,0.187545601,-0.02751073,0.123628618,0.190938706,-0.0224233383,0.155679484,0.190744951,-0.020231746
51,23,0.359375,0.796875,0.0785824871,0.181807643,-0.0299494433,0.133280952,0.183517011,-0.0254184396,0.165059117,0.181908038,-0.02340573
51,24,0.375,0.796875,0.08767559,0.175714773,-0.0326248063,0.142527191,0.175493122,-0.0285715386,0.17384069,0.172412413,-0.0266692765
51,25,0.390625,0.796875,0.0965661165,0.16925392,-0.0355002561,0.151277307,0.166904331,-0.0318289933,0.181946701,0.162340989,-0.0299622933
51,26,0.40625,0.796875,0.105180173,0.16241215,-0.0385359092,0.159448054,0.157794622,-0.0351352488,0.189311239,0.151780516,-0.0332253207
51,27,0.421875,0.796875,0.113446045,0.155177813,-0.0416889692,0.16696394,0.148214271,-0.0384341162,0.195880006,0.140819312,-0.0364010411
51,28,0.4375,0.796875,0.121294428,0.1475412,-0.0449141856,0.173757979,0.138218827,-0.0416700364,0.201609834,0.129544881,-0.0394355658
51,29,0.453125,0.796875,0.128658723,0.139494733,-0.0481643596,0.179772222,0.127867636,-0.0447892814,0.206467829,0.118041653,-0.0422794704
51,30,0.46875,0.796875,0.135475368,0.131032717,-0.0513908859,0.184958034,0.117222041,-0.0477410489,0.210430238,0.106389003,-0.0448885607
51,31,0.484375,0.796875,0.141684144,0.122150666,-0.0545443115,0.189276139,0.10634336,-0.0504784117,0.213481184,0.094659638,-0.0472243837
51,32,0.5,0.796875,0.147228413,0.112844233,-0.0575748877,0.192696453,0.095290732,-0.05295909,0.215611372,0.0829183687,-0.0492545026
51,33,0.515625,0.796875,0.15205523,0.103107766,-0.0604330848,0.195197714,0.0841188887,-0.0551460272,0.216816883,0.0712212315,-0.0509525732
51,34,0.53125,0.796875,0.156115299,0.0929325059,-0.0630700449,0.196766949,0.0728758645,-0.0570077562,0.217098119,0.0596148776,-0.0522982606
51,35,0.546875,0.796875,0.159362718,0.0823044832,-0.0654379429,0.19739878,0.0616006483,-0.0585185504,0.21645897,0.0481361099,-0.0532770308
51,36,0.5625,0.796875,0.161754497,0.0712021188,-0.0674902345,0.197094598,0.0503207375,-0.0596583637,0.214906223,0.0368114257,-0.0538798537
51,37,0.578125,0.796875,0.163249807,0.0595935842,-0.0691817742,0.195861588,0.0390495321,-0.0604125636,0.212449211,0.0256563994,-0.0541028369
51,38,0.59375,0.796875,0.163808953,0.0474339533,-0.0704687945,0.193711586,0.0277834825,-0.0607714684,0.209099671,0.014674731,-0.0539468063
51,39,0.609375,0.796875,0.163392072,0.0346621888,-0.0713087486,0.190659753,0.0164988826,-0.0607296971,0.204871755,0.00385676556,-0.0534168341
51,40,0.625,0.796875,0.161957558,0.0211980098,-0.0716600299,0.186722993,0.00514818387,-0.0602853444,0.199782099,-0.00682272308,-0.0525217064
51,41,0.640625,0.796875,0.159460255,0.00693868791,-0.0714815987,0.181918071,-0.00634430379,-0.0594389903,0.193849835,-0.0174077209,-0.051273312
51,42,0.65625,0.796875,0.155849462,-0.00824417754,-0.0707325614,0.17625934,-0.0180874603,-0.0581925596,0.187096389,-0.0279654064,-0.0496859312
51,43,0.671875,0.796875,0.151066863,-0.0245078616,-0.0693717704,0.169756028,-0.0302292685,-0.056548047,0.179544874,-0.0385921523,-0.0477753946
51,44,0.6875,0.796875,0.145044505,-0.0420416685,-0.0673575359,0.162408996,-0.0429636677,-0.0545061379,0.171218853,-0.0494214845,-0.045558085
51,45,0.703125,0.796875,0.13770305,-0.0610700511,-0.0646475678,0.15420697,-0.0565383462,-0.0520647696,0.162140197,-0.0606344516,-0.0430497601
51,46,0.71875,0.796875,0.128950657,-0.0818557577,-0.0611992948,0.145122261,-0.0712633526,-0.0492177115,0.152325737,-0.0724728834,-0.040264182
51,47,0.734375,0.796875,0.118683034,-0.104703086,-0.0569707409,0.135106137,-0.087520258,-0.0459532855,0.141782411,-0.0852559502,-0.0372115635
51,48,0.75,0.796875,0.106785641,-0.129961156,-0.0519221709,0.124084181,-0.105771439,-0.042253414,0.130500666,-0.0994001753,-0.0338968825
51,49,0.765625,0.796875,0.0931397315,-0.158026426,-0.0460187562,0.111952262,-0.126568904,-0.038093265,0.118446112,-0.115442507,-0.0303181768
51,50,0.78125,0.796875,0.0776352791,-0.189341654,-0.0392345739,0.0985743463,-0.150561879,-0.033441864,0.105549819,-0.134065163,-0.0264650514
51,51,0.796875,0.796875,0.060196092,-0.224383832,-0.0315583605,0.0837845109,-0.178501582,-0.028264155,0.091698536,-0.156119712,-0.0223177824
51,52,0.8125,0.796875,0.0408257062,-0.263624084,-0.0230016626,0.0673980905,-0.211238569,-0.0225251415,0.0767276408,-0.182646083,-0.017847642
51,53,0.828125,0.796875,0.0196862899,-0.307425833,-0.0136103937,0.0492421835,-0.249698169,-0.0161969767,0.0604229034,-0.214878247,-0.0130193659
51,54,0.84375,0.796875,-0.00277633956,-0.355824006,-0.0034812861,0.0292255931,-0.29479366,-0.00927035333,0.0425444555,-0.254215817,-0.00779713539
51,55,0.859375,0.796875,-0.0256579453,-0.408106991,0.00721506338,0.00748240363,-0.347181133,-0.0017724606,0.0229022057,-0.302101473,-0.00215620995
51,56,0.875,0.796875,-0.0474006799,-0.4621345,0.0182040006,-0.0153677402,-0.406668994,0.00620501275,0.00154053051,-0.359641426,0.00389619869
51,57,0.890625,0.796875,-0.0656758083,-0.513425454,0.0290734084,-0.0378287144,-0.471013978,0.014464365,-0.0208800895,-0.426605166,0.0102852018
51,58,0.90625,0.796875,-0.0775364572,-0.554298001,0.0392507812,-0.0571241737,-0.533943248,0.0226491332,-0.0424539663,-0.499227317,0.0168123396
51,59,0.921875,0.796875,-0.0800764864,-0.573698084,0.0480175995,-0.0691843439,-0.582883567,0.0302006518,-0.0593778662,-0.566503482,0.0230863712
51,60,0.9375,0.796875,-0.0716782463,-0.558532336,0.0545928994,-0.0697252731,-0.598239854,0.036374259,-0.0661667228,-0.60647743,0.0284843127
51,61,0.953125,0.796875,-0.0534846357,-0.496840082,0.0582951297,-0.0568595094,-0.557168294,0.0403772684,-0.0582142358,-0.58761325,0.0322319418
51,62,0.96875,0.796875,-0.0302183764,-0.381798513,0.0587327144,-0.03415671,-0.442795487,0.0416287854,-0.0368277682,-0.481204293,0.0336635311
51,63,0.984375,0.796875,-0.00952091726,-0.214083767,0.05627104,-0.0111915181,-0.253214098,0.0403071885,-0.01239678,-0.279808517,0.0328149181
51,64,1,0.796875,0,0,0.0519164064,0,0,0.0373055261,0,0,0.0304649974
52,0,0,0.8125,0,0,-0.0325713224,0,0,-0.0191026914,0,0,-0.0119670586
52,1,0.015625,0.8125,-0.00174604015,0.0495571101,-0.0335681812,-0.000786354528,0.0419205576,-0.019353428,-0.000213706075,0.0364004992,-0.0119720996
52,2,0.03125,0.8125,-0.00599442321,0.0921707694,-0.0342339708,-0.00261266336,0.0791627978,-0.0194165396,-0.000559768968,0.0700129254,-0.0118413094
52,3,0.046875,0.8125,-0.0115054423,0.127289239,-0.0343931671,-0.00471781737,0.111129615,-0.0191828348,-0.000549994675,0.100114304,-0.0114951338
52,4,0.0625,0.8125,-0.017141959,0.155170161,-0.0339706857,-0.00639299476,0.137799783,-0.0185904096,0.000269221885,0.126390547,-0.0108809992
52,5,0.078125,0.8125,-0.022036837,0.176546415,-0.0330034922,-0.00711082104,0.159504168,-0.0176436375,0.00221528045,0.14880276,-0.00999385791
52,6,0.09375,0.8125,-0.0256248568,0.192354958,-0.0315820599,-0.00654844192,0.176748903,-0.0163954555,0.00545419647,0.167485716,-0.00887271915
52,7,0.109375,0.8125,-0.0276028972,0.20355887,-0.0298303685,-0.00455780682,0.190101871,-0.0149347848,0.0100267619,0.182683473,-0.00759231666
52,8,0.125,0.8125,-0.0278652731,0.211049196,-0.0278860303,-0.00111942938,0.200127686,-0.0133703522,0.01588637,0.194706919,-0.00624936002
52,9,0.140625,0.8125,-0.0264400515,0.215601324,-0.0258843363,0.00370183363,0.207352686,-0.0118156739,0.0229337303,0.203900956,-0.00494831621
52,10,0.15625,0.8125,-0.02343701,0.217863593,-0.0239474991,0.00979192235,0.212246983,-0.0103776335,0.0310430121,0.210616513,-0.00378975719
52,11,0.171875,0.8125,-0.0190094826,0.218362767,-0.022178784,0.0170124633,0.215216306,-0.00914925398,0.0400787607,0.215187334,-0.00286243782
52,12,0.1875,0.8125,-0.0133285797,0.217517052,-0.0206604651,0.0252167346,0.216599973,-0.00820615137,0.0499050897,0.217912958,-0.00223895215
52,13,0.203125,0.8125,-0.00656707673,0.215651579,-0.0194543573,0.0342588034,0.216673071,-0.00760568094,0.0603893856,0.219048742,-0.00197413802
52,14,0.21875,0.8125,0.00110972664,0.213013768,-0.0186038143,0.0439979164,0.215651593,-0.00738774933,0.0714027296,0.218802693,-0.00210524705
52,15,0.234375,0.8125,0.00954843014,0.2097874,-0.0181363492,0.0542999037,0.213699573,-0.00757645068,0.0828188406,0.217337895,-0.00265304485
52,16,0.25,0.8125,0.0186089507,0.206104966,-0.0180663163,0.0650369365,0.21093735,-0.00818194837,0.0945127948,0.214778799,-0.00362327341
52,17,0.265625,0.8125,0.0281641612,0.202058239,-0.0183973333,0.0760865861,0.20745022,-0.00920227201,0.106360252,0.211219627,-0.00500817541
52,18,0.28125,0.8125,0.0380985883,0.197707176,-0.0191242962,0.0873307879,0.203296879,-0.0106248886,0.118237484,0.206733315,-0.00678796805
52,19,0.296875,0.8125,0.0483067176,0.193087334,-0.0202349601,0.0986550552,0.198517216,-0.0124280327,0.130022207,0.201379874,-0.00893227748
52,20,0.3125,0.8125,0.0586912459,0.188215994,-0.0217111219,0.109948092,0.193139153,-0.0145818477,0.141595027,0.195213415,-0.0114015819
52,21,0.328125,0.8125,0.06916148,0.183097185,-0.0235294781,0.121101835,0.187184366,-0.0170494136,0.152841253,0.188287482,-0.0141487156
52,22,0.34375,0.8125,0.0796319852,0.177725772,-0.0256622431,0.132011863,0.180672826,-0.0197877404,0.16365279,0.180658613,-0.0171204591
52,23,0.359375,0.8125,0.0900215233,0.172090744,-0.0280776051,0.142578094,0.173626176,-0.0227487791,0.173929906,0.17238825,-0.0202592053
52,24,0.375,0.8125,0.100252285,0.166177817,-0.0307400914,0.152705654,0.166070023,-0.0258804872,0.183582666,0.163543262,-0.0235046644
52,25,0.390625,0.8125,0.11024939,0.159971438,-0.0336108966,0.16230581,0.158035242,-0.0291279542,0.192531949,0.154195374,-0.0267955464
52,26,0.40625,0.8125,0.119940631,0.15345626,-0.0366482152,0.171296888,0.149558444,-0.0324345775,0.200709981,0.144419843,-0.030071159
52,27,0.421875,0.8125,0.129256396,0.146618133,-0.0398076043,0.179605083,0.140681721,-0.0357432594,0.208060399,0.134293678,-0.0332728559
52,28,0.4375,0.8125,0.138129745,0.139444656,-0.0430423861,0.187165112,0.131451832,-0.0389975881,0.214537883,0.123893676,-0.0363452864
52,29,0.453125,0.8125,0.146496571,0.131925307,-0.0463040938,0.193920686,0.121918947,-0.042142962,0.220107451,0.11329447,-0.0392374121
52,30,0.46875,0.8125,0.154295801,0.124051189,-0.0495429467,0.199824759,0.112135072,-0.0451276146,0.2247435,0.102566754,-0.0419032763
52,31,0.484375,0.8125,0.161469582,0.115814402,-0.052708342,0.20483957,0.102152244,-0.0479035067,0.22842871,0.091775753,-0.0443025319
52,32,0.5,0.8125,0.167963405,0.107207063,-0.0557493365,0.20893647,0.0920205819,-0.0504270533,0.231152895,0.0809799805,-0.0464007424
52,33,0.515625,0.8125,0.173726117,0.0982199942,-0.0586150945,0.212095565,0.0817862441,-0.0526596652,0.232911905,0.0702302598,-0.0481694859
52,34,0.53125,0.8125,0.178709775,0.0888411165,-0.0612552753,0.214305168,0.0714893034,-0.0545680914,0.233706644,0.0595689474,-0.0495862953
52,35,0.546875,0.8125,0.182869304,0.0790535496,-0.0636203341,0.215561091,0.0611615574,-0.0561245558,0.233542244,0.0490292668,-0.0506344664
52,36,0.5625,0.8125,0.186161926,0.0688334661,-0.0656617151,0.215865772,0.0508242354,-0.0573066872,0.232427427,0.0386346359,-0.0513027621
52,37,0.578125,0.8125,0.188546336,0.0581477187,-0.0673319226,0.215227235,0.0404855572,-0.0580972478,0.230374047,0.0283978522,-0.0515850382
52,38,0.59375,0.8125,0.189981599,0.0469512714,-0.0685844601,0.213657872,0.0301380685,-0.0584836656,0.227396784,0.0183199853,-0.0514797994
52,39,0.609375,0.8125,0.190425769,0.0351844655,-0.0693736401,0.211173015,0.0197556627,-0.0584573804,0.22351294,0.00838881427,-0.0509896924
52,40,0.625,0.8125,0.189834225,0.0227701493,-0.0696542806,0.207789249,0.00929017518,-0.0580130106,0.218742246,-0.00142337305,-0.0501209295
52,41,0.640625,0.8125,0.188157749,0.00961070275,-0.0693813164,0.203522415,-0.00133257031,-0.0571473536,0.213106583,-0.0111628237,-0.0488826287
52,42,0.65625,0.8125,0.185340383,-0.00441502379,-0.0685093743,0.198385242,-0.0122173926,-0.055858229,0.206629488,-0.0208984466,-0.0472860508
52,43,0.671875,0.8125,0.181317132,-0.019454846,-0.0669923816,0.192384517,-0.0235051821,-0.0541431857,0.199335263,-0.0307273117,-0.0453437086
52,44,0.6875,0.8125,0.176011614,-0.0356864892,-0.064783304,0.185517757,-0.0353792206,-0.0519981002,0.191247504,-0.0407818723,-0.0430683236
52,45,0.703125,0.8125,0.169333821,-0.0533210348,-0.0618341386,0.177769309,-0.0480724318,-0.0494157187,0.182386798,-0.0512393238,-0.0404716077
52,46,0.71875,0.8125,0.161178235,-0.0726067767,-0.0580963163,0.169105914,-0.0618755194,-0.0463842247,0.172767326,-0.0623335553,-0.0375628574
52,47,0.734375,0.8125,0.151422697,-0.0938338294,-0.053521707,0.159471807,-0.0771458497,-0.0428859734,0.162392054,-0.0743701236,-0.0343473726
52,48,0.75,0.8125,0.139928724,-0.117339914,-0.0480644467,0.148783594,-0.0943168529,-0.0388965976,0.151246276,-0.087744509,-0.0308247497
52,49,0.765625,0.8125,0.12654454,-0.143517512,-0.041683838,0.136925357,-0.113907724,-0.0343847965,0.13928935,-0.102963527,-0.0269871812
52,50,0.78125,0.8125,0.111113242,-0.172821383,-0.0343486207,0.123744806,-0.136533351,-0.0293132187,0.126444859,-0.120669143,-0.0228180128
52,51,0.796875,0.8125,0.0934907419,-0.205771943,-0.0260429765,0.109052101,-0.162914483,-0.0236409791,0.11258996,-0.14166316,-0.0182910086
52,52,0.8125,0.8125,0.0735818169,-0.242941684,-0.0167748167,0.0926247856,-0.193887128,-0.0173284576,0.0975458519,-0.16693049,-0.0133710298
52,53,0.828125,0.8125,0.0514081088,-0.284894907,-0.00658725102,0.0742266877,-0.230404225,-0.0103451959,0.081073521,-0.197657357,-0.00801716555
52,54,0.84375,0.8125,0.0272272255,-0.332022252,0.00442527415,0.0536582784,-0.273502568,-0.00268203298,0.062884395,-0.235234572,-0.00218973386
52,55,0.859375,0.8125,0.0017207742,-0.384173992,0.0160940856,0.0308736154,-0.324155281,0.0056305823,0.0426893959,-0.281208985,0.00413683901
52,56,0.875,0.8125,-0.0237544114,-0.439974412,0.0281449344,0.00622117289,-0.382822854,0.0144947581,0.0203409263,-0.337056813,0.0109520754
52,57,0.890625,0.8125,-0.0469267858,-0.495759198,0.0401600848,-0.0191345002,-0.448365997,0.0237034463,-0.00382705664,-0.403431476,0.0181730372
52,58,0.90625,0.8125,-0.064583353,-0.544320866,0.051545655,-0.0426527641,-0.515944639,0.0328843356,-0.0283342534,-0.478180037,0.025586683
52,59,0.921875,0.8125,-0.0730834909,-0.574118078,0.0615322485,-0.0600732557,-0.574030571,0.0414464835,-0.0496355035,-0.552333188,0.0327735602
52,60,0.9375,0.8125,-0.0696843067,-0.570066387,0.069248161,-0.0661395549,-0.602240718,0.0485819765,-0.0617585511,-0.604784056,0.0390540793
52,61,0.953125,0.8125,-0.0544697243,-0.516813852,0.0738856106,-0.0573271514,-0.573798064,0.0533977014,-0.0584192593,-0.600881737,0.043558843
52,62,0.96875,0.8125,-0.0318578418,-0.403866524,0.0749161093,-0.0359709482,-0.465573178,0.0551916144,-0.0389051116,-0.50396944,0.0455045394
52,63,0.984375,0.8125,-0.0103119054,-0.229574725,0.0726651107,-0.0121606534,-0.270720622,0.0540966788,-0.0135599883,-0.298717653,0.044880793
52,64,1,0.8125,0,0,0.0682200836,0,0,0.0510666049,0,0,0.0425221819
53,0,0,0.828125,0,0,-0.035413877,0,0,-0.0206760614,0,0,-0.0130102259
53,1,0.015625,0.828125,-0.00241587368,0.0530076017,-0.0367359875,-0.00131765883,0.0435864755,-0.0210996904,-0.000661079759,0.0369880256,-0.0131279458
53,2,0.03125,0.828125,-0.00812682485,0.097735783,-0.0375899737,-0.00432873699,0.0816800165,-0.0212595833,-0.00202494133,0.0706600327,-0.0130596131
53,3,0.046875,0.828125,-0.0153324989,0.133577716,-0.0377476978,-0.00783323217,0.11360434,-0.0210070958,-0.00324154735,0.10021699,-0.0126923334
53,4,0.0625,0.828125,-0.0224827818,0.161037828,-0.0371296144,-0.0107929203,0.139499959,-0.0202675814,-0.00357761378,0.125464451,-0.011957139
53,5,0.078125,0.828125,-0.0284781716,0.181200095,-0.0358123675,-0.0124894489,0.159940436,-0.0190610997,-0.00254537502,0.146546981,-0.010853754
53,6,0.09375,0.828125,-0.0326673756,0.195334787,-0.0339342494,-0.012521675,0.175661276,-0.0174671412,0.000100262898,0.163770529,-0.00943743444
53,7,0.109375,0.828125,-0.0347558172,0.204667953,-0.0316662614,-0.0107372557,0.187408442,-0.015605445,0.00441666057,0.177508558,-0.00780565788
53,8,0.125,0.828125,-0.0346964806,0.21027403,-0.0291865301,-0.00715352224,0.19586804,-0.0136144169,0.0103361387,0.188156384,-0.00607946921
53,9,0.140625,0.828125,-0.0325956678,0.213043178,-0.0266617008,-0.00189062188,0.201640153,-0.0116327056,0.0177184592,0.196106331,-0.00438563433
53,10,0.15625,0.828125,-0.0286429383,0.213686898,-0.0242358152,0.00487738195,0.2052335,-0.00978628146,0.0263886415,0.201730606,-0.00284292127
53,11,0.171875,0.828125,-0.023063833,0.212759712,-0.0220254759,0.0129549548,0.207069022,-0.00818111072,0.0361612116,0.205368123,-0.00155343879
53,12,0.1875,0.828125,-0.0160904803,0.210685192,-0.0201194819,0.0221447174,0.207487168,-0.00690034336,0.046853794,0.207315237,-0.000598461552
53,13,0.203125,0.828125,-0.00794493301,0.207780914,-0.0185811607,0.0322579607,0.206756742,-0.00600455671,0.0582932327,0.207821012,-3.75152315e-05
53,14,0.21875,0.828125,0.00116902249,0.204280257,-0.0174519843,0.0431191492,0.20508445,-0.00553371811,0.0703170665,0.207087056,9.05650067e-05
53,15,0.234375,0.828125,0.0110687454,0.200350593,-0.0167554966,0.0545667804,0.202624644,-0.00550985545,0.0827725889,0.205271225,-0.000234368266
53,16,0.25,0.828125,0.0215925069,0.196108102,-0.0165009689,0.0664522928,0.199488908,-0.00593978606,0.0955150663,0.202494062,-0.00101604243
53,17,0.265625,0.828125,0.0325976042,0.191629672,-0.0166865028,0.0786381682,0.195755178,-0.00681756328,0.10840609,0.198846703,-0.00224394282
53,18,0.28125,0.828125,0.0439577539,0.186962393,-0.0173014913,0.0909959407,0.191476117,-0.00812651806,0.121312552,0.194399082,-0.0038952801
53,19,0.296875,0.828125,0.0555603266,0.182131111,-0.0183284717,0.103404515,0.186686568,-0.00984090942,0.134106389,0.189207581,-0.00593675811
53,20,0.3125,0.828125,0.0673037462,0.177144427,-0.0197444585,0.115748972,0.181409937,-0.0119272649,0.146665012,0.183321517,-0.00832621557
53,21,0.328125,0.828125,0.0790952183,0.171999451,-0.021521872,0.12791991,0.175663477,-0.0143455175,0.15887223,0.176788173,-0.0110142174
53,22,0.34375,0.828125,0.0908488551,0.166685558,-0.0236291735,0.139813252,0.169462447,-0.0170500345,0.170619432,0.169656298,-0.0139456479
53,23,0.359375,0.828125,0.102484205,0.161187344,-0.0260313073,0.151330442,0.16282322,-0.0199906165,0.181806805,0.161978163,-0.0170613251
53,24,0.375,0.828125,0.11392516,0.155486906,-0.0286900295,0.162378914,0.155765407,-0.0231135099,0.192344399,0.153810371,-0.0202996182
53,25,0.390625,0.828125,0.1250992,0.149565574,-0.0315641893,0.172872704,0.148313096,-0.026362459,0.202152934,0.145213673,-0.0235980339
53,26,0.40625,0.828125,0.135936917,0.143405144,-0.0346100046,0.182733119,0.140495349,-0.0296797918,0.211164236,0.136252065,-0.0268947197
53,27,0.421875,0.828125,0.14637176,0.136988699,-0.0377813623,0.191889373,0.132346048,-0.0330075223,0.219321323,0.12699141,-0.0301298334
53,28,0.4375,0.828125,0.156339953,0.130301024,-0.0410301537,0.200279116,0.123903223,-0.0362884372,0.226578129,0.117497829,-0.0332467333
53,29,0.453125,0.828125,0.165780506,0.123328677,-0.0443066485,0.207848814,0.115207989,-0.0394671316,0.232898931,0.107836035,-0.0361929585
53,30,0.46875,0.828125,0.174635293,0.116059706,-0.0475598984,0.21455395,0.106303158,-0.0424909559,0.238257556,0.0980677432,-0.0389209841
53,31,0.484375,0.828125,0.182849115,0.108483062,-0.0507381521,0.220359035,0.0972316496,-0.0453108405,0.242636433,0.0882502436,-0.0413887489
53,32,0.5,0.828125,0.190369712,0.100587698,-0.0537892635,0.22523741,0.0880347371,-0.0478819674,0.246025582,0.078435174,-0.0435599681
53,33,0.515625,0.828125,0.197147671,0.0923613955,-0.0566610651,0.229170864,0.0787501906,-0.0501642691,0.248421611,0.0686674821,-0.0454042544
53,34,0.53125,0.828125,0.203136191,0.0837893193,-0.0593016854,0.23214906,0.0694103378,-0.0521227387,0.249826774,0.0589845383,-0.0468970713
53,35,0.546875,0.828125,0.208290659,0.0748523326,-0.0616597825,0.23416878,0.0600400442,-0.0537275414,0.250248133,0.0494153271,-0.0480195505
53,36,0.5625,0.828125,0.21256801,0.0655250868,-0.0636846758,0.235232997,0.0506545943,-0.054953927,0.249696832,0.0399796233,-0.0487581937
53,37,0.578125,0.828125,0.215925835,0.0557739109,-0.0653263608,0.23534976,0.0412574321,-0.0557819422,0.248187502,0.0306870423,-0.0491044829
53,38,0.59375,0.828125,0.218321231,0.0455545199,-0.0665353983,0.234530885,0.0318377018,-0.0561959498,0.245737743,0.0215358374,-0.0490544112
53,39,0.609375,0.828125,0.219709358,0.0348095631,-0.0672626808,0.232790427,0.0223675057,-0.0561839561,0.242367657,0.0125113041,-0.0486079348
53,40,0.625,0.828125,0.220041724,0.0234660304,-0.067459092,0.230142885,0.0127987838,-0.0557367594,0.238099349,0.00358363414,-0.0477683482
53,41,0.640625,0.828125,0.219264184,0.0114325298,-0.0670750872,0.22660111,0.00305970346,-0.0548469217,0.232956316,-0.00529496357,-0.0465415661
53,42,0.65625,0.828125,0.217314693,-0.0014035612,-0.0660602459,0.222173824,-0.00694956208,-0.0535075804,0.226962602,-0.0141940867,-0.0449352973
53,43,0.671875,0.828125,0.214120856,-0.0151790932,-0.0643628662,0.216862712,-0.0173617836,-0.0517111128,0.220141586,-0.0232101675,-0.0429580868
53,44,0.6875,0.828125,0.209597336,-0.0300583576,-0.0619297023,0.210658995,-0.0283484597,-0.0494476889,0.212514215,-0.0324730189,-0.040618203
53,45,0.703125,0.828125,0.203643251,-0.0462366713,-0.058705975,0.20353944,-0.0401265038,-0.046703763,0.204096492,-0.0421542735,-0.0379223475
53,46,0.71875,0.828125,0.196139714,-0.063944633,-0.0546358197,0.195461786,-0.0529658507,-0.0434605969,0.194895956,-0.05247814,-0.0348741755
53,47,0.734375,0.828125,0.186947785,-0.0834535754,-0.0496633785,0.186359649,-0.0671979381,-0.0396929661,0.184906867,-0.0637349005,-0.0314726386
53,48,0.75,0.828125,0.175907294,-0.105082999,-0.0437347686,0.176137054,-0.0832249887,-0.0353682828,0.174103842,-0.076297471,-0.0277102065
53,49,0.765625,0.828125,0.162837364,-0.129210944,-0.0368011953,0.164662934,-0.101530116,-0.0304464776,0.162433735,-0.0906410902,-0.0235711117
53,50,0.78125,0.828125,0.147540399,-0.156287856,-0.0288235034,0.151766171,-0.122688623,-0.0248811164,0.149805836,-0.107365772,-0.019029902
53,51,0.796875,0.828125,0.129813113,-0.186852407,-0.0197785143,0.137232212,-0.147381562,-0.0186223566,0.136080882,-0.127220705,-0.0140508152
53,52,0.8125,0.828125,0.109471902,-0.221541451,-0.00966762345,0.120803454,-0.176413155,-0.0116224699,0.121060182,-0.151129644,-0.008588796
53,53,0.828125,0.828125,0.0864062353,-0.261071241,0.00147153981,0.102188715,-0.210731662,-0.00384475672,0.104477567,-0.18021679,-0.0025933501
53,54,0.84375,0.828125,0.0606828262,-0.306136672,0.0135489457,0.0810952553,-0.251440587,0.00472312092,0.08600044,-0.215831691,0.00398318375
53,55,0.859375,0.828125,0.0327307822,-0.357125354,0.0263991138,0.0573150851,-0.299744027,0.0140497589,0.065256528,-0.259558005,0.0111709324
53,56,0.875,0.828125,0.00362901359,-0.41348694,0.039748345,0.0309291989,-0.356660879,0.0240314814,0.0419315943,-0.313124974,0.0189584951
53,57,0.890625,0.828125,-0.024539641,-0.472596512,0.0531718055,0.00272367954,-0.422140041,0.0344495788,0.0160460026,-0.377929986,0.0272546528
53,58,0.90625,0.828125,-0.0484461875,-0.528141296,0.066049665,-0.0251337605,-0.493004493,0.0449097649,-0.0114023089,-0.453418871,0.0358277928
53,59,0.921875,0.828125,-0.0637791468,-0.568597131,0.0775511074,-0.0483978597,-0.559396776,0.0547765485,-0.0373167012,-0.533079184,0.0442203884
53,60,0.9375,0.828125,-0.0665117032,-0.577146103,0.0866944968,-0.0609394926,-0.600985958,0.0631570307,-0.0554901244,-0.597693674,0.0516753823
53,61,0.953125,0.828125,-0.0552691747,-0.534666547,0.0925186509,-0.057319603,-0.5873369,0.0690279196,-0.0579130243,-0.61046669,0.0571931223
53,62,0.96875,0.828125,-0.0337720599,-0.425956332,0.0943260393,-0.0380188141,-0.487961985,0.071538352,-0.0411844011,-0.526063564,0.0598371417
53,63,0.984375,0.828125,-0.0112956398,-0.245941608,0.092388486,-0.0133515893,-0.289185047,0.0707728847,-0.0149820328,-0.318713628,0.0595488597
53,64,1,0.828125,0,0,0.0878787441,0,0,0.0677555817,0,0,0.057235613
54,0,0,0.84375,0,0,-0.0387846161,0,0,-0.0224803547,0,0,-0.0141894382
54,1,0.015625,0.84375,-0.00335122497,0.0576839349,-0.0405233374,-0.00207821045,0.0462492946,-0.0231364227,-0.0013012664,0.0384254405,-0.0144633622
54,2,0.03125,0.84375,-0.0110078826,0.105087395,-0.0415958084,-0.00670945502,0.0856783711,-0.0234207455,-0.00405964903,0.072593393,-0.014482752
54,3,0.046875,0.84375,-0.0203499785,0.141645196,-0.0417115251,-0.0120421389,0.117593798,-0.0231353805,-0.00688726181,0.101666976,-0.0140913975
54,4,0.0625,0.84375,-0.0292829472,0.168315834,-0.0407979956,-0.0165992617,0.142456,-0.0221964128,-0.00867906186,0.125694375,-0.0132035472
54,5,0.078125,0.84375,-0.0364484483,0.186731009,-0.0389989833,-0.019445813,0.161232923,-0.0206542545,-0.00875314495,0.145124883,-0.0118323885
54,6,0.09375,0.84375,-0.0411397462,0.198632604,-0.0365239352,-0.020121272,0.17499671,-0.0186295023,-0.00679769237,0.16052368,-0.0100598218
54,7,0.109375,0.84375,-0.0431206596,0.205587975,-0.0336077235,-0.0185029078,0.184733719,-0.0162845465,-0.0027633343,0.172447597,-0.00801552474
54,8,0.125,0.84375,-0.0424509851,0.208889047,-0.0304791738,-0.0146780069,0.191281053,-0.0137954589,0.00323687177,0.18140512,-0.00585184811
54,9,0.140625,0.84375,-0.0393534046,0.209547781,-0.0273408447,-0.00884831018,0.195321782,-0.0113302104,0.0110023665,0.187848454,-0.00372192652
54,10,0.15625,0.84375,-0.0341240529,0.208331759,-0.0243590724,-0.0012663675,0.197401407,-0.00903498736,0.0202952835,0.19217376,-0.00176425057
54,11,0.171875,0.84375,-0.0270777178,0.205810309,-0.0216617043,0.00780335452,0.19794897,-0.00702775026,0.0308711461,0.194722181,-9.39694459e-05
54,12,0.1875,0.84375,-0.0185172338,0.202398152,-0.01934068,0.0181060988,0.197296967,-0.00539706931,0.042495596,0.195780937,0.00120038301
54,13,0.203125,0.84375,-0.00871851777,0.198392076,-0.0174570675,0.0294071569,0.195698639,-0.00420417019,0.0549517917,0.195585469,0.00205652846
54,14,0.21875,0.84375,0.0020748842,0.19400009,-0.0160468578,0.0414952556,0.193342773,-0.00348651194,0.068042087,0.194323337,0.00243608719
54,15,0.234375,0.84375,0.0136518337,0.189363916,-0.0151264894,0.0541819846,0.190366429,-0.00326175164,0.0815866417,0.192139895,0.00232143388
54,16,0.25,0.84375,0.0258308295,0.184576108,-0.0146975856,0.0672992594,0.186865962,-0.00353143322,0.0954207964,0.189145298,0.00171250937
54,17,0.265625,0.84375,0.0384560214,0.179692992,-0.0147507311,0.0806960854,0.182906572,-0.00428410173,0.109392363,0.185422142,0.000623951046
54,18,0.28125,0.84375,0.05139294,0.174744454,-0.0152683172,0.0942353852,0.178530532,-0.00549778242,0.123359452,0.181033016,-0.000917356104
54,19,0.296875,0.84375,0.0645244496,0.169741342,-0.0162265798,0.107791293,0.173764184,-0.00714189602,0.137189077,0.176027414,-0.00287435481
54,20,0.3125,0.84375,0.0777471757,0.164681102,-0.0175969973,0.121247092,0.168623757,-0.00917874009,0.150756541,0.170447574,-0.00520161995
54,21,0.328125,0.84375,0.0909685035,0.159552076,-0.0193472106,0.13449381,0.163120087,-0.0115646784,0.16394544,0.164333062,-0.00784700483
54,22,0.34375,0.84375,0.104104152,0.154336785,-0.0214416095,0.147429417,0.157262294,-0.0142511616,0.1766481,0.157724038,-0.010753209
54,23,0.359375,0.84375,0.117076289,0.149014439,-0.0238417083,0.159958517,0.151060513,-0.0171856742,0.188766216,0.150663283,-0.0138593139
54,24,0.375,0.84375,0.129812118,0.143562822,-0.0265063994,0.171992393,0.144527761,-0.0203126702,0.200211513,0.143197133,-0.0171022944
54,25,0.390625,0.84375,0.142242867,0.137959681,-0.029392155,0.183449297,0.137681038,-0.0235745264,0.210906287,0.135375537,-0.0204184876
54,26,0.40625,0.84375,0.154303108,0.1321837,-0.032453226,0.194254858,0.130541775,-0.0269125258,0.220783721,0.127251453,-0.0237449843
54,27,0.421875,0.84375,0.165930333,0.126215098,-0.0356418617,0.204342516,0.123135724,-0.030267851,0.229787949,0.118879785,-0.0270209009
54,28,0.4375,0.84375,0.17706471,0.120035911,-0.0389085674,0.213653908,0.115492391,-0.033582568,0.237873828,0.110316068,-0.0301884945
54,29,0.453125,0.84375,0.187648976,0.113629966,-0.0422023992,0.22213914,0.107644113,-0.0368005651,0.245006475,0.101615042,-0.0331940894
54,30,0.46875,0.84375,0.197628376,0.106982579,-0.0454712872,0.229756912,0.0996248504,-0.039868414,0.251160591,0.0928292525,-0.0359888012
54,31,0.484375,0.84375,0.206950627,0.100079984,-0.0486623719,0.236474468,0.0914687836,-0.0427361191,0.25631964,0.0840077279,-0.0385290504
54,32,0.5,0.84375,0.215565823,0.0929085071,-0.051722332,0.242267361,0.083208753,-0.0453577277,0.260474937,0.0751948026,-0.0407768746
54,33,0.515625,0.84375,0.223426261,0.0854535154,-0.0545976816,0.247119024,0.0748745947,-0.0476917777,0.263624708,0.066429067,-0.0427000531
54,34,0.53125,0.84375,0.230486119,0.0776981284,-0.0572350113,0.251020159,0.0664913879,-0.0497015664,0.265773161,0.0577424256,-0.0442720681
54,35,0.546875,0.84375,0.236700974,0.0696217309,-0.0595811505,0.253967931,0.0580776202,-0.0513552302,0.266929597,0.0491592095,-0.0454719212
54,36,0.5625,0.84375,0.242027102,0.06119829,-0.0615832314,0.255964981,0.0496432551,-0.0526256277,0.267107588,0.0406952667,-0.0462838287
54,37,0.578125,0.84375,0.246420553,0.0523944973,-0.0631886404,0.257018241,0.0411876685,-0.0534900282,0.266324201,0.0323569406,-0.0466968139
54,38,0.59375,0.84375,0.249835953,0.0431677481,-0.0643448489,0.257137554,0.0326974016,-0.0539296033,0.264599261,0.02413983,-0.0467042049
54,39,0.609375,0.84375,0.252225042,0.0334639721,-0.0649991261,0.256334054,0.0241436627,-0.0539287258,0.261954608,0.0160272088,-0.0463030445
54,40,0.625,0.84375,0.253534925,0.023215324,-0.0650981478,0.254618296,0.0154794923,-0.0534740812,0.258413289,0.00798796842,-0.0454934066
54,41,0.640625,0.84375,0.253706027,0.0123377337,-0.0645875317,0.251998071,0.00663649148,-0.0525535972,0.253998604,-2.60773344e-05,-0.0442776122
54,42,0.65625,0.84375,0.252669785,0.000728303881,-0.0634113464,0.24847585,-0.00247899488,-0.0511551993,0.248732921,-0.00808371698,-0.0426593228
54,43,0.671875,0.84375,0.250346085,-0.0117374889,-0.0615116673,0.24404579,-0.0119903538,-0.0492654129,0.242636126,-0.0162789239,-0.0406424946
54,44,0.6875,0.84375,0.24664051,-0.0252088842,-0.0588282786,0.238690234,-0.0220559485,-0.0468678393,0.235723559,-0.0247367784,-0.0382301656
54,45,0.703125,0.84375,0.241441457,-0.0398634122,-0.0552986572,0.232375619,-0.0328752226,-0.0439415654,0.228003248,-0.0336210648,-0.0354230554
54,46,0.71875,0.84375,0.234617238,-0.0559113108,-0.0508584087,0.225047781,-0.0446957287,-0.040459602,0.219472214,-0.0431439301,-0.0322179634
54,47,0.734375,0.84375,0.226013331,-0.0736014095,-0.0454423694,0.216626658,-0.0578211174,-0.0363875143,0.210111576,-0.0535780097,-0.0286059776
54,48,0.75,0.84375,0.215450025,-0.093229493,-0.0389866274,0.207000518,-0.0726201379,-0.0316824985,0.199880176,-0.0652713771,-0.0245705583
54,49,0.765625,0.84375,0.202720948,-0.115150618,-0.0314317449,0.196019959,-0.0895368416,-0.0262932815,0.188706527,-0.0786655211,-0.0200856517
54,50,0.78125,0.84375,0.187593539,-0.139797132,-0.0227274988,0.183492105,-0.109102628,-0.0201613753,0.176479034,-0.0943162898,-0.0151141545
54,51,0.796875,0.84375,0.169813912,-0.167703446,-0.0128394908,0.16917569,-0.131951766,-0.0132243775,0.163034839,-0.112917506,-0.00960730998
54,52,0.8125,0.84375,0.149121692,-0.199534806,-0.00175807438,0.15277828,-0.158843632,-0.00542214527,0.148148215,-0.135327175,-0.003505975
54,53,0.828125,0.84375,0.125286775,-0.236105832,0.0104896666,0.133958721,-0.190696026,0.00329323129,0.131520324,-0.162597615,0.00325484773
54,54,0.84375,0.84375,0.0981912167,-0.278346799,0.0238234902,0.112343689,-0.228628937,0.0129426439,0.112774073,-0.196013532,0.0107363777
54,55,0.859375,0.84375,0.0679946775,-0.32712018,0.0380865045,0.0875832471,-0.273989225,0.0234989483,0.0914641899,-0.237140139,0.0189791248
54,56,0.875,0.84375,0.0354306783,-0.382703989,0.053010633,0.0595061528,-0.328231448,0.0348569093,0.0671346445,-0.287846288,0.0279759341
54,57,0.890625,0.84375,0.00224984252,-0.443683997,0.0681677867,0.0284924155,-0.392303037,0.0467884689,0.039518694,-0.350097573,0.0376304966
54,58,0.90625,0.84375,-0.0283078088,-0.50508136,0.0829119009,-0.00379555546,-0.4648231,0.0588763077,0.0091015056,-0.424817333,0.0476925094
54,59,0.921875,0.84375,-0.0514167482,-0.556052563,0.0963399485,-0.0333865151,-0.538224839,0.0704316124,-0.0216589033,-0.508245373,0.0576604504
54,60,0.9375,0.84375,-0.0616698972,-0.578576359,0.107331564,-0.0534986308,-0.593318975,0.0804507641,-0.0466691525,-0.584187732,0.0666792879
54,61,0.953125,0.84375,-0.0557544525,-0.549553495,0.114725279,-0.0565585487,-0.596718743,0.0877326917,-0.0562963362,-0.61518746,0.0735710234
54,62,0.96875,0.84375,-0.0360757211,-0.447840059,0.117599818,-0.0403681511,-0.509541192,0.0912258451,-0.0436819111,-0.546900431,0.0771847784
54,63,0.984375,0.84375,-0.0125740079,-0.263346785,0.116152458,-0.0148760992,-0.308739436,0.090959533,-0.0167901618,-0.339902054,0.077407783
54,64,1,0.84375,0,0,0.111643462,0,0,0.0880425099,0,0,0.0752483107
55,0,0,0.859375,0,0,-0.0429738439,0,0,-0.02465047,0,0,-0.0155771918
55,1,0.015625,0.859375,-0.00467014359,0.0640154843,-0.0452305971,-0.00317996735,0.0502959305,-0.0256124114,-0.00223660912,0.0410476747,-0.0160653773
55,2,0.03125,0.859375,-0.0148966157,0.114734536,-0.0465336047,-0.0100163816,0.091643945,-0.0260480524,-0.00691026026,0.0762460281,-0.0162040117
55,3,0.046875,0.859375,-0.0268546575,0.151852781,-0.0465230854,-0.0176846983,0.123494147,-0.0256989096,-0.0118230999,0.104836403,-0.0157798864
55,4,0.0625,0.859375,-0.0377535976,0.177136298,-0.0451547341,-0.0241403798,0.146903633,-0.0244792631,-0.0153874887,0.127330334,-0.0146913282
55,5,0.078125,0.859375,-0.0459838954,0.193056894,-0.0426816983,-0.0282302427,0.163462447,-0.0224931383,-0.0167222313,0.144665611,-0.0129795484
55,6,0.09375,0.859375,-0.0508583956,0.202006999,-0.0394171181,-0.0294851005,0.174718371,-0.0199231955,-0.0154865771,0.157780719,-0.0107688292
55,7,0.109375,0.859375,-0.0522840352,0.205979192,-0.0356809081,-0.0278701585,0.181965177,-0.016990049,-0.0116834973,0.167473993,-0.00823417491
55,8,0.125,0.859375,-0.0504970911,0.206506775,-0.0317634952,-0.0235904106,0.186213443,-0.0139167119,-0.00550783909,0.174390684,-0.00556790277
55,9,0.140625,0.859375,-0.0458855339,0.204716246,-0.0279063917,-0.0169624776,0.188228514,-0.010904172,0.00275410045,0.17904792,-0.00295364093
55,10,0.15625,0.859375,-0.0388826341,0.201411211,-0.0242961263,-0.00833804964,0.188581835,-0.00811848228,0.0127857315,0.181861827,-0.00055017111
55,11,0.171875,0.859375,-0.0299092908,0.197152893,-0.0210669423,0.00193816525,0.187696556,-0.00568684697,0.0242747778,0.18316781,0.00151601282
55,12,0.1875,0.859375,-0.0193466355,0.192325992,-0.0183080957,0.0135490023,0.185883365,-0.00369945513,0.0369307709,0.183234591,0.00315192668
55,13,0.203125,0.859375,-0.00752621294,0.187188796,-0.0160727121,0.0262126372,0.183367585,-0.00221424372,0.0504919078,0.182274521,0.00429564026
55,14,0.21875,0.859375,0.00527030521,0.181909905,-0.0143863453,0.0396831949,0.180309623,-0.00126261255,0.0647256738,0.180452206,0.00491213246
55,15,0.234375,0.859375,0.0188067104,0.176594648,-0.0132543168,0.0537476548,0.17682064,-0.000854910875,0.0794262113,0.177892515,0.00498877066
55,16,0.25,0.859375,0.032885942,0.171303915,-0.0126675299,0.0682211896,0.172974807,-0.000985127073,0.0944103985,0.174688341,0.00453113698
55,17,0.265625,0.859375,0.0473434015,0.166067561,-0.0126068083,0.0829422018,0.168819052,-0.00163461206,0.10951385,0.170908047,0.00355949602
55,18,0.28125,0.859375,0.0620406822,0.160893965,-0.0130459693,0.0977677607,0.164380909,-0.00277489425,0.124587505,0.166602367,0.00210593161
55,19,0.296875,0.859375,0.0768600702,0.155776875,-0.0139538965,0.112569781,0.159674861,-0.00436975168,0.139495081,0.161810492,0.000212044237
55,20,0.3125,0.859375,0.0916999272,0.150700374,-0.0152958658,0.127232057,0.154707421,-0.00637673543,0.154111422,0.156565154,-0.00207294638
55,21,0.328125,0.859375,0.106470941,0.145642475,-0.0170343474,0.141648124,0.149481152,-0.00874833124,0.168321611,0.150896614,-0.00469384267
55,22,0.34375,0.859375,0.121093163,0.140577772,-0.0191294605,0.155719862,0.14399774,-0.0114329091,0.182020667,0.144835521,-0.00759096714
55,23,0.359375,0.859375,0.135493731,0.135479378,-0.0215392173,0.169356686,0.138260244,-0.0143755741,0.1951136,0.138414749,-0.0107015872
55,24,0.375,0.859375,0.14960517,0.130320329,-0.0242196564,0.182475202,0.132274626,-0.0175189901,0.207515655,0.1316703,-0.0139612947
55,25,0.390625,0.859375,0.163364156,0.125074584,-0.0271249342,0.194999163,0.126050631,-0.020804217,0.219152555,0.124641465,-0.0173053397
55,26,0.40625,0.859375,0.176710662,0.119717678,-0.0302074217,0.206859621,0.119602131,-0.0241715724,0.229960664,0.117370403,-0.0206698929
55,27,0.421875,0.859375,0.189587384,0.114227097,-0.0334178321,0.217995159,0.112946997,-0.0275615103,0.239886975,0.109901303,-0.0239932082
55,28,0.4375,0.859375,0.201939378,0.108582382,-0.0367053888,0.228352114,0.106106599,-0.030915493,0.248888893,0.102279303,-0.0272166461
55,29,0.453125,0.859375,0.213713834,0.102765011,-0.0400180346,0.237884728,0.0991049843,-0.0341768289,0.256933821,0.0945492721,-0.0302855358
55,30,0.46875,0.859375,0.224859927,0.0967580554,-0.0433026715,0.246555191,0.0919678295,-0.0372914426,0.263998564,0.0867545788,-0.0331498542
55,31,0.484375,0.859375,0.235328682,0.0905456146,-0.0465054142,0.254333514,0.084721201,-0.0402085447,0.270068584,0.0789358986,-0.0357647134
55,32,0.5,0.859375,0.245072807,0.0841120639,-0.0495718375,0.261197248,0.0773901814,-0.042881174,0.275137156,0.071130106,-0.0380906608
55,33,0.515625,0.859375,0.254046448,0.0774410999,-0.0524471929,0.267131017,0.0699973922,-0.0452665886,0.279204448,0.063369258,-0.0400937997
55,34,0.53125,0.859375,0.262204813,0.0705146064,-0.0550765726,0.272125862,0.0625614303,-0.0473264867,0.282276588,0.0556796488,-0.0417457467
55,35,0.546875,0.859375,0.269503649,0.0633113488,-0.0574049975,0.276178402,0.0550952224,-0.0490270451,0.284364717,0.0480808994,-0.0430234443
55,36,0.5625,0.859375,0.275898506,0.0558055074,-0.0593774088,0.279289811,0.0476042844,-0.0503387653,0.285484046,0.0405850197,-0.0439088423
55,37,0.578125,0.859375,0.281343791,0.0479650609,-0.0609385517,0.281464587,0.0400848595,-0.0512361265,0.285652935,0.0331953698,-0.0443884675
55,38,0.59375,0.859375,0.285791567,0.0397500305,-0.0620327416,0.282709126,0.0325218897,-0.0516970386,0.284891938,0.02590543,-0.044452885
55,39,0.609375,0.859375,0.289190081,0.0311105903,-0.0626035138,0.283030052,0.0248867633,-0.0517020986,0.283222824,0.0186972761,-0.0440960574
55,40,0.625,0.859375,0.291482008,0.0219850455,-0.0625931737,0.282432295,0.0171347663,-0.0512336512,0.280667486,0.0115396386,-0.0433145966
55,41,0.640625,0.859375,0.292602401,0.0122976706,-0.0619422705,0.280916846,0.00920215003,-0.0502746557,0.277246702,0.00438540401,-0.0421068978
55,42,0.65625,0.859375,0.29247635,0.00195638118,-0.0605890455,0.278478145,0.0010027188,-0.0488073691,0.272978637,-0.00283160929,-0.0404721374
55,43,0.671875,0.859375,0.29101636,-0.00914981899,-0.0584689214,0.275101024,-0.00757616811,-0.0468118574,0.267876993,-0.010200805,-0.0384091111
55,44,0.6875,0.859375,0.288119478,-0.0211537295,-0.0555141334,0.270757122,-0.0166782885,-0.0442643709,0.261948656,-0.01784014,-0.0359148889
55,45,0.703125,0.859375,0.283664208,-0.0342133985,-0.0516536324,0.2654007,-0.0264840506,-0.0411356351,0.255190669,-0.0259029286,-0.0329832604
55,46,0.71875,0.859375,0.277507274,-0.0485165071,-0.0468134327,0.258963791,-0.0372168895,-0.0373891623,0.247586303,-0.0345864681,-0.0296029561
55,47,0.734375,0.859375,0.269480307,-0.0642863627,-0.0409176216,0.251350686,-0.0491506753,-0.0329797489,0.239099983,-0.0441428628,-0.0257556574
55,48,0.75,0.859375,0.259386561,-0.0817906159,-0.0338902885,0.242431818,-0.0626182895,-0.0278524288,0.229670781,-0.0548924228,-0.0214138629
55,49,0.765625,0.859375,0.246997847,-0.101354458,-0.0256586784,0.232037235,-0.0780217021,-0.0219422817,0.219204237,-0.0672399477,-0.0165387786
55,50,0.78125,0.859375,0.232052155,-0.12338082,-0.016157905,0.219950006,-0.0958443541,-0.0151756742,0.207562439,-0.0816940833,-0.0110785829
55,51,0.796875,0.859375,0.214253294,-0.14838056,-0.00533760252,0.205900044,-0.116667737,-0.00747370038,0.19455257,-0.0988898863,-0.00496770326
55,52,0.8125,0.859375,0.193276137,-0.177014315,0.00682902647,0.189559026,-0.141196186,0.00124122745,0.179914653,-0.119615129,0.00187184007
55,53,0.828125,0.859375,0.168786469,-0.210140767,0.0203330565,0.170537871,-0.170297071,0.0110345658,0.163309847,-0.144842648,0.00952543146
55,54,0.84375,0.859375,0.140495888,-0.248844574,0.0351132126,0.148391435,-0.205065114,0.0219434716,0.144311546,-0.175775558,0.0180750417
55,55,0.859375,0.859375,0.10829246,-0.294364816,0.0510319668,0.122646663,-0.246906491,0.0339539204,0.122404401,-0.213918576,0.027580016
55,56,0.875,0.859375,0.072513726,-0.347742105,0.0678392539,0.0929035789,-0.297570047,0.0469685723,0.0970098166,-0.261179478,0.0380465864
55,57,0.890625,0.859375,0.034433823,-0.408858025,0.085117145,0.0591306659,-0.358838332,0.0607594133,0.0676082079,-0.319896847,0.0493819725
55,58,0.90625,0.859375,-0.00305513795,-0.474474705,0.102204222,0.0223707426,-0.431125562,0.0748943377,0.0341722952,-0.392241273,0.0613239717
55,59,0.921875,0.859375,-0.0348981467,-0.535235042,0.118122851,-0.0139839963,-0.509693701,0.0886330556,-0.00164839594,-0.477308526,0.0733299274
55,60,0.9375,0.859375,-0.0543471849,-0.572808398,0.131580379,-0.0428836308,-0.577813924,0.100839597,-0.0343213644,-0.563056241,0.0844341547
55,61,0.953125,0.859375,-0.0556331183,-0.560260723,0.141140801,-0.054556484,-0.60046738,0.110068189,-0.0529362741,-0.613453931,0.0932222147
55,62,0.96875,0.859375,-0.0389054953,-0.469136776,0.145561866,-0.0430864932,-0.529644435,0.114971384,-0.0463889071,-0.565569738,0.0982254772
55,63,0.984375,0.859375,-0.0143140376,-0.282017329,0.14492849,-0.0169279033,-0.329553198,0.11550255,-0.0192176187,-0.362395539,0.0992565832
55,64,1,0.859375,0,0,0.140585291,0,0,0.112877992,0,0,0.0974741338
56,0,0,0.875,0,0,-0.0484517829,0,0,-0.0274071349,0,0,-0.0172898472
56,1,0.015625,0.875,-0.00655760398,0.0725805506,-0.0513174113,-0.0047979808,0.0562656763,-0.0287581346,-0.00363063497,0.0453357008,-0.0180675278
56,2,0.03125,0.875,-0.0201390257,0.127271908,-0.0528146679,-0.0146076758,0.100183102,-0.0293630741,-0.0109276702,0.0821798838,-0.0183640484
56,3,0.046875,0.875,-0.0351489559,0.164502178,-0.0525149349,-0.0251560822,0.131717797,-0.0288896699,-0.0184742684,0.110144205,-0.0178886627
56,4,0.0625,0.875,-0.0479611347,0.187445072,-0.0504365328,-0.0337073732,0.153001544,-0.0272626494,-0.0240902197,0.130593506,-0.0165255522
56,5,0.078125,0.875,-0.0568038014,0.199835807,-0.0470057862,-0.0389468311,0.166577643,-0.0246757234,-0.0267355952,0.145223972,-0.0143678773
56,6,0.09375,0.875,-0.061160511,0.204932744,-0.042684194,-0.0405001401,0.174636625,-0.0214038147,-0.0261199055,0.155484946,-0.0116064306
56,7,0.109375,0.875,-0.0612152963,0.20522667,-0.0379024684,-0.0385114602,0.178839029,-0.0177462276,-0.0223681824,0.162468859,-0.00847999365
56,8,0.125,0.875,-0.0574756112,0.202490545,-0.0330228496,-0.0333670051,0.180373372,-0.0139832074,-0.0158056311,0.166967523,-0.00523142724
56,9,0.140625,0.875,-0.0505527388,0.197933324,-0.0283252079,-0.0255368928,0.180069421,-0.0103509038,-0.00683380317,0.169554883,-0.00207837981
56,10,0.15625,0.875,-0.0410479421,0.192355516,-0.0240095201,-0.0154925418,0.178500764,-0.00703217836,0.00413625822,0.170653083,0.000801406624
56,11,0.171875,0.875,-0.0295011841,0.186274311,-0.0202071871,-0.00366778321,0.176061918,-0.00415790269,0.0167177119,0.170577142,0.00327401431
56,12,0.1875,0.875,-0.0163739954,0.180015074,-0.0169954273,0.00955596404,0.173022495,-0.00181369857,0.0305625912,0.169563807,0.0052468052
56,13,0.203125,0.875,-0.00204960688,0.173775135,-0.0144112186,0.0238518134,0.169564446,-4.85297396e-05,0.045365682,0.167790566,0.00666281208
56,14,0.21875,0.875,0.0131591031,0.167667166,-0.0124630972,0.0389432542,0.165807755,0.00111695136,0.0608625359,0.165389034,0.00749429118
56,15,0.234375,0.875,0.028998902,0.161748279,-0.0111403238,0.0545973373,0.161828435,0.001683287,0.0768246721,0.16245517,0.00773666789
56,16,0.25,0.875,0.0452652892,0.156039416,-0.0104195616,0.0706172096,0.157671416,0.0016666219,0.0930538591,0.15905766,0.00740341992
56,17,0.265625,0.875,0.0617925552,0.150538252,-0.0102694884,0.086835069,0.153360001,0.00109455277,0.109376602,0.155245036,0.0065220128
56,18,0.28125,0.875,0.0784452582,0.145227785,-0.0106538176,0.103106056,0.148902953,3.17174128e-06,0.125639432,0.151051785,0.00513077469
56,19,0.296875,0.875,0.095111191,0.140082097,-0.0115331628,0.119303273,0.144299888,-0.00156498664,0.141705231,0.146503497,0.00327650666
56,20,0.3125,0.875,0.111695731,0.135070231,-0.0128661042,0.135313936,0.139545414,-0.00356237168,0.157450605,0.141621044,0.00101260576
56,21,0.328125,0.875,0.128117401,0.13015884,-0.0146097311,0.151036547,0.134632282,-0.00593744282,0.172764168,0.136423817,-0.00160248665
56,22,0.34375,0.875,0.144304444,0.125313995,-0.016719862,0.166378946,0.129553732,-0.0086354731,0.187545546,0.130932049,-0.00450665415
56,23,0.359375,0.875,0.16019224,0.120502432,-0.0191510872,0.181257065,0.124305173,-0.0115992508,0.20170489,0.125168295,-0.00763537827
56,24,0.375,0.875,0.175721385,0.115692397,-0.0218567337,0.195594214,0.118885284,-0.01476976,0.215162686,0.119158178,-0.0109229622
56,25,0.390625,0.875,0.190836311,0.110854189,-0.0247888142,0.209320751,0.113296619,-0.0180868777,0.227849715,0.112930528,-0.0143037098
56,26,0.40625,0.875,0.20548431,0.105960472,-0.0278980034,0.22237399,0.107545779,-0.0214901062,0.239707014,0.106517033,-0.0177130514
56,27,0.421875,0.875,0.219614874,0.100986382,-0.0311336589,0.23469824,0.101643232,-0.0249193267,0.250685754,0.0999515569,-0.0210885826
56,28,0.4375,0.875,0.233179251,0.0959094601,-0.034443894,0.246244882,0.0956028222,-0.028315559,0.260746993,0.0932692225,-0.0243709925
56,29,0.453125,0.875,0.246130159,0.0907094163,-0.0377756978,0.256972411,0.0894410356,-0.0316216945,0.269861265,0.0865053719,-0.027504849
56,30,0.46875,0.875,0.258421566,0.0853677314,-0.0410750896,0.266846384,0.0831760652,-0.0347831741,0.278008017,0.0796944889,-0.0304392251
56,31,0.484375,0.875,0.270008515,0.0798671037,-0.0442872899,0.27583925,0.0768267262,-0.0377485759,0.285174914,0.0728691359,-0.0331281518
56,32,0.5,0.875,0.280846909,0.0741907418,-0.0473568863,0.283930021,0.0704112495,-0.0404700866,0.29135702,0.0660589392,-0.0355308959
56,33,0.515625,0.875,0.290893224,0.0683215093,-0.0502279719,0.291103788,0.0639459813,-0.0429038307,0.296555913,0.0592896342,-0.0376120694
56,34,0.53125,0.875,0.300104123,0.0622409269,-0.0528442314,0.29735105,0.0574440028,-0.0450100379,0.300778729,0.0525821568,-0.0393415761
56,35,0.546875,0.875,0.308435899,0.0559280385,-0.0551489539,0.302666874,0.0509136709,-0.0467530329,0.304037173,0.0459517514,-0.0406944127
56,36,0.5625,0.875,0.315843753,0.0493581481,-0.0570849522,0.307049857,0.0443570702,-0.0481010372,0.306346507,0.0394070484,-0.0416503322
56,37,0.578125,0.875,0.322280846,0.0425014358,-0.0585943767,0.310500906,0.0377683539,-0.0490257752,0.3077245,0.0329490487,-0.0421933836
56,38,0.59375,0.875,0.327697117,0.0353214575,-0.059618413,0.31302179,0.0311319369,-0.0495018798,0.308190337,0.0265699409,-0.0423113325
56,39,0.609375,0.875,0.332037839,0.027773531,-0.0600968661,0.314613472,0.0244204932,-0.0495060927,0.30776345,0.0202516607,-0.0419949609
56,40,0.625,0.875,0.335241881,0.0198030044,-0.0599676422,0.315274157,0.0175926982,-0.0490162607,0.30646223,0.0139640903,-0.0412372452
56,41,0.640625,0.875,0.337239692,0.0113433925,-0.0591661532,0.314997027,0.0105906413,-0.0480101259,0.304302559,0.00766277204,-0.0400323932
56,42,0.65625,0.875,0.337950959,0.00231434545,-0.0576246864,0.31376759,0.00333682685,-0.046463916,0.301296071,0.00128599216,-0.0383747265
56,43,0.671875,0.875,0.337281975,-0.00738061697,-0.0552718052,0.31156057,-0.00426933087,-0.0443507482,0.297448046,-0.00524894328,-0.0362573778
56,44,0.6875,0.875,0.335122694,-0.0178567325,-0.0520318698,0.308336248,-0.0123556239,-0.0416388747,0.292754791,-0.0120504541,-0.0336707777
56,45,0.703125,0.875,0.331343504,-0.0292512084,-0.0478248041,0.304036166,-0.021081891,-0.0382898269,0.287200344,-0.0192587111,-0.0306009025
56,46,0.71875,0.875,0.325791727,-0.0417274099,-0.0425662692,0.298578112,-0.0306457155,-0.0342565548,0.280752265,-0.0270532449,-0.027027263
56,47,0.734375,0.875,0.318287845,-0.0554806969,-0.0361684521,0.291850349,-0.041289145,-0.0294817331,0.273356286,-0.0356624882,-0.0229206495
56,48,0.75,0.875,0.308621454,-0.0707470329,-0.0285417223,0.2837051,-0.053306686,-0.0238964985,0.264929509,-0.0453756308,-0.0182406957
56,49,0.765625,0.875,0.296546888,-0.0878162108,-0.0195974606,0.27395142,-0.0670550295,-0.0174200299,0.255351904,-0.056557179,-0.0129334418
56,50,0.78125,0.875,0.281778538,-0.107052579,-0.00925240804,0.262347703,-0.0829654376,-0.00996056522,0.244455968,-0.0696646225,-0.00692926115
56,51,0.796875,0.875,0.263986206,-0.128927429,0.00256506422,0.248594182,-0.101560785,-0.00141867132,0.232014653,-0.08526972,-0.000141824972
56,52,0.8125,0.875,0.242792137,-0.154067981,0.0159062769,0.232325812,-0.123481459,0.00830618399,0.217728133,-0.104084453,0.0075307591
56,53,0.828125,0.875,0.217775183,-0.183325582,0.0307904452,0.213105992,-0.149528436,0.0193045205,0.201210523,-0.126994508,0.0162008812
56,54,0.84375,0.875,0.188497217,-0.21785279,0.0471884111,0.190422629,-0.180737729,0.0316398534,0.181978127,-0.155108086,0.0259799678
56,55,0.859375,0.875,0.154588125,-0.259138017,0.064999002,0.163694359,-0.218501368,0.0453243399,0.159441486,-0.18983841,0.036957551
56,56,0.875,0.875,0.115963578,-0.308845351,0.0840119623,0.132319394,-0.264715451,0.0602846756,0.132908788,-0.233050095,0.0491674653
56,57,0.890625,0.875,0.0732936691,-0.368115133,0.103847082,0.0958712499,-0.321770201,0.0763122265,0.101640774,-0.287260051,0.0625370313
56,58,0.90625,0.875,0.0288238107,-0.43574939,0.123858956,0.0546927614,-0.391708437,0.0929830638,0.0651272037,-0.35556073,0.076810306
56,59,0.921875,0.875,-0.0126036686,-0.504760516,0.143017331,0.0112679833,-0.472970465,0.109528731,0.0240845777,-0.439751713,0.0914228322
56,60,0.9375,0.875,-0.043185922,-0.557841387,0.15983663,-0.0276749658,-0.552746487,0.124681487,-0.0170430333,-0.532899854,0.105308063
56,61,0.953125,0.875,-0.0542623228,-0.564995185,0.172505746,-0.0504234243,-0.59651588,0.13667595,-0.0467800134,-0.603119918,0.116763503
56,62,0.96875,0.875,-0.042376369,-0.489159139,0.179291979,-0.0461734969,-0.547169772,0.143705666,-0.0491815778,-0.580619087,0.123840542
56,63,0.984375,0.875,-0.0167940454,-0.30225228,0.180091652,-0.0198458055,-0.351825929,0.145588164,-0.0226861033,-0.386290961,0.126214361
56,64,1,0.875,0,0,0.176318098,0,0,0.143682705,0,0,0.125275017
57,0,0,0.890625,0,0,-0.0560006887,0,0,-0.0311199127,0,0,-0.019520584
57,1,0.015625,0.890625,-0.00931410498,0.08415451,-0.0594947049,-0.00721114178,0.0649036063,-0.0329354072,-0.00574541577,0.0519753449,-0.0206801868
57,2,0.03125,0.890625,-0.0271740685,0.143325888,-0.0610382808,-0.0209479969,0.112002046,-0.0337020175,-0.016584561,0.0910896615,-0.0211823357
57,3,0.046875,0.890625,-0.0454202341,0.17967489,-0.0601451526,-0.0348209407,0.142593844,-0.0329926319,-0.0273022072,0.117998953,-0.0206213286
57,4,0.0625,0.890625,-0.0595606919,0.198791144,-0.0569447828,-0.0453566618,0.160694382,-0.0307577234,-0.0350756463,0.135591661,-0.018867563
57,5,0.078125,0.890625,-0.0679203297,0.20625627,-0.052131927,-0.0512549485,0.170255213,-0.0273370855,-0.0388397788,0.146695297,-0.0161065868
57,6,0.09375,0.890625,-0.0704252243,0.206418493,-0.0463774805,-0.0524203695,0.174283,-0.023142761,-0.0384939638,0.153413306,-0.0126344175
57,7,0.109375,0.890625,-0.0677326949,0.202294292,-0.0402528189,-0.0493063615,0.174832042,-0.0185799231,-0.0343828924,0.157159719,-0.00878015126
57,8,0.125,0.890625,-0.0607387318,0.195844217,-0.0341981002,-0.0425578389,0.173238875,-0.0139963204,-0.0270195622,0.158856304,-0.00484948823
57,9,0.140625,0.890625,-0.0503371783,0.188288576,-0.0285230327,-0.0328385589,0.170354051,-0.00966159048,-0.0169503458,0.15910603,-0.00109541138
57,10,0.15625,0.890625,-0.0373195186,0.180359656,-0.0234259129,-0.0207566226,0.166712726,-0.00576739719,-0.00469313924,0.158310312,0.00229039025
57,11,0.171875,0.890625,-0.0223456019,0.172478946,-0.0190190467,-0.00683858527,0.16264805,-0.00243823226,0.00928813264,0.156741477,0.00517409048
57,12,0.1875,0.890625,-0.00594698357,0.164874415,-0.015353203,0.00847343158,0.158363769,0.000254387527,0.0245907776,0.154586621,0.00747100561
57,13,0.203125,0.890625,0.0114567637,0.157655698,-0.0124377723,0.0248144484,0.153980295,0.0022783484,0.0408714364,0.151974576,0.00913564924
57,14,0.21875,0.890625,0.0295382944,0.150861396,-0.0102558704,0.0418855335,0.149564099,0.00362968284,0.0578398334,0.148993216,0.0101525966
57,15,0.234375,0.890625,0.0480435689,0.144488461,-0.00877489598,0.0594420582,0.145146685,0.00432399498,0.0752508853,0.145701192,0.0105289491
57,16,0.25,0.890625,0.0667754227,0.138510261,-0.0079534933,0.0772828009,0.140737076,0.00439030697,0.0928967232,0.142136411,0.0102885116
57,17,0.265625,0.890625,0.0855800253,0.132887592,-0.00774588487,0.0952405404,0.136330206,0.00386684396,0.110599486,0.138322474,0.00946747789
57,18,0.28125,0.890625,0.104336071,0.127575329,-0.00810438554,0.113174321,0.131912705,0.00279825418,0.128205296,0.134273738,0.00811130608
57,19,0.296875,0.890625,0.122946332,0.122526403,-0.008980718,0.130963342,0.12746698,0.00123382123,0.145579527,0.129999319,0.00627244818
57,20,0.3125,0.890625,0.141331165,0.117694164,-0.0103265722,0.1485023,0.122974148,-0.000773679923,0.162603306,0.125506218,0.00400865084
57,21,0.328125,0.890625,0.159423586,0.113033761,-0.0120937195,0.165697974,0.118416143,-0.00316874822,0.179171072,0.120801672,0.00138159895
57,22,0.34375,0.890625,0.177165576,0.108502933,-0.0142338856,0.182466829,0.113777222,-0.00589372709,0.195188981,0.1158948,-0.00154425229
57,23,0.359375,0.890625,0.194505365,0.104062437,-0.0166985205,0.198733413,0.109044976,-0.00888930569,0.210573928,0.11079761,-0.00470275874
57,24,0.375,0.890625,0.211395451,0.0996762581,-0.0194385483,0.214429364,0.10421094,-0.0120950224,0.225252981,0.105525474,-0.00802712827
57,25,0.390625,0.890625,0.227791197,0.0953116589,-0.0224041482,0.22949285,0.0992708557,-0.0154498079,0.239163055,0.100097137,-0.0114509362
57,26,0.40625,0.890625,0.243649853,0.0909391157,-0.0255445938,0.243868293,0.0942246424,-0.0188925769,0.252250677,0.0945343642,-0.0149091027
57,27,0.421875,0.890625,0.258929897,0.0865321552,-0.0288081611,0.257506263,0.0890761049,-0.0223628575,0.264471747,0.0888613242,-0.0183388094
57,28,0.4375,0.890625,0.273590601,0.0820670965,-0.0321421032,0.270363448,0.0838324273,-0.0258014369,0.275791231,0.0831037924,-0.0216803246
57,29,0.453125,0.890625,0.287591741,0.077522697,-0.0354926807,0.282402618,0.0785034821,-0.029150993,0.28618274,0.0772882479,-0.0248777113
57,30,0.46875,0.890625,0.300893391,0.0728796987,-0.0388052335,0.293592526,0.073100991,-0.032356679,0.295627991,0.0714409299,-0.0278793935
57,31,0.484375,0.890625,0.313455736,0.068120272,-0.0420242716,0.303907712,0.0676375642,-0.0353666307,0.304116142,0.0655868957,-0.030638569
57,32,0.5,0.890625,0.325238871,0.0632273549,-0.0450935639,0.313328182,0.0621256432,-0.038132365,0.311643032,0.0597491065,-0.03311346
57,33,0.515625,0.890625,0.336202526,0.0581838855,-0.0479562002,0.321838929,0.0565763632,-0.040609045,0.318210318,0.0539475497,-0.0352674015
57,34,0.53125,0.890625,0.346305681,0.0529719319,-0.0505546039,0.329429295,0.0509983447,-0.0427555899,0.323824553,0.0481983896,-0.0370687736
57,35,0.546875,0.890625,0.355506046,0.0475717191,-0.0528304721,0.336092166,0.0453964153,-0.0445346105,0.328496202,0.0425131213,-0.0384907827
57,36,0.5625,0.890625,0.363759364,0.0419605608,-0.0547246258,0.341822971,0.039770252,-0.0459121601,0.332238604,0.0368976923,-0.0395111018
57,37,0.578125,0.890625,0.371018504,0.036111696,-0.0561767547,0.346618497,0.0341129263,-0.0468572875,0.335066878,0.0313515395,-0.0401113753
57,38,0.59375,0.890625,0.377232333,0.0299930372,-0.0571250492,0.35047548,0.0284093231,-0.0473413852,0.336996762,0.0258664802,-0.0402765898
57,39,0.609375,0.890625,0.382344323,0.0235658263,-0.0575057177,0.353388948,0.0226343965,-0.0473373263,0.338043341,0.0204253829,-0.0399943097
57,40,0.625,0.890625,0.386290886,0.0167831923,-0.0572523989,0.355350295,0.0167512117,-0.0468183866,0.338219632,0.0150005292,-0.0392537678
57,41,0.640625,0.890625,0.388999414,0.00958859297,-0.0562954916,0.356345005,0.0107087172,-0.0457569466,0.337534963,0.00955156305,-0.0380447953
57,42,0.65625,0.890625,0.390385994,0.00191409826,-0.0545614361,0.356349987,0.00443917553,-0.04412298,0.335993049,0.0040229041,-0.0363565685
57,43,0.671875,0.890625,0.390352809,-0.0063215536,-0.0519720057,0.355330426,-0.00214482641,-0.0418823333,0.33358968,-0.00165952528,-0.0341761429
57,44,0.6875,0.890625,0.388785187,-0.0152152588,-0.048443686,0.353236055,-0.00915388418,-0.0389948278,0.330309853,-0.00759243772,-0.0314867427
57,45,0.703125,0.890625,0.385548294,-0.0248824317,-0.0438872495,0.34999676,-0.0167259141,-0.0354122286,0.326124203,-0.0139004022,-0.0282657716
57,46,0.71875,0.890625,0.380483447,-0.0354608482,-0.038207669,0.3455174,-0.0250310725,-0.0310761788,0.320984481,-0.0207424111,-0.0244825246
57,47,0.734375,0.890625,0.373403975,-0.0471160898,-0.0313045485,0.339671776,-0.0342776632,-0.0259162518,0.314817842,-0.0283201069,-0.0200956046
57,48,0.75,0.890625,0.364090528,-0.0600496586,-0.0230733015,0.332295701,-0.0447193606,-0.0198483789,0.307519632,-0.0368880402,-0.0150501088
57,49,0.765625,0.890625,0.352285603,-0.0745115415,-0.0134073497,0.323179209,-0.0566643056,-0.0127740412,0.298944381,-0.0467664065,-0.00927475544
57,50,0.78125,0.890625,0.337686953,-0.0908201373,-0.00220167174,0.312058035,-0.0704871164,-0.00458080439,0.288894788,-0.0583568324,-0.00267931753
57,51,0.796875,0.890625,0.319939456,-0.109394159,0.0106419068,0.298604578,-0.0866458464,0.00485499246,0.277108665,-0.0721620517,0.00484696256
57,52,0.8125,0.890625,0.298625417,-0.130803293,0.0252071972,0.282418517,-0.105707996,0.0156623124,0.263244207,-0.0888109987,0.0134348255
57,53,0.828125,0.890625,0.273255248,-0.155845846,0.0415531975,0.263017012,-0.128393888,0.0279649115,0.246864423,-0.109092642,0.0232304889
57,54,0.84375,0.890625,0.24326699,-0.185657516,0.0596994198,0.239824045,-0.15565348,0.0418646951,0.227421998,-0.134006521,0.0343845212
57,55,0.859375,0.890625,0.208060992,-0.221831177,0.0796041458,0.212160189,-0.188803256,0.057417216,0.204245645,-0.164849237,0.0470305732
57,56,0.875,0.890625,0.167136922,-0.266447649,0.101129097,0.179247391,-0.229746938,0.0745969173,0.176529069,-0.203378766,0.0612498348
57,57,0.890625,0.890625,0.120473703,-0.321718258,0.123976972,0.140298937,-0.2812117,0.0932463991,0.143336071,-0.252115263,0.0770165205
57,58,0.90625,0.890625,0.0693673103,-0.388577368,0.147580106,0.0949269755,-0.346522295,0.112993288,0.103722477,-0.314685077,0.0941157902
57,59,0.921875,0.890625,0.0178437199,-0.46322531,0.170925587,0.0443988434,-0.427325974,0.133099459,0.0574184531,-0.395138289,0.112007588
57,60,0.9375,0.890625,-0.0259135986,-0.531149744,0.192367288,-0.00568449849,-0.516122517,0.152220239,0.0072294044,-0.49219165,0.129580591
57,61,0.953125,0.890625,-0.0502669192,-0.561070276,0.209623384,-0.0424923332,-0.581968849,0.168230995,-0.036006224,-0.581315387,0.144844231
57,62,0.96875,0.890625,-0.0464243129,-0.506605054,0.220200366,-0.0493449196,-0.560222053,0.178624333,-0.0515542401,-0.589663649,0.155156828
57,63,0.984375,0.890625,-0.0204737036,-0.324393698,0.223646935,-0.0242018361,-0.375726695,0.182927761,-0.0279043785,-0.411577117,0.159890535
57,64,1,0.890625,0,0,0.221398182,0,0,0.182678815,0,0,0.160761643
58,0,0,0.90625,0,0,-0.0669560355,0,0,-0.0364162986,0,0,-0.0225930484
58,1,0.015625,0.90625,-0.0134372248,0.0997546191,-0.0708689911,-0.0108703107,0.0772136731,-0.038714745,-0.00900110642,0.0619202618,-0.0242386984
58,2,0.03125,0.90625,-0.0364637982,0.163378038,-0.0720710367,-0.0295597392,0.127792901,-0.0395791399,-0.0244426579,0.103736675,-0.0250116463
58,3,0.046875,0.90625,-0.0573899403,0.196888801,-0.0700266867,-0.0467435067,0.156126461,-0.0384319991,-0.0385976483,0.12863529,-0.0243043125
58,4,0.0625,0.90625,-0.0711826442,0.209945167,-0.0650305703,-0.0584205422,0.169435552,-0.0352613736,-0.0481532821,0.142131078,-0.0219679008
58,5,0.078125,0.90625,-0.0768408313,0.210700339,-0.0581904872,-0.0636995534,0.173641351,-0.0306476192,-0.0523176046,0.148642289,-0.0183558108
58,6,0.09375,0.90625,-0.0751739523,0.204745109,-0.0504711562,-0.0630579167,0.172688038,-0.0252109725,-0.0513960921,0.15102806,-0.0139359205
58,7,0.109375,0.90625,-0.0675687778,0.195540178,-0.0426150372,-0.0574283504,0.168976498,-0.019498331,-0.0460749325,0.150994458,-0.00916601189
58,8,0.125,0.90625,-0.055429694,0.185095029,-0.0351332866,-0.0477986994,0.163905569,-0.013931322,-0.0371146012,0.149534976,-0.00442633745
58,9,0.140625,0.90625,-0.0399700799,0.174514111,-0.0283398664,-0.0350602305,0.158268205,-0.00880230495,-0.0252308383,0.14722846,-2.71744021e-07
58,10,0.15625,0.90625,-0.0221638381,0.164363939,-0.0224010961,-0.0199641063,0.15250079,-0.00429452964,-0.0110541032,0.144414604,0.00391868044
58,11,0.171875,0.90625,-0.00276170582,0.154901776,-0.017382893,-0.00312186224,0.146831864,-0.000508951435,0.00487861449,0.141293225,0.0072100487
58,12,0.1875,0.90625,0.0176714176,0.146212708,-0.0132882256,0.0149779468,0.141369462,0.00251119806,0.0221185573,0.137980503,0.00980858183
58,13,0.203125,0.90625,0.0387167741,0.138289857,-0.010083686,0.0339487827,0.136152344,0.00476114726,0.0402946355,0.134541511,0.0116890377
58,14,0.21875,0.90625,0.0600667062,0.131080361,-0.00771689923,0.0534857733,0.131180145,0.00626077233,0.0591012826,0.131009585,0.0128544483
58,15,0.234375,0.90625,0.081496156,0.124511151,-0.0061271791,0.0733478534,0.126431167,0.00704528012,0.078286592,0.12739828,0.0133275815
58,16,0.25,0.90625,0.102840476,0.11850296,-0.00525159897,0.0933429189,0.121872933,0.00715922596,0.0976416628,0.123709059,0.013144969
58,17,0.265625,0.90625,0.123978594,0.112977604,-0.00502812735,0.113315915,0.117468481,0.00665284463,0.116991567,0.119936462,0.0123528331
58,18,0.28125,0.90625,0.144820447,0.107861479,-0.00539697593,0.133139538,0.113180151,0.00557990424,0.13618804,0.116071745,0.0110043425
58,19,0.296875,0.90625,0.165297707,0.103087002,-0.00630091758,0.152707153,0.108971909,0.00399650909,0.155103811,0.112105488,0.00915774162
58,20,0.3125,0.90625,0.185356991,0.0985929778,-0.00768505104,0.171927537,0.104810782,0.00196045254,0.173628384,0.108029499,0.00687501469
58,21,0.328125,0.90625,0.204954932,0.09432443,-0.00949630454,0.190721076,0.100667753,-0.000469146521,0.191665027,0.103838142,0.00422084954
58,22,0.34375,0.90625,0.224054637,0.0902322159,-0.0116828549,0.209017113,0.0965182927,-0.0032320991,0.20912871,0.0995291933,0.00126174018
58,23,0.359375,0.90625,0.242623169,0.0862725566,-0.0141935608,0.226752171,0.0923426374,-0.00626739623,0.225944763,0.0951042949,-0.00193485984
58,24,0.375,0.90625,0.260629782,0.0824065646,-0.0169774658,0.243868828,0.088125847,-0.00951351212,0.242048018,0.0905690507,-0.00530137892
58,25,0.390625,0.90625,0.278044727,0.0785997876,-0.019983394,0.260315057,0.0838576906,-0.0129087811,0.257382268,0.0859328314,-0.00877097006
58,26,0.40625,0.90625,0.29483845,0.0748217724,-0.0231596483,0.276043885,0.0795323664,-0.0163918484,0.27189989,0.0812083406,-0.0122783424
58,27,0.421875,0.90625,0.310981092,0.0710456336,-0.0264538051,0.291013237,0.0751480759,-0.0199021768,0.285561525,0.0764110028,-0.015760555
58,28,0.4375,0.90625,0.326442176,0.0672476154,-0.0298125942,0.30518588,0.0707064665,-0.0233805838,0.298335742,0.0715582294,-0.0191577429
58,29,0.453125,0.90625,0.341190429,0.0634066265,-0.0331818463,0.318529388,0.0662119583,-0.0267697748,0.310198641,0.0666686123,-0.0224137457
58,30,0.46875,0.90625,0.355193661,0.0595037371,-0.0365064874,0.331016061,0.0616709714,-0.0300148413,0.321133361,0.0617610868,-0.0254766153
58,31,0.484375,0.90625,0.368418658,0.0555216232,-0.0397305574,0.342622771,0.0570910696,-0.0330636882,0.331129491,0.0568540945,-0.0282989838
58,32,0.5,0.90625,0.380831048,0.0514439518,-0.0427972278,0.353330691,0.0524800328,-0.0358673622,0.340182396,0.0519647636,-0.030838283
58,33,0.515625,0.90625,0.392395082,0.0472547,-0.0456487951,0.363124882,0.0478448684,-0.0383802519,0.348292442,0.0471081131,-0.0330568071
58,34,0.53125,0.90625,0.403073327,0.0429374066,-0.0482266264,0.371993738,0.043190766,-0.0405601391,0.355464154,0.0422962727,-0.0349216247
58,35,0.546875,0.90625,0.4128262,0.0384743552,-0.0504710343,0.379928249,0.0385199952,-0.0423680782,0.361705295,0.0375377013,-0.0364043353
58,36,0.5625,0.90625,0.421611348,0.0338456899,-0.052321064,0.386921086,0.0338307385,-0.0437680926,0.36702588,0.0328363729,-0.0374806813
58,37,0.578125,0.90625,0.429382821,0.0290284667,-0.0537141766,0.392965484,0.0291158453,-0.044726671,0.3714371,0.0281908904,-0.0381300114
58,38,0.59375,0.90625,0.436090031,0.023995639,-0.0545858201,0.398053891,0.0243614864,-0.0452120553,0.374950157,0.0235934781,-0.0383345973
58,39,0.609375,0.90625,0.441676457,0.0187149775,-0.0548688864,0.402176375,0.0195456782,-0.0451933109,0.377574957,0.0190287904,-0.0380787983
58,40,0.625,0.90625,0.446078086,0.0131479132,-0.0544930583,0.405318715,0.0146366414,-0.0446391706,0.379318627,0.0144724681,-0.0373480571
58,41,0.640625,0.90625,0.449221557,0.00724828484,-0.0533840644,0.407460162,0.00959094852,-0.0435166483,0.380183792,0.00988935481,-0.0361277132
58,42,0.65625,0.90625,0.451021994,0.000960950197,-0.0514628702,0.408570763,0.00435140544,-0.0417894196,0.380166509,0.00523127525,-0.0344016022
58,43,0.671875,0.90625,0.451380495,-0.00577980964,-0.0486448493,0.408608203,-0.00115539895,-0.0394159781,0.379253778,0.000434252865,-0.0321504122
58,44,0.6875,0.90625,0.450181253,-0.0130522176,-0.0448389967,0.407514039,-0.00702195803,-0.0363475833,0.377420449,-0.00458497726,-0.0293497556
58,45,0.703125,0.90625,0.447288253,-0.0209494689,-0.0399472685,0.405209237,-0.013363236,-0.0325260461,0.374625384,-0.00993333854,-0.0259679212
58,46,0.71875,0.90625,0.442541499,-0.0295830912,-0.0338641562,0.401588881,-0.0203207317,-0.0278814286,0.370806616,-0.0157468838,-0.021963276
58,47,0.734375,0.90625,0.435752625,-0.0390877775,-0.0264766366,0.396515941,-0.0280674456,-0.0223297964,0.365875259,-0.0221976394,-0.0172813131
58,48,0.75,0.90625,0.426699698,-0.0496286603,-0.0176646671,0.389813999,-0.0368141182,-0.0157712438,0.359707839,-0.0295021703,-0.0118513991
58,49,0.765625,0.90625,0.415120843,-0.0614126359,-0.00730244039,0.381258846,-0.0468173636,-0.00808853654,0.35213672,-0.0379323349,-0.00558337273
58,50,0.78125,0.90625,0.400706066,-0.0747064318,0.00473934758,0.370568932,-0.0583908069,0.000853116726,0.342938291,-0.0478289059,0.00163566851
58,51,0.796875,0.90625,0.383086297,-0.0898658926,0.0185899009,0.357394636,-0.0719212675,0.01120443,0.33181873,-0.059619139,0.0099437668
58,52,0.8125,0.90625,0.36181835,-0.107383774,0.034372993,0.341306265,-0.0878938926,0.0231275355,0.318397353,-0.0738402115,0.0195046043
58,53,0.828125,0.90625,0.336364745,-0.127967155,0.0521992991,0.321780284,-0.106933964,0.0367872888,0.302187953,-0.0911722995,0.0305043594
58,54,0.84375,0.90625,0.306070316,-0.152658534,0.0721552853,0.298182255,-0.129880907,0.0523367669,0.282578889,-0.112489308,0.0431422945
58,55,0.859375,0.90625,0.270148796,-0.18300795,0.0942861684,0.269743687,-0.157924714,0.069895062,0.258812376,-0.138945481,0.0576113991
58,56,0.875,0.90625,0.227726412,-0.221258062,0.118566806,0.235532888,-0.192854199,0.0895149424,0.229961419,-0.17214052,0.0740644375
58,57,0.890625,0.90625,0.178071486,-0.270345521,0.144845701,0.194449759,-0.237449785,0.111135353,0.194901301,-0.214453458,0.0925599106
58,58,0.90625,0.90625,0.121288574,-0.333119407,0.172730866,0.145406162,-0.295808344,0.134502904,0.15230645,-0.269643112,0.112979581
58,59,0.921875,0.90625,0.0598812782,-0.409479607,0.201369926,0.0882358387,-0.372358992,0.159015722,0.100955644,-0.343258641,0.134891347
58,60,0.9375,0.90625,0.00123049406,-0.489730748,0.229109667,0.0264640564,-0.465855311,0.183404654,0.0415595589,-0.439475177,0.157271224
58,61,0.953125,0.90625,-0.0407844499,-0.54448447,0.253208867,-0.0276258295,-0.552855459,0.205283173,-0.0174085441,-0.544336273,0.177981175
58,62,0.96875,0.90625,-0.0503312132,-0.518952355,0.270067214,-0.0514344775,-0.565460269,0.221190509,-0.0519282713,-0.588720932,0.193525918
58,63,0.984375,0.90625,-0.0260562118,-0.348676593,0.278566824,-0.0308445748,-0.401170849,0.230024957,-0.0358601244,-0.437845201,0.202619393
58,64,1,0.90625,0,0,0.280012721,0,0,0.23343089,0,0,0.207255948
59,0,0,0.921875,0,0,-0.0836297417,0,0,-0.0443582724,0,0,-0.0270356429
59,1,0.015625,0.921875,-0.0197129208,0.120618308,-0.0871600002,-0.0164841194,0.0944633455,-0.0469908429,-0.0140517002,0.0764180028,-0.0292764396
59,2,0.03125,0.921875,-0.0481082319,0.187278604,-0.0871465541,-0.0407367334,0.147875242,-0.0477849263,-0.0349234758,0.120686203,-0.0304353444
59,3,0.046875,0.921875,-0.0693281553,0.214393736,-0.0829313517,-0.0599078418,0.171454647,-0.0458284924,-0.0518432355,0.141709577,-0.0294666303
59,4,0.0625,0.921875,-0.0790153522,0.218242035,-0.0750149621,-0.0703173977,0.177650429,-0.0411540733,-0.0616573742,0.149311617,-0.0261996606
59,5,0.078125,0.921875,-0.0779368929,0.210247579,-0.0651539582,-0.0722285752,0.174892588,-0.0347653193,-0.0643978359,0.149938107,-0.0213197016
59,6,0.09375,0.921875,-0.0684021747,0.19714644,-0.0547239252,-0.0671095268,0.168011797,-0.0276103915,-0.061072826,0.147170634,-0.0155873297
59,7,0.109375,0.921875,-0.0527853489,0.182550034,-0.0446526175,-0.0565640526,0.159572825,-0.0204188321,-0.052845317,0.142878228,-0.00963955732
59,8,0.125,0.921875,-0.0330532558,0.168245519,-0.0354784381,-0.0419911999,0.150870755,-0.0136753269,-0.0407764823,0.13801221,-0.00393253104
59,9,0.140625,0.921875,-0.010693745,0.155022721,-0.0274579484,-0.0245154402,0.142519457,-0.0076628763,-0.0257643488,0.133045532,0.00124084732
59,10,0.15625,0.921875,0.0132212068,0.143151282,-0.0206687621,-0.00500675468,0.134774357,-0.00252208009,-0.00854480156,0.128200859,0.00571077055
59,11,0.171875,0.921875,0.0379424265,0.13264369,-0.0150870548,0.0158751218,0.127705997,0.00169776846,0.010288985,0.123568817,0.00939224334
59,12,0.1875,0.921875,0.0629575973,0.123395935,-0.0106384736,0.0376352074,0.121293124,0.00500188277,0.0302631176,0.1191706,0.0122558749
59,13,0.203125,0.921875,0.0879225368,0.115260409,-0.00722842898,0.0599038126,0.115472468,0.00742598926,0.0510004694,0.114991851,0.0143077332
59,14,0.21875,0.921875,0.112609812,0.108082015,-0.00475856153,0.082404664,0.110165028,0.00902171446,0.072200777,0.11100126,0.0155761877
59,15,0.234375,0.921875,0.136871699,0.101714692,-0.00313474225,0.104930117,0.105289539,0.00984819225,0.0936238343,0.107160812,0.0161036037
59,16,0.25,0.921875,0.160614042,0.0960278238,-0.00227024331,0.12732233,0.100769014,0.00996754762,0.115075758,0.103431436,0.0159412244
59,17,0.265625,0.921875,0.183778057,0.0909076215,-0.00208633329,0.149459218,0.0965335869,0.00944268512,0.136398071,0.0997760974,0.0151460753
59,18,0.28125,0.921875,0.206327754,0.0862562153,-0.00251161668,0.171244121,0.0925214666,0.00833637794,0.157459258,0.0961614944,0.0137791036
59,19,0.296875,0.921875,0.228241306,0.0819898587,-0.0034808502,0.192598315,0.088678981,0.00671103886,0.178148394,0.0925589741,0.0119040334
59,20,0.3125,0.921875,0.249505153,0.0780369391,-0.00493362686,0.213455693,0.0849602248,0.00462879776,0.198370497,0.0889450017,0.00958659791
59,21,0.328125,0.921875,0.270110009,0.0743361148,-0.00681311676,0.23375906,0.0813265667,0.00215166913,0.218043227,0.0853013469,0.00689394048
59,22,0.34375,0.921875,0.290048189,0.0708346961,-0.00906495679,0.253457642,0.0777461268,-0.000658317314,0.237094632,0.0816150637,0.00389405408
59,23,0.359375,0.921875,0.309311858,0.0674872922,-0.0116363179,0.272505485,0.0741932612,-0.00373908448,0.255461661,0.0778783016,0.000655197614
59,24,0.375,0.921875,0.327891914,0.0642546998,-0.0144751531,0.290860494,0.0706480533,-0.00702859803,0.273089231,0.0740879687,-0.00275473518
59,25,0.390625,0.921875,0.34577733,0.0611029905,-0.017529615,0.308483925,0.0670957981,-0.0104650788,0.289929631,0.0702452649,-0.0062688883
59,26,0.40625,0.921875,0.36295479,0.0580027505,-0.0207476214,0.325340177,0.0635264627,-0.0139873187,0.305942151,0.0663551076,-0.00982213497
59,27,0.421875,0.921875,0.379408547,0.0549284296,-0.0240765515,0.341396762,0.0599341099,-0.0175350744,0.321092802,0.0624254721,-0.0133517566
59,28,0.4375,0.921875,0.395120395,0.0518577597,-0.0274630437,0.356624363,0.0563162764,-0.0210495055,0.335354052,0.0584666759,-0.016798076
59,29,0.453125,0.921875,0.410069723,0.0487712124,-0.0308528727,0.370996922,0.0526733015,-0.0244736194,0.34870454,0.0544906297,-0.0201050131
59,30,0.46875,0.921875,0.424233587,0.0456514693,-0.0341908798,0.384491672,0.0490076076,-0.0277526893,0.361128714,0.0505100803,-0.0232205333
59,31,0.484375,0.921875,0.437586762,0.0424828851,-0.03742093,0.397089111,0.0453229347,-0.0308346097,0.372616389,0.0465378601,-0.0260969743
59,32,0.5,0.921875,0.450101741,0.0392509311,-0.0404858714,0.408772845,0.0416235329,-0.0336701588,0.383162221,0.0425861552,-0.0286912296
59,33,0.515625,0.921875,0.461748645,0.0359416063,-0.0433274706,0.41952931,0.0379133162,-0.0362131381,0.392765084,0.0386657917,-0.0309647871
59,34,0.53125,0.921875,0.472495022,0.0325408142,-0.0458863025,0.42934733,0.0341949778,-0.0384203668,0.401427365,0.0347855366,-0.0328836134
59,35,0.546875,0.921875,0.482305496,0.0290336984,-0.0481015704,0.4382175,0.0304690667,-0.0402515085,0.409154164,0.0309513958,-0.0344178862
59,36,0.5625,0.921875,0.491141256,0.0254039397,-0.049910842,0.446131378,0.0267330169,-0.0416687142,0.415952401,0.0271658879,-0.0355415719
59,37,0.578125,0.921875,0.498959348,0.0216330124,-0.0512496819,0.453080462,0.022980121,-0.0426360652,0.421829812,0.0234272624,-0.0362318472
59,38,0.59375,0.921875,0.505711757,0.0176994008,-0.0520511731,0.459054928,0.019198432,-0.0431188033,0.426793813,0.0197286234,-0.03646836
59,39,0.609375,0.921875,0.511344251,0.0135777712,-0.0522453243,0.464042097,0.0153695724,-0.0430823387,0.430850198,0.0160569124,-0.0362323175
59,40,0.625,0.921875,0.515794968,0.00923809265,-0.0517583607,0.468024592,0.0114674246,-0.0424910222,0.434001615,0.0123916942,-0.0355053906
59,41,0.640625,0.921875,0.518992722,0.00464468504,-0.050511914,0.470978129,0.0074566696,-0.0413066761,0.436245771,0.00870368114,-0.0342684038
59,42,0.65625,0.921875,0.520855007,-0.000244840139,-0.048422127,0.472868887,0.00329113479,-0.0394868786,0.437573254,0.00495291801,-0.0324997899
59,43,0.671875,0.921875,0.52128565,-0.00548081208,-0.0453987043,0.473650368,-0.00108810208,-0.0369830024,0.437964887,0.0010865346,-0.0301737631
59,44,0.6875,0.921875,0.520172095,-0.0111230164,-0.0413439501,0.47325966,-0.00575491837,-0.03373802,0.43738845,-0.00296404437,-0.0272581739
59,45,0.703125,0.921875,0.51738222,-0.0172426786,-0.0361518455,0.471612993,-0.0108007563,-0.0296841062,0.435794612,-0.00728656913,-0.0237119978
59,46,0.71875,0.921875,0.51276061,-0.0239252207,-0.0297072341,0.468600447,-0.016337777,-0.024740098,0.433111832,-0.0119922856,-0.0194824214
59,47,0.734375,0.921875,0.506124089,-0.0312742888,-0.0218851947,0.464079682,-0.0225027815,-0.0188089166,0.429239964,-0.0172213298,-0.0145015101
59,48,0.75,0.921875,0.497256232,-0.0394178762,-0.0125506936,0.45786851,-0.0294622656,-0.0117751216,0.424042243,-0.0231495009,-0.00868248759
59,49,0.765625,0.921875,0.485900355,-0.0485179086,-0.00155862527,0.449736119,-0.0374192388,-0.00350286358,0.417335251,-0.0299968582,-0.00191574669
59,50,0.78125,0.921875,0.471750152,-0.0587855917,0.0112456391,0.439392728,-0.0466229058,0.00616536758,0.408876474,-0.0380388432,0.00593513313
59,51,0.796875,0.921875,0.454436582,-0.0705064428,0.0260250528,0.426477341,-0.0573831794,0.0174086316,0.398348989,-0.0476211135,0.0150368421
59,52,0.8125,0.921875,0.433508804,-0.0840817398,0.0429488513,0.410543093,-0.0700936441,0.0304252605,0.385342934,-0.0591802213,0.025588353
59,53,0.828125,0.921875,0.408405938,-0.100097812,0.0621893578,0.391039101,-0.0852698771,0.0454273426,0.369333451,-0.0732741785,0.0378200138
59,54,0.84375,0.921875,0.378416139,-0.119441567,0.0839169816,0.367286472,-0.103616884,0.0626305772,0.349654891,-0.0906309445,0.0519874456
59,55,0.859375,0.921875,0.342623353,-0.143487273,0.108291751,0.338443296,-0.126153889,0.0822377902,0.32547058,-0.112231766,0.0683569658
59,56,0.875,0.921875,0.299861477,-0.174370339,0.135446785,0.303449553,-0.15445301,0.104413999,0.295735137,-0.139467691,0.0871781256
59,57,0.890625,0.921875,0.248760907,-0.21528042,0.165450842,0.260947713,-0.191084974,0.129249374,0.2591391,-0.174460293,0.108637862
59,58,0.90625,0.921875,0.188144227,-0.270387159,0.198216307,0.20924378,-0.240308375,0.156698342,0.214019563,-0.220739419,0.132788808
59,59,0.921875,0.921875,0.118352497,-0.34316723,0.23327793,0.146701174,-0.308383868,0.186449868,0.158322767,-0.284391398,0.159431199
59,60,0.9375,0.921875,0.0443061464,-0.430484016,0.269328592,0.0739040577,-0.400260849,0.217594447,0.0904778926,-0.373827462,0.187857003
59,61,0.953125,0.921875,-0.020057716,-0.509508568,0.303504496,-2.98962269e-05,-0.504070315,0.247886103,0.0145931375,-0.487827556,0.216183282
59,62,0.96875,0.921875,-0.0514253307,-0.521333292,0.330914152,-0.0489020379,-0.557003308,0.272948252,-0.0460568155,-0.571212068,0.240282422
59,63,0.984375,0.921875,-0.0343283318,-0.374724912,0.34922724,-0.0405551789,-0.427161172,0.290482318,-0.0472302133,-0.463505388,0.257683265
59,64,1,0.921875,0,0,0.35902869,0,0,0.301583361,0,0,0.26984726
60,0,0,0.9375,0,0,-0.10991652,0,0,-0.0566497845,0,0,-0.0336199435
60,1,0.015625,0.9375,-0.0290434359,0.147862851,-0.111014848,-0.0249325924,0.117950407,-0.0591502002,-0.021735921,0.0968437376,-0.0366342029
60,2,0.03125,0.9375,-0.0602735777,0.212993272,-0.107984732,-0.0533407939,0.171216623,-0.0595477119,-0.0473324821,0.141528211,-0.0384527586
60,3,0.046875,0.9375,-0.0753071222,0.227795922,-0.0997029716,-0.0699632017,0.185707126,-0.0560393757,-0.063815832,0.155369188,-0.0369444838
60,4,0.0625,0.9375,-0.0735234355,0.218553905,-0.0869407411,-0.073614203,0.181756285,-0.0487956213,-0.0698454544,0.154685678,-0.0320357285
60,5,0.078125,0.9375,-0.0591531662,0.200087162,-0.0725337516,-0.0669047508,0.17043348,-0.039653249,-0.0671427881,0.148057741,-0.0251447893
60,6,0.09375,0.9375,-0.0366038969,0.179593565,-0.0584055818,-0.0527729972,0.157023516,-0.0300805698,-0.057770092,0.139475541,-0.0175340874
60,7,0.109375,0.9375,-0.00927328627,0.160191259,-0.0456018898,-0.0336208381,0.143858171,-0.0210009642,-0.0434874626,0.130698114,-0.0100584891
60,8,0.125,0.9375,0.0205021783,0.143003425,-0.0345489542,-0.0112280495,0.131856957,-0.0128948463,-0.0256755845,0.122454008,-0.00320998386
60,9,0.140625,0.9375,0.0512143597,0.128239649,-0.0253140478,0.0131424415,0.12128376,-0.005957098,-0.00538617208,0.114996779,0.00276628865
60,10,0.15625,0.9375,0.0819346578,0.115727768,-0.0177891869,0.0386156497,0.112110228,-0.000222434911,0.0165898437,0.108361271,0.00777301288
60,11,0.171875,0.9375,0.112117517,0.105165385,-0.011799274,0.0645946866,0.104189902,0.00435437518,0.0396612776,0.102485306,0.0117950127
60,12,0.1875,0.9375,0.141461429,0.0962325981,-0.00715776424,0.0906768034,0.0973407709,0.007852994,0.0633870956,0.0972690186,0.0148603939
60,13,0.203125,0.9375,0.169815902,0.0886376423,-0.00369141001,0.116592321,0.0913828879,0.0103639272,0.0874376558,0.0926038512,0.0170190138
60,14,0.21875,0.9375,0.197121196,0.0821311996,-0.00124868431,0.142161415,0.0861538414,0.0119774599,0.111565075,0.08838622,0.0183311018
60,15,0.234375,0.9375,0.223370121,0.0765069216,0.000299573902,0.167264071,0.0815135016,0.0127792563,0.135580929,0.0845232996,0.0188615191
60,16,0.25,0.9375,0.248584195,0.071596602,0.00106273162,0.191819429,0.0773438318,0.0128492771,0.159339683,0.0809348216,0.0186770453
60,17,0.265625,0.9375,0.272798975,0.0672638917,0.00113390959,0.215771739,0.0735466898,0.0122622084,0.182726549,0.0775529627,0.017845224
60,18,0.28125,0.9375,0.296055155,0.0633982295,0.000593497173,0.239080894,0.0700410545,0.0110884609,0.205648707,0.0743214223,0.0164339658
60,19,0.296875,0.9375,0.31839328,0.0599096035,-0.00048775698,0.261716142,0.066760337,0.00939527248,0.22802908,0.071194248,0.0145114598
60,20,0.3125,0.9375,0.339850693,0.0567242748,-0.00204617651,0.283651995,0.063650037,0.00724769362,0.249802026,0.0681346653,0.0121461553
60,21,0.328125,0.9375,0.360459874,0.0537813934,-0.00402309007,0.304865661,0.0606658032,0.00470936633,0.270910445,0.0651140075,0.0094066894
60,22,0.34375,0.9375,0.380247641,0.0510303668,-0.00636320151,0.325335534,0.0577718678,0.00184306594,0.291303932,0.0621107595,0.00636170125
60,23,0.359375,0.9375,0.399234877,0.0484288319,-0.00901332622,0.345040411,0.054939786,-0.00128898632,0.310937664,0.0591096955,0.00307951908
60,24,0.375,0.9375,0.417436576,0.0459410929,-0.0119214258,0.363959202,0.0521474068,-0.00462501661,0.329771787,0.0561010809,-0.00037226853
60,25,0.390625,0.9375,0.434862088,0.0435369114,-0.0150358857,0.382070967,0.0493780068,-0.00810376568,0.347771141,0.0530799109,-0.00392732893
60,26,0.40625,0.9375,0.451515472,0.0411905547,-0.0183049862,0.399355151,0.0466195297,-0.0116646921,0.364905159,0.0500451701,-0.00752115328
60,27,0.421875,0.9375,0.467395892,0.0388800289,-0.0216765284,0.415791921,0.0438638899,-0.0152482726,0.381147858,0.0469991024,-0.0110916368
60,28,0.4375,0.9375,0.482498038,0.0365864395,-0.0250975775,0.431362541,0.0411063064,-0.0187963589,0.396477845,0.0439464908,-0.014579632
60,29,0.453125,0.9375,0.496812512,0.0342934344,-0.0285142921,0.446049711,0.0383446493,-0.0222525508,0.410878272,0.0408939502,-0.0179294402
60,30,0.46875,0.9375,0.510326177,0.0319866981,-0.0318718091,0.459837847,0.0355787824,-0.0255625473,0.424336731,0.0378492378,-0.0210892115
60,31,0.484375,0.9375,0.523022431,0.0296534694,-0.0351141591,0.472713254,0.0328098974,-0.0286744426,0.436845049,0.0348205875,-0.0240112315
60,32,0.5,0.9375,0.534881395,0.0272820687,-0.038184182,0.484664162,0.0300398338,-0.0315389323,0.44839898,0.0318160688,-0.0266520758
60,33,0.515625,0.9375,0.545879984,0.0248614189,-0.0410234216,0.495680618,0.0272703832,-0.0341094018,0.458997789,0.028842969,-0.028972622
60,34,0.53125,0.9375,0.555991848,0.0223805558,-0.0435719739,0.505754198,0.024502576,-0.0363418736,0.468643721,0.0259071925,-0.0309379129
60,35,0.546875,0.9375,0.565187165,0.0198281212,-0.0457682694,0.51487753,0.0217359472,-0.0381947876,0.477341352,0.023012665,-0.0325168606
60,36,0.5625,0.9375,0.573432266,0.0171918378,-0.0475487716,0.523043607,0.0189677764,-0.0396286018,0.485096813,0.0201607247,-0.0336817966
60,37,0.578125,0.9375,0.58068907,0.0144579654,-0.0488475742,0.530244877,0.0161922953,-0.0406051891,0.491916863,0.0173494783,-0.0344078507
60,38,0.59375,0.9375,0.58691432,0.0116107362,-0.0495958896,0.536472072,0.0133998512,-0.0410870228,0.497807804,0.0145730928,-0.03467216
60,39,0.609375,0.9375,0.592058594,0.00863176726,-0.0497214204,0.541712762,0.0105760142,-0.0410361332,0.502774186,0.0118209887,-0.0344528888
60,40,0.625,0.9375,0.596065084,0.00549944223,-0.0491476112,0.545949591,0.00770060931,-0.0404128233,0.506817266,0.00907689458,-0.033728043
60,41,0.640625,0.9375,0.598868111,0.00218824584,-0.047792787,0.549158149,0.00474665315,-0.0391741359,0.50993315,0.00631771545,-0.0324740523
60,42,0.65625,0.9375,0.600391354,-0.00133197799,-0.0455691852,0.551304425,0.00167916651,-0.0372720594,0.512110545,0.0035121593,-0.0306640851
60,43,0.671875,0.9375,0.600545767,-0.00509689811,-0.0423818979,0.552341778,-0.0015461722,-0.0346514728,0.513328006,0.000619057071,-0.0282660589
60,44,0.6875,0.9375,0.599227111,-0.00914878769,-0.03812774,0.552207328,-0.00498458284,-0.0312478305,0.51355055,-0.00241470265,-0.025240293
60,45,0.703125,0.9375,0.596313046,-0.0135379841,-0.0326940648,0.550817683,-0.00870402214,-0.0269846041,0.512725468,-0.00565672025,-0.0215367575
60,46,0.71875,0.9375,0.591659617,-0.0183249598,-0.0259575459,0.548063845,-0.0127874207,-0.0217705173,0.510777122,-0.00919223578,-0.0170918703
60,47,0.734375,0.9375,0.585096958,-0.023583399,-0.0177829343,0.543805164,-0.0173355087,-0.0154966371,0.507600468,-0.0131280501,-0.0118248077
60,48,0.75,0.9375,0.576423816,-0.0294049265,-0.00802178816,0.537862102,-0.0224705555,-0.00803342847,0.503052966,-0.0175974574,-0.0056333356
60,49,0.765625,0.9375,0.565400338,-0.0359065564,0.00348885852,0.530007537,-0.0283415816,0.00077206812,0.496944484,-0.0227665664,0.0016107732
60,50,0.78125,0.9375,0.55173811,-0.0432426589,0.0169279574,0.519956184,-0.0351320289,0.011098699,0.489024691,-0.0288426437,0.0100665509
60,51,0.796875,0.9375,0.535085802,-0.0516245445,0.0324921676,0.507351513,-0.0430716327,0.0231529717,0.478967313,-0.0360855984,0.0199285123
60,52,0.8125,0.9375,0.515007643,-0.0613531295,0.0503980241,0.491749119,-0.0524556526,0.0371696893,0.466350452,-0.0448246737,0.0314305579
60,53,0.828125,0.9375,0.490950157,-0.0728744906,0.0708847934,0.472594733,-0.0636773424,0.0534108513,0.450631904,-0.0554842565,0.0448480622
60,54,0.84375,0.9375,0.462189999,-0.0868759489,0.0942182183,0.449193446,-0.0772851017,0.0721620637,0.431117865,-0.0686264363,0.0604965768
60,55,0.859375,0.9375,0.427753367,-0.104453288,0.120694969,0.420663186,-0.0940877957,0.0937255507,0.406922281,-0.0850257277,0.0787248914
60,56,0.875,0.9375,0.386300817,-0.127395616,0.150646073,0.385858307,-0.115358616,0.118408817,0.376911087,-0.10580904,0.0998994751
60,57,0.890625,0.9375,0.336002135,-0.158628271,0.184432158,0.343237718,-0.143244013,0.146507871,0.339617203,-0.132737884,0.124376751
60,58,0.90625,0.9375,0.274551544,-0.202710998,0.2224059,0.290657042,-0.181561805,0.178281109,0.29308936,-0.16882678,0.152459497
60,59,0.921875,0.9375,0.199848564,-0.265641527,0.264767683,0.225224824,-0.237019269,0.213888767,0.234618157,-0.219716971,0.184329441
60,60,0.9375,0.9375,0.112644061,-0.351320534,0.311129718,0.144214577,-0.31912424,0.253174809,0.160597965,-0.295745547,0.219900671
60,61,0.953125,0.9375,0.0229345663,-0.448752993,0.359469123,0.0505243827,-0.430049364,0.29488907,0.0693081999,-0.407801565,0.258273437
60,62,0.96875,0.9375,-0.0418303015,-0.504681739,0.404350739,-0.0325005412,-0.524934987,0.33480369,-0.0238002953,-0.526897581,0.295932209
60,63,0.984375,0.9375,-0.0448453062,-0.400101924,0.441751204,-0.052083138,-0.450072887,0.369094977,-0.0597484596,-0.483902016,0.329208438
60,64,1,0.9375,0,0,0.469057168,0,0,0.395371436,0,0,0.355572283
61,0,0,0.953125,0,0,-0.151358615,0,0,-0.0754017251,0,0,-0.0429788343
61,1,0.015625,0.953125,-0.0403391172,0.180891886,-0.146536085,-0.035693628,0.147804139,-0.0773789773,-0.0318498994,0.123750485,-0.0476772172
61,2,0.03125,0.953125,-0.0633138268,0.23354229,-0.13694321,-0.0600153398,0.192905852,-0.0768465865,-0.0558824398,0.162766114,-0.0508759448
61,3,0.046875,0.953125,-0.0576128094,0.227643594,-0.120887379,-0.062474391,0.191728056,-0.0700588126,-0.0626495402,0.164222549,-0.0479300678
61,4,0.0625,0.953125,-0.0320303682,0.202088079,-0.099916677,-0.0485986622,0.174591978,-0.0581002291,-0.0558432915,0.152638573,-0.0397756861
61,5,0.078125,0.953125,0.00422991555,0.17332804,-0.078751981,-0.0246816774,0.154051382,-0.0445811688,-0.0399305715,0.137862745,-0.0295388893
61,6,0.09375,0.953125,0.0449406286,0.14726656,-0.0598467453,0.00473983205,0.134727884,-0.03167683,-0.0182590013,0.123515308,-0.0192383823
61,7,0.109375,0.953125,0.0864725531,0.125443959,-0.0440083464,0.0367581149,0.118027877,-0.0203401859,0.00688083926,0.110783721,-0.00985693292
61,8,0.125,0.953125,0.126915534,0.107757873,-0.0311994786,0.0696124423,0.104107476,-0.0108305565,0.0339662912,0.0999109196,-0.00176360822
61,9,0.140625,0.953125,0.165381292,0.093590241,-0.0210569005,0.102284841,0.0926757583,-0.00309022169,0.0620011892,0.0907801041,0.00497216093
61,10,0.15625,0.953125,0.20154966,0.082248125,-0.0131500161,0.134218482,0.0833221123,0.00305315214,0.0903424904,0.0831534093,0.0104075089
61,11,0.171875,0.953125,0.235397044,0.0731169188,-0.00708592684,0.165133894,0.0756448433,0.00779360602,0.11858042,0.076771565,0.014643297
61,12,0.1875,0.953125,0.267041978,0.0656975501,-0.00253987023,0.194913091,0.0692954896,0.0113105766,0.146457076,0.0713942217,0.0177885145
61,13,0.203125,0.953125,0.296660835,0.0596006424,0.000745445217,0.223528258,0.0639878566,0.0137586267,0.173811892,0.0668138715,0.0199470157
61,14,0.21875,0.953125,0.324443799,0.0545277955,0.00297088447,0.250998765,0.0594932778,0.0152678745,0.200545536,0.0628579863,0.0212140288
61,15,0.234375,0.953125,0.350573246,0.0502516927,0.00429355132,0.277365801,0.0556315255,0.0159480567,0.226596266,0.0593862038,0.0216765442
61,16,0.25,0.953125,0.375214208,0.0465989699,0.00483792895,0.302677787,0.052261346,0.015893225,0.25192464,0.0562858155,0.0214149676
61,17,0.265625,0.953125,0.39851114,0.0434366613,0.00470474151,0.326982293,0.0492721215,0.015185955,0.276503762,0.0534670735,0.0205049419
61,18,0.28125,0.953125,0.420587813,0.0406619098,0.00397768326,0.350321834,0.046577063,0.0139007506,0.300313211,0.0508589635,0.0190189201
61,19,0.296875,0.953125,0.441548635,0.0381943212,0.00272841718,0.37273196,0.04410788,0.0121066461,0.323335399,0.0484056556,0.0170273621
61,20,0.3125,0.953125,0.461480513,0.0359703456,0.00102025445,0.394240679,0.0418107064,0.00986911467,0.345553537,0.0460636374,0.0145995463
61,21,0.328125,0.953125,0.480454831,0.033939166,-0.00108914221,0.414868663,0.0396430281,0.00725140704,0.366950673,0.0437994404,0.0118040308
61,22,0.34375,0.953125,0.498529322,0.0320596926,-0.00354577354,0.434629881,0.0375713771,0.00431543411,0.38750941,0.0415878447,0.0087088164
61,23,0.359375,0.953125,0.515749781,0.0302983576,-0.0062978455,0.453532469,0.0355695933,0.00112228881,0.407212074,0.0394104465,0.00538126548
61,24,0.375,0.953125,0.532151575,0.0286274886,-0.00929470101,0.471579712,0.0336174971,-0.00226751345,0.42604113,0.037254491,0.00188783566
61,25,0.390625,0.953125,0.547760976,0.0270240947,-0.0124860437,0.488771052,0.031699849,-0.00579401112,0.443979735,0.0351118932,-0.00170631951
61,26,0.40625,0.953125,0.562596325,0.0254689466,-0.0158213804,0.505103074,0.0298055081,-0.00939793145,0.461012324,0.0329783904,-0.00533782857
61,27,0.421875,0.953125,0.576669039,0.0239458631,-0.019249629,0.520570432,0.0279267195,-0.0130209343,0.477125168,0.0308527862,-0.00894561198
61,28,0.4375,0.953125,0.589984488,0.0224411399,-0.0227188469,0.535166681,0.0260584868,-0.0166059184,0.492306858,0.0287362625,-0.0124713792
61,29,0.453125,0.953125,0.602542735,0.0209430739,-0.0261760453,0.548884986,0.0241979952,-0.0200973475,0.506548676,0.0266317433,-0.0158600759
61,30,0.46875,0.953125,0.614339155,0.0194415502,-0.0295670573,0.561718705,0.0223440647,-0.0234415586,0.519844839,0.0245433027,-0.0190602498
61,31,0.484375,0.953125,0.625364925,0.0179276665,-0.0328364334,0.573661801,0.0204966201,-0.0265870162,0.532192601,0.022475611,-0.0220243108
61,32,0.5,0.953125,0.635607387,0.0163933782,-0.0359273367,0.584709093,0.0186561684,-0.0294844806,0.54359221,0.0204334155,-0.0247086659
61,33,0.515625,0.953125,0.645050271,0.0148311543,-0.038781415,0.594856322,0.0168232797,-0.0320870616,0.554046705,0.0184210511,-0.0270737143
61,34,0.53125,0.953125,0.653673771,0.0132336335,-0.0413386284,0.604100007,0.0149980661,-0.0343501335,0.563561573,0.0164419733,-0.029083695
61,35,0.546875,0.953125,0.661454476,0.01159328,-0.0435370107,0.61243711,0.0131796578,-0.0362310861,0.572144237,0.0144983039,-0.030706375
61,36,0.5625,0.953125,0.668365123,0.00990203429,-0.045312349,0.619864463,0.0113656698,-0.0376888967,0.579803388,0.0125903775,-0.0319125744
61,37,0.578125,0.953125,0.674374183,0.00815095859,-0.0465977655,0.62637796,0.00955165658,-0.0386835004,0.586548138,0.0107162716,-0.0326755174
61,38,0.59375,0.953125,0.679445262,0.00632987704,-0.0473231892,0.631971503,0.00773054723,-0.0391749466,0.592386972,0.00887130042,-0.0329699979
61,39,0.609375,0.953125,0.683536302,0.00442700684,-0.0474147112,0.636635654,0.00589205307,-0.0391223257,0.597326484,0.00704745052,-0.0327713454
61,40,0.625,0.953125,0.686598578,0.0024285759,-0.0467938158,0.640356004,0.00402203756,-0.038482452,0.60136984,0.00523273005,-0.0320541677
61,41,0.640625,0.953125,0.688575468,0.000318415116,-0.0453764875,0.643111183,0.00210183562,-0.0372082898,0.604514915,0.00341040137,-0.0307908428
61,42,0.65625,0.953125,0.689400976,-0.0019224962,-0.0430721916,0.644870502,0.000107505976,-0.0352471131,0.606752049,0.00155806154,-0.0289497246
61,43,0.671875,0.953125,0.688997987,-0.00431656962,-0.0397827289,0.645591157,-0.00199100552,-0.0325383869,0.608061307,-0.000353470171,-0.0264930177
61,44,0.6875,0.953125,0.68727618,-0.00689029546,-0.0354009618,0.645214931,-0.00423082373,-0.0290113689,0.608409146,-0.00236150571,-0.0233742711
61,45,0.703125,0.953125,0.684129531,-0.00967518434,-0.0298093964,0.643664301,-0.00665727287,-0.0245824281,0.607744326,-0.00451314131,-0.0195354349
61,46,0.71875,0.953125,0.679433254,-0.0127091326,-0.0228785932,0.640837848,-0.00932525786,-0.0191520944,0.605992892,-0.00686728619,-0.0149034241
61,47,0.734375,0.953125,0.673039953,-0.0160384871,-0.0144653469,0.636604804,-0.0123010383,-0.0126018554,0.60305199,-0.00949717343,-0.00938614018
61,48,0.75,0.953125,0.664774597,-0.0197212561,-0.00441052476,0.630798504,-0.0156646384,-0.00479073719,0.598782207,-0.0124935165,-0.00286792266
61,49,0.765625,0.953125,0.654427693,-0.0238322027,0.00746361604,0.623208431,-0.0195133212,0.00444829141,0.592998069,-0.0159685836,0.00479556336
61,50,0.78125,0.953125,0.64174561,-0.0284710558,0.0213569347,0.613570298,-0.0239668826,0.0153120404,0.585456146,-0.0200616723,0.0137829295
61,51,0.796875,0.953125,0.626416307,-0.0337759765,0.0374962002,0.601553329,-0.0291761138,0.0280309119,0.57584005,-0.0249468742,0.0243129929
61,52,0.8125,0.953125,0.608047483,-0.0399460949,0.056141882,0.586743276,-0.0353368641,0.0428728063,0.563741222,-0.0308448126,0.0366507333
61,53,0.828125,0.953125,0.586132067,-0.0472801676,0.0775979877,0.568618659,-0.0427142047,0.0601472101,0.548633782,-0.0380415911,0.0511128192
61,54,0.84375,0.953125,0.559992181,-0.0562447778,0.102226457,0.546515664,-0.0516853364,0.0802097251,0.529840534,-0.046921321,0.0680720847
61,55,0.859375,0.953125,0.528686582,-0.0675980922,0.130468162,0.51957306,-0.0628187503,0.103467628,0.50648496,-0.0580249884,0.087960243
61,56,0.875,0.953125,0.490857979,-0.082619107,0.162872967,0.486639789,-0.0770275418,0.130387777,0.477419342,-0.0721626131,0.111268355
61,57,0.890625,0.953125,0.444492498,-0.103531146,0.200140363,0.446109477,-0.0958837089,0.161509894,0.441109031,-0.0906385666,0.138545678
61,58,0.90625,0.953125,0.386601628,-0.134233589,0.243165338,0.395611937,-0.122295481,0.197471961,0.395425667,-0.115740373,0.170401397
61,59,0.921875,0.953125,0.313063839,-0.181259747,0.293054869,0.33147983,-0.161941403,0.239056882,0.337236574,-0.151900003,0.207523314
61,60,0.9375,0.953125,0.21970625,-0.253570018,0.350977357,0.248254066,-0.225560408,0.287235027,0.261582999,-0.208517505,0.250737528
61,61,0.953125,0.953125,0.10778386,-0.355034206,0.417405011,0.140832529,-0.327355197,0.342913343,0.161279704,-0.303429296,0.301001953
61,62,0.96875,0.953125,-0.00121355367,-0.453553419,0.489543964,0.0191216754,-0.454395787,0.405104465,0.0362239849,-0.442155409,0.358232472
61,63,0.984375,0.953125,-0.0500702593,-0.416555213,0.563550484,-0.054818914,-0.459661713,0.470954587,-0.0596988788,-0.487305684,0.420941337
61,64,1,0.953125,0,0,0.623435999,0,0,0.524133258,0,0,0.471644317
62,0,0,0.96875,0,0,-0.209542688,0,0,-0.0993043515,0,0,-0.0524823556
62,1,0.015625,0.96875,-0.0372050515,0.211176678,-0.201150011,-0.0356705997,0.177965746,-0.105933451,-0.0336710935,0.152726177,-0.0652596927
62,2,0.03125,0.96875,-0.0186321701,0.230266964,-0.177059947,-0.0279088302,0.197997386,-0.1030678,-0.03244925,0.172327851,-0.0712658214
62,3,0.046875,0.96875,0.0332025407,0.196512463,-0.145458698,0.00774398693,0.174290448,-0.0883038754,-0.00775578652,0.15533004,-0.0635699464
62,4,0.0625,0.96875,0.0961982946,0.15671118,-0.110578503,0.0550178433,0.143963572,-0.0672842773,0.0280819822,0.13196671,-0.0485071063
62,5,0.078125,0.96875,0.159009215,0.123116165,-0.0800903438,0.10499986,0.117094986,-0.0470834082,0.0680825298,0.110473451,-0.0327971046
62,6,0.09375,0.96875,0.217005685,0.0973509273,-0.0559526731,0.153494824,0.0955837235,-0.030122197,0.108656361,0.0926641304,-0.0189824832
62,7,0.109375,0.96875,0.268876017,0.0782163537,-0.0376165449,0.19880347,0.078985561,-0.01663595,0.148067447,0.0784728215,-0.0076007631
62,8,0.125,0.96875,0.314754375,0.0640946864,-0.0238994632,0.240458975,0.0663302301,-0.0061598901,0.185567878,0.067333658,0.00150973613
62,9,0.140625,0.96875,0.355306766,0.0536055222,-0.0136869659,0.278561593,0.0566777201,0.00187658024,0.220925193,0.0586205801,0.00867659123
62,10,0.15625,0.96875,0.391318907,0.0457120155,-0.00610910129,0.31344036,0.0492611756,0.00796458168,0.254163409,0.0517820396,0.0142142352
62,11,0.171875,0.96875,0.42352826,0.0396730668,-0.000533685834,0.345487669,0.0434952926,0.0124830917,0.285421909,0.0463707205,0.0183796786
62,12,0.1875,0.96875,0.45256843,0.0349688067,0.00348664288,0.375083416,0.0389464063,0.0157136665,0.31488019,0.0420375464,0.0213729681
62,13,0.203125,0.96875,0.478961835,0.0312358216,0.00626744727,0.402564437,0.035297214,0.0178645105,0.342719434,0.0385153912,0.0233492579
62,14,0.21875,0.96875,0.503130769,0.0282187886,0.00803389201,0.428215973,0.0323162992,0.0190920126,0.369104449,0.0356018463,0.0244314743
62,15,0.234375,0.96875,0.525413582,0.0257365125,0.00895022268,0.45227315,0.0298344802,0.0195171983,0.394176601,0.0331441959,0.0247205804
62,16,0.25,0.96875,0.546080557,0.0236587079,0.0091399157,0.474926459,0.0277273397,0.0192374924,0.41805246,0.031027326,0.0243031318
62,17,0.265625,0.96875,0.565347589,0.0218902867,0.0086992241,0.496328303,0.025902642,0.0183348658,0.440825233,0.0291643912,0.0232565718
62,18,0.28125,0.96875,0.583387307,0.0203607351,0.00770625149,0.516599334,0.0242913872,0.0168813805,0.462567399,0.0274897853,0.0216528215
62,19,0.296875,0.96875,0.600337859,0.0190169037,0.00622705962,0.535834072,0.0228414922,0.0149429203,0.483333719,0.0259539219,0.0195606271
62,20,0.3125,0.96875,0.61630976,0.0178180787,0.00431982026,0.554105696,0.0215133339,0.0125816672,0.503164233,0.0245193913,0.0170470179
62,21,0.328125,0.96875,0.631391218,0.0167325843,0.00203767157,0.571470058,0.0202766016,0.00985770647,0.522087053,0.0231581345,0.0141781235
62,22,0.34375,0.96875,0.645652268,0.0157354166,-0.000569291214,0.587969034,0.0191080617,0.00683001969,0.540120893,0.021849358,0.0110195305
62,23,0.359375,0.96875,0.659148024,0.0148065793,-0.00345261569,0.603633327,0.0179899545,0.00355704135,0.557277319,0.0205779751,0.0076363079
62,24,0.375,0.96875,0.671921236,0.0139298976,-0.00656449954,0.618484818,0.0169088239,9.69020291e-05,0.57356272,0.0193334195,0.00409280063
62,25,0.390625,0.96875,0.684004347,0.0130921612,-0.00985708789,0.63253856,0.0158546451,-0.003492554,0.588980029,0.0181087172,0.000452269639
62,26,0.40625,0.96875,0.695421148,0.0122824916,-0.0132819791,0.645804468,0.0148201494,-0.00715390962,0.603530178,0.0168997374,-0.00322356046
62,27,0.421875,0.96875,0.706188122,0.0114918657,-0.0167898815,0.658288743,0.0138002831,-0.0108304188,0.617213334,0.0157045684,-0.00687498972
62,28,0.4375,0.96875,0.716315555,0.0107127437,-0.0203303781,0.669995067,0.0127917525,-0.014466308,0.630029884,0.0145229831,-0.0104448243
62,29,0.453125,0.96875,0.725808438,0.00993876787,-0.0238517653,0.680925573,0.011792625,-0.0180070926,0.641981208,0.0133559695,-0.0138788116
62,30,0.46875,0.96875,0.734667194,0.00916450807,-0.0273009361,0.691081619,0.010801968,-0.021399873,0.653070238,0.0122053123,-0.0171259982
62,31,0.484375,0.96875,0.742888256,0.00838523692,-0.0306232839,0.700464348,0.00981950894,-0.0245935761,0.6633018,0.0110732165,-0.0201389861
62,32,0.5,0.96875,0.75046449,0.00759672297,-0.0337626004,0.709075047,0.00884531298,-0.0275391099,0.672682762,0.00996196508,-0.0228740657
62,33,0.515625,0.96875,0.757385486,0.00679503468,-0.0366609494,0.716915303,0.00787946962,-0.0301894067,0.681221996,0.00887360589,-0.0252912127
62,34,0.53125,0.96875,0.763637701,0.00597635011,-0.0392584931,0.723986956,0.00692178711,-0.0324993273,0.688930144,0.00780966057,-0.0273539337
62,35,0.546875,0.96875,0.769204465,0.0051367698,-0.0414932536,0.730291832,0.00597149126,-0.0344254051,0.695819216,0.00677084963,-0.0290289532
62,36,0.5625,0.96875,0.774065838,0.00427213157,-0.0433007939,0.735831274,0.00502692642,-0.0359254104,0.701902,0.00575682421,-0.0302857309
62,37,0.578125,0.96875,0.778198324,0.00337782666,-0.0446138014,0.740605441,0.00408525572,-0.0369577167,0.707191288,0.00476589494,-0.0310957982
62,38,0.59375,0.96875,0.781574427,0.00244861668,-0.0453615637,0.744612387,0.00314215734,-0.0374804516,0.711698912,0.00379474594,-0.0314319016
62,39,0.609375,0.96875,0.784162062,0.00147845036,-0.0454693255,0.747846888,0.00219151263,-0.0374504174,0.715434555,0.00283812061,-0.0312669332
62,40,0.625,0.96875,0.78592379,0.000460276769,-0.0448575195,0.750299021,0.00122508099,-0.0368217672,0.718404323,0.00188846423,-0.030572629
62,41,0.640625,0.96875,0.786815901,-0.000614151442,-0.0434408626,0.751952464,0.000232155617,-0.0355444215,0.720609023,0.000935506672,-0.0293180007
62,42,0.65625,0.96875,0.786787293,-0.00175449723,-0.0411273112,0.752782489,-0.00080080801,-0.0335622113,0.722042098,-3.42330104e-05,-0.027467468
62,43,0.671875,0.96875,0.785778161,-0.00297210252,-0.0378168604,0.752753617,-0.00189060138,-0.0308107359,0.722687156,-0.0010380405,-0.0249786458
62,44,0.6875,0.96875,0.783718414,-0.00428033219,-0.0334001689,0.751816895,-0.00305772642,-0.0272149211,0.72251498,-0.00209772158,-0.0217997319
62,45,0.703125,0.96875,0.780525772,-0.00569505848,-0.0277569662,0.749906718,-0.00432693973,-0.0226862667,0.721479926,-0.00324046655,-0.0178664414
62,46,0.71875,0.96875,0.776103395,-0.00723538163,-0.020754176,0.746937125,-0.00572792349,-0.0171197673,0.719515565,-0.00449989948,-0.0130984187
62,47,0.734375,0.96875,0.770336839,-0.00892474114,-0.0122436343,0.742797435,-0.00729616401,-0.0103904885,0.716529374,-0.00591736477,-0.00739506983
62,48,0.75,0.96875,0.763089985,-0.010792666,-0.00205920567,0.737347018,-0.00907418258,-0.00234975869,0.712396258,-0.00754353675,-0.000630749496
62,49,0.765625,0.96875,0.754199363,-0.0128775701,0.00998702351,0.730408893,-0.0111133761,0.00717908963,0.706950574,-0.00944050536,0.00735074664
62,50,0.78125,0.96875,0.743465918,-0.0152312727,0.0241099884,0.721761621,-0.0134769276,0.0184055695,0.699976213,-0.0116846247,0.0167424296
62,51,0.796875,0.96875,0.730642623,-0.0179264167,0.0405591331,0.711128576,-0.0162446106,0.031577741,0.691194027,-0.0143706743,0.0277811468
62,52,0.8125,0.96875,0.715415246,-0.0210688895,0.0596294137,0.698163043,-0.0195209818,0.0469892496,0.680245487,-0.017618406,0.0407554633
62,53,0.828125,0.96875,0.697371541,-0.0248191889,0.0816778091,0.682426338,-0.0234497307,0.0649885654,0.666670583,-0.0215835686,0.0560145643
62,54,0.84375,0.96875,0.675950415,-0.0294304648,0.107148478,0.66335394,-0.0282395029,0.0859919303,0.649876444,-0.0264776145,0.0739786065
62,55,0.859375,0.96875,0.650355485,-0.0353190858,0.136611517,0.640200178,-0.0342119205,0.110502602,0.629090015,-0.0326045358,0.0951515455
62,56,0.875,0.96875,0.61940402,-0.0432015317,0.170823122,0.611942956,-0.0418950333,0.139140917,0.603281845,-0.0404331102,0.12013883
62,57,0.890625,0.96875,0.581257975,-0.0543719197,0.210819246,0.577110011,-0.0522161603,0.172693535,0.57103515,-0.0507442092,0.149675524
62,58,0.90625,0.96875,0.532949221,-0.0712823397,0.258060385,0.53344184,-0.0669321572,0.21219938,0.530303158,-0.0649543232,0.184679171
62,59,0.921875,0.96875,0.46960993,-0.0987461486,0.314649897,0.477206893,-0.0896613982,0.259113931,0.47792587,-0.0858743024,0.226366778
62,60,0.9375,0.96875,0.383633052,-0.146040556,0.383643416,0.401845533,-0.128476939,0.315660157,0.408543341,-0.119788677,0.276562643
62,61,0.953125,0.96875,0.265761388,-0.227833189,0.469446888,0.296234328,-0.200916973,0.385585431,0.312260196,-0.182442551,0.338540418
62,62,0.96875,0.96875,0.116655257,-0.346827619,0.578005178,0.148935727,-0.329283544,0.47566316,0.172836335,-0.305918999,0.41897503
62,63,0.984375,0.96875,-0.014158845,-0.401315477,0.720405304,-0.00637228995,-0.430951211,0.598096144,0.000792530845,-0.447678031,0.532837159
62,64,1,0.96875,0,0,0.827425751,0,0,0.689577033,0,0,0.617808442
63,0,0,0.984375,0,0,-0.241570714,0,0,-0.0965624186,0,0,-0.0350445569
63,1,0.015625,0.984375,0.0896441229,0.199524056,-0.278510457,0.0748924286,0.17571297,-0.1461317,0.0639331278,0.156199735,-0.089481464
63,2,0.03125,0.984375,0.211176678,0.163134698,-0.248195345,0.177965746,0.149491265,-0.154746636,0.152726177,0.136850807,-0.114535389
63,3,0.046875,0.984375,0.319911087,0.112813129,-0.178591359,0.272889815,0.108801383,-0.115281502,0.236260979,0.103691317,-0.0881486528
63,4,0.0625,0.984375,0.407689141,0.0762814044,-0.11705254,0.352256195,0.0773361042,-0.0749211295,0.308056218,0.0768002567,-0.0571710634
63,5,0.078125,0.984375,0.476622267,0.0525206492,-0.0737509879,0.416853387,0.0555744012,-0.0447318955,0.368227689,0.0572883661,-0.0328041526
63,6,0.09375,0.984375,0.530805306,0.0373997584,-0.0447851465,0.469351181,0.0409242744,-0.0235378436,0.418529668,0.0435303914,-0.0150031069
63,7,0.109375,0.984375,0.573973194,0.0276952695,-0.0254252542,0.51243711,0.031063727,-0.00872887669,0.460891819,0.0338722031,-0.00209498148
63,8,0.125,0.984375,0.60902166,0.0213271236,-0.0122763226,0.548336741,0.024349353,0.0017432007,0.49700249,0.0270531731,0.00735015667
63,9,0.140625,0.984375,0.638067881,0.0170257085,-0.00317657804,0.578767341,0.0196943725,0.00924094927,0.528225477,0.0221845739,0.0143172612
63,10,0.15625,0.984375,0.662627182,0.0140266311,0.00320176452,0.605014462,0.0163960359,0.0146288618,0.55562307,0.0186566937,0.0194474151
63,11,0.171875,0.984375,0.683779896,0.0118673963,0.00767061816,0.628028516,0.0140017878,0.0184509638,0.580007517,0.016054784,0.02315424
63,12,0.1875,0.984375,0.702300249,0.0102639751,0.0107325365,0.648509754,0.0122187214,0.0210537017,0.601993791,0.0140966963,0.0257086034
63,13,0.203125,0.984375,0.718748703,0.00903830317,0.0127060924,0.666974922,0.0108552996,0.0226637531,0.622045063,0.0125896117,0.0272938305
63,14,0.21875,0.984375,0.73353607,0.00807604886,0.0138001864,0.683806968,0.00978456486,0.0234357368,0.640509182,0.0114008195,0.0280403523
63,15,0.234375,0.984375,0.746967492,0.00730190507,0.0141578379,0.699291222,0.00892103944,0.0234811364,0.657646909,0.0104381934,0.0280471299
63,16,0.25,0.984375,0.759272583,0.00666496285,0.0138821019,0.713641448,0.00820619358,0.0228857953,0.673653378,0.00963718302,0.0273948139
63,17,0.265625,0.984375,0.7706262,0.0061299109,0.0130515698,0.727018561,0.00759924662,0.0217205224,0.688674235,0.00895213395,0.0261537807
63,18,0.28125,0.984375,0.781162869,0.00567163997,0.0117297818,0.73954409,0.00707129374,0.0200475402,0.702817769,0.00835047777,0.0243889896
63,19,0.296875,0.984375,0.790986935,0.00527186805,0.00997105526,0.751309949,0.00660151811,0.0179244115,0.716164021,0.00780882223,0.0221628572
63,20,0.3125,0.984375,0.800179773,0.00491698651,0.00782417282,0.762385583,0.00617472069,0.0154064146,0.728771691,0.00731030395,0.0195368746
63,21,0.328125,0.984375,0.808805013,0.00459665812,0.00533477352,0.772823282,0.00577968951,0.0125479478,0.740683412,0.00684278013,0.0165724211
63,22,0.34375,0.984375,0.816912357,0.00430288705,0.00254693723,0.782662184,0.00540810783,0.00940330923,0.751929825,0.0063975786,0.01333105
63,23,0.359375,0.984375,0.82454043,0.0040293903,-0.000495741702,0.791931344,0.00505381027,0.00602706702,0.76253277,0.00596861909,0.00987443078
63,24,0.375,0.984375,0.831718937,0.00377116471,-0.00374941886,0.800652139,0.00471226438,0.00247415139,0.7725078,0.00555178101,0.00626406457
63,25,0.390625,0.984375,0.838470328,0.00352418256,-0.00716949171,0.808840168,0.0043801985,-0.00120024263,0.781866189,0.00514443515,0.00256086034
63,26,0.40625,0.984375,0.844811098,0.00328517228,-0.0107102526,0.816506784,0.00405532438,-0.00494088017,0.790616518,0.00474508485,-0.00117536624
63,27,0.421875,0.984375,0.850752819,0.00305145581,-0.014324654,0.823660317,0.00373612094,-0.00869279004,0.798765927,0.004353081,-0.00488642016
63,28,0.4375,0.984375,0.856302964,0.00282082367,-0.0179641522,0.830307067,0.00342165748,-0.0124016062,0.806321086,0.00396838833,-0.00851623681
63,29,0.453125,0.984375,0.861465563,0.00259143478,-0.021578605,0.83645207,0.00311144253,-0.0160139138,0.81328891,0.00359138852,-0.0120113424
63,30,0.46875,0.984375,0.866241731,0.00236173251,-0.0251161978,0.842099692,0.00280528927,-0.0194775648,0.819677056,0.00322271128,-0.0153212346
63,31,0.484375,0.984375,0.870630071,0.00213037106,-0.0285233791,0.847254038,0.00250319245,-0.0227419345,0.825494222,0.00286308735,-0.018398659
63,32,0.5,0.984375,0.874626968,0.00189614836,-0.0317447832,0.851919201,0.00220521337,-0.0257580902,0.830750272,0.00251321968,-0.021199763
63,33,0.515625,0.984375,0.878226794,0.00165794305,-0.0347231237,0.856099351,0.00191137094,-0.0284788456,0.835456187,0.00217366927,-0.0236841104
63,34,0.53125,0.984375,0.881422003,0.00141465419,-0.0373990387,0.85979867,0.00162153774,-0.0308586788,0.839623878,0.00184475273,-0.0258145452
63,35,0.546875,0.984375,0.884203144,0.00116514288,-0.0397108692,0.863021138,0.00133533991,-0.0328534896,0.843265848,0.00152644819,-0.0275568917
63,36,0.5625,0.984375,0.886558773,0.000908175646,-0.0415943581,0.865770162,0.0010520602,-0.0344201792,0.846394727,0.00121830593,-0.0288794809
63,37,0.578125,0.984375,0.888475276,0.000642369561,-0.0429822516,0.868048064,0.00077054304,-0.0355160305,0.849022672,0.000919359504,-0.0297524901
63,38,0.59375,0.984375,0.8899366,0.000366138969,-0.0438037942,0.869855417,0.000489100683,-0.0360978763,0.851160622,0.00062803294,-0.0301470831
63,39,0.609375,0.984375,0.890923892,7.76435937e-05,-0.0439841037,0.871190222,0.00020541891,-0.0361210351,0.852817418,0.000342038889,-0.0300343299
63,40,0.625,0.984375,0.89141505,-0.000225263108,-0.0434434172,0.87204693,-8.35390242e-05,-0.0355380036,0.853998743,5.82626095e-05,-0.0293838845
63,41,0.640625,0.984375,0.891384169,-0.000545087643,-0.042096198,0.872415303,-0.000381632052,-0.034296888,0.854705882,-0.000227373769,-0.0281623919
63,42,0.65625,0.984375,0.890800898,-0.000884756603,-0.0398500882,0.872279086,-0.000693646703,-0.0323395595,0.85493425,-0.000520072302,-0.0263315851
63,43,0.671875,0.984375,0.889629672,-0.00124769091,-0.0366046889,0.871614495,-0.00102541135,-0.0295995196,0.854671649,-0.000826351392,-0.023846031
63,44,0.6875,0.984375,0.887828796,-0.00163790689,-0.0322501327,0.870388484,-0.00138392417,-0.0259994551,0.853896209,-0.00115427512,-0.020650473
63,45,0.703125,0.984375,0.88534934,-0.00206016495,-0.0266653931,0.868556768,-0.00177750344,-0.0214484627,0.852573928,-0.00151372662,-0.0166767094
63,46,0.71875,0.984375,0.882133737,-0.00252019867,-0.0197162343,0.866061545,-0.00221597575,-0.0158389073,0.850655743,-0.00191673445,-0.0118399439
63,47,0.734375,0.984375,0.878113958,-0.00302507671,-0.0112526442,0.862828845,-0.00271093092,-0.00904286536,0.848074028,-0.00237786641,-0.00603453014
63,48,0.75,0.984375,0.873208996,-0.00358378104,-0.00110549287,0.858765381,-0.00327609609,-0.000908062333,0.844738378,-0.00291471678,0.000870970933
63,49,0.765625,0.984375,0.867321292,-0.00420813645,0.0109180019,0.853754662,-0.0039279239,0.00874685843,0.840530491,-0.00354853864,0.00903952925
63,50,0.78125,0.984375,0.860331426,-0.00491431558,0.0250406658,0.847652004,-0.00468656556,0.0201380204,0.835297873,-0.00430512524,0.0186723212
63,51,0.796875,0.984375,0.852090019,-0.00572530395,0.0415246899,0.840277735,-0.00557753555,0.0335234707,0.828845867,-0.00521614779,0.0300165734
63,52,0.8125,0.984375,0.842405009,-0.00667501304,0.0606856157,0.831407394,-0.00663462575,0.0492127186,0.820927198,-0.0063213685,0.0433749816
63,53,0.828125,0.984375,0.83102113,-0.00781533634,0.082913826,0.820756753,-0.00790510207,0.067580251,0.811227461,-0.00767254898,0.0591174629
63,54,0.84375,0.984375,0.817585821,-0.00922872168,0.108708314,0.807957663,-0.00945917645,0.0890858052,0.79934363,-0.00934075273,0.077696689
63,55,0.859375,0.984375,0.801590665,-0.011051698,0.138730961,0.79251725,-0.0114077663,0.114306245,0.784749846,-0.0114303894,0.0996701458
63,56,0.875,0.984375,0.782266735,-0.0135215971,0.173895955,0.773745743,-0.0139373754,0.143987563,0.766739094,-0.0141077476,0.125733947
63,57,0.890625,0.984375,0.758389133,-0.0170763472,0.215521214,0.750622217,-0.0173825932,0.17913236,0.744316736,-0.017659879,0.156778482
63,58,0.90625,0.984375,0.727894815,-0.0225855438,0.26559251,0.721529582,-0.0223923628,0.221152176,0.715994885,-0.022631094,0.193986887
63,59,0.921875,0.984375,0.687106794,-0.0319435781,0.327238898,0.683690059,-0.0303450956,0.272148296,0.679362413,-0.0301401859,0.23902679
63,60,0.9375,0.984375,0.629148667,-0.0497214752,0.405622866,0.631868184,-0.0445878418,0.335498103,0.630120582,-0.0428518309,0.294502443
63,61,0.953125,0.984375,0.541066238,-0.0880564112,0.509766408,0.55521312,-0.0744453904,0.417382679,0.559573736,-0.0677222902,0.365337287
63,62,0.96875,0.984375,0.401315477,-0.173633187,0.656624188,0.430951211,-0.15178917,0.532598068,0.447678031,-0.130687744,0.464617904
63,63,0.984375,0.984375,0.194238619,-0.299899956,0.900341009,0.225929576,-0.310725987,0.737220494,0.253654737,-0.314469349,0.651422554
63,64,1,0.984375,0,0,1.03493722,0,0,0.857520702,0,0,0.765498677
64,0,0,1,0,0,-0.126706849,0,0,0.0094676036,0,0,0.0675853145
64,1,0.015625,1,1,0,-0.401025046,1,0,-0.222939666,1,0,-0.14479824
64,2,0.03125,1,1,0,-0.400333424,1,0,-0.278040025,1,0,-0.224731834
64,3,0.046875,1,1,0,-0.224405931,1,0,-0.153363008,1,0,-0.123144182
64,4,0.0625,1,1,0,-0.115118231,1,0,-0.0768596221,1,0,-0.0614870378
64,5,0.078125,1,1,0,-0.0581560214,1,0,-0.035641353,1,0,-0.027310825
64,6,0.09375,1,1,0,-0.0268930023,1,0,-0.0119143066,1,0,-0.00680536403
64,7,0.109375,1,1,0,-0.0088313322,1,0,0.00255785222,1,0,0.00630168826
64,8,0.125,1,1,0,0.00214074402,1,0,0.0118375107,1,0,0.0151018436
64,9,0.140625,1,1,0,0.0091037807,1,0,0.0180178086,1,0,0.0212091848
64,10,0.15625,1,1,0,0.0136506421,1,0,0.0222119482,1,0,0.0255016473
64,11,0.171875,1,1,0,0.0166262897,1,0,0.0250282957,1,0,0.0284729253
64,12,0.1875,1,1,0,0.0184924848,1,0,0.0268094347,1,0,0.0304105067
64,13,0.203125,1,1,0,0.019511407,1,0,0.0277562815,1,0,0.0314897689
64,14,0.21875,1,1,0,0.0198397403,1,0,0.027993918,1,0,0.0318251624
64,15,0.234375,1,1,0,0.0195776736,1,0,0.0276070356,1,0,0.0314985495
64,16,0.25,1,1,0,0.0187948417,1,0,0.02665922,1,0,0.0305750348
64,17,0.265625,1,1,0,0.0175443019,1,0,0.0252035165,1,0,0.0291118058
64,18,0.28125,1,1,0,0.0158702161,1,0,0.0232882301,1,0,0.0271630084
64,19,0.296875,1,1,0,0.0138121728,1,0,0.0209600923,1,0,0.0247823405
64,20,0.3125,1,1,0,0.0114076896,1,0,0.0182659516,1,0,0.0220243194
64,21,0.328125,1,1,0,0.00869370818,1,0,0.0152536174,1,0,0.0189447593
64,22,0.34375,1,1,0,0.00570751901,1,0,0.0119722072,1,0,0.0156007774
64,23,0.359375,1,1,0,0.00248735203,1,0,0.00847219055,1,0,0.0120505106
64,24,0.375,1,1,0,-0.000927237242,1,0,0.00480524064,1,0,0.00835265991
64,25,0.390625,1,1,0,-0.00449511429,1,0,0.00102396311,1,0,0.00456593664
64,26,0.40625,1,1,0,-0.00817340343,1,0,-0.0028184562,1,0,0.000748463243
64,27,0.421875,1,1,0,-0.0119173879,1,0,-0.00666864617,1,0,-0.00304282752
64,28,0.4375,1,1,0,-0.0156804537,1,0,-0.0104734603,1,0,-0.00675276196
64,29,0.453125,1,1,0,-0.0194140611,1,0,-0.0141803736,1,0,-0.010328433
64,30,0.46875,1,1,0,-0.0230677288,1,0,-0.01773784,1,0,-0.0137196223
64,31,0.484375,1,1,0,-0.0265890132,1,0,-0.021095583,1,0,-0.0168791133
64,32,0.5,1,1,0,-0.0299234695,1,0,-0.0242047947,1,0,-0.0197628779
64,33,0.515625,1,1,0,-0.0330145777,1,0,-0.02701822,1,0,-0.0223301213
64,34,0.53125,1,1,0,-0.0358036164,1,0,-0.029490102,1,0,-0.0245431725
64,35,0.546875,1,1,0,-0.0382294715,1,0,-0.0315759684,1,0,-0.0263672085
64,36,0.5625,1,1,0,-0.040228361,1,0,-0.0332322375,1,0,-0.0277697986
64,37,0.578125,1,1,0,-0.0417334668,1,0,-0.0344156291,1,0,-0.0287202614
64,38,0.59375,1,1,0,-0.0426744568,1,0,-0.0350823597,1,0,-0.029188814
64,39,0.609375,1,1,0,-0.0429768875,1,0,-0.0351871083,1,0,-0.0291454988
64,40,0.625,1,1,0,-0.0425614776,1,0,-0.0346817376,1,0,-0.0285588635
64,41,0.640625,1,1,0,-0.0413432376,1,0,-0.0335137547,1,0,-0.0273943673
64,42,0.65625,1,1,0,-0.0392304428,1,0,-0.0316244968,1,0,-0.0256124755
64,43,0.671875,1,1,0,-0.0361234227,1,0,-0.0289470229,1,0,-0.0231664021
64,44,0.6875,1,1,0,-0.0319131331,1,0,-0.0254036933,1,0,-0.0199994496
64,45,0.703125,1,1,0,-0.0264794442,1,0,-0.0209034078,1,0,-0.0160418878
64,46,0.71875,1,1,0,-0.0196890419,1,0,-0.0153384585,1,0,-0.0112073031
64,47,0.734375,1,1,0,-0.0113927697,1,0,-0.00858093106,1,0,-0.00538833804
64,48,0.75,1,1,0,-0.0014221315,1,0,-0.000478528668,1,0,0.00154827922
64,49,0.765625,1,1,0,0.0104154948,1,0,0.00915039076,1,0,0.00976755556
64,50,0.78125,1,1,0,0.0243436628,1,0,0.0205229483,1,0,0.0194731193
64,51,0.796875,1,1,0,0.0406268589,1,0,0.0338997198,1,0,0.0309155349
64,52,0.8125,1,1,0,0.0595856506,1,0,0.049595751,1,0,0.0444027083
64,53,0.828125,1,1,0,0.0816202689,1,0,0.0679967283,1,0,0.0603136099
64,54,0.84375,1,1,0,0.107248395,1,0,0.0895840944,1,0,0.0791176261
64,55,0.859375,1,1,0,0.137167812,1,0,0.114975999,1,0,0.101403928
64,56,0.875,1,1,0,0.172364906,1,0,0.144996911,1,0,0.127929099
64,57,0.890625,1,1,0,0.21431388,1,0,0.180800697,1,0,0.159698899
64,58,0.90625,1,1,0,0.265372061,1,0,0.22409677,1,0,0.198113204
64,59,0.921875,1,1,0,0.329643498,1,0,0.277586593,1,0,0.245230239
64,60,0.9375,1,1,0,0.415058292,1,0,0.345861209,1,0,0.304217242
64,61,0.953125,1,1,0,0.538386429,1,0,0.437499814,1,0,0.380134166
64,62,0.96875,1,1,0,0.688118229,1,0,0.538709162,1,0,0.459070674
64,63,0.984375,1,1,0,1.02410596,1,0,0.818719573,1,0,0.713759642
64,64,1,1,0,0,1.08554598,0,0,0.918862193,0,0,0.831388341
