# SHIFTAVG:  Average of X_ram shifted files (fnnthin 2:5 - fnrefin 2:5) to stdout for gnuplot.
# Scott.D.Thomas@nasa.gov, Dell Services Federal Government, Oct 2011 - Jan 2013
# ACITS2 Contract NNA08AF13C, Task 335/385/924, NASA Ames Research Center
# 
# Usage:  shiftavg [-debug] [-debug=n] [-h|-H] [-pct] [beg end ref]
# 
# The -debug option causes all the corrected and shifted (xshif,dPPrc) to be written.
#  If -debug=n appears, where n is a positive integer, then -debug and only draw the nth and quit after the nth debug output.
# 
# The -h option makes the waterfall plots subtract a correction based on h_nose and h_nose at X_ramMin
# The -H option uses h_nose at X_ramMax.
# 
# The -pct option computes the average and sigma at points n * 0.01
# that cover the x range of values, e.g. -110.00, -109.99, -109.98, ....
# 
# If the three integers beg end ref do not appear on the command line, then the
# program will prompt for the reference .txt file and then the data .txt file names.
# 
# If a .txt file is not found, skip it.
# 
# The program expects all .txt files to have same number of data values, else fatal error.
# 
# Command line:  shiftavg -pct 553 578 580
# 
# First data file is number 1
# Number of runs to correct, shift, and average = 26
# 
# Reference file 'LM3r0580.txt', X_ram = -4.4700000E-03, h_nose = 45.6561, Mach = 1.6, Seq = 91.0, Alpha = -0.28, CL_stab = 3.8300000E-03
# data file    1 'LM3r0553.txt', X_ram = -4.4500000E-03, h_nose = 20.6673, Mach = 1.6, Seq = 46.0, Alpha = -0.279, CL_stab = -4.6600000E-03
# data file    2 'LM3r0554.txt', X_ram = 0.99697, h_nose = 20.6632, Mach = 1.6, Seq = 46.0, Alpha = -0.279, CL_stab = -4.6400000E-03
# data file    3 'LM3r0555.txt', X_ram = 1.99981, h_nose = 20.6591, Mach = 1.6, Seq = 46.0, Alpha = -0.278, CL_stab = -3.9700000E-03
# data file    4 'LM3r0556.txt', X_ram = 3.00018, h_nose = 20.655, Mach = 1.6, Seq = 46.0, Alpha = -0.278, CL_stab = -2.4700000E-03
# data file    5 'LM3r0557.txt', X_ram = 4.00002, h_nose = 20.6511, Mach = 1.6, Seq = 46.0, Alpha = -0.277, CL_stab = -2.1500000E-03
# data file    6 'LM3r0558.txt', X_ram = 5.00048, h_nose = 20.6472, Mach = 1.6, Seq = 46.0, Alpha = -0.277, CL_stab = -2.2500000E-03
# data file    7 'LM3r0559.txt', X_ram = 6.00043, h_nose = 20.6434, Mach = 1.6, Seq = 46.0, Alpha = -0.276, CL_stab = -2.2800000E-03
# data file    8 'LM3r0560.txt', X_ram = 7.00044, h_nose = 20.6397, Mach = 1.6, Seq = 46.0, Alpha = -0.275, CL_stab = -1.8400000E-03
# data file    9 'LM3r0561.txt', X_ram = 8.00132, h_nose = 20.6361, Mach = 1.6, Seq = 46.0, Alpha = -0.275, CL_stab = -9.0000000E-04
# data file   10 'LM3r0562.txt', X_ram = 9.001, h_nose = 20.6319, Mach = 1.6, Seq = 46.0, Alpha = -0.275, CL_stab = -9.5000000E-04
# data file   11 'LM3r0563.txt', X_ram = 10.00051, h_nose = 20.6276, Mach = 1.6, Seq = 46.0, Alpha = -0.274, CL_stab = -1.1400000E-03
# data file   12 'LM3r0564.txt', X_ram = 11.0005, h_nose = 20.6238, Mach = 1.6, Seq = 46.0, Alpha = -0.274, CL_stab = -1.1500000E-03
# data file   13 'LM3r0565.txt', X_ram = 12.00019, h_nose = 20.62, Mach = 1.6, Seq = 46.0, Alpha = -0.273, CL_stab = -1.2000000E-03
# data file   14 'LM3r0566.txt', X_ram = 12.99991, h_nose = 20.6162, Mach = 1.6, Seq = 46.0, Alpha = -0.273, CL_stab = -2.0100000E-03
# data file   15 'LM3r0567.txt', X_ram = 13.99956, h_nose = 20.6121, Mach = 1.6, Seq = 46.0, Alpha = -0.273, CL_stab = -3.3600000E-03
# data file   16 'LM3r0568.txt', X_ram = 14.99934, h_nose = 20.6081, Mach = 1.6, Seq = 46.0, Alpha = -0.272, CL_stab = -4.2800000E-03
# data file   17 'LM3r0569.txt', X_ram = 15.99915, h_nose = 20.6046, Mach = 1.6, Seq = 46.0, Alpha = -0.272, CL_stab = -4.4700000E-03
# data file   18 'LM3r0570.txt', X_ram = 17.00058, h_nose = 20.601, Mach = 1.6, Seq = 46.0, Alpha = -0.271, CL_stab = -5.2400000E-03
# data file   19 'LM3r0571.txt', X_ram = 18.00048, h_nose = 20.5977, Mach = 1.6, Seq = 46.0, Alpha = -0.27, CL_stab = -5.6300000E-03
# data file   20 'LM3r0572.txt', X_ram = 19.00072, h_nose = 20.5953, Mach = 1.6, Seq = 46.0, Alpha = -0.269, CL_stab = -4.7000000E-03
# data file   21 'LM3r0573.txt', X_ram = 20.00092, h_nose = 20.5933, Mach = 1.6, Seq = 46.0, Alpha = -0.268, CL_stab = -2.9400000E-03
# data file   22 'LM3r0574.txt', X_ram = 21.0007, h_nose = 20.5918, Mach = 1.6, Seq = 46.0, Alpha = -0.267, CL_stab = -6.3000000E-04
# data file   23 'LM3r0575.txt', X_ram = 22.00058, h_nose = 20.5907, Mach = 1.6, Seq = 46.0, Alpha = -0.265, CL_stab = 1.8500000E-03
# data file   24 'LM3r0576.txt', X_ram = 23.00053, h_nose = 20.5891, Mach = 1.6, Seq = 46.0, Alpha = -0.264, CL_stab = 3.7800000E-03
# data file   25 'LM3r0577.txt', X_ram = 24.00011, h_nose = 20.587, Mach = 1.6, Seq = 46.0, Alpha = -0.263, CL_stab = 5.4800000E-03
# data file   26 'LM3r0578.txt', X_ram = 24.00021, h_nose = 20.5874, Mach = 1.6, Seq = 46.0, Alpha = -0.263, CL_stab = 5.7600000E-03
# 
# Applying reference correction, dPPrc = dPPru(data) - dPPru(ref)
# 
# Shifting corrected data xshif = x + X_ram.
# 
#   xshiftMin = -146.0066
#   xshiftMax = -55.9746
# 
# Range to the nearest .01:
# 
#     xshift1 = -146.0
#     xshiftm = -55.98
# 
#  difference = 90.02
#     nxshift = 9003
# 
# Averaging corrected/shifted dPPrc for xshift locatons from xshift1 to xshiftm, number of values = 9003
# 
#     xshift1 = -146.0
#     xshiftm = -55.98
# 
# For the average curve, dPPrcAvg, these are the average, min, and max values:
# 
# dPPrcAvgAvg = 2.8465969E-04
# dPPrcAvgMin = -4.9077002E-02
# dPPrcAvgMax = 4.0179051E-02
# 
# Computing Sigma = sqrt(sum((avg-data)**2)/ndata), where ndata = 9003
# 
# For the standard deviation, Sigma, these are the average, min, and max values:
# dPPrcSigAvg = 1.3389763E-03
# dPPrcSigMin = 0.
# dPPrcSigMax = 1.0100783E-02

# Opening 'sa553_578-580.dat' for write, FORMATTED.

#            x      dPPrcAvg    i nsamples         Sigma (Standard Deviation)
 -1.460000E+02  3.444758E-04     1        1  3.388132E-21
 -1.459900E+02  3.380358E-04     2        1  3.388132E-21
 -1.459800E+02  3.315959E-04     3        1  2.032879E-20
 -1.459700E+02  3.251559E-04     4        1  2.710505E-20
 -1.459600E+02  3.187159E-04     5        1  1.355253E-20
 -1.459500E+02  3.122759E-04     6        1  1.355253E-20
 -1.459400E+02  3.058360E-04     7        1  2.710505E-20
 -1.459300E+02  2.993960E-04     8        1  1.355253E-20
 -1.459200E+02  2.929560E-04     9        1  2.710505E-20
 -1.459100E+02  2.865160E-04    10        1  2.710505E-20
 -1.459000E+02  2.800761E-04    11        1  0.000000E+00
 -1.458900E+02  2.736361E-04    12        1  2.710505E-20
 -1.458800E+02  2.671961E-04    13        1  2.710505E-20
 -1.458700E+02  2.607561E-04    14        1  2.710505E-20
 -1.458600E+02  2.543162E-04    15        1  2.710505E-20
 -1.458500E+02  2.478762E-04    16        1  0.000000E+00
 -1.458400E+02  2.442830E-04    17        1  1.524659E-20
 -1.458300E+02  2.422567E-04    18        1  3.388132E-21
 -1.458200E+02  2.402304E-04    19        1  6.776264E-21
 -1.458100E+02  2.382040E-04    20        1  0.000000E+00
 -1.458000E+02  2.361777E-04    21        1  1.355253E-20
 -1.457900E+02  2.341514E-04    22        1  1.355253E-20
 -1.457800E+02  2.321250E-04    23        1  0.000000E+00
 -1.457700E+02  2.300987E-04    24        1  1.355253E-20
 -1.457600E+02  2.280724E-04    25        1  1.355253E-20
 -1.457500E+02  2.260460E-04    26        1  0.000000E+00
 -1.457400E+02  2.240197E-04    27        1  0.000000E+00
 -1.457300E+02  2.219934E-04    28        1  2.710505E-20
 -1.457200E+02  2.199670E-04    29        1  2.710505E-20
 -1.457100E+02  2.179407E-04    30        1  0.000000E+00
 -1.457000E+02  2.159144E-04    31        1  0.000000E+00
 -1.456900E+02  2.138880E-04    32        1  0.000000E+00
 -1.456800E+02  2.181594E-04    33        1  1.016440E-20
 -1.456700E+02  2.232491E-04    34        1  1.355253E-20
 -1.456600E+02  2.283389E-04    35        1  1.355253E-20
 -1.456500E+02  2.334286E-04    36        1  0.000000E+00
 -1.456400E+02  2.385183E-04    37        1  1.355253E-20
 -1.456300E+02  2.436080E-04    38        1  0.000000E+00
 -1.456200E+02  2.486978E-04    39        1  2.710505E-20
 -1.456100E+02  2.537875E-04    40        1  2.710505E-20
 -1.456000E+02  2.588772E-04    41        1  2.710505E-20
 -1.455900E+02  2.639670E-04    42        1  0.000000E+00
 -1.455800E+02  2.690567E-04    43        1  2.710505E-20
 -1.455700E+02  2.741464E-04    44        1  0.000000E+00
 -1.455600E+02  2.792361E-04    45        1  0.000000E+00
 -1.455500E+02  2.843259E-04    46        1  0.000000E+00
 -1.455400E+02  2.894156E-04    47        1  0.000000E+00
 -1.455300E+02  2.930853E-04    48        1  2.138758E-20
 -1.455200E+02  2.858266E-04    49        1  2.710505E-20
 -1.455100E+02  2.785680E-04    50        1  2.032879E-20
 -1.455000E+02  2.713093E-04    51        1  6.776264E-21
 -1.454900E+02  2.640507E-04    52        1  6.776264E-21
 -1.454800E+02  2.567920E-04    53        1  2.032879E-20
 -1.454700E+02  2.495334E-04    54        1  2.710505E-20
 -1.454600E+02  2.422748E-04    55        1  1.355253E-20
 -1.454500E+02  2.350161E-04    56        1  0.000000E+00
 -1.454400E+02  2.277575E-04    57        1  1.355253E-20
 -1.454300E+02  2.204988E-04    58        1  1.355253E-20
 -1.454200E+02  2.132402E-04    59        1  0.000000E+00
 -1.454100E+02  2.059815E-04    60        1  2.710505E-20
 -1.454000E+02  1.987229E-04    61        1  0.000000E+00
 -1.453900E+02  1.914643E-04    62        1  0.000000E+00
 -1.453800E+02  1.842056E-04    63        1  0.000000E+00
 -1.453700E+02  1.813959E-04    64        1  1.101143E-20
 -1.453600E+02  1.831250E-04    65        1  1.016440E-20
 -1.453500E+02  1.848541E-04    66        1  6.776264E-21
 -1.453400E+02  1.865833E-04    67        1  1.355253E-20
 -1.453300E+02  1.883124E-04    68        1  6.776264E-21
 -1.453200E+02  1.900415E-04    69        1  0.000000E+00
 -1.453100E+02  1.917706E-04    70        1  1.355253E-20
 -1.453000E+02  1.934997E-04    71        1  1.355253E-20
 -1.452900E+02  1.952288E-04    72        1  0.000000E+00
 -1.452800E+02  1.969579E-04    73        1  0.000000E+00
 -1.452700E+02  1.986871E-04    74        1  0.000000E+00
 -1.452600E+02  2.004162E-04    75        1  0.000000E+00
 -1.452500E+02  2.021453E-04    76        1  0.000000E+00
 -1.452400E+02  2.038744E-04    77        1  0.000000E+00
 -1.452300E+02  2.056035E-04    78        1  2.710505E-20
 -1.452200E+02  2.073326E-04    79        1  0.000000E+00
 -1.452100E+02  2.072777E-04    80        1  1.355253E-20
 -1.452000E+02  2.064398E-04    81        1  1.355253E-20
 -1.451900E+02  2.056020E-04    82        1  6.776264E-21
 -1.451800E+02  2.047641E-04    83        1  6.776264E-21
 -1.451700E+02  2.039263E-04    84        1  0.000000E+00
 -1.451600E+02  2.030884E-04    85        1  1.355253E-20
 -1.451500E+02  2.022506E-04    86        1  0.000000E+00
 -1.451400E+02  2.014127E-04    87        1  1.355253E-20
 -1.451300E+02  2.005749E-04    88        1  1.355253E-20
 -1.451200E+02  1.997370E-04    89        1  1.355253E-20
 -1.451100E+02  1.988991E-04    90        1  2.710505E-20
 -1.451000E+02  1.980613E-04    91        1  0.000000E+00
 -1.450900E+02  1.972234E-04    92        1  0.000000E+00
 -1.450800E+02  1.963856E-04    93        1  0.000000E+00
 -1.450700E+02  1.955477E-04    94        1  0.000000E+00
 -1.450600E+02  1.947099E-04    95        1  0.000000E+00
 -1.450500E+02  1.785721E-04    96        1  1.101143E-20
 -1.450400E+02  1.596278E-04    97        1  0.000000E+00
 -1.450300E+02  1.406835E-04    98        1  6.776264E-21
 -1.450200E+02  1.217392E-04    99        1  0.000000E+00
 -1.450100E+02  1.027949E-04   100        1  0.000000E+00
 -1.450000E+02 -5.694295E-05   101        2  1.407936E-04
 -1.449900E+02 -6.511837E-05   102        2  1.300247E-04
 -1.449800E+02 -7.329379E-05   103        2  1.192559E-04
 -1.449700E+02 -8.146922E-05   104        2  1.084870E-04
 -1.449600E+02 -8.964464E-05   105        2  9.771816E-05
 -1.449500E+02 -9.782006E-05   106        2  8.694930E-05
 -1.449400E+02 -1.059955E-04   107        2  7.618044E-05
 -1.449300E+02 -1.141709E-04   108        2  6.541157E-05
 -1.449200E+02 -1.223463E-04   109        2  5.464271E-05
 -1.449100E+02 -1.305217E-04   110        2  4.387385E-05
 -1.449000E+02 -1.372568E-04   111        2  3.454540E-05
 -1.448900E+02 -1.347625E-04   112        2  3.444626E-05
 -1.448800E+02 -1.322682E-04   113        2  3.434711E-05
 -1.448700E+02 -1.297739E-04   114        2  3.424797E-05
 -1.448600E+02 -1.272796E-04   115        2  3.414883E-05
 -1.448500E+02 -1.247853E-04   116        2  3.404969E-05
 -1.448400E+02 -1.243278E-04   117        2  3.598743E-05
 -1.448300E+02 -1.258830E-04   118        2  3.993777E-05
 -1.448200E+02 -1.274382E-04   119        2  4.388811E-05
 -1.448100E+02 -1.289934E-04   120        2  4.783845E-05
 -1.448000E+02 -1.305486E-04   121        2  5.178879E-05
 -1.447900E+02 -1.321037E-04   122        2  5.573913E-05
 -1.447800E+02 -1.336589E-04   123        2  5.968947E-05
 -1.447700E+02 -1.352141E-04   124        2  6.363981E-05
 -1.447600E+02 -1.367693E-04   125        2  6.759015E-05
 -1.447500E+02 -1.383245E-04   126        2  7.154048E-05
 -1.447400E+02 -1.403061E-04   127        2  7.506434E-05
 -1.447300E+02 -1.425903E-04   128        2  7.828565E-05
 -1.447200E+02 -1.448746E-04   129        2  8.150696E-05
 -1.447100E+02 -1.471588E-04   130        2  8.472827E-05
 -1.447000E+02 -1.494430E-04   131        2  8.794958E-05
 -1.446900E+02 -1.517272E-04   132        2  9.117089E-05
 -1.446800E+02 -1.458364E-04   133        2  8.621720E-05
 -1.446700E+02 -1.371179E-04   134        2  7.843581E-05
 -1.446600E+02 -1.283994E-04   135        2  7.065442E-05
 -1.446500E+02 -1.196809E-04   136        2  6.287303E-05
 -1.446400E+02 -1.109625E-04   137        2  5.509165E-05
 -1.446300E+02 -1.022440E-04   138        2  4.731026E-05
 -1.446200E+02 -9.352548E-05   139        2  3.952887E-05
 -1.446100E+02 -8.480700E-05   140        2  3.174748E-05
 -1.446000E+02 -7.608851E-05   141        2  2.396610E-05
 -1.445900E+02 -6.737025E-05   142        2  1.618449E-05
 -1.445800E+02 -5.869580E-05   143        2  8.359064E-06
 -1.445700E+02 -5.002135E-05   144        2  5.336380E-07
 -1.445600E+02 -4.134690E-05   145        2  7.291788E-06
 -1.445500E+02 -3.267246E-05   146        2  1.511721E-05
 -1.445400E+02 -2.399801E-05   147        2  2.294264E-05
 -1.445300E+02 -1.532356E-05   148        2  3.076807E-05
 -1.445200E+02 -2.048503E-05   149        2  2.475758E-05
 -1.445100E+02 -2.603043E-05   150        2  1.836316E-05
 -1.445000E+02 -3.157583E-05   151        2  1.196874E-05
 -1.444900E+02 -3.712123E-05   152        2  5.574319E-06
 -1.444800E+02 -4.266663E-05   153        2  8.201015E-07
 -1.444700E+02 -4.821203E-05   154        2  7.214522E-06
 -1.444600E+02 -5.375743E-05   155        2  1.360894E-05
 -1.444500E+02 -5.930283E-05   156        2  2.000336E-05
 -1.444400E+02 -6.484823E-05   157        2  2.639778E-05
 -1.444300E+02 -7.038363E-05   158        2  3.280220E-05
 -1.444200E+02 -7.587193E-05   159        2  3.925372E-05
 -1.444100E+02 -8.136023E-05   160        2  4.570524E-05
 -1.444000E+02 -8.684853E-05   161        2  5.215676E-05
 -1.443900E+02 -9.233683E-05   162        2  5.860828E-05
 -1.443800E+02 -9.782513E-05   163        2  6.505980E-05
 -1.443700E+02 -1.006400E-04   164        2  6.883792E-05
 -1.443600E+02 -9.855493E-05   165        2  6.771605E-05
 -1.443500E+02 -9.646984E-05   166        2  6.659418E-05
 -1.443400E+02 -9.438475E-05   167        2  6.547231E-05
 -1.443300E+02 -9.229966E-05   168        2  6.435044E-05
 -1.443200E+02 -9.021457E-05   169        2  6.322857E-05
 -1.443100E+02 -8.812948E-05   170        2  6.210669E-05
 -1.443000E+02 -8.604438E-05   171        2  6.098482E-05
 -1.442900E+02 -8.395929E-05   172        2  5.986295E-05
 -1.442800E+02 -8.187420E-05   173        2  5.874108E-05
 -1.442700E+02 -7.940038E-05   174        2  5.800794E-05
 -1.442600E+02 -7.635546E-05   175        2  5.784590E-05
 -1.442500E+02 -7.331055E-05   176        2  5.768385E-05
 -1.442400E+02 -7.026563E-05   177        2  5.752181E-05
 -1.442300E+02 -6.722071E-05   178        2  5.735976E-05
 -1.442200E+02 -6.417580E-05   179        2  5.719772E-05
 -1.442100E+02 -6.191712E-05   180        2  5.782191E-05
 -1.442000E+02 -6.029398E-05   181        2  5.908165E-05
 -1.441900E+02 -5.867084E-05   182        2  6.034138E-05
 -1.441800E+02 -5.704770E-05   183        2  6.160111E-05
 -1.441700E+02 -5.542456E-05   184        2  6.286084E-05
 -1.441600E+02 -5.380143E-05   185        2  6.412058E-05
 -1.441500E+02 -5.217829E-05   186        2  6.538031E-05
 -1.441400E+02 -5.055515E-05   187        2  6.664004E-05
 -1.441300E+02 -4.893201E-05   188        2  6.789977E-05
 -1.441200E+02 -4.730887E-05   189        2  6.915950E-05
 -1.441100E+02 -4.691091E-05   190        2  6.919405E-05
 -1.441000E+02 -4.762146E-05   191        2  6.812010E-05
 -1.440900E+02 -4.833201E-05   192        2  6.704615E-05
 -1.440800E+02 -4.904255E-05   193        2  6.597219E-05
 -1.440700E+02 -4.975310E-05   194        2  6.489824E-05
 -1.440600E+02 -5.046364E-05   195        2  6.382429E-05
 -1.440500E+02 -5.618076E-05   196        2  6.775691E-05
 -1.440400E+02 -6.401303E-05   197        2  7.380467E-05
 -1.440300E+02 -7.184530E-05   198        2  7.985244E-05
 -1.440200E+02 -7.967757E-05   199        2  8.590021E-05
 -1.440100E+02 -8.750984E-05   200        2  9.194798E-05
 -1.440000E+02 -1.127297E-04   201        3  8.370646E-05
 -1.439900E+02 -1.183283E-04   202        3  8.761271E-05
 -1.439800E+02 -1.239269E-04   203        3  9.172746E-05
 -1.439700E+02 -1.295255E-04   204        3  9.602391E-05
 -1.439600E+02 -1.351240E-04   205        3  1.004788E-04
 -1.439500E+02 -1.409342E-04   206        3  1.048011E-04
 -1.439400E+02 -1.468559E-04   207        3  1.091129E-04
 -1.439300E+02 -1.527776E-04   208        3  1.135438E-04
 -1.439200E+02 -1.586993E-04   209        3  1.180804E-04
 -1.439100E+02 -1.646210E-04   210        3  1.227109E-04
 -1.439000E+02 -1.705427E-04   211        3  1.274252E-04
 -1.438900E+02 -1.698799E-04   212        3  1.238324E-04
 -1.438800E+02 -1.691707E-04   213        3  1.201905E-04
 -1.438700E+02 -1.684615E-04   214        3  1.165592E-04
 -1.438600E+02 -1.677524E-04   215        3  1.129395E-04
 -1.438500E+02 -1.670432E-04   216        3  1.093327E-04
 -1.438400E+02 -1.665934E-04   217        3  1.057388E-04
 -1.438300E+02 -1.670690E-04   218        3  1.021990E-04
 -1.438200E+02 -1.675445E-04   219        3  9.875167E-05
 -1.438100E+02 -1.680200E-04   220        3  9.540700E-05
 -1.438000E+02 -1.685089E-04   221        3  9.215858E-05
 -1.437900E+02 -1.691260E-04   222        3  8.886606E-05
 -1.437800E+02 -1.697431E-04   223        3  8.570798E-05
 -1.437700E+02 -1.703602E-04   224        3  8.269975E-05
 -1.437600E+02 -1.709773E-04   225        3  7.985830E-05
 -1.437500E+02 -1.715944E-04   226        3  7.720205E-05
 -1.437400E+02 -1.730922E-04   227        3  7.550975E-05
 -1.437300E+02 -1.756975E-04   228        3  7.486498E-05
 -1.437200E+02 -1.783027E-04   229        3  7.426711E-05
 -1.437100E+02 -1.809080E-04   230        3  7.371729E-05
 -1.437000E+02 -1.835132E-04   231        3  7.321661E-05
 -1.436900E+02 -1.861184E-04   232        3  7.276608E-05
 -1.436800E+02 -1.858497E-04   233        3  7.036324E-05
 -1.436700E+02 -1.821937E-04   234        3  6.598661E-05
 -1.436600E+02 -1.785377E-04   235        3  6.220930E-05
 -1.436500E+02 -1.748816E-04   236        3  5.914626E-05
 -1.436400E+02 -1.712932E-04   237        3  5.682734E-05
 -1.436300E+02 -1.678222E-04   238        3  5.531312E-05
 -1.436200E+02 -1.643513E-04   239        3  5.484024E-05
 -1.436100E+02 -1.608803E-04   240        3  5.543535E-05
 -1.436000E+02 -1.574094E-04   241        3  5.706503E-05
 -1.435900E+02 -1.539385E-04   242        3  5.964456E-05
 -1.435800E+02 -1.504521E-04   243        3  6.303610E-05
 -1.435700E+02 -1.469633E-04   244        3  6.713185E-05
 -1.435600E+02 -1.434745E-04   245        3  7.181430E-05
 -1.435500E+02 -1.399857E-04   246        3  7.697645E-05
 -1.435400E+02 -1.364969E-04   247        3  8.252834E-05
 -1.435300E+02 -1.330081E-04   248        3  8.839655E-05
 -1.435200E+02 -1.349710E-04   249        3  8.751914E-05
 -1.435100E+02 -1.393947E-04   250        3  8.351759E-05
 -1.435000E+02 -1.438185E-04   251        3  7.951653E-05
 -1.434900E+02 -1.482422E-04   252        3  7.551604E-05
 -1.434800E+02 -1.523219E-04   253        3  7.148712E-05
 -1.434700E+02 -1.557768E-04   254        3  6.743179E-05
 -1.434600E+02 -1.592317E-04   255        3  6.342093E-05
 -1.434500E+02 -1.626865E-04   256        3  5.946355E-05
 -1.434400E+02 -1.661414E-04   257        3  5.557106E-05
 -1.434300E+02 -1.695874E-04   258        3  5.174666E-05
 -1.434200E+02 -1.727735E-04   259        3  4.767848E-05
 -1.434100E+02 -1.759595E-04   260        3  4.371956E-05
 -1.434000E+02 -1.791456E-04   261        3  3.990246E-05
 -1.433900E+02 -1.823317E-04   262        3  3.627197E-05
 -1.433800E+02 -1.855178E-04   263        3  3.288994E-05
 -1.433700E+02 -1.883863E-04   264        3  3.006291E-05
 -1.433600E+02 -1.869708E-04   265        3  3.048974E-05
 -1.433500E+02 -1.855553E-04   266        3  3.104896E-05
 -1.433400E+02 -1.841398E-04   267        3  3.173357E-05
 -1.433300E+02 -1.827243E-04   268        3  3.253567E-05
 -1.433200E+02 -1.826492E-04   269        3  3.309602E-05
 -1.433100E+02 -1.831084E-04   270        3  3.402740E-05
 -1.433000E+02 -1.835676E-04   271        3  3.549403E-05
 -1.432900E+02 -1.840268E-04   272        3  3.743305E-05
 -1.432800E+02 -1.844860E-04   273        3  3.977543E-05
 -1.432700E+02 -1.849024E-04   274        3  4.241732E-05
 -1.432600E+02 -1.851989E-04   275        3  4.525058E-05
 -1.432500E+02 -1.854954E-04   276        3  4.833674E-05
 -1.432400E+02 -1.857919E-04   277        3  5.163048E-05
 -1.432300E+02 -1.860884E-04   278        3  5.509458E-05
 -1.432200E+02 -1.863849E-04   279        3  5.869889E-05
 -1.432100E+02 -1.867740E-04   280        3  6.229124E-05
 -1.432000E+02 -1.874147E-04   281        3  6.563798E-05
 -1.431900E+02 -1.880554E-04   282        3  6.907431E-05
 -1.431800E+02 -1.886962E-04   283        3  7.258751E-05
 -1.431700E+02 -1.893369E-04   284        3  7.616693E-05
 -1.431600E+02 -1.881452E-04   285        3  7.778754E-05
 -1.431500E+02 -1.868871E-04   286        3  7.933761E-05
 -1.431400E+02 -1.856290E-04   287        3  8.088923E-05
 -1.431300E+02 -1.843708E-04   288        3  8.244232E-05
 -1.431200E+02 -1.831127E-04   289        3  8.399681E-05
 -1.431100E+02 -1.823804E-04   290        3  8.566335E-05
 -1.431000E+02 -1.824955E-04   291        3  8.752857E-05
 -1.430900E+02 -1.826105E-04   292        3  8.942110E-05
 -1.430800E+02 -1.827255E-04   293        3  9.133925E-05
 -1.430700E+02 -1.828405E-04   294        3  9.328143E-05
 -1.430600E+02 -1.829555E-04   295        3  9.524618E-05
 -1.430500E+02 -1.852980E-04   296        3  9.420178E-05
 -1.430400E+02 -1.907293E-04   297        3  8.896493E-05
 -1.430300E+02 -1.961605E-04   298        3  8.373388E-05
 -1.430200E+02 -2.015917E-04   299        3  7.850977E-05
 -1.430100E+02 -2.073453E-04   300        3  7.363465E-05
 -1.430000E+02 -7.518668E-05   301        4  2.475856E-04
 -1.429900E+02 -8.080572E-05   302        4  2.482290E-04
 -1.429800E+02 -8.642477E-05   303        4  2.489408E-04
 -1.429700E+02 -9.204381E-05   304        4  2.497206E-04
 -1.429600E+02 -9.766285E-05   305        4  2.505676E-04
 -1.429500E+02 -1.031327E-04   306        4  2.513975E-04
 -1.429400E+02 -1.084608E-04   307        4  2.522205E-04
 -1.429300E+02 -1.137889E-04   308        4  2.531175E-04
 -1.429200E+02 -1.191171E-04   309        4  2.540877E-04
 -1.429100E+02 -1.244452E-04   310        4  2.551303E-04
 -1.429000E+02 -1.297734E-04   311        4  2.562443E-04
 -1.428900E+02 -1.313308E-04   312        4  2.556415E-04
 -1.428800E+02 -1.313405E-04   313        4  2.543920E-04
 -1.428700E+02 -1.313502E-04   314        4  2.532336E-04
 -1.428600E+02 -1.313600E-04   315        4  2.521675E-04
 -1.428500E+02 -1.313867E-04   316        4  2.512095E-04
 -1.428400E+02 -1.313308E-04   317        4  2.505565E-04
 -1.428300E+02 -1.307815E-04   318        4  2.508314E-04
 -1.428200E+02 -1.302322E-04   319        4  2.511955E-04
 -1.428100E+02 -1.296829E-04   320        4  2.516485E-04
 -1.428000E+02 -1.291336E-04   321        4  2.521898E-04
 -1.427900E+02 -1.287795E-04   322        4  2.529274E-04
 -1.427800E+02 -1.284350E-04   323        4  2.537606E-04
 -1.427700E+02 -1.280905E-04   324        4  2.546833E-04
 -1.427600E+02 -1.277460E-04   325        4  2.556945E-04
 -1.427500E+02 -1.274015E-04   326        4  2.567932E-04
 -1.427400E+02 -1.273769E-04   327        4  2.579705E-04
 -1.427300E+02 -1.290442E-04   328        4  2.591469E-04
 -1.427200E+02 -1.307115E-04   329        4  2.603294E-04
 -1.427100E+02 -1.323788E-04   330        4  2.615179E-04
 -1.427000E+02 -1.340461E-04   331        4  2.627124E-04
 -1.426900E+02 -1.357937E-04   332        4  2.639973E-04
 -1.426800E+02 -1.375381E-04   333        4  2.655813E-04
 -1.426700E+02 -1.391293E-04   334        4  2.674145E-04
 -1.426600E+02 -1.407205E-04   335        4  2.692534E-04
 -1.426500E+02 -1.423117E-04   336        4  2.710978E-04
 -1.426400E+02 -1.439533E-04   337        4  2.729774E-04
 -1.426300E+02 -1.457707E-04   338        4  2.749662E-04
 -1.426200E+02 -1.475881E-04   339        4  2.769602E-04
 -1.426100E+02 -1.494055E-04   340        4  2.789593E-04
 -1.426000E+02 -1.512228E-04   341        4  2.809633E-04
 -1.425900E+02 -1.530402E-04   342        4  2.829721E-04
 -1.425800E+02 -1.548139E-04   343        4  2.849918E-04
 -1.425700E+02 -1.565558E-04   344        4  2.870214E-04
 -1.425600E+02 -1.582977E-04   345        4  2.890566E-04
 -1.425500E+02 -1.600397E-04   346        4  2.910973E-04
 -1.425400E+02 -1.617816E-04   347        4  2.931433E-04
 -1.425300E+02 -1.635605E-04   348        4  2.952357E-04
 -1.425200E+02 -1.667326E-04   349        4  2.952011E-04
 -1.425100E+02 -1.706473E-04   350        4  2.940526E-04
 -1.425000E+02 -1.745621E-04   351        4  2.929340E-04
 -1.424900E+02 -1.784769E-04   352        4  2.918457E-04
 -1.424800E+02 -1.820255E-04   353        4  2.905674E-04
 -1.424700E+02 -1.842210E-04   354        4  2.885213E-04
 -1.424600E+02 -1.864166E-04   355        4  2.865344E-04
 -1.424500E+02 -1.886121E-04   356        4  2.846078E-04
 -1.424400E+02 -1.908077E-04   357        4  2.827427E-04
 -1.424300E+02 -1.930032E-04   358        4  2.809405E-04
 -1.424200E+02 -1.951574E-04   359        4  2.792159E-04
 -1.424100E+02 -1.972977E-04   360        4  2.775623E-04
 -1.424000E+02 -1.994381E-04   361        4  2.759765E-04
 -1.423900E+02 -2.015784E-04   362        4  2.744597E-04
 -1.423800E+02 -2.037207E-04   363        4  2.730157E-04
 -1.423700E+02 -2.061983E-04   364        4  2.722508E-04
 -1.423600E+02 -2.069432E-04   365        4  2.739094E-04
 -1.423500E+02 -2.076880E-04   366        4  2.756086E-04
 -1.423400E+02 -2.084328E-04   367        4  2.773477E-04
 -1.423300E+02 -2.091776E-04   368        4  2.791260E-04
 -1.423200E+02 -2.102589E-04   369        4  2.810502E-04
 -1.423100E+02 -2.115910E-04   370        4  2.830787E-04
 -1.423000E+02 -2.129230E-04   371        4  2.851275E-04
 -1.422900E+02 -2.142550E-04   372        4  2.871962E-04
 -1.422800E+02 -2.155871E-04   373        4  2.892843E-04
 -1.422700E+02 -2.169191E-04   374        4  2.913913E-04
 -1.422600E+02 -2.175307E-04   375        4  2.938381E-04
 -1.422500E+02 -2.181268E-04   376        4  2.963215E-04
 -1.422400E+02 -2.187229E-04   377        4  2.988340E-04
 -1.422300E+02 -2.193190E-04   378        4  3.013748E-04
 -1.422200E+02 -2.186570E-04   379        4  3.020718E-04
 -1.422100E+02 -2.144572E-04   380        4  2.976595E-04
 -1.422000E+02 -2.100961E-04   381        4  2.934640E-04
 -1.421900E+02 -2.057351E-04   382        4  2.892892E-04
 -1.421800E+02 -2.013741E-04   383        4  2.851359E-04
 -1.421700E+02 -1.970130E-04   384        4  2.810051E-04
 -1.421600E+02 -1.927203E-04   385        4  2.769195E-04
 -1.421500E+02 -1.884422E-04   386        4  2.728656E-04
 -1.421400E+02 -1.841642E-04   387        4  2.688402E-04
 -1.421300E+02 -1.798861E-04   388        4  2.648446E-04
 -1.421200E+02 -1.756080E-04   389        4  2.608802E-04
 -1.421100E+02 -1.715623E-04   390        4  2.568187E-04
 -1.421000E+02 -1.696307E-04   391        4  2.516237E-04
 -1.420900E+02 -1.676990E-04   392        4  2.464916E-04
 -1.420800E+02 -1.657674E-04   393        4  2.414265E-04
 -1.420700E+02 -1.638358E-04   394        4  2.364327E-04
 -1.420600E+02 -1.628701E-04   395        4  2.327991E-04
 -1.420500E+02 -1.637743E-04   396        4  2.277707E-04
 -1.420400E+02 -1.670497E-04   397        4  2.195550E-04
 -1.420300E+02 -1.703252E-04   398        4  2.113440E-04
 -1.420200E+02 -1.736006E-04   399        4  2.031384E-04
 -1.420100E+02 -1.767298E-04   400        4  1.948713E-04
 -1.420000E+02 -1.390319E-04   401        5  1.848854E-04
 -1.419900E+02 -1.402013E-04   402        5  1.791087E-04
 -1.419800E+02 -1.413706E-04   403        5  1.735351E-04
 -1.419700E+02 -1.425400E-04   404        5  1.681848E-04
 -1.419600E+02 -1.437093E-04   405        5  1.630798E-04
 -1.419500E+02 -1.447011E-04   406        5  1.582761E-04
 -1.419400E+02 -1.450953E-04   407        5  1.538633E-04
 -1.419300E+02 -1.454894E-04   408        5  1.497500E-04
 -1.419200E+02 -1.458835E-04   409        5  1.459615E-04
 -1.419100E+02 -1.462777E-04   410        5  1.425238E-04
 -1.419000E+02 -1.470774E-04   411        5  1.400907E-04
 -1.418900E+02 -1.460975E-04   412        5  1.388697E-04
 -1.418800E+02 -1.441947E-04   413        5  1.380759E-04
 -1.418700E+02 -1.422919E-04   414        5  1.373342E-04
 -1.418600E+02 -1.403891E-04   415        5  1.366454E-04
 -1.418500E+02 -1.384650E-04   416        5  1.360015E-04
 -1.418400E+02 -1.367308E-04   417        5  1.349773E-04
 -1.418300E+02 -1.360350E-04   418        5  1.323341E-04
 -1.418200E+02 -1.353392E-04   419        5  1.297190E-04
 -1.418100E+02 -1.346434E-04   420        5  1.271338E-04
 -1.418000E+02 -1.339476E-04   421        5  1.245802E-04
 -1.417900E+02 -1.336457E-04   422        5  1.220902E-04
 -1.417800E+02 -1.335386E-04   423        5  1.196810E-04
 -1.417700E+02 -1.334316E-04   424        5  1.173482E-04
 -1.417600E+02 -1.333245E-04   425        5  1.150964E-04
 -1.417500E+02 -1.332174E-04   426        5  1.129304E-04
 -1.417400E+02 -1.337929E-04   427        5  1.119499E-04
 -1.417300E+02 -1.342233E-04   428        5  1.115244E-04
 -1.417200E+02 -1.346537E-04   429        5  1.111941E-04
 -1.417100E+02 -1.350840E-04   430        5  1.109597E-04
 -1.417000E+02 -1.355144E-04   431        5  1.108219E-04
 -1.416900E+02 -1.358150E-04   432        5  1.108055E-04
 -1.416800E+02 -1.346644E-04   433        5  1.127047E-04
 -1.416700E+02 -1.320739E-04   434        5  1.169248E-04
 -1.416600E+02 -1.294833E-04   435        5  1.212310E-04
 -1.416500E+02 -1.268927E-04   436        5  1.256146E-04
 -1.416400E+02 -1.243021E-04   437        5  1.300676E-04
 -1.416300E+02 -1.216689E-04   438        5  1.345530E-04
 -1.416200E+02 -1.190328E-04   439        5  1.390904E-04
 -1.416100E+02 -1.163967E-04   440        5  1.436767E-04
 -1.416000E+02 -1.137607E-04   441        5  1.483074E-04
 -1.415900E+02 -1.111369E-04   442        5  1.529943E-04
 -1.415800E+02 -1.083369E-04   443        5  1.578272E-04
 -1.415700E+02 -1.053264E-04   444        5  1.627009E-04
 -1.415600E+02 -1.023159E-04   445        5  1.675976E-04
 -1.415500E+02 -9.930538E-05   446        5  1.725154E-04
 -1.415400E+02 -9.629487E-05   447        5  1.774525E-04
 -1.415300E+02 -9.506044E-05   448        5  1.815216E-04
 -1.415200E+02 -9.717817E-05   449        5  1.808287E-04
 -1.415100E+02 -1.007589E-04   450        5  1.779247E-04
 -1.415000E+02 -1.043396E-04   451        5  1.751155E-04
 -1.414900E+02 -1.079204E-04   452        5  1.724057E-04
 -1.414800E+02 -1.115011E-04   453        5  1.698003E-04
 -1.414700E+02 -1.141634E-04   454        5  1.663718E-04
 -1.414600E+02 -1.167555E-04   455        5  1.629660E-04
 -1.414500E+02 -1.193476E-04   456        5  1.596594E-04
 -1.414400E+02 -1.219397E-04   457        5  1.564583E-04
 -1.414300E+02 -1.243248E-04   458        5  1.530962E-04
 -1.414200E+02 -1.267067E-04   459        5  1.495952E-04
 -1.414100E+02 -1.291418E-04   460        5  1.461671E-04
 -1.414000E+02 -1.315769E-04   461        5  1.428458E-04
 -1.413900E+02 -1.340120E-04   462        5  1.396387E-04
 -1.413800E+02 -1.364471E-04   463        5  1.365541E-04
 -1.413700E+02 -1.396919E-04   464        5  1.332332E-04
 -1.413600E+02 -1.409890E-04   465        5  1.322377E-04
 -1.413500E+02 -1.422861E-04   466        5  1.313561E-04
 -1.413400E+02 -1.435832E-04   467        5  1.305908E-04
 -1.413300E+02 -1.448803E-04   468        5  1.299439E-04
 -1.413200E+02 -1.462897E-04   469        5  1.295271E-04
 -1.413100E+02 -1.479753E-04   470        5  1.294988E-04
 -1.413000E+02 -1.496609E-04   471        5  1.295870E-04
 -1.412900E+02 -1.513466E-04   472        5  1.297915E-04
 -1.412800E+02 -1.530322E-04   473        5  1.301118E-04
 -1.412700E+02 -1.545154E-04   474        5  1.302961E-04
 -1.412600E+02 -1.552863E-04   475        5  1.312559E-04
 -1.412500E+02 -1.560176E-04   476        5  1.324307E-04
 -1.412400E+02 -1.567490E-04   477        5  1.337720E-04
 -1.412300E+02 -1.574803E-04   478        5  1.352748E-04
 -1.412200E+02 -1.581889E-04   479        5  1.369259E-04
 -1.412100E+02 -1.585762E-04   480        5  1.388293E-04
 -1.412000E+02 -1.584795E-04   481        5  1.413637E-04
 -1.411900E+02 -1.583828E-04   482        5  1.440045E-04
 -1.411800E+02 -1.582861E-04   483        5  1.467461E-04
 -1.411700E+02 -1.581895E-04   484        5  1.495830E-04
 -1.411600E+02 -1.579126E-04   485        5  1.523484E-04
 -1.411500E+02 -1.574816E-04   486        5  1.550667E-04
 -1.411400E+02 -1.570505E-04   487        5  1.578728E-04
 -1.411300E+02 -1.566195E-04   488        5  1.607619E-04
 -1.411200E+02 -1.562021E-04   489        5  1.637407E-04
 -1.411100E+02 -1.563876E-04   490        5  1.671021E-04
 -1.411000E+02 -1.576739E-04   491        5  1.689461E-04
 -1.410900E+02 -1.589602E-04   492        5  1.708432E-04
 -1.410800E+02 -1.602465E-04   493        5  1.727916E-04
 -1.410700E+02 -1.615329E-04   494        5  1.747896E-04
 -1.410600E+02 -1.616257E-04   495        5  1.756833E-04
 -1.410500E+02 -1.614473E-04   496        5  1.750157E-04
 -1.410400E+02 -1.622598E-04   497        5  1.733359E-04
 -1.410300E+02 -1.630723E-04   498        5  1.716868E-04
 -1.410200E+02 -1.638848E-04   499        5  1.700692E-04
 -1.410100E+02 -1.646973E-04   500        5  1.684840E-04
 -1.410000E+02 -1.134027E-04   501        6  1.901981E-04
 -1.409900E+02 -1.127838E-04   502        6  1.891964E-04
 -1.409800E+02 -1.121650E-04   503        6  1.882574E-04
 -1.409700E+02 -1.115461E-04   504        6  1.873823E-04
 -1.409600E+02 -1.109024E-04   505        6  1.865467E-04
 -1.409500E+02 -1.100931E-04   506        6  1.855903E-04
 -1.409400E+02 -1.093198E-04   507        6  1.846597E-04
 -1.409300E+02 -1.085465E-04   508        6  1.837927E-04
 -1.409200E+02 -1.077732E-04   509        6  1.829902E-04
 -1.409100E+02 -1.069999E-04   510        6  1.822532E-04
 -1.409000E+02 -1.066842E-04   511        6  1.820451E-04
 -1.408900E+02 -1.054778E-04   512        6  1.823715E-04
 -1.408800E+02 -1.037522E-04   513        6  1.828308E-04
 -1.408700E+02 -1.020266E-04   514        6  1.833221E-04
 -1.408600E+02 -1.003010E-04   515        6  1.838454E-04
 -1.408500E+02 -9.857537E-05   516        6  1.844003E-04
 -1.408400E+02 -9.694588E-05   517        6  1.848341E-04
 -1.408300E+02 -9.586361E-05   518        6  1.844579E-04
 -1.408200E+02 -9.478135E-05   519        6  1.841175E-04
 -1.408100E+02 -9.369909E-05   520        6  1.838133E-04
 -1.408000E+02 -9.272001E-05   521        6  1.836575E-04
 -1.407900E+02 -9.174419E-05   522        6  1.836831E-04
 -1.407800E+02 -9.072766E-05   523        6  1.837835E-04
 -1.407700E+02 -8.971114E-05   524        6  1.839214E-04
 -1.407600E+02 -8.869461E-05   525        6  1.840968E-04
 -1.407500E+02 -8.767808E-05   526        6  1.843096E-04
 -1.407400E+02 -8.626213E-05   527        6  1.839663E-04
 -1.407300E+02 -8.487498E-05   528        6  1.831175E-04
 -1.407200E+02 -8.348783E-05   529        6  1.822905E-04
 -1.407100E+02 -8.210068E-05   530        6  1.814857E-04
 -1.407000E+02 -8.071353E-05   531        6  1.807033E-04
 -1.406900E+02 -7.932638E-05   532        6  1.799436E-04
 -1.406800E+02 -7.769916E-05   533        6  1.798233E-04
 -1.406700E+02 -7.542962E-05   534        6  1.806199E-04
 -1.406600E+02 -7.316008E-05   535        6  1.814370E-04
 -1.406500E+02 -7.089054E-05   536        6  1.822746E-04
 -1.406400E+02 -6.937025E-05   537        6  1.840957E-04
 -1.406300E+02 -6.894648E-05   538        6  1.867752E-04
 -1.406200E+02 -6.855540E-05   539        6  1.895290E-04
 -1.406100E+02 -6.816431E-05   540        6  1.923792E-04
 -1.406000E+02 -6.777323E-05   541        6  1.953216E-04
 -1.405900E+02 -6.738321E-05   542        6  1.983531E-04
 -1.405800E+02 -6.715338E-05   543        6  2.019083E-04
 -1.405700E+02 -6.676966E-05   544        6  2.055916E-04
 -1.405600E+02 -6.638594E-05   545        6  2.093375E-04
 -1.405500E+02 -6.600221E-05   546        6  2.131428E-04
 -1.405400E+02 -6.561849E-05   547        6  2.170042E-04
 -1.405300E+02 -6.600717E-05   548        6  2.208873E-04
 -1.405200E+02 -6.878386E-05   549        6  2.223432E-04
 -1.405100E+02 -7.259386E-05   550        6  2.224240E-04
 -1.405000E+02 -7.640386E-05   551        6  2.226331E-04
 -1.404900E+02 -8.021385E-05   552        6  2.229700E-04
 -1.404800E+02 -8.277916E-05   553        6  2.213142E-04
 -1.404700E+02 -8.441649E-05   554        6  2.191078E-04
 -1.404600E+02 -8.600453E-05   555        6  2.170200E-04
 -1.404500E+02 -8.759257E-05   556        6  2.150235E-04
 -1.404400E+02 -8.918061E-05   557        6  2.131207E-04
 -1.404300E+02 -9.087539E-05   558        6  2.114010E-04
 -1.404200E+02 -9.302252E-05   559        6  2.096203E-04
 -1.404100E+02 -9.529240E-05   560        6  2.078215E-04
 -1.404000E+02 -9.756227E-05   561        6  2.061004E-04
 -1.403900E+02 -9.983215E-05   562        6  2.044589E-04
 -1.403800E+02 -1.021020E-04   563        6  2.028990E-04
 -1.403700E+02 -1.048371E-04   564        6  2.014925E-04
 -1.403600E+02 -1.059431E-04   565        6  2.020561E-04
 -1.403500E+02 -1.070491E-04   566        6  2.026879E-04
 -1.403400E+02 -1.081551E-04   567        6  2.033871E-04
 -1.403300E+02 -1.092651E-04   568        6  2.041597E-04
 -1.403200E+02 -1.105537E-04   569        6  2.049077E-04
 -1.403100E+02 -1.122953E-04   570        6  2.053239E-04
 -1.403000E+02 -1.140370E-04   571        6  2.058035E-04
 -1.402900E+02 -1.157786E-04   572        6  2.063460E-04
 -1.402800E+02 -1.175203E-04   573        6  2.069509E-04
 -1.402700E+02 -1.193218E-04   574        6  2.076623E-04
 -1.402600E+02 -1.209639E-04   575        6  2.086624E-04
 -1.402500E+02 -1.225972E-04   576        6  2.097351E-04
 -1.402400E+02 -1.242306E-04   577        6  2.108706E-04
 -1.402300E+02 -1.258640E-04   578        6  2.120681E-04
 -1.402200E+02 -1.274973E-04   579        6  2.133264E-04
 -1.402100E+02 -1.279063E-04   580        6  2.140025E-04
 -1.402000E+02 -1.275818E-04   581        6  2.150987E-04
 -1.401900E+02 -1.272574E-04   582        6  2.162181E-04
 -1.401800E+02 -1.269329E-04   583        6  2.173605E-04
 -1.401700E+02 -1.285779E-04   584        6  2.213759E-04
 -1.401600E+02 -1.315402E-04   585        6  2.269816E-04
 -1.401500E+02 -1.346861E-04   586        6  2.325585E-04
 -1.401400E+02 -1.378320E-04   587        6  2.382304E-04
 -1.401300E+02 -1.409779E-04   588        6  2.439907E-04
 -1.401200E+02 -1.441238E-04   589        6  2.498334E-04
 -1.401100E+02 -1.474030E-04   590        6  2.557616E-04
 -1.401000E+02 -1.511887E-04   591        6  2.612496E-04
 -1.400900E+02 -1.549745E-04   592        6  2.668085E-04
 -1.400800E+02 -1.587603E-04   593        6  2.724339E-04
 -1.400700E+02 -1.625460E-04   594        6  2.781217E-04
 -1.400600E+02 -1.663595E-04   595        6  2.838816E-04
 -1.400500E+02 -1.710863E-04   596        6  2.887417E-04
 -1.400400E+02 -1.773624E-04   597        6  2.918627E-04
 -1.400300E+02 -1.836385E-04   598        6  2.950732E-04
 -1.400200E+02 -1.899147E-04   599        6  2.983704E-04
 -1.400100E+02 -1.953574E-04   600        6  3.002473E-04
 -1.400000E+02 -2.005055E-04   601        7  2.790258E-04
 -1.399900E+02 -2.045854E-04   602        7  2.801202E-04
 -1.399800E+02 -2.086653E-04   603        7  2.812940E-04
 -1.399700E+02 -2.127453E-04   604        7  2.825463E-04
 -1.399600E+02 -2.168252E-04   605        7  2.838760E-04
 -1.399500E+02 -2.213619E-04   606        7  2.854353E-04
 -1.399400E+02 -2.259456E-04   607        7  2.870230E-04
 -1.399300E+02 -2.305293E-04   608        7  2.886798E-04
 -1.399200E+02 -2.351129E-04   609        7  2.904045E-04
 -1.399100E+02 -2.396966E-04   610        7  2.921958E-04
 -1.399000E+02 -2.443136E-04   611        7  2.940632E-04
 -1.398900E+02 -2.479656E-04   612        7  2.969243E-04
 -1.398800E+02 -2.510463E-04   613        7  3.003324E-04
 -1.398700E+02 -2.541271E-04   614        7  3.037731E-04
 -1.398600E+02 -2.572079E-04   615        7  3.072451E-04
 -1.398500E+02 -2.595771E-04   616        7  3.092588E-04
 -1.398400E+02 -2.620709E-04   617        7  3.110074E-04
 -1.398300E+02 -2.652805E-04   618        7  3.124964E-04
 -1.398200E+02 -2.684900E-04   619        7  3.140023E-04
 -1.398100E+02 -2.716995E-04   620        7  3.155249E-04
 -1.398000E+02 -2.745293E-04   621        7  3.169106E-04
 -1.397900E+02 -2.769102E-04   622        7  3.180927E-04
 -1.397800E+02 -2.793065E-04   623        7  3.192802E-04
 -1.397700E+02 -2.817028E-04   624        7  3.204904E-04
 -1.397600E+02 -2.840991E-04   625        7  3.217230E-04
 -1.397500E+02 -2.864954E-04   626        7  3.229778E-04
 -1.397400E+02 -2.887695E-04   627        7  3.242340E-04
 -1.397300E+02 -2.906830E-04   628        7  3.255571E-04
 -1.397200E+02 -2.925965E-04   629        7  3.269059E-04
 -1.397100E+02 -2.945099E-04   630        7  3.282799E-04
 -1.397000E+02 -2.962569E-04   631        7  3.293314E-04
 -1.396900E+02 -2.975647E-04   632        7  3.294920E-04
 -1.396800E+02 -2.991932E-04   633        7  3.298220E-04
 -1.396700E+02 -3.001456E-04   634        7  3.305115E-04
 -1.396600E+02 -3.010981E-04   635        7  3.312924E-04
 -1.396500E+02 -3.020505E-04   636        7  3.321642E-04
 -1.396400E+02 -3.038225E-04   637        7  3.333371E-04
 -1.396300E+02 -3.073045E-04   638        7  3.348993E-04
 -1.396200E+02 -3.107989E-04   639        7  3.366062E-04
 -1.396100E+02 -3.142933E-04   640        7  3.384689E-04
 -1.396000E+02 -3.177877E-04   641        7  3.404848E-04
 -1.395900E+02 -3.212822E-04   642        7  3.426513E-04
 -1.395800E+02 -3.246707E-04   643        7  3.451802E-04
 -1.395700E+02 -3.279209E-04   644        7  3.480558E-04
 -1.395600E+02 -3.311712E-04   645        7  3.510782E-04
 -1.395500E+02 -3.344215E-04   646        7  3.542437E-04
 -1.395400E+02 -3.367572E-04   647        7  3.558607E-04
 -1.395300E+02 -3.374035E-04   648        7  3.558680E-04
 -1.395200E+02 -3.384432E-04   649        7  3.547219E-04
 -1.395100E+02 -3.402664E-04   650        7  3.531702E-04
 -1.395000E+02 -3.420896E-04   651        7  3.517948E-04
 -1.394900E+02 -3.439127E-04   652        7  3.505979E-04
 -1.394800E+02 -3.442918E-04   653        7  3.483622E-04
 -1.394700E+02 -3.427639E-04   654        7  3.460810E-04
 -1.394600E+02 -3.411563E-04   655        7  3.439568E-04
 -1.394500E+02 -3.395487E-04   656        7  3.419093E-04
 -1.394400E+02 -3.379412E-04   657        7  3.399399E-04
 -1.394300E+02 -3.363020E-04   658        7  3.380436E-04
 -1.394200E+02 -3.350300E-04   659        7  3.354496E-04
 -1.394100E+02 -3.339968E-04   660        7  3.325708E-04
 -1.394000E+02 -3.329636E-04   661        7  3.297545E-04
 -1.393900E+02 -3.319305E-04   662        7  3.270024E-04
 -1.393800E+02 -3.312120E-04   663        7  3.247879E-04
 -1.393700E+02 -3.304919E-04   664        7  3.226613E-04
 -1.393600E+02 -3.281644E-04   665        7  3.211771E-04
 -1.393500E+02 -3.258370E-04   666        7  3.197129E-04
 -1.393400E+02 -3.235095E-04   667        7  3.182689E-04
 -1.393300E+02 -3.211820E-04   668        7  3.168454E-04
 -1.393200E+02 -3.188870E-04   669        7  3.153269E-04
 -1.393100E+02 -3.167790E-04   670        7  3.135985E-04
 -1.393000E+02 -3.146711E-04   671        7  3.118877E-04
 -1.392900E+02 -3.125632E-04   672        7  3.101948E-04
 -1.392800E+02 -3.104552E-04   673        7  3.085201E-04
 -1.392700E+02 -3.081353E-04   674        7  3.068016E-04
 -1.392600E+02 -3.050656E-04   675        7  3.054077E-04
 -1.392500E+02 -3.019673E-04   676        7  3.040740E-04
 -1.392400E+02 -2.988691E-04   677        7  3.027580E-04
 -1.392300E+02 -2.957708E-04   678        7  3.014601E-04
 -1.392200E+02 -2.919971E-04   679        7  2.993112E-04
 -1.392100E+02 -2.870873E-04   680        7  2.964572E-04
 -1.392000E+02 -2.816542E-04   681        7  2.936035E-04
 -1.391900E+02 -2.762211E-04   682        7  2.907814E-04
 -1.391800E+02 -2.707880E-04   683        7  2.879920E-04
 -1.391700E+02 -2.667090E-04   684        7  2.866661E-04
 -1.391600E+02 -2.641446E-04   685        7  2.868750E-04
 -1.391500E+02 -2.616939E-04   686        7  2.872218E-04
 -1.391400E+02 -2.592432E-04   687        7  2.878463E-04
 -1.391300E+02 -2.567925E-04   688        7  2.887468E-04
 -1.391200E+02 -2.543418E-04   689        7  2.899207E-04
 -1.391100E+02 -2.517308E-04   690        7  2.912943E-04
 -1.391000E+02 -2.495977E-04   691        7  2.920469E-04
 -1.390900E+02 -2.474646E-04   692        7  2.930895E-04
 -1.390800E+02 -2.453316E-04   693        7  2.944192E-04
 -1.390700E+02 -2.435890E-04   694        7  2.963225E-04
 -1.390600E+02 -2.439593E-04   695        7  2.999643E-04
 -1.390500E+02 -2.453657E-04   696        7  3.035933E-04
 -1.390400E+02 -2.478659E-04   697        7  3.067650E-04
 -1.390300E+02 -2.503660E-04   698        7  3.100697E-04
 -1.390200E+02 -2.528661E-04   699        7  3.135031E-04
 -1.390100E+02 -2.549375E-04   700        7  3.162691E-04
 -1.390000E+02 -2.388846E-04   701        8  3.019828E-04
 -1.389900E+02 -2.391213E-04   702        8  3.051557E-04
 -1.389800E+02 -2.393580E-04   703        8  3.084174E-04
 -1.389700E+02 -2.395948E-04   704        8  3.117652E-04
 -1.389600E+02 -2.398315E-04   705        8  3.151963E-04
 -1.389500E+02 -2.402692E-04   706        8  3.187072E-04
 -1.389400E+02 -2.407038E-04   707        8  3.223888E-04
 -1.389300E+02 -2.411384E-04   708        8  3.261308E-04
 -1.389200E+02 -2.415730E-04   709        8  3.299310E-04
 -1.389100E+02 -2.418169E-04   710        8  3.336391E-04
 -1.389000E+02 -2.413878E-04   711        8  3.368515E-04
 -1.388900E+02 -2.402989E-04   712        8  3.402913E-04
 -1.388800E+02 -2.387729E-04   713        8  3.438522E-04
 -1.388700E+02 -2.372470E-04   714        8  3.474580E-04
 -1.388600E+02 -2.357211E-04   715        8  3.511072E-04
 -1.388500E+02 -2.340036E-04   716        8  3.543740E-04
 -1.388400E+02 -2.322048E-04   717        8  3.575874E-04
 -1.388300E+02 -2.308910E-04   718        8  3.605757E-04
 -1.388200E+02 -2.295772E-04   719        8  3.635984E-04
 -1.388100E+02 -2.282634E-04   720        8  3.666546E-04
 -1.388000E+02 -2.269766E-04   721        8  3.697373E-04
 -1.387900E+02 -2.257563E-04   722        8  3.728852E-04
 -1.387800E+02 -2.244859E-04   723        8  3.761046E-04
 -1.387700E+02 -2.232156E-04   724        8  3.793494E-04
 -1.387600E+02 -2.219453E-04   725        8  3.826189E-04
 -1.387500E+02 -2.210749E-04   726        8  3.861196E-04
 -1.387400E+02 -2.206376E-04   727        8  3.897695E-04
 -1.387300E+02 -2.209086E-04   728        8  3.934360E-04
 -1.387200E+02 -2.211795E-04   729        8  3.971129E-04
 -1.387100E+02 -2.214504E-04   730        8  4.007999E-04
 -1.387000E+02 -2.216209E-04   731        8  4.042643E-04
 -1.386900E+02 -2.211367E-04   732        8  4.062227E-04
 -1.386800E+02 -2.211123E-04   733        8  4.073923E-04
 -1.386700E+02 -2.205614E-04   734        8  4.088138E-04
 -1.386600E+02 -2.200105E-04   735        8  4.102571E-04
 -1.386500E+02 -2.194596E-04   736        8  4.117220E-04
 -1.386400E+02 -2.190629E-04   737        8  4.131604E-04
 -1.386300E+02 -2.215501E-04   738        8  4.135759E-04
 -1.386200E+02 -2.240996E-04   739        8  4.140528E-04
 -1.386100E+02 -2.266491E-04   740        8  4.146390E-04
 -1.386000E+02 -2.291987E-04   741        8  4.153340E-04
 -1.385900E+02 -2.312284E-04   742        8  4.159026E-04
 -1.385800E+02 -2.329666E-04   743        8  4.164431E-04
 -1.385700E+02 -2.347925E-04   744        8  4.171837E-04
 -1.385600E+02 -2.366184E-04   745        8  4.180745E-04
 -1.385500E+02 -2.384443E-04   746        8  4.191146E-04
 -1.385400E+02 -2.397000E-04   747        8  4.189887E-04
 -1.385300E+02 -2.397326E-04   748        8  4.173938E-04
 -1.385200E+02 -2.408838E-04   749        8  4.152186E-04
 -1.385100E+02 -2.429016E-04   750        8  4.125354E-04
 -1.385000E+02 -2.449194E-04   751        8  4.100300E-04
 -1.384900E+02 -2.469372E-04   752        8  4.077055E-04
 -1.384800E+02 -2.482164E-04   753        8  4.053394E-04
 -1.384700E+02 -2.468332E-04   754        8  4.030271E-04
 -1.384600E+02 -2.453292E-04   755        8  4.008894E-04
 -1.384500E+02 -2.438253E-04   756        8  3.988458E-04
 -1.384400E+02 -2.423368E-04   757        8  3.968995E-04
 -1.384300E+02 -2.417963E-04   758        8  3.951265E-04
 -1.384200E+02 -2.409236E-04   759        8  3.932093E-04
 -1.384100E+02 -2.400850E-04   760        8  3.913429E-04
 -1.384000E+02 -2.392464E-04   761        8  3.895425E-04
 -1.383900E+02 -2.384077E-04   762        8  3.878090E-04
 -1.383800E+02 -2.383158E-04   763        8  3.877570E-04
 -1.383700E+02 -2.390870E-04   764        8  3.872124E-04
 -1.383600E+02 -2.388554E-04   765        8  3.865585E-04
 -1.383500E+02 -2.386237E-04   766        8  3.859227E-04
 -1.383400E+02 -2.383921E-04   767        8  3.853049E-04
 -1.383300E+02 -2.381605E-04   768        8  3.847053E-04
 -1.383200E+02 -2.381565E-04   769        8  3.840413E-04
 -1.383100E+02 -2.386467E-04   770        8  3.830413E-04
 -1.383000E+02 -2.391369E-04   771        8  3.820550E-04
 -1.382900E+02 -2.396272E-04   772        8  3.810825E-04
 -1.382800E+02 -2.403047E-04   773        8  3.801444E-04
 -1.382700E+02 -2.416862E-04   774        8  3.792712E-04
 -1.382600E+02 -2.428070E-04   775        8  3.783596E-04
 -1.382500E+02 -2.439203E-04   776        8  3.774791E-04
 -1.382400E+02 -2.450336E-04   777        8  3.766261E-04
 -1.382300E+02 -2.461469E-04   778        8  3.758008E-04
 -1.382200E+02 -2.463223E-04   779        8  3.729636E-04
 -1.382100E+02 -2.457978E-04   780        8  3.696033E-04
 -1.382000E+02 -2.447685E-04   781        8  3.665843E-04
 -1.381900E+02 -2.437391E-04   782        8  3.636238E-04
 -1.381800E+02 -2.427097E-04   783        8  3.607230E-04
 -1.381700E+02 -2.422499E-04   784        8  3.579496E-04
 -1.381600E+02 -2.439244E-04   785        8  3.555848E-04
 -1.381500E+02 -2.455750E-04   786        8  3.534360E-04
 -1.381400E+02 -2.472256E-04   787        8  3.514885E-04
 -1.381300E+02 -2.488762E-04   788        8  3.497455E-04
 -1.381200E+02 -2.491243E-04   789        8  3.476301E-04
 -1.381100E+02 -2.485767E-04   790        8  3.453545E-04
 -1.381000E+02 -2.484616E-04   791        8  3.428972E-04
 -1.380900E+02 -2.483464E-04   792        8  3.406648E-04
 -1.380800E+02 -2.482313E-04   793        8  3.386620E-04
 -1.380700E+02 -2.481543E-04   794        8  3.369647E-04
 -1.380600E+02 -2.498993E-04   795        8  3.382748E-04
 -1.380500E+02 -2.527470E-04   796        8  3.385899E-04
 -1.380400E+02 -2.565376E-04   797        8  3.382802E-04
 -1.380300E+02 -2.603282E-04   798        8  3.381519E-04
 -1.380200E+02 -2.641188E-04   799        8  3.382053E-04
 -1.380100E+02 -2.675685E-04   800        8  3.381092E-04
 -1.380000E+02 -2.222465E-04   801        9  3.455544E-04
 -1.379900E+02 -2.244083E-04   802        9  3.452865E-04
 -1.379800E+02 -2.265701E-04   803        9  3.451063E-04
 -1.379700E+02 -2.287319E-04   804        9  3.450138E-04
 -1.379600E+02 -2.318167E-04   805        9  3.450293E-04
 -1.379500E+02 -2.347796E-04   806        9  3.449913E-04
 -1.379400E+02 -2.374671E-04   807        9  3.450423E-04
 -1.379300E+02 -2.401546E-04   808        9  3.451451E-04
 -1.379200E+02 -2.428421E-04   809        9  3.452998E-04
 -1.379100E+02 -2.454657E-04   810        9  3.453829E-04
 -1.379000E+02 -2.469271E-04   811        9  3.438661E-04
 -1.378900E+02 -2.471903E-04   812        9  3.432037E-04
 -1.378800E+02 -2.470246E-04   813        9  3.428550E-04
 -1.378700E+02 -2.468589E-04   814        9  3.425700E-04
 -1.378600E+02 -2.466932E-04   815        9  3.423491E-04
 -1.378500E+02 -2.465440E-04   816        9  3.422162E-04
 -1.378400E+02 -2.463545E-04   817        9  3.422122E-04
 -1.378300E+02 -2.462609E-04   818        9  3.421518E-04
 -1.378200E+02 -2.461673E-04   819        9  3.421569E-04
 -1.378100E+02 -2.460736E-04   820        9  3.422275E-04
 -1.378000E+02 -2.463641E-04   821        9  3.423654E-04
 -1.377900E+02 -2.471398E-04   822        9  3.425469E-04
 -1.377800E+02 -2.480365E-04   823        9  3.427280E-04
 -1.377700E+02 -2.489333E-04   824        9  3.429779E-04
 -1.377600E+02 -2.498300E-04   825        9  3.432964E-04
 -1.377500E+02 -2.507437E-04   826        9  3.437101E-04
 -1.377400E+02 -2.516192E-04   827        9  3.442460E-04
 -1.377300E+02 -2.526045E-04   828        9  3.447026E-04
 -1.377200E+02 -2.535898E-04   829        9  3.452125E-04
 -1.377100E+02 -2.545751E-04   830        9  3.457754E-04
 -1.377000E+02 -2.555604E-04   831        9  3.463910E-04
 -1.376900E+02 -2.559762E-04   832        9  3.460056E-04
 -1.376800E+02 -2.564558E-04   833        9  3.454691E-04
 -1.376700E+02 -2.565847E-04   834        9  3.454200E-04
 -1.376600E+02 -2.567135E-04   835        9  3.454140E-04
 -1.376500E+02 -2.568205E-04   836        9  3.454487E-04
 -1.376400E+02 -2.568342E-04   837        9  3.455148E-04
 -1.376300E+02 -2.570866E-04   838        9  3.456359E-04
 -1.376200E+02 -2.573537E-04   839        9  3.457926E-04
 -1.376100E+02 -2.576209E-04   840        9  3.459917E-04
 -1.376000E+02 -2.578880E-04   841        9  3.462331E-04
 -1.375900E+02 -2.584954E-04   842        9  3.469334E-04
 -1.375800E+02 -2.595647E-04   843        9  3.485592E-04
 -1.375700E+02 -2.605683E-04   844        9  3.502310E-04
 -1.375600E+02 -2.615718E-04   845        9  3.519192E-04
 -1.375500E+02 -2.625753E-04   846        9  3.536236E-04
 -1.375400E+02 -2.634232E-04   847        9  3.550438E-04
 -1.375300E+02 -2.623546E-04   848        9  3.543164E-04
 -1.375200E+02 -2.615747E-04   849        9  3.524896E-04
 -1.375100E+02 -2.616868E-04   850        9  3.494759E-04
 -1.375000E+02 -2.617988E-04   851        9  3.465473E-04
 -1.374900E+02 -2.614194E-04   852        9  3.435870E-04
 -1.374800E+02 -2.601847E-04   853        9  3.405289E-04
 -1.374700E+02 -2.583177E-04   854        9  3.378613E-04
 -1.374600E+02 -2.563356E-04   855        9  3.353385E-04
 -1.374500E+02 -2.543535E-04   856        9  3.329283E-04
 -1.374400E+02 -2.523714E-04   857        9  3.306331E-04
 -1.374300E+02 -2.493953E-04   858        9  3.270968E-04
 -1.374200E+02 -2.463230E-04   859        9  3.233789E-04
 -1.374100E+02 -2.433142E-04   860        9  3.196941E-04
 -1.374000E+02 -2.403054E-04   861        9  3.161121E-04
 -1.373900E+02 -2.372966E-04   862        9  3.126363E-04
 -1.373800E+02 -2.345839E-04   863        9  3.098133E-04
 -1.373700E+02 -2.325250E-04   864        9  3.073283E-04
 -1.373600E+02 -2.295985E-04   865        9  3.057215E-04
 -1.373500E+02 -2.265631E-04   866        9  3.042479E-04
 -1.373400E+02 -2.235277E-04   867        9  3.028104E-04
 -1.373300E+02 -2.215496E-04   868        9  3.013212E-04
 -1.373200E+02 -2.205041E-04   869        9  2.993612E-04
 -1.373100E+02 -2.193694E-04   870        9  2.972204E-04
 -1.373000E+02 -2.182346E-04   871        9  2.951722E-04
 -1.372900E+02 -2.170999E-04   872        9  2.932188E-04
 -1.372800E+02 -2.160430E-04   873        9  2.914599E-04
 -1.372700E+02 -2.162714E-04   874        9  2.916352E-04
 -1.372600E+02 -2.159537E-04   875        9  2.924247E-04
 -1.372500E+02 -2.156087E-04   876        9  2.933501E-04
 -1.372400E+02 -2.152636E-04   877        9  2.943820E-04
 -1.372300E+02 -2.149186E-04   878        9  2.955194E-04
 -1.372200E+02 -2.141621E-04   879        9  2.960341E-04
 -1.372100E+02 -2.128935E-04   880        9  2.956305E-04
 -1.372000E+02 -2.114224E-04   881        9  2.955498E-04
 -1.371900E+02 -2.099512E-04   882        9  2.956265E-04
 -1.371800E+02 -2.084801E-04   883        9  2.958607E-04
 -1.371700E+02 -2.055629E-04   884        9  2.952511E-04
 -1.371600E+02 -2.045402E-04   885        9  2.954332E-04
 -1.371500E+02 -2.038099E-04   886        9  2.956412E-04
 -1.371400E+02 -2.030796E-04   887        9  2.960115E-04
 -1.371300E+02 -2.023493E-04   888        9  2.965433E-04
 -1.371200E+02 -2.006186E-04   889        9  2.956904E-04
 -1.371100E+02 -1.979853E-04   890        9  2.935855E-04
 -1.371000E+02 -1.959918E-04   891        9  2.909492E-04
 -1.370900E+02 -1.939984E-04   892        9  2.884942E-04
 -1.370800E+02 -1.920049E-04   893        9  2.862253E-04
 -1.370700E+02 -1.900115E-04   894        9  2.841468E-04
 -1.370600E+02 -1.894908E-04   895        9  2.838173E-04
 -1.370500E+02 -1.902597E-04   896        9  2.835490E-04
 -1.370400E+02 -1.919923E-04   897        9  2.826447E-04
 -1.370300E+02 -1.937250E-04   898        9  2.819409E-04
 -1.370200E+02 -1.955070E-04   899        9  2.814615E-04
 -1.370100E+02 -1.982138E-04   900        9  2.814958E-04
 -1.370000E+02 -2.181496E-04   901       10  2.721810E-04
 -1.369900E+02 -2.192841E-04   902       10  2.716452E-04
 -1.369800E+02 -2.204185E-04   903       10  2.712797E-04
 -1.369700E+02 -2.215529E-04   904       10  2.710851E-04
 -1.369600E+02 -2.236288E-04   905       10  2.718980E-04
 -1.369500E+02 -2.262959E-04   906       10  2.725446E-04
 -1.369400E+02 -2.290111E-04   907       10  2.731360E-04
 -1.369300E+02 -2.317262E-04   908       10  2.738034E-04
 -1.369200E+02 -2.344413E-04   909       10  2.745461E-04
 -1.369100E+02 -2.371564E-04   910       10  2.753636E-04
 -1.369000E+02 -2.394384E-04   911       10  2.756555E-04
 -1.368900E+02 -2.409312E-04   912       10  2.761648E-04
 -1.368800E+02 -2.418671E-04   913       10  2.770035E-04
 -1.368700E+02 -2.428031E-04   914       10  2.779017E-04
 -1.368600E+02 -2.435171E-04   915       10  2.787271E-04
 -1.368500E+02 -2.428840E-04   916       10  2.785920E-04
 -1.368400E+02 -2.419206E-04   917       10  2.780524E-04
 -1.368300E+02 -2.417412E-04   918       10  2.776740E-04
 -1.368200E+02 -2.415618E-04   919       10  2.773399E-04
 -1.368100E+02 -2.413823E-04   920       10  2.770502E-04
 -1.368000E+02 -2.412331E-04   921       10  2.767465E-04
 -1.367900E+02 -2.413131E-04   922       10  2.761107E-04
 -1.367800E+02 -2.414090E-04   923       10  2.755033E-04
 -1.367700E+02 -2.415049E-04   924       10  2.749405E-04
 -1.367600E+02 -2.416007E-04   925       10  2.744227E-04
 -1.367500E+02 -2.416732E-04   926       10  2.739225E-04
 -1.367400E+02 -2.416960E-04   927       10  2.733440E-04
 -1.367300E+02 -2.423296E-04   928       10  2.724501E-04
 -1.367200E+02 -2.429632E-04   929       10  2.716079E-04
 -1.367100E+02 -2.435967E-04   930       10  2.708179E-04
 -1.367000E+02 -2.443313E-04   931       10  2.700934E-04
 -1.366900E+02 -2.458893E-04   932       10  2.705932E-04
 -1.366800E+02 -2.479894E-04   933       10  2.708504E-04
 -1.366700E+02 -2.492364E-04   934       10  2.709593E-04
 -1.366600E+02 -2.504833E-04   935       10  2.712112E-04
 -1.366500E+02 -2.517423E-04   936       10  2.716153E-04
 -1.366400E+02 -2.532931E-04   937       10  2.723349E-04
 -1.366300E+02 -2.556645E-04   938       10  2.719937E-04
 -1.366200E+02 -2.580684E-04   939       10  2.717791E-04
 -1.366100E+02 -2.604723E-04   940       10  2.717214E-04
 -1.366000E+02 -2.628761E-04   941       10  2.718207E-04
 -1.365900E+02 -2.652663E-04   942       10  2.720642E-04
 -1.365800E+02 -2.672441E-04   943       10  2.723717E-04
 -1.365700E+02 -2.689816E-04   944       10  2.729774E-04
 -1.365600E+02 -2.707192E-04   945       10  2.737514E-04
 -1.365500E+02 -2.724567E-04   946       10  2.746923E-04
 -1.365400E+02 -2.756464E-04   947       10  2.750137E-04
 -1.365300E+02 -2.764323E-04   948       10  2.706107E-04
 -1.365200E+02 -2.782262E-04   949       10  2.657209E-04
 -1.365100E+02 -2.810871E-04   950       10  2.604140E-04
 -1.365000E+02 -2.839479E-04   951       10  2.552181E-04
 -1.364900E+02 -2.864244E-04   952       10  2.497969E-04
 -1.364800E+02 -2.875141E-04   953       10  2.432092E-04
 -1.364700E+02 -2.881421E-04   954       10  2.371279E-04
 -1.364600E+02 -2.886837E-04   955       10  2.313367E-04
 -1.364500E+02 -2.892254E-04   956       10  2.257807E-04
 -1.364400E+02 -2.897670E-04   957       10  2.204777E-04
 -1.364300E+02 -2.906380E-04   958       10  2.157031E-04
 -1.364200E+02 -2.911120E-04   959       10  2.113058E-04
 -1.364100E+02 -2.916219E-04   960       10  2.071684E-04
 -1.364000E+02 -2.921318E-04   961       10  2.033409E-04
 -1.363900E+02 -2.926417E-04   962       10  1.998413E-04
 -1.363800E+02 -2.932183E-04   963       10  1.968433E-04
 -1.363700E+02 -2.941340E-04   964       10  1.943106E-04
 -1.363600E+02 -2.941461E-04   965       10  1.916750E-04
 -1.363500E+02 -2.940981E-04   966       10  1.893062E-04
 -1.363400E+02 -2.940500E-04   967       10  1.872340E-04
 -1.363300E+02 -2.947086E-04   968       10  1.853626E-04
 -1.363200E+02 -2.967834E-04   969       10  1.839659E-04
 -1.363100E+02 -2.986379E-04   970       10  1.830588E-04
 -1.363000E+02 -3.004924E-04   971       10  1.823531E-04
 -1.362900E+02 -3.023469E-04   972       10  1.818510E-04
 -1.362800E+02 -3.042014E-04   973       10  1.815543E-04
 -1.362700E+02 -3.060852E-04   974       10  1.815582E-04
 -1.362600E+02 -3.073844E-04   975       10  1.823362E-04
 -1.362500E+02 -3.085990E-04   976       10  1.834541E-04
 -1.362400E+02 -3.098135E-04   977       10  1.848074E-04
 -1.362300E+02 -3.085675E-04   978       10  1.828683E-04
 -1.362200E+02 -3.069095E-04   979       10  1.806269E-04
 -1.362100E+02 -3.046651E-04   980       10  1.782973E-04
 -1.362000E+02 -3.019005E-04   981       10  1.760591E-04
 -1.361900E+02 -2.991360E-04   982       10  1.741164E-04
 -1.361800E+02 -2.963714E-04   983       10  1.724790E-04
 -1.361700E+02 -2.927852E-04   984       10  1.699315E-04
 -1.361600E+02 -2.905163E-04   985       10  1.656398E-04
 -1.361500E+02 -2.884461E-04   986       10  1.615140E-04
 -1.361400E+02 -2.863759E-04   987       10  1.578924E-04
 -1.361300E+02 -2.843057E-04   988       10  1.548104E-04
 -1.361200E+02 -2.818845E-04   989       10  1.518129E-04
 -1.361100E+02 -2.782866E-04   990       10  1.478694E-04
 -1.361000E+02 -2.749107E-04   991       10  1.440411E-04
 -1.360900E+02 -2.715499E-04   992       10  1.408029E-04
 -1.360800E+02 -2.692605E-04   993       10  1.387650E-04
 -1.360700E+02 -2.677312E-04   994       10  1.377462E-04
 -1.360600E+02 -2.672442E-04   995       10  1.376511E-04
 -1.360500E+02 -2.674392E-04   996       10  1.383240E-04
 -1.360400E+02 -2.679728E-04   997       10  1.396191E-04
 -1.360300E+02 -2.685064E-04   998       10  1.413835E-04
 -1.360200E+02 -2.690400E-04   999       10  1.436001E-04
 -1.360100E+02 -2.703197E-04  1000       10  1.465490E-04
 -1.360000E+02 -2.409725E-04  1001       11  1.720607E-04
 -1.359900E+02 -2.419814E-04  1002       11  1.748144E-04
 -1.359800E+02 -2.429904E-04  1003       11  1.778082E-04
 -1.359700E+02 -2.439993E-04  1004       11  1.810301E-04
 -1.359600E+02 -2.455541E-04  1005       11  1.846467E-04
 -1.359500E+02 -2.476399E-04  1006       11  1.886119E-04
 -1.359400E+02 -2.496993E-04  1007       11  1.927003E-04
 -1.359300E+02 -2.517587E-04  1008       11  1.968822E-04
 -1.359200E+02 -2.538182E-04  1009       11  2.011520E-04
 -1.359100E+02 -2.564253E-04  1010       11  2.058839E-04
 -1.359000E+02 -2.583102E-04  1011       11  2.106964E-04
 -1.358900E+02 -2.594264E-04  1012       11  2.154951E-04
 -1.358800E+02 -2.602148E-04  1013       11  2.204036E-04
 -1.358700E+02 -2.610031E-04  1014       11  2.255368E-04
 -1.358600E+02 -2.617682E-04  1015       11  2.308652E-04
 -1.358500E+02 -2.612840E-04  1016       11  2.352784E-04
 -1.358400E+02 -2.600261E-04  1017       11  2.396129E-04
 -1.358300E+02 -2.582657E-04  1018       11  2.446972E-04
 -1.358200E+02 -2.565053E-04  1019       11  2.499194E-04
 -1.358100E+02 -2.547449E-04  1020       11  2.552711E-04
 -1.358000E+02 -2.530455E-04  1021       11  2.607259E-04
 -1.357900E+02 -2.517763E-04  1022       11  2.659553E-04
 -1.357800E+02 -2.505843E-04  1023       11  2.712099E-04
 -1.357700E+02 -2.493923E-04  1024       11  2.765775E-04
 -1.357600E+02 -2.482003E-04  1025       11  2.820514E-04
 -1.357500E+02 -2.465208E-04  1026       11  2.867970E-04
 -1.357400E+02 -2.454072E-04  1027       11  2.909905E-04
 -1.357300E+02 -2.450389E-04  1028       11  2.949672E-04
 -1.357200E+02 -2.446706E-04  1029       11  2.989799E-04
 -1.357100E+02 -2.443023E-04  1030       11  3.030272E-04
 -1.357000E+02 -2.439329E-04  1031       11  3.071075E-04
 -1.356900E+02 -2.437054E-04  1032       11  3.115378E-04
 -1.356800E+02 -2.442559E-04  1033       11  3.153848E-04
 -1.356700E+02 -2.450863E-04  1034       11  3.189889E-04
 -1.356600E+02 -2.459168E-04  1035       11  3.226371E-04
 -1.356500E+02 -2.467472E-04  1036       11  3.263281E-04
 -1.356400E+02 -2.477129E-04  1037       11  3.301004E-04
 -1.356300E+02 -2.493276E-04  1038       11  3.333485E-04
 -1.356200E+02 -2.510037E-04  1039       11  3.365818E-04
 -1.356100E+02 -2.526799E-04  1040       11  3.398595E-04
 -1.356000E+02 -2.542613E-04  1041       11  3.430771E-04
 -1.355900E+02 -2.551745E-04  1042       11  3.456309E-04
 -1.355800E+02 -2.558910E-04  1043       11  3.485317E-04
 -1.355700E+02 -2.565315E-04  1044       11  3.515514E-04
 -1.355600E+02 -2.571720E-04  1045       11  3.546365E-04
 -1.355500E+02 -2.578125E-04  1046       11  3.577852E-04
 -1.355400E+02 -2.597243E-04  1047       11  3.601294E-04
 -1.355300E+02 -2.592870E-04  1048       11  3.567962E-04
 -1.355200E+02 -2.589404E-04  1049       11  3.534303E-04
 -1.355100E+02 -2.588375E-04  1050       11  3.499603E-04
 -1.355000E+02 -2.587346E-04  1051       11  3.466215E-04
 -1.354900E+02 -2.586317E-04  1052       11  3.434177E-04
 -1.354800E+02 -2.574549E-04  1053       11  3.397566E-04
 -1.354700E+02 -2.563488E-04  1054       11  3.360602E-04
 -1.354600E+02 -2.551681E-04  1055       11  3.325948E-04
 -1.354500E+02 -2.539874E-04  1056       11  3.293003E-04
 -1.354400E+02 -2.528406E-04  1057       11  3.262126E-04
 -1.354300E+02 -2.520479E-04  1058       11  3.230058E-04
 -1.354200E+02 -2.510782E-04  1059       11  3.192949E-04
 -1.354100E+02 -2.500953E-04  1060       11  3.157335E-04
 -1.354000E+02 -2.491123E-04  1061       11  3.123276E-04
 -1.353900E+02 -2.481293E-04  1062       11  3.090825E-04
 -1.353800E+02 -2.460731E-04  1063       11  3.054762E-04
 -1.353700E+02 -2.439437E-04  1064       11  3.013543E-04
 -1.353600E+02 -2.413931E-04  1065       11  2.974488E-04
 -1.353500E+02 -2.388418E-04  1066       11  2.936050E-04
 -1.353400E+02 -2.362905E-04  1067       11  2.898247E-04
 -1.353300E+02 -2.337391E-04  1068       11  2.861104E-04
 -1.353200E+02 -2.328428E-04  1069       11  2.825311E-04
 -1.353100E+02 -2.319718E-04  1070       11  2.789865E-04
 -1.353000E+02 -2.311007E-04  1071       11  2.755210E-04
 -1.352900E+02 -2.302297E-04  1072       11  2.721377E-04
 -1.352800E+02 -2.292772E-04  1073       11  2.687597E-04
 -1.352700E+02 -2.285166E-04  1074       11  2.645645E-04
 -1.352600E+02 -2.276438E-04  1075       11  2.599446E-04
 -1.352500E+02 -2.267616E-04  1076       11  2.553976E-04
 -1.352400E+02 -2.258794E-04  1077       11  2.509291E-04
 -1.352300E+02 -2.252483E-04  1078       11  2.466656E-04
 -1.352200E+02 -2.245226E-04  1079       11  2.422444E-04
 -1.352100E+02 -2.235080E-04  1080       11  2.375349E-04
 -1.352000E+02 -2.223901E-04  1081       11  2.330526E-04
 -1.351900E+02 -2.212722E-04  1082       11  2.287202E-04
 -1.351800E+02 -2.201543E-04  1083       11  2.245465E-04
 -1.351700E+02 -2.186464E-04  1084       11  2.200692E-04
 -1.351600E+02 -2.178421E-04  1085       11  2.148373E-04
 -1.351500E+02 -2.172361E-04  1086       11  2.096057E-04
 -1.351400E+02 -2.166301E-04  1087       11  2.046518E-04
 -1.351300E+02 -2.160241E-04  1088       11  1.999961E-04
 -1.351200E+02 -2.158209E-04  1089       11  1.965160E-04
 -1.351100E+02 -2.149048E-04  1090       11  1.945775E-04
 -1.351000E+02 -2.139583E-04  1091       11  1.928035E-04
 -1.350900E+02 -2.130162E-04  1092       11  1.914891E-04
 -1.350800E+02 -2.121244E-04  1093       11  1.906772E-04
 -1.350700E+02 -2.112958E-04  1094       11  1.903844E-04
 -1.350600E+02 -2.112068E-04  1095       11  1.909160E-04
 -1.350500E+02 -2.118924E-04  1096       11  1.913741E-04
 -1.350400E+02 -2.133868E-04  1097       11  1.912346E-04
 -1.350300E+02 -2.148812E-04  1098       11  1.914695E-04
 -1.350200E+02 -2.163755E-04  1099       11  1.920774E-04
 -1.350100E+02 -2.181431E-04  1100       11  1.931027E-04
 -1.350000E+02 -1.890804E-04  1101       12  2.116436E-04
 -1.349900E+02 -1.905118E-04  1102       12  2.127382E-04
 -1.349800E+02 -1.919432E-04  1103       12  2.140529E-04
 -1.349700E+02 -1.931217E-04  1104       12  2.152676E-04
 -1.349600E+02 -1.944826E-04  1105       12  2.160973E-04
 -1.349500E+02 -1.962426E-04  1106       12  2.165811E-04
 -1.349400E+02 -1.978595E-04  1107       12  2.172037E-04
 -1.349300E+02 -1.994763E-04  1108       12  2.180114E-04
 -1.349200E+02 -2.010932E-04  1109       12  2.190022E-04
 -1.349100E+02 -2.031928E-04  1110       12  2.205256E-04
 -1.349000E+02 -2.055183E-04  1111       12  2.225250E-04
 -1.348900E+02 -2.070668E-04  1112       12  2.248854E-04
 -1.348800E+02 -2.081651E-04  1113       12  2.275297E-04
 -1.348700E+02 -2.092633E-04  1114       12  2.303550E-04
 -1.348600E+02 -2.103615E-04  1115       12  2.333548E-04
 -1.348500E+02 -2.107497E-04  1116       12  2.357081E-04
 -1.348400E+02 -2.104626E-04  1117       12  2.373316E-04
 -1.348300E+02 -2.098532E-04  1118       12  2.395234E-04
 -1.348200E+02 -2.092438E-04  1119       12  2.418445E-04
 -1.348100E+02 -2.086991E-04  1120       12  2.443592E-04
 -1.348000E+02 -2.083425E-04  1121       12  2.470668E-04
 -1.347900E+02 -2.083933E-04  1122       12  2.497272E-04
 -1.347800E+02 -2.086103E-04  1123       12  2.525415E-04
 -1.347700E+02 -2.088274E-04  1124       12  2.554712E-04
 -1.347600E+02 -2.090444E-04  1125       12  2.585123E-04
 -1.347500E+02 -2.089212E-04  1126       12  2.610239E-04
 -1.347400E+02 -2.089715E-04  1127       12  2.630254E-04
 -1.347300E+02 -2.089603E-04  1128       12  2.649883E-04
 -1.347200E+02 -2.089491E-04  1129       12  2.669961E-04
 -1.347100E+02 -2.089379E-04  1130       12  2.690477E-04
 -1.347000E+02 -2.089267E-04  1131       12  2.711422E-04
 -1.346900E+02 -2.090613E-04  1132       12  2.739429E-04
 -1.346800E+02 -2.098791E-04  1133       12  2.765170E-04
 -1.346700E+02 -2.108569E-04  1134       12  2.790243E-04
 -1.346600E+02 -2.118346E-04  1135       12  2.816164E-04
 -1.346500E+02 -2.134222E-04  1136       12  2.849243E-04
 -1.346400E+02 -2.157318E-04  1137       12  2.894765E-04
 -1.346300E+02 -2.186219E-04  1138       12  2.937214E-04
 -1.346200E+02 -2.214824E-04  1139       12  2.980662E-04
 -1.346100E+02 -2.243429E-04  1140       12  3.025182E-04
 -1.346000E+02 -2.272034E-04  1141       12  3.070725E-04
 -1.345900E+02 -2.296570E-04  1142       12  3.112054E-04
 -1.345800E+02 -2.326209E-04  1143       12  3.150200E-04
 -1.345700E+02 -2.355782E-04  1144       12  3.189897E-04
 -1.345600E+02 -2.385355E-04  1145       12  3.230644E-04
 -1.345500E+02 -2.414929E-04  1146       12  3.272402E-04
 -1.345400E+02 -2.451778E-04  1147       12  3.312100E-04
 -1.345300E+02 -2.477182E-04  1148       12  3.315901E-04
 -1.345200E+02 -2.503791E-04  1149       12  3.317991E-04
 -1.345100E+02 -2.532544E-04  1150       12  3.319153E-04
 -1.345000E+02 -2.561296E-04  1151       12  3.322005E-04
 -1.344900E+02 -2.564574E-04  1152       12  3.282662E-04
 -1.344800E+02 -2.561509E-04  1153       12  3.238698E-04
 -1.344700E+02 -2.553544E-04  1154       12  3.195939E-04
 -1.344600E+02 -2.544822E-04  1155       12  3.153956E-04
 -1.344500E+02 -2.536101E-04  1156       12  3.112957E-04
 -1.344400E+02 -2.527246E-04  1157       12  3.072843E-04
 -1.344300E+02 -2.517012E-04  1158       12  3.031550E-04
 -1.344200E+02 -2.504285E-04  1159       12  2.987769E-04
 -1.344100E+02 -2.492742E-04  1160       12  2.944023E-04
 -1.344000E+02 -2.481199E-04  1161       12  2.901219E-04
 -1.343900E+02 -2.469657E-04  1162       12  2.859398E-04
 -1.343800E+02 -2.452788E-04  1163       12  2.816350E-04
 -1.343700E+02 -2.429964E-04  1164       12  2.770208E-04
 -1.343600E+02 -2.402135E-04  1165       12  2.732388E-04
 -1.343500E+02 -2.374305E-04  1166       12  2.695250E-04
 -1.343400E+02 -2.346844E-04  1167       12  2.659307E-04
 -1.343300E+02 -2.327193E-04  1168       12  2.634264E-04
 -1.343200E+02 -2.310971E-04  1169       12  2.604038E-04
 -1.343100E+02 -2.292997E-04  1170       12  2.574327E-04
 -1.343000E+02 -2.275022E-04  1171       12  2.545214E-04
 -1.342900E+02 -2.257048E-04  1172       12  2.516721E-04
 -1.342800E+02 -2.238907E-04  1173       12  2.488669E-04
 -1.342700E+02 -2.223579E-04  1174       12  2.456690E-04
 -1.342600E+02 -2.206432E-04  1175       12  2.427555E-04
 -1.342500E+02 -2.188858E-04  1176       12  2.399602E-04
 -1.342400E+02 -2.171284E-04  1177       12  2.372555E-04
 -1.342300E+02 -2.156476E-04  1178       12  2.347538E-04
 -1.342200E+02 -2.143771E-04  1179       12  2.323287E-04
 -1.342100E+02 -2.125090E-04  1180       12  2.294732E-04
 -1.342000E+02 -2.105717E-04  1181       12  2.263938E-04
 -1.341900E+02 -2.086343E-04  1182       12  2.233920E-04
 -1.341800E+02 -2.066970E-04  1183       12  2.204708E-04
 -1.341700E+02 -2.060991E-04  1184       12  2.192768E-04
 -1.341600E+02 -2.069073E-04  1185       12  2.180385E-04
 -1.341500E+02 -2.079612E-04  1186       12  2.169947E-04
 -1.341400E+02 -2.090152E-04  1187       12  2.161706E-04
 -1.341300E+02 -2.100692E-04  1188       12  2.155687E-04
 -1.341200E+02 -2.108370E-04  1189       12  2.153076E-04
 -1.341100E+02 -2.105984E-04  1190       12  2.158282E-04
 -1.341000E+02 -2.106861E-04  1191       12  2.160454E-04
 -1.340900E+02 -2.107738E-04  1192       12  2.164930E-04
 -1.340800E+02 -2.108600E-04  1193       12  2.171683E-04
 -1.340700E+02 -2.109377E-04  1194       12  2.180650E-04
 -1.340600E+02 -2.114101E-04  1195       12  2.194735E-04
 -1.340500E+02 -2.122365E-04  1196       12  2.205201E-04
 -1.340400E+02 -2.137381E-04  1197       12  2.207234E-04
 -1.340300E+02 -2.152397E-04  1198       12  2.211366E-04
 -1.340200E+02 -2.164295E-04  1199       12  2.210581E-04
 -1.340100E+02 -2.163582E-04  1200       12  2.205628E-04
 -1.340000E+02 -1.955745E-04  1201       13  2.226543E-04
 -1.339900E+02 -1.943262E-04  1202       13  2.228978E-04
 -1.339800E+02 -1.930780E-04  1203       13  2.232986E-04
 -1.339700E+02 -1.921699E-04  1204       13  2.241236E-04
 -1.339600E+02 -1.917353E-04  1205       13  2.250264E-04
 -1.339500E+02 -1.914928E-04  1206       13  2.257975E-04
 -1.339400E+02 -1.910784E-04  1207       13  2.268395E-04
 -1.339300E+02 -1.906639E-04  1208       13  2.280182E-04
 -1.339200E+02 -1.902494E-04  1209       13  2.293313E-04
 -1.339100E+02 -1.900948E-04  1210       13  2.310051E-04
 -1.339000E+02 -1.902543E-04  1211       13  2.332860E-04
 -1.338900E+02 -1.894647E-04  1212       13  2.360440E-04
 -1.338800E+02 -1.882848E-04  1213       13  2.391473E-04
 -1.338700E+02 -1.868443E-04  1214       13  2.417744E-04
 -1.338600E+02 -1.854038E-04  1215       13  2.445485E-04
 -1.338500E+02 -1.851399E-04  1216       13  2.458026E-04
 -1.338400E+02 -1.852190E-04  1217       13  2.466119E-04
 -1.338300E+02 -1.852770E-04  1218       13  2.476237E-04
 -1.338200E+02 -1.853349E-04  1219       13  2.488299E-04
 -1.338100E+02 -1.853254E-04  1220       13  2.501705E-04
 -1.338000E+02 -1.850054E-04  1221       13  2.514647E-04
 -1.337900E+02 -1.847914E-04  1222       13  2.529364E-04
 -1.337800E+02 -1.846058E-04  1223       13  2.545669E-04
 -1.337700E+02 -1.844202E-04  1224       13  2.563769E-04
 -1.337600E+02 -1.842346E-04  1225       13  2.583625E-04
 -1.337500E+02 -1.839037E-04  1226       13  2.601471E-04
 -1.337400E+02 -1.836754E-04  1227       13  2.614539E-04
 -1.337300E+02 -1.834842E-04  1228       13  2.627425E-04
 -1.337200E+02 -1.832929E-04  1229       13  2.641463E-04
 -1.337100E+02 -1.831017E-04  1230       13  2.656635E-04
 -1.337000E+02 -1.827597E-04  1231       13  2.669666E-04
 -1.336900E+02 -1.814966E-04  1232       13  2.692991E-04
 -1.336800E+02 -1.802990E-04  1233       13  2.717432E-04
 -1.336700E+02 -1.789210E-04  1234       13  2.744042E-04
 -1.336600E+02 -1.775430E-04  1235       13  2.771471E-04
 -1.336500E+02 -1.766537E-04  1236       13  2.802741E-04
 -1.336400E+02 -1.772438E-04  1237       13  2.843007E-04
 -1.336300E+02 -1.787946E-04  1238       13  2.880407E-04
 -1.336200E+02 -1.803850E-04  1239       13  2.919296E-04
 -1.336100E+02 -1.819754E-04  1240       13  2.959889E-04
 -1.336000E+02 -1.835658E-04  1241       13  3.002117E-04
 -1.335900E+02 -1.847881E-04  1242       13  3.039182E-04
 -1.335800E+02 -1.858834E-04  1243       13  3.075963E-04
 -1.335700E+02 -1.871452E-04  1244       13  3.114240E-04
 -1.335600E+02 -1.884070E-04  1245       13  3.154025E-04
 -1.335500E+02 -1.896688E-04  1246       13  3.195261E-04
 -1.335400E+02 -1.926210E-04  1247       13  3.250199E-04
 -1.335300E+02 -1.945554E-04  1248       13  3.275057E-04
 -1.335200E+02 -1.974517E-04  1249       13  3.292839E-04
 -1.335100E+02 -2.007007E-04  1250       13  3.309574E-04
 -1.335000E+02 -2.039497E-04  1251       13  3.328433E-04
 -1.334900E+02 -2.051201E-04  1252       13  3.319970E-04
 -1.334800E+02 -2.049836E-04  1253       13  3.305064E-04
 -1.334700E+02 -2.044536E-04  1254       13  3.294298E-04
 -1.334600E+02 -2.038769E-04  1255       13  3.285932E-04
 -1.334500E+02 -2.033002E-04  1256       13  3.279721E-04
 -1.334400E+02 -2.027235E-04  1257       13  3.275676E-04
 -1.334300E+02 -2.022351E-04  1258       13  3.269533E-04
 -1.334200E+02 -2.019416E-04  1259       13  3.261688E-04
 -1.334100E+02 -2.017646E-04  1260       13  3.255039E-04
 -1.334000E+02 -2.015876E-04  1261       13  3.250404E-04
 -1.333900E+02 -2.013363E-04  1262       13  3.246167E-04
 -1.333800E+02 -2.004652E-04  1263       13  3.239110E-04
 -1.333700E+02 -1.992334E-04  1264       13  3.236085E-04
 -1.333600E+02 -1.975157E-04  1265       13  3.235725E-04
 -1.333500E+02 -1.957979E-04  1266       13  3.236589E-04
 -1.333400E+02 -1.940802E-04  1267       13  3.238675E-04
 -1.333300E+02 -1.931380E-04  1268       13  3.246947E-04
 -1.333200E+02 -1.928313E-04  1269       13  3.249840E-04
 -1.333100E+02 -1.923882E-04  1270       13  3.253664E-04
 -1.333000E+02 -1.919451E-04  1271       13  3.258148E-04
 -1.332900E+02 -1.915019E-04  1272       13  3.263287E-04
 -1.332800E+02 -1.910588E-04  1273       13  3.269078E-04
 -1.332700E+02 -1.907344E-04  1274       13  3.263891E-04
 -1.332600E+02 -1.903915E-04  1275       13  3.258770E-04
 -1.332500E+02 -1.900029E-04  1276       13  3.254833E-04
 -1.332400E+02 -1.896143E-04  1277       13  3.251814E-04
 -1.332300E+02 -1.883742E-04  1278       13  3.215262E-04
 -1.332200E+02 -1.872179E-04  1279       13  3.167523E-04
 -1.332100E+02 -1.857138E-04  1280       13  3.121061E-04
 -1.332000E+02 -1.840657E-04  1281       13  3.076067E-04
 -1.331900E+02 -1.824175E-04  1282       13  3.031737E-04
 -1.331800E+02 -1.807693E-04  1283       13  2.988101E-04
 -1.331700E+02 -1.798314E-04  1284       13  2.950335E-04
 -1.331600E+02 -1.801592E-04  1285       13  2.918566E-04
 -1.331500E+02 -1.807063E-04  1286       13  2.887001E-04
 -1.331400E+02 -1.812534E-04  1287       13  2.857278E-04
 -1.331300E+02 -1.818005E-04  1288       13  2.829456E-04
 -1.331200E+02 -1.821508E-04  1289       13  2.805007E-04
 -1.331100E+02 -1.814278E-04  1290       13  2.789615E-04
 -1.331000E+02 -1.808140E-04  1291       13  2.773652E-04
 -1.330900E+02 -1.802003E-04  1292       13  2.759888E-04
 -1.330800E+02 -1.796374E-04  1293       13  2.748132E-04
 -1.330700E+02 -1.794406E-04  1294       13  2.737149E-04
 -1.330600E+02 -1.798039E-04  1295       13  2.726539E-04
 -1.330500E+02 -1.809299E-04  1296       13  2.713668E-04
 -1.330400E+02 -1.827027E-04  1297       13  2.698084E-04
 -1.330300E+02 -1.844755E-04  1298       13  2.684918E-04
 -1.330200E+02 -1.863097E-04  1299       13  2.674831E-04
 -1.330100E+02 -1.877230E-04  1300       13  2.672889E-04
 -1.330000E+02 -2.178377E-04  1301       14  2.786852E-04
 -1.329900E+02 -2.179884E-04  1302       14  2.783509E-04
 -1.329800E+02 -2.181390E-04  1303       14  2.782668E-04
 -1.329700E+02 -2.182774E-04  1304       14  2.784204E-04
 -1.329600E+02 -2.186892E-04  1305       14  2.783389E-04
 -1.329500E+02 -2.196775E-04  1306       14  2.778245E-04
 -1.329400E+02 -2.208967E-04  1307       14  2.773926E-04
 -1.329300E+02 -2.221159E-04  1308       14  2.771949E-04
 -1.329200E+02 -2.236317E-04  1309       14  2.776160E-04
 -1.329100E+02 -2.255706E-04  1310       14  2.791752E-04
 -1.329000E+02 -2.262902E-04  1311       14  2.810141E-04
 -1.328900E+02 -2.262737E-04  1312       14  2.832812E-04
 -1.328800E+02 -2.259332E-04  1313       14  2.857865E-04
 -1.328700E+02 -2.248154E-04  1314       14  2.872929E-04
 -1.328600E+02 -2.236141E-04  1315       14  2.887818E-04
 -1.328500E+02 -2.234189E-04  1316       14  2.884040E-04
 -1.328400E+02 -2.233904E-04  1317       14  2.872341E-04
 -1.328300E+02 -2.234954E-04  1318       14  2.863192E-04
 -1.328200E+02 -2.236005E-04  1319       14  2.854946E-04
 -1.328100E+02 -2.237055E-04  1320       14  2.847612E-04
 -1.328000E+02 -2.236403E-04  1321       14  2.840629E-04
 -1.327900E+02 -2.233514E-04  1322       14  2.836436E-04
 -1.327800E+02 -2.229934E-04  1323       14  2.834057E-04
 -1.327700E+02 -2.226354E-04  1324       14  2.832722E-04
 -1.327600E+02 -2.222458E-04  1325       14  2.832010E-04
 -1.327500E+02 -2.220394E-04  1326       14  2.830468E-04
 -1.327400E+02 -2.221930E-04  1327       14  2.826585E-04
 -1.327300E+02 -2.218482E-04  1328       14  2.820307E-04
 -1.327200E+02 -2.215033E-04  1329       14  2.814805E-04
 -1.327100E+02 -2.211585E-04  1330       14  2.810083E-04
 -1.327000E+02 -2.209420E-04  1331       14  2.808099E-04
 -1.326900E+02 -2.198220E-04  1332       14  2.823402E-04
 -1.326800E+02 -2.185426E-04  1333       14  2.838646E-04
 -1.326700E+02 -2.170126E-04  1334       14  2.852096E-04
 -1.326600E+02 -2.154827E-04  1335       14  2.866363E-04
 -1.326500E+02 -2.139527E-04  1336       14  2.881434E-04
 -1.326400E+02 -2.145322E-04  1337       14  2.896386E-04
 -1.326300E+02 -2.157336E-04  1338       14  2.911598E-04
 -1.326200E+02 -2.170009E-04  1339       14  2.928177E-04
 -1.326100E+02 -2.182682E-04  1340       14  2.946310E-04
 -1.326000E+02 -2.191693E-04  1341       14  2.961389E-04
 -1.325900E+02 -2.190021E-04  1342       14  2.971612E-04
 -1.325800E+02 -2.190219E-04  1343       14  2.982833E-04
 -1.325700E+02 -2.191362E-04  1344       14  2.996722E-04
 -1.325600E+02 -2.192504E-04  1345       14  3.012796E-04
 -1.325500E+02 -2.193646E-04  1346       14  3.031020E-04
 -1.325400E+02 -2.209822E-04  1347       14  3.053442E-04
 -1.325300E+02 -2.216061E-04  1348       14  3.041880E-04
 -1.325200E+02 -2.225447E-04  1349       14  3.038415E-04
 -1.325100E+02 -2.237879E-04  1350       14  3.039890E-04
 -1.325000E+02 -2.250311E-04  1351       14  3.044993E-04
 -1.324900E+02 -2.250303E-04  1352       14  3.042683E-04
 -1.324800E+02 -2.230917E-04  1353       14  3.032020E-04
 -1.324700E+02 -2.207915E-04  1354       14  3.024304E-04
 -1.324600E+02 -2.184841E-04  1355       14  3.020280E-04
 -1.324500E+02 -2.161767E-04  1356       14  3.019883E-04
 -1.324400E+02 -2.153603E-04  1357       14  3.030585E-04
 -1.324300E+02 -2.154483E-04  1358       14  3.043198E-04
 -1.324200E+02 -2.158610E-04  1359       14  3.056071E-04
 -1.324100E+02 -2.163518E-04  1360       14  3.071926E-04
 -1.324000E+02 -2.168425E-04  1361       14  3.091118E-04
 -1.323900E+02 -2.173205E-04  1362       14  3.113271E-04
 -1.323800E+02 -2.168463E-04  1363       14  3.134293E-04
 -1.323700E+02 -2.156422E-04  1364       14  3.163238E-04
 -1.323600E+02 -2.140860E-04  1365       14  3.188782E-04
 -1.323500E+02 -2.125297E-04  1366       14  3.216575E-04
 -1.323400E+02 -2.109734E-04  1367       14  3.246561E-04
 -1.323300E+02 -2.100011E-04  1368       14  3.277571E-04
 -1.323200E+02 -2.096407E-04  1369       14  3.302016E-04
 -1.323100E+02 -2.090906E-04  1370       14  3.326547E-04
 -1.323000E+02 -2.085405E-04  1371       14  3.352475E-04
 -1.322900E+02 -2.079904E-04  1372       14  3.379768E-04
 -1.322800E+02 -2.069204E-04  1373       14  3.402817E-04
 -1.322700E+02 -2.063532E-04  1374       14  3.422656E-04
 -1.322600E+02 -2.056224E-04  1375       14  3.443990E-04
 -1.322500E+02 -2.048707E-04  1376       14  3.466695E-04
 -1.322400E+02 -2.041191E-04  1377       14  3.490655E-04
 -1.322300E+02 -2.030626E-04  1378       14  3.482349E-04
 -1.322200E+02 -2.022925E-04  1379       14  3.452994E-04
 -1.322100E+02 -2.016651E-04  1380       14  3.423275E-04
 -1.322000E+02 -2.009420E-04  1381       14  3.393585E-04
 -1.321900E+02 -2.002189E-04  1382       14  3.364962E-04
 -1.321800E+02 -1.994958E-04  1383       14  3.337432E-04
 -1.321700E+02 -1.990508E-04  1384       14  3.310954E-04
 -1.321600E+02 -2.002202E-04  1385       14  3.290331E-04
 -1.321500E+02 -2.015458E-04  1386       14  3.269697E-04
 -1.321400E+02 -2.028714E-04  1387       14  3.250588E-04
 -1.321300E+02 -2.040999E-04  1388       14  3.231730E-04
 -1.321200E+02 -2.047997E-04  1389       14  3.211476E-04
 -1.321100E+02 -2.042451E-04  1390       14  3.197258E-04
 -1.321000E+02 -2.037940E-04  1391       14  3.181907E-04
 -1.320900E+02 -2.033429E-04  1392       14  3.168101E-04
 -1.320800E+02 -2.029337E-04  1393       14  3.155603E-04
 -1.320700E+02 -2.027858E-04  1394       14  3.143201E-04
 -1.320600E+02 -2.030478E-04  1395       14  3.131325E-04
 -1.320500E+02 -2.036244E-04  1396       14  3.121347E-04
 -1.320400E+02 -2.045809E-04  1397       14  3.113093E-04
 -1.320300E+02 -2.055375E-04  1398       14  3.106144E-04
 -1.320200E+02 -2.064941E-04  1399       14  3.100511E-04
 -1.320100E+02 -2.073919E-04  1400       14  3.097923E-04
 -1.320000E+02 -1.951075E-04  1401       15  3.024334E-04
 -1.319900E+02 -1.950242E-04  1402       15  3.022573E-04
 -1.319800E+02 -1.949409E-04  1403       15  3.022160E-04
 -1.319700E+02 -1.947828E-04  1404       15  3.016608E-04
 -1.319600E+02 -1.955816E-04  1405       15  3.004563E-04
 -1.319500E+02 -1.971834E-04  1406       15  2.991612E-04
 -1.319400E+02 -1.991509E-04  1407       15  2.980276E-04
 -1.319300E+02 -2.011184E-04  1408       15  2.970672E-04
 -1.319200E+02 -2.031722E-04  1409       15  2.964792E-04
 -1.319100E+02 -2.054639E-04  1410       15  2.972024E-04
 -1.319000E+02 -2.069840E-04  1411       15  2.979782E-04
 -1.318900E+02 -2.080300E-04  1412       15  2.987526E-04
 -1.318800E+02 -2.088471E-04  1413       15  2.996309E-04
 -1.318700E+02 -2.092526E-04  1414       15  3.005478E-04
 -1.318600E+02 -2.094047E-04  1415       15  3.015234E-04
 -1.318500E+02 -2.104159E-04  1416       15  3.008810E-04
 -1.318400E+02 -2.117765E-04  1417       15  2.989541E-04
 -1.318300E+02 -2.133701E-04  1418       15  2.969653E-04
 -1.318200E+02 -2.148732E-04  1419       15  2.950022E-04
 -1.318100E+02 -2.157422E-04  1420       15  2.925506E-04
 -1.318000E+02 -2.158924E-04  1421       15  2.902605E-04
 -1.317900E+02 -2.153807E-04  1422       15  2.879791E-04
 -1.317800E+02 -2.148850E-04  1423       15  2.858174E-04
 -1.317700E+02 -2.143893E-04  1424       15  2.837899E-04
 -1.317600E+02 -2.139013E-04  1425       15  2.819178E-04
 -1.317500E+02 -2.136417E-04  1426       15  2.802218E-04
 -1.317400E+02 -2.138903E-04  1427       15  2.784146E-04
 -1.317300E+02 -2.144494E-04  1428       15  2.766415E-04
 -1.317200E+02 -2.150085E-04  1429       15  2.749856E-04
 -1.317100E+02 -2.155676E-04  1430       15  2.734491E-04
 -1.317000E+02 -2.161744E-04  1431       15  2.720506E-04
 -1.316900E+02 -2.163091E-04  1432       15  2.727823E-04
 -1.316800E+02 -2.165345E-04  1433       15  2.741697E-04
 -1.316700E+02 -2.166141E-04  1434       15  2.757926E-04
 -1.316600E+02 -2.177451E-04  1435       15  2.776035E-04
 -1.316500E+02 -2.203579E-04  1436       15  2.796212E-04
 -1.316400E+02 -2.247151E-04  1437       15  2.820254E-04
 -1.316300E+02 -2.299376E-04  1438       15  2.848793E-04
 -1.316200E+02 -2.352098E-04  1439       15  2.879865E-04
 -1.316100E+02 -2.404819E-04  1440       15  2.913281E-04
 -1.316000E+02 -2.454240E-04  1441       15  2.941745E-04
 -1.315900E+02 -2.489682E-04  1442       15  2.948357E-04
 -1.315800E+02 -2.523248E-04  1443       15  2.959419E-04
 -1.315700E+02 -2.556280E-04  1444       15  2.974848E-04
 -1.315600E+02 -2.589313E-04  1445       15  2.994399E-04
 -1.315500E+02 -2.622346E-04  1446       15  3.017994E-04
 -1.315400E+02 -2.665242E-04  1447       15  3.040890E-04
 -1.315300E+02 -2.696803E-04  1448       15  3.022571E-04
 -1.315200E+02 -2.731615E-04  1449       15  3.002366E-04
 -1.315100E+02 -2.769143E-04  1450       15  2.984953E-04
 -1.315000E+02 -2.788949E-04  1451       15  2.956965E-04
 -1.314900E+02 -2.790227E-04  1452       15  2.910218E-04
 -1.314800E+02 -2.768035E-04  1453       15  2.840095E-04
 -1.314700E+02 -2.740430E-04  1454       15  2.770161E-04
 -1.314600E+02 -2.712767E-04  1455       15  2.703122E-04
 -1.314500E+02 -2.685105E-04  1456       15  2.639158E-04
 -1.314400E+02 -2.672703E-04  1457       15  2.595449E-04
 -1.314300E+02 -2.668450E-04  1458       15  2.566272E-04
 -1.314200E+02 -2.666576E-04  1459       15  2.539578E-04
 -1.314100E+02 -2.665820E-04  1460       15  2.516320E-04
 -1.314000E+02 -2.665065E-04  1461       15  2.497540E-04
 -1.313900E+02 -2.664309E-04  1462       15  2.483338E-04
 -1.313800E+02 -2.658789E-04  1463       15  2.476849E-04
 -1.313700E+02 -2.647383E-04  1464       15  2.485669E-04
 -1.313600E+02 -2.630565E-04  1465       15  2.500237E-04
 -1.313500E+02 -2.613747E-04  1466       15  2.517812E-04
 -1.313400E+02 -2.609536E-04  1467       15  2.540168E-04
 -1.313300E+02 -2.611362E-04  1468       15  2.567900E-04
 -1.313200E+02 -2.618853E-04  1469       15  2.590992E-04
 -1.313100E+02 -2.624905E-04  1470       15  2.613120E-04
 -1.313000E+02 -2.630958E-04  1471       15  2.636908E-04
 -1.312900E+02 -2.637010E-04  1472       15  2.662311E-04
 -1.312800E+02 -2.637754E-04  1473       15  2.678781E-04
 -1.312700E+02 -2.642239E-04  1474       15  2.687447E-04
 -1.312600E+02 -2.648361E-04  1475       15  2.695063E-04
 -1.312500E+02 -2.654452E-04  1476       15  2.704136E-04
 -1.312400E+02 -2.660543E-04  1477       15  2.714632E-04
 -1.312300E+02 -2.665892E-04  1478       15  2.709587E-04
 -1.312200E+02 -2.668215E-04  1479       15  2.677984E-04
 -1.312100E+02 -2.667708E-04  1480       15  2.647160E-04
 -1.312000E+02 -2.665673E-04  1481       15  2.617997E-04
 -1.311900E+02 -2.663637E-04  1482       15  2.589989E-04
 -1.311800E+02 -2.657879E-04  1483       15  2.561381E-04
 -1.311700E+02 -2.652558E-04  1484       15  2.535667E-04
 -1.311600E+02 -2.657752E-04  1485       15  2.518308E-04
 -1.311500E+02 -2.663425E-04  1486       15  2.502015E-04
 -1.311400E+02 -2.669097E-04  1487       15  2.486993E-04
 -1.311300E+02 -2.674122E-04  1488       15  2.471715E-04
 -1.311200E+02 -2.669764E-04  1489       15  2.446750E-04
 -1.311100E+02 -2.648541E-04  1490       15  2.435187E-04
 -1.311000E+02 -2.629252E-04  1491       15  2.424412E-04
 -1.310900E+02 -2.609963E-04  1492       15  2.415698E-04
 -1.310800E+02 -2.590932E-04  1493       15  2.408820E-04
 -1.310700E+02 -2.574439E-04  1494       15  2.401716E-04
 -1.310600E+02 -2.560981E-04  1495       15  2.396456E-04
 -1.310500E+02 -2.551258E-04  1496       15  2.392423E-04
 -1.310400E+02 -2.544734E-04  1497       15  2.389352E-04
 -1.310300E+02 -2.538091E-04  1498       15  2.388445E-04
 -1.310200E+02 -2.530683E-04  1499       15  2.389413E-04
 -1.310100E+02 -2.521382E-04  1500       15  2.394308E-04
 -1.310000E+02 -2.331907E-04  1501       16  2.418030E-04
 -1.309900E+02 -2.317392E-04  1502       16  2.422687E-04
 -1.309800E+02 -2.302877E-04  1503       16  2.429386E-04
 -1.309700E+02 -2.289275E-04  1504       16  2.429413E-04
 -1.309600E+02 -2.284846E-04  1505       16  2.415628E-04
 -1.309500E+02 -2.282881E-04  1506       16  2.399350E-04
 -1.309400E+02 -2.280303E-04  1507       16  2.384653E-04
 -1.309300E+02 -2.277724E-04  1508       16  2.371296E-04
 -1.309200E+02 -2.275145E-04  1509       16  2.359303E-04
 -1.309100E+02 -2.274896E-04  1510       16  2.355370E-04
 -1.309000E+02 -2.267008E-04  1511       16  2.353569E-04
 -1.308900E+02 -2.254386E-04  1512       16  2.351240E-04
 -1.308800E+02 -2.239986E-04  1513       16  2.349161E-04
 -1.308700E+02 -2.229299E-04  1514       16  2.347868E-04
 -1.308600E+02 -2.228474E-04  1515       16  2.351514E-04
 -1.308500E+02 -2.235628E-04  1516       16  2.349634E-04
 -1.308400E+02 -2.245401E-04  1517       16  2.347258E-04
 -1.308300E+02 -2.254246E-04  1518       16  2.348146E-04
 -1.308200E+02 -2.263091E-04  1519       16  2.351519E-04
 -1.308100E+02 -2.268943E-04  1520       16  2.352391E-04
 -1.308000E+02 -2.267390E-04  1521       16  2.365299E-04
 -1.307900E+02 -2.266107E-04  1522       16  2.381929E-04
 -1.307800E+02 -2.265370E-04  1523       16  2.401745E-04
 -1.307700E+02 -2.264633E-04  1524       16  2.424635E-04
 -1.307600E+02 -2.263895E-04  1525       16  2.450512E-04
 -1.307500E+02 -2.263516E-04  1526       16  2.476384E-04
 -1.307400E+02 -2.268112E-04  1527       16  2.502581E-04
 -1.307300E+02 -2.275052E-04  1528       16  2.530940E-04
 -1.307200E+02 -2.281992E-04  1529       16  2.561920E-04
 -1.307100E+02 -2.268150E-04  1530       16  2.555909E-04
 -1.307000E+02 -2.244015E-04  1531       16  2.533337E-04
 -1.306900E+02 -2.213061E-04  1532       16  2.520416E-04
 -1.306800E+02 -2.185977E-04  1533       16  2.514001E-04
 -1.306700E+02 -2.159110E-04  1534       16  2.510329E-04
 -1.306600E+02 -2.136958E-04  1535       16  2.512936E-04
 -1.306500E+02 -2.127361E-04  1536       16  2.527673E-04
 -1.306400E+02 -2.138298E-04  1537       16  2.505870E-04
 -1.306300E+02 -2.149960E-04  1538       16  2.484578E-04
 -1.306200E+02 -2.161538E-04  1539       16  2.466779E-04
 -1.306100E+02 -2.173115E-04  1540       16  2.452608E-04
 -1.306000E+02 -2.184693E-04  1541       16  2.442126E-04
 -1.305900E+02 -2.184067E-04  1542       16  2.425113E-04
 -1.305800E+02 -2.182586E-04  1543       16  2.409688E-04
 -1.305700E+02 -2.181363E-04  1544       16  2.398111E-04
 -1.305600E+02 -2.180139E-04  1545       16  2.391274E-04
 -1.305500E+02 -2.195816E-04  1546       16  2.398098E-04
 -1.305400E+02 -2.219471E-04  1547       16  2.407149E-04
 -1.305300E+02 -2.232910E-04  1548       16  2.378329E-04
 -1.305200E+02 -2.248010E-04  1549       16  2.348748E-04
 -1.305100E+02 -2.264077E-04  1550       16  2.321518E-04
 -1.305000E+02 -2.271080E-04  1551       16  2.283029E-04
 -1.304900E+02 -2.260800E-04  1552       16  2.245615E-04
 -1.304800E+02 -2.232707E-04  1553       16  2.224649E-04
 -1.304700E+02 -2.201629E-04  1554       16  2.205602E-04
 -1.304600E+02 -2.170328E-04  1555       16  2.189854E-04
 -1.304500E+02 -2.139027E-04  1556       16  2.177655E-04
 -1.304400E+02 -2.114504E-04  1557       16  2.169949E-04
 -1.304300E+02 -2.103938E-04  1558       16  2.166438E-04
 -1.304200E+02 -2.093037E-04  1559       16  2.166797E-04
 -1.304100E+02 -2.082509E-04  1560       16  2.170667E-04
 -1.304000E+02 -2.072162E-04  1561       16  2.178230E-04
 -1.303900E+02 -2.062015E-04  1562       16  2.189480E-04
 -1.303800E+02 -2.046253E-04  1563       16  2.202926E-04
 -1.303700E+02 -2.025982E-04  1564       16  2.224359E-04
 -1.303600E+02 -2.003669E-04  1565       16  2.248561E-04
 -1.303500E+02 -1.981356E-04  1566       16  2.274918E-04
 -1.303400E+02 -1.966563E-04  1567       16  2.310811E-04
 -1.303300E+02 -1.959675E-04  1568       16  2.339241E-04
 -1.303200E+02 -1.957101E-04  1569       16  2.357784E-04
 -1.303100E+02 -1.952689E-04  1570       16  2.376787E-04
 -1.303000E+02 -1.948277E-04  1571       16  2.396788E-04
 -1.302900E+02 -1.943865E-04  1572       16  2.417764E-04
 -1.302800E+02 -1.936770E-04  1573       16  2.436838E-04
 -1.302700E+02 -1.931304E-04  1574       16  2.449782E-04
 -1.302600E+02 -1.925332E-04  1575       16  2.460786E-04
 -1.302500E+02 -1.919360E-04  1576       16  2.472802E-04
 -1.302400E+02 -1.908163E-04  1577       16  2.479535E-04
 -1.302300E+02 -1.896513E-04  1578       16  2.477915E-04
 -1.302200E+02 -1.891079E-04  1579       16  2.472534E-04
 -1.302100E+02 -1.880678E-04  1580       16  2.464592E-04
 -1.302000E+02 -1.868438E-04  1581       16  2.459046E-04
 -1.301900E+02 -1.856199E-04  1582       16  2.455094E-04
 -1.301800E+02 -1.840907E-04  1583       16  2.448768E-04
 -1.301700E+02 -1.827806E-04  1584       16  2.434633E-04
 -1.301600E+02 -1.826061E-04  1585       16  2.405564E-04
 -1.301500E+02 -1.824941E-04  1586       16  2.378235E-04
 -1.301400E+02 -1.823822E-04  1587       16  2.352270E-04
 -1.301300E+02 -1.822702E-04  1588       16  2.327715E-04
 -1.301200E+02 -1.816548E-04  1589       16  2.300742E-04
 -1.301100E+02 -1.794391E-04  1590       16  2.281810E-04
 -1.301000E+02 -1.774187E-04  1591       16  2.263710E-04
 -1.300900E+02 -1.753983E-04  1592       16  2.247207E-04
 -1.300800E+02 -1.749375E-04  1593       16  2.240374E-04
 -1.300700E+02 -1.751201E-04  1594       16  2.238537E-04
 -1.300600E+02 -1.754926E-04  1595       16  2.239909E-04
 -1.300500E+02 -1.759169E-04  1596       16  2.241760E-04
 -1.300400E+02 -1.764193E-04  1597       16  2.245515E-04
 -1.300300E+02 -1.769217E-04  1598       16  2.251696E-04
 -1.300200E+02 -1.774379E-04  1599       16  2.260455E-04
 -1.300100E+02 -1.775882E-04  1600       16  2.274921E-04
 -1.300000E+02 -1.649581E-04  1601       17  2.276440E-04
 -1.299900E+02 -1.645749E-04  1602       17  2.293847E-04
 -1.299800E+02 -1.641918E-04  1603       17  2.313567E-04
 -1.299700E+02 -1.639663E-04  1604       17  2.330382E-04
 -1.299600E+02 -1.646390E-04  1605       17  2.333433E-04
 -1.299500E+02 -1.656144E-04  1606       17  2.335730E-04
 -1.299400E+02 -1.665122E-04  1607       17  2.340462E-04
 -1.299300E+02 -1.674099E-04  1608       17  2.347258E-04
 -1.299200E+02 -1.681200E-04  1609       17  2.352578E-04
 -1.299100E+02 -1.685624E-04  1610       17  2.355231E-04
 -1.299000E+02 -1.685583E-04  1611       17  2.354051E-04
 -1.298900E+02 -1.688257E-04  1612       17  2.354069E-04
 -1.298800E+02 -1.691392E-04  1613       17  2.355006E-04
 -1.298700E+02 -1.696008E-04  1614       17  2.364270E-04
 -1.298600E+02 -1.713265E-04  1615       17  2.393012E-04
 -1.298500E+02 -1.737178E-04  1616       17  2.414376E-04
 -1.298400E+02 -1.762014E-04  1617       17  2.433666E-04
 -1.298300E+02 -1.785344E-04  1618       17  2.456507E-04
 -1.298200E+02 -1.808674E-04  1619       17  2.481877E-04
 -1.298100E+02 -1.830695E-04  1620       17  2.508589E-04
 -1.298000E+02 -1.846931E-04  1621       17  2.542160E-04
 -1.297900E+02 -1.865169E-04  1622       17  2.577023E-04
 -1.297800E+02 -1.884294E-04  1623       17  2.613434E-04
 -1.297700E+02 -1.903419E-04  1624       17  2.651980E-04
 -1.297600E+02 -1.910212E-04  1625       17  2.663867E-04
 -1.297500E+02 -1.920256E-04  1626       17  2.677567E-04
 -1.297400E+02 -1.930581E-04  1627       17  2.695832E-04
 -1.297300E+02 -1.939416E-04  1628       17  2.717092E-04
 -1.297200E+02 -1.948250E-04  1629       17  2.740808E-04
 -1.297100E+02 -1.939205E-04  1630       17  2.723760E-04
 -1.297000E+02 -1.915183E-04  1631       17  2.672025E-04
 -1.296900E+02 -1.888717E-04  1632       17  2.627702E-04
 -1.296800E+02 -1.863107E-04  1633       17  2.586469E-04
 -1.296700E+02 -1.837200E-04  1634       17  2.547685E-04
 -1.296600E+02 -1.811294E-04  1635       17  2.511233E-04
 -1.296500E+02 -1.794326E-04  1636       17  2.479908E-04
 -1.296400E+02 -1.792979E-04  1637       17  2.433462E-04
 -1.296300E+02 -1.793598E-04  1638       17  2.388728E-04
 -1.296200E+02 -1.794239E-04  1639       17  2.348006E-04
 -1.296100E+02 -1.794880E-04  1640       17  2.311522E-04
 -1.296000E+02 -1.794682E-04  1641       17  2.277707E-04
 -1.295900E+02 -1.805452E-04  1642       17  2.247772E-04
 -1.295800E+02 -1.826105E-04  1643       17  2.222173E-04
 -1.295700E+02 -1.848055E-04  1644       17  2.204376E-04
 -1.295600E+02 -1.870005E-04  1645       17  2.193739E-04
 -1.295500E+02 -1.907358E-04  1646       17  2.205204E-04
 -1.295400E+02 -1.954616E-04  1647       17  2.211813E-04
 -1.295300E+02 -1.994428E-04  1648       17  2.196089E-04
 -1.295200E+02 -2.038713E-04  1649       17  2.180891E-04
 -1.295100E+02 -2.084234E-04  1650       17  2.169531E-04
 -1.295000E+02 -2.127380E-04  1651       17  2.161895E-04
 -1.294900E+02 -2.155457E-04  1652       17  2.153312E-04
 -1.294800E+02 -2.163043E-04  1653       17  2.147622E-04
 -1.294700E+02 -2.167596E-04  1654       17  2.150393E-04
 -1.294600E+02 -2.172044E-04  1655       17  2.159127E-04
 -1.294500E+02 -2.178604E-04  1656       17  2.176477E-04
 -1.294400E+02 -2.178083E-04  1657       17  2.181491E-04
 -1.294300E+02 -2.152740E-04  1658       17  2.141653E-04
 -1.294200E+02 -2.124207E-04  1659       17  2.103705E-04
 -1.294100E+02 -2.095739E-04  1660       17  2.070037E-04
 -1.294000E+02 -2.067788E-04  1661       17  2.041513E-04
 -1.293900E+02 -2.040870E-04  1662       17  2.019043E-04
 -1.293800E+02 -2.007943E-04  1663       17  2.006982E-04
 -1.293700E+02 -1.970164E-04  1664       17  2.002219E-04
 -1.293600E+02 -1.931422E-04  1665       17  2.000799E-04
 -1.293500E+02 -1.892681E-04  1666       17  2.003161E-04
 -1.293400E+02 -1.857586E-04  1667       17  2.010390E-04
 -1.293300E+02 -1.830913E-04  1668       17  2.017246E-04
 -1.293200E+02 -1.812997E-04  1669       17  2.016325E-04
 -1.293100E+02 -1.796889E-04  1670       17  2.016622E-04
 -1.293000E+02 -1.780781E-04  1671       17  2.020023E-04
 -1.292900E+02 -1.762863E-04  1672       17  2.023711E-04
 -1.292800E+02 -1.754967E-04  1673       17  2.032554E-04
 -1.292700E+02 -1.759508E-04  1674       17  2.046089E-04
 -1.292600E+02 -1.760637E-04  1675       17  2.060478E-04
 -1.292500E+02 -1.761766E-04  1676       17  2.076433E-04
 -1.292400E+02 -1.759597E-04  1677       17  2.088374E-04
 -1.292300E+02 -1.753981E-04  1678       17  2.086724E-04
 -1.292200E+02 -1.752177E-04  1679       17  2.081301E-04
 -1.292100E+02 -1.751119E-04  1680       17  2.076720E-04
 -1.292000E+02 -1.749401E-04  1681       17  2.074222E-04
 -1.291900E+02 -1.747683E-04  1682       17  2.073755E-04
 -1.291800E+02 -1.744805E-04  1683       17  2.074340E-04
 -1.291700E+02 -1.742221E-04  1684       17  2.071786E-04
 -1.291600E+02 -1.748103E-04  1685       17  2.060779E-04
 -1.291500E+02 -1.755063E-04  1686       17  2.050933E-04
 -1.291400E+02 -1.762023E-04  1687       17  2.043042E-04
 -1.291300E+02 -1.761847E-04  1688       17  2.029550E-04
 -1.291200E+02 -1.748818E-04  1689       17  2.003447E-04
 -1.291100E+02 -1.717284E-04  1690       17  1.955071E-04
 -1.291000E+02 -1.686212E-04  1691       17  1.907454E-04
 -1.290900E+02 -1.655140E-04  1692       17  1.862217E-04
 -1.290800E+02 -1.636186E-04  1693       17  1.831120E-04
 -1.290700E+02 -1.627113E-04  1694       17  1.809687E-04
 -1.290600E+02 -1.622569E-04  1695       17  1.786426E-04
 -1.290500E+02 -1.622031E-04  1696       17  1.763922E-04
 -1.290400E+02 -1.621628E-04  1697       17  1.746608E-04
 -1.290300E+02 -1.621224E-04  1698       17  1.734711E-04
 -1.290200E+02 -1.619074E-04  1699       17  1.726257E-04
 -1.290100E+02 -1.612296E-04  1700       17  1.727125E-04
 -1.290000E+02 -1.615561E-04  1701       18  1.688828E-04
 -1.289900E+02 -1.602835E-04  1702       18  1.703230E-04
 -1.289800E+02 -1.591179E-04  1703       18  1.722191E-04
 -1.289700E+02 -1.590802E-04  1704       18  1.741396E-04
 -1.289600E+02 -1.599025E-04  1705       18  1.767852E-04
 -1.289500E+02 -1.611287E-04  1706       18  1.799802E-04
 -1.289400E+02 -1.623614E-04  1707       18  1.833907E-04
 -1.289300E+02 -1.635942E-04  1708       18  1.869884E-04
 -1.289200E+02 -1.647085E-04  1709       18  1.904423E-04
 -1.289100E+02 -1.654086E-04  1710       18  1.935486E-04
 -1.289000E+02 -1.654387E-04  1711       18  1.966209E-04
 -1.288900E+02 -1.657246E-04  1712       18  1.997527E-04
 -1.288800E+02 -1.660675E-04  1713       18  2.029750E-04
 -1.288700E+02 -1.663405E-04  1714       18  2.063848E-04
 -1.288600E+02 -1.681560E-04  1715       18  2.112310E-04
 -1.288500E+02 -1.706584E-04  1716       18  2.155182E-04
 -1.288400E+02 -1.733357E-04  1717       18  2.194353E-04
 -1.288300E+02 -1.760743E-04  1718       18  2.235951E-04
 -1.288200E+02 -1.787529E-04  1719       18  2.280361E-04
 -1.288100E+02 -1.812388E-04  1720       18  2.328853E-04
 -1.288000E+02 -1.834993E-04  1721       18  2.379406E-04
 -1.287900E+02 -1.858026E-04  1722       18  2.430641E-04
 -1.287800E+02 -1.881372E-04  1723       18  2.483666E-04
 -1.287700E+02 -1.904718E-04  1724       18  2.538627E-04
 -1.287600E+02 -1.920098E-04  1725       18  2.573080E-04
 -1.287500E+02 -1.936738E-04  1726       18  2.602919E-04
 -1.287400E+02 -1.956434E-04  1727       18  2.631347E-04
 -1.287300E+02 -1.971219E-04  1728       18  2.658821E-04
 -1.287200E+02 -1.986005E-04  1729       18  2.688255E-04
 -1.287100E+02 -1.992542E-04  1730       18  2.702280E-04
 -1.287000E+02 -1.975224E-04  1731       18  2.668860E-04
 -1.286900E+02 -1.953262E-04  1732       18  2.645140E-04
 -1.286800E+02 -1.928816E-04  1733       18  2.626005E-04
 -1.286700E+02 -1.903462E-04  1734       18  2.609357E-04
 -1.286600E+02 -1.884644E-04  1735       18  2.587317E-04
 -1.286500E+02 -1.870183E-04  1736       18  2.564554E-04
 -1.286400E+02 -1.871947E-04  1737       18  2.538532E-04
 -1.286300E+02 -1.877790E-04  1738       18  2.515313E-04
 -1.286200E+02 -1.883636E-04  1739       18  2.495547E-04
 -1.286100E+02 -1.889481E-04  1740       18  2.479319E-04
 -1.286000E+02 -1.892180E-04  1741       18  2.458114E-04
 -1.285900E+02 -1.907246E-04  1742       18  2.432070E-04
 -1.285800E+02 -1.921471E-04  1743       18  2.414017E-04
 -1.285700E+02 -1.935854E-04  1744       18  2.402602E-04
 -1.285600E+02 -1.950238E-04  1745       18  2.397418E-04
 -1.285500E+02 -1.973337E-04  1746       18  2.402489E-04
 -1.285400E+02 -2.009812E-04  1747       18  2.405955E-04
 -1.285300E+02 -2.042616E-04  1748       18  2.384662E-04
 -1.285200E+02 -2.078574E-04  1749       18  2.365801E-04
 -1.285100E+02 -2.116554E-04  1750       18  2.350146E-04
 -1.285000E+02 -2.151572E-04  1751       18  2.339811E-04
 -1.284900E+02 -2.169596E-04  1752       18  2.327604E-04
 -1.284800E+02 -2.167550E-04  1753       18  2.304855E-04
 -1.284700E+02 -2.163726E-04  1754       18  2.289220E-04
 -1.284600E+02 -2.159879E-04  1755       18  2.280212E-04
 -1.284500E+02 -2.157682E-04  1756       18  2.281463E-04
 -1.284400E+02 -2.149020E-04  1757       18  2.281585E-04
 -1.284300E+02 -2.117367E-04  1758       18  2.246832E-04
 -1.284200E+02 -2.082633E-04  1759       18  2.210172E-04
 -1.284100E+02 -2.047835E-04  1760       18  2.179042E-04
 -1.284000E+02 -2.013237E-04  1761       18  2.153739E-04
 -1.283900E+02 -1.982497E-04  1762       18  2.136186E-04
 -1.283800E+02 -1.946653E-04  1763       18  2.127953E-04
 -1.283700E+02 -1.903299E-04  1764       18  2.129713E-04
 -1.283600E+02 -1.858491E-04  1765       18  2.136927E-04
 -1.283500E+02 -1.812671E-04  1766       18  2.149348E-04
 -1.283400E+02 -1.764955E-04  1767       18  2.160074E-04
 -1.283300E+02 -1.730355E-04  1768       18  2.161415E-04
 -1.283200E+02 -1.704518E-04  1769       18  2.163614E-04
 -1.283100E+02 -1.679764E-04  1770       18  2.168497E-04
 -1.283000E+02 -1.655010E-04  1771       18  2.176546E-04
 -1.282900E+02 -1.626497E-04  1772       18  2.177710E-04
 -1.282800E+02 -1.606552E-04  1773       18  2.168838E-04
 -1.282700E+02 -1.598846E-04  1774       18  2.152819E-04
 -1.282600E+02 -1.587537E-04  1775       18  2.133308E-04
 -1.282500E+02 -1.576229E-04  1776       18  2.115384E-04
 -1.282400E+02 -1.564396E-04  1777       18  2.098504E-04
 -1.282300E+02 -1.544751E-04  1778       18  2.069013E-04
 -1.282200E+02 -1.529700E-04  1779       18  2.035004E-04
 -1.282100E+02 -1.513484E-04  1780       18  2.002705E-04
 -1.282000E+02 -1.495583E-04  1781       18  1.972174E-04
 -1.281900E+02 -1.478318E-04  1782       18  1.942783E-04
 -1.281800E+02 -1.462192E-04  1783       18  1.914075E-04
 -1.281700E+02 -1.449085E-04  1784       18  1.884642E-04
 -1.281600E+02 -1.442903E-04  1785       18  1.850876E-04
 -1.281500E+02 -1.437715E-04  1786       18  1.817849E-04
 -1.281400E+02 -1.432527E-04  1787       18  1.786757E-04
 -1.281300E+02 -1.425507E-04  1788       18  1.753219E-04
 -1.281200E+02 -1.406644E-04  1789       18  1.712538E-04
 -1.281100E+02 -1.372949E-04  1790       18  1.667518E-04
 -1.281000E+02 -1.338558E-04  1791       18  1.621365E-04
 -1.280900E+02 -1.304167E-04  1792       18  1.577373E-04
 -1.280800E+02 -1.276375E-04  1793       18  1.538136E-04
 -1.280700E+02 -1.263346E-04  1794       18  1.506667E-04
 -1.280600E+02 -1.253147E-04  1795       18  1.477369E-04
 -1.280500E+02 -1.244178E-04  1796       18  1.451704E-04
 -1.280400E+02 -1.235032E-04  1797       18  1.431334E-04
 -1.280300E+02 -1.229212E-04  1798       18  1.411809E-04
 -1.280200E+02 -1.223165E-04  1799       18  1.395647E-04
 -1.280100E+02 -1.211776E-04  1800       18  1.383803E-04
 -1.280000E+02 -1.266442E-04  1801       19  1.372320E-04
 -1.279900E+02 -1.253091E-04  1802       19  1.373120E-04
 -1.279800E+02 -1.239741E-04  1803       19  1.379739E-04
 -1.279700E+02 -1.236000E-04  1804       19  1.402297E-04
 -1.279600E+02 -1.239261E-04  1805       19  1.425409E-04
 -1.279500E+02 -1.245684E-04  1806       19  1.451043E-04
 -1.279400E+02 -1.253368E-04  1807       19  1.479720E-04
 -1.279300E+02 -1.261052E-04  1808       19  1.511052E-04
 -1.279200E+02 -1.268370E-04  1809       19  1.543902E-04
 -1.279100E+02 -1.271900E-04  1810       19  1.571599E-04
 -1.279000E+02 -1.266343E-04  1811       19  1.598210E-04
 -1.278900E+02 -1.262080E-04  1812       19  1.626289E-04
 -1.278800E+02 -1.258753E-04  1813       19  1.655568E-04
 -1.278700E+02 -1.251178E-04  1814       19  1.687884E-04
 -1.278600E+02 -1.248621E-04  1815       19  1.717040E-04
 -1.278500E+02 -1.252992E-04  1816       19  1.745599E-04
 -1.278400E+02 -1.260354E-04  1817       19  1.774704E-04
 -1.278300E+02 -1.267238E-04  1818       19  1.805047E-04
 -1.278200E+02 -1.273645E-04  1819       19  1.836397E-04
 -1.278100E+02 -1.276571E-04  1820       19  1.861090E-04
 -1.278000E+02 -1.280394E-04  1821       19  1.887839E-04
 -1.277900E+02 -1.284864E-04  1822       19  1.916093E-04
 -1.277800E+02 -1.289314E-04  1823       19  1.946486E-04
 -1.277700E+02 -1.293763E-04  1824       19  1.978904E-04
 -1.277600E+02 -1.291944E-04  1825       19  1.992544E-04
 -1.277500E+02 -1.287329E-04  1826       19  1.987115E-04
 -1.277400E+02 -1.287058E-04  1827       19  1.980488E-04
 -1.277300E+02 -1.282705E-04  1828       19  1.976171E-04
 -1.277200E+02 -1.278352E-04  1829       19  1.973735E-04
 -1.277100E+02 -1.271520E-04  1830       19  1.973089E-04
 -1.277000E+02 -1.258049E-04  1831       19  1.972607E-04
 -1.276900E+02 -1.240611E-04  1832       19  1.976079E-04
 -1.276800E+02 -1.222732E-04  1833       19  1.981200E-04
 -1.276700E+02 -1.203924E-04  1834       19  1.987730E-04
 -1.276600E+02 -1.190386E-04  1835       19  1.995104E-04
 -1.276500E+02 -1.177925E-04  1836       19  2.002920E-04
 -1.276400E+02 -1.178840E-04  1837       19  2.001757E-04
 -1.276300E+02 -1.186131E-04  1838       19  1.997783E-04
 -1.276200E+02 -1.193422E-04  1839       19  1.996447E-04
 -1.276100E+02 -1.200713E-04  1840       19  1.997755E-04
 -1.276000E+02 -1.208475E-04  1841       19  2.003000E-04
 -1.275900E+02 -1.230414E-04  1842       19  2.011773E-04
 -1.275800E+02 -1.252920E-04  1843       19  2.028264E-04
 -1.275700E+02 -1.276265E-04  1844       19  2.049507E-04
 -1.275600E+02 -1.301754E-04  1845       19  2.074705E-04
 -1.275500E+02 -1.333625E-04  1846       19  2.102697E-04
 -1.275400E+02 -1.374453E-04  1847       19  2.132596E-04
 -1.275300E+02 -1.412140E-04  1848       19  2.133189E-04
 -1.275200E+02 -1.453256E-04  1849       19  2.139567E-04
 -1.275100E+02 -1.495858E-04  1850       19  2.151540E-04
 -1.275000E+02 -1.539505E-04  1851       19  2.168583E-04
 -1.274900E+02 -1.571872E-04  1852       19  2.184175E-04
 -1.274800E+02 -1.586071E-04  1853       19  2.195783E-04
 -1.274700E+02 -1.598800E-04  1854       19  2.215582E-04
 -1.274600E+02 -1.611524E-04  1855       19  2.241928E-04
 -1.274500E+02 -1.624249E-04  1856       19  2.274588E-04
 -1.274400E+02 -1.628966E-04  1857       19  2.295519E-04
 -1.274300E+02 -1.609109E-04  1858       19  2.261542E-04
 -1.274200E+02 -1.591704E-04  1859       19  2.230400E-04
 -1.274100E+02 -1.574717E-04  1860       19  2.205344E-04
 -1.274000E+02 -1.554154E-04  1861       19  2.186974E-04
 -1.273900E+02 -1.537773E-04  1862       19  2.176998E-04
 -1.273800E+02 -1.515826E-04  1863       19  2.170854E-04
 -1.273700E+02 -1.484558E-04  1864       19  2.166186E-04
 -1.273600E+02 -1.451186E-04  1865       19  2.167212E-04
 -1.273500E+02 -1.417814E-04  1866       19  2.174589E-04
 -1.273400E+02 -1.379657E-04  1867       19  2.177011E-04
 -1.273300E+02 -1.352697E-04  1868       19  2.174778E-04
 -1.273200E+02 -1.334406E-04  1869       19  2.168610E-04
 -1.273100E+02 -1.317213E-04  1870       19  2.166426E-04
 -1.273000E+02 -1.300019E-04  1871       19  2.169363E-04
 -1.272900E+02 -1.281822E-04  1872       19  2.175276E-04
 -1.272800E+02 -1.271185E-04  1873       19  2.177030E-04
 -1.272700E+02 -1.276680E-04  1874       19  2.177350E-04
 -1.272600E+02 -1.281373E-04  1875       19  2.180371E-04
 -1.272500E+02 -1.285821E-04  1876       19  2.185903E-04
 -1.272400E+02 -1.292784E-04  1877       19  2.193318E-04
 -1.272300E+02 -1.281411E-04  1878       19  2.163542E-04
 -1.272200E+02 -1.274891E-04  1879       19  2.133553E-04
 -1.272100E+02 -1.264185E-04  1880       19  2.101715E-04
 -1.272000E+02 -1.251439E-04  1881       19  2.071419E-04
 -1.271900E+02 -1.238963E-04  1882       19  2.043865E-04
 -1.271800E+02 -1.226619E-04  1883       19  2.019218E-04
 -1.271700E+02 -1.213380E-04  1884       19  1.995991E-04
 -1.271600E+02 -1.199761E-04  1885       19  1.972637E-04
 -1.271500E+02 -1.186743E-04  1886       19  1.951816E-04
 -1.271400E+02 -1.173724E-04  1887       19  1.934234E-04
 -1.271300E+02 -1.159680E-04  1888       19  1.918118E-04
 -1.271200E+02 -1.138148E-04  1889       19  1.898073E-04
 -1.271100E+02 -1.109193E-04  1890       19  1.874165E-04
 -1.271000E+02 -1.082192E-04  1891       19  1.852122E-04
 -1.270900E+02 -1.055191E-04  1892       19  1.833493E-04
 -1.270800E+02 -1.036766E-04  1893       19  1.820073E-04
 -1.270700E+02 -1.033688E-04  1894       19  1.811081E-04
 -1.270600E+02 -1.032480E-04  1895       19  1.805831E-04
 -1.270500E+02 -1.030845E-04  1896       19  1.802068E-04
 -1.270400E+02 -1.028900E-04  1897       19  1.801270E-04
 -1.270300E+02 -1.028967E-04  1898       19  1.803008E-04
 -1.270200E+02 -1.028029E-04  1899       19  1.804159E-04
 -1.270100E+02 -1.021509E-04  1900       19  1.809896E-04
 -1.270000E+02 -1.196794E-04  1901       20  1.943532E-04
 -1.269900E+02 -1.187829E-04  1902       20  1.951213E-04
 -1.269800E+02 -1.178864E-04  1903       20  1.961210E-04
 -1.269700E+02 -1.175849E-04  1904       20  1.976527E-04
 -1.269600E+02 -1.180661E-04  1905       20  1.993040E-04
 -1.269500E+02 -1.186234E-04  1906       20  2.011326E-04
 -1.269400E+02 -1.191908E-04  1907       20  2.031265E-04
 -1.269300E+02 -1.196422E-04  1908       20  2.051225E-04
 -1.269200E+02 -1.193493E-04  1909       20  2.062887E-04
 -1.269100E+02 -1.189587E-04  1910       20  2.075207E-04
 -1.269000E+02 -1.183160E-04  1911       20  2.087403E-04
 -1.268900E+02 -1.177872E-04  1912       20  2.100788E-04
 -1.268800E+02 -1.173330E-04  1913       20  2.115336E-04
 -1.268700E+02 -1.166039E-04  1914       20  2.131903E-04
 -1.268600E+02 -1.162539E-04  1915       20  2.151163E-04
 -1.268500E+02 -1.165429E-04  1916       20  2.162619E-04
 -1.268400E+02 -1.173126E-04  1917       20  2.168629E-04
 -1.268300E+02 -1.182063E-04  1918       20  2.177564E-04
 -1.268200E+02 -1.191001E-04  1919       20  2.187656E-04
 -1.268100E+02 -1.197664E-04  1920       20  2.193241E-04
 -1.268000E+02 -1.201504E-04  1921       20  2.198335E-04
 -1.267900E+02 -1.202679E-04  1922       20  2.204820E-04
 -1.267800E+02 -1.203775E-04  1923       20  2.212881E-04
 -1.267700E+02 -1.205648E-04  1924       20  2.223049E-04
 -1.267600E+02 -1.202778E-04  1925       20  2.218496E-04
 -1.267500E+02 -1.191828E-04  1926       20  2.194907E-04
 -1.267400E+02 -1.180794E-04  1927       20  2.173062E-04
 -1.267300E+02 -1.167516E-04  1928       20  2.151610E-04
 -1.267200E+02 -1.154238E-04  1929       20  2.131806E-04
 -1.267100E+02 -1.137678E-04  1930       20  2.112160E-04
 -1.267000E+02 -1.113484E-04  1931       20  2.089021E-04
 -1.266900E+02 -1.093211E-04  1932       20  2.053514E-04
 -1.266800E+02 -1.071780E-04  1933       20  2.015260E-04
 -1.266700E+02 -1.047760E-04  1934       20  1.975186E-04
 -1.266600E+02 -1.025920E-04  1935       20  1.936979E-04
 -1.266500E+02 -1.004351E-04  1936       20  1.899572E-04
 -1.266400E+02 -9.953231E-05  1937       20  1.863186E-04
 -1.266300E+02 -9.926734E-05  1938       20  1.830777E-04
 -1.266200E+02 -9.900507E-05  1939       20  1.803209E-04
 -1.266100E+02 -9.895652E-05  1940       20  1.783623E-04
 -1.266000E+02 -9.942556E-05  1941       20  1.775796E-04
 -1.265900E+02 -1.001362E-04  1942       20  1.774750E-04
 -1.265800E+02 -1.012503E-04  1943       20  1.777803E-04
 -1.265700E+02 -1.024996E-04  1944       20  1.786050E-04
 -1.265600E+02 -1.038647E-04  1945       20  1.798240E-04
 -1.265500E+02 -1.059586E-04  1946       20  1.812531E-04
 -1.265400E+02 -1.088099E-04  1947       20  1.824873E-04
 -1.265300E+02 -1.113854E-04  1948       20  1.844593E-04
 -1.265200E+02 -1.144407E-04  1949       20  1.870761E-04
 -1.265100E+02 -1.177566E-04  1950       20  1.901843E-04
 -1.265000E+02 -1.211293E-04  1951       20  1.935336E-04
 -1.264900E+02 -1.239119E-04  1952       20  1.957931E-04
 -1.264800E+02 -1.247281E-04  1953       20  1.948696E-04
 -1.264700E+02 -1.252927E-04  1954       20  1.943790E-04
 -1.264600E+02 -1.258311E-04  1955       20  1.942220E-04
 -1.264500E+02 -1.272174E-04  1956       20  1.960107E-04
 -1.264400E+02 -1.294069E-04  1957       20  1.995631E-04
 -1.264300E+02 -1.315614E-04  1958       20  2.034633E-04
 -1.264200E+02 -1.335548E-04  1959       20  2.075246E-04
 -1.264100E+02 -1.355641E-04  1960       20  2.120714E-04
 -1.264000E+02 -1.373727E-04  1961       20  2.170961E-04
 -1.263900E+02 -1.388745E-04  1962       20  2.225861E-04
 -1.263800E+02 -1.401721E-04  1963       20  2.282321E-04
 -1.263700E+02 -1.409834E-04  1964       20  2.341483E-04
 -1.263600E+02 -1.415239E-04  1965       20  2.402489E-04
 -1.263500E+02 -1.420609E-04  1966       20  2.466763E-04
 -1.263400E+02 -1.423257E-04  1967       20  2.526021E-04
 -1.263300E+02 -1.433372E-04  1968       20  2.580182E-04
 -1.263200E+02 -1.452657E-04  1969       20  2.637086E-04
 -1.263100E+02 -1.472645E-04  1970       20  2.697124E-04
 -1.263000E+02 -1.492431E-04  1971       20  2.758583E-04
 -1.262900E+02 -1.470226E-04  1972       20  2.685804E-04
 -1.262800E+02 -1.444811E-04  1973       20  2.611138E-04
 -1.262700E+02 -1.423062E-04  1974       20  2.539497E-04
 -1.262600E+02 -1.401785E-04  1975       20  2.471342E-04
 -1.262500E+02 -1.380534E-04  1976       20  2.406592E-04
 -1.262400E+02 -1.361947E-04  1977       20  2.345050E-04
 -1.262300E+02 -1.343335E-04  1978       20  2.285396E-04
 -1.262200E+02 -1.326002E-04  1979       20  2.227256E-04
 -1.262100E+02 -1.307265E-04  1980       20  2.174000E-04
 -1.262000E+02 -1.285239E-04  1981       20  2.121544E-04
 -1.261900E+02 -1.263213E-04  1982       20  2.074066E-04
 -1.261800E+02 -1.241553E-04  1983       20  2.032087E-04
 -1.261700E+02 -1.219095E-04  1984       20  1.994866E-04
 -1.261600E+02 -1.200435E-04  1985       20  1.955598E-04
 -1.261500E+02 -1.183069E-04  1986       20  1.920010E-04
 -1.261400E+02 -1.169262E-04  1987       20  1.895529E-04
 -1.261300E+02 -1.174415E-04  1988       20  1.899912E-04
 -1.261200E+02 -1.175886E-04  1989       20  1.901499E-04
 -1.261100E+02 -1.167763E-04  1990       20  1.889009E-04
 -1.261000E+02 -1.159245E-04  1991       20  1.878178E-04
 -1.260900E+02 -1.150727E-04  1992       20  1.869734E-04
 -1.260800E+02 -1.146243E-04  1993       20  1.861051E-04
 -1.260700E+02 -1.148561E-04  1994       20  1.852194E-04
 -1.260600E+02 -1.151296E-04  1995       20  1.846644E-04
 -1.260500E+02 -1.154041E-04  1996       20  1.844419E-04
 -1.260400E+02 -1.156469E-04  1997       20  1.845468E-04
 -1.260300E+02 -1.159383E-04  1998       20  1.849716E-04
 -1.260200E+02 -1.163370E-04  1999       20  1.854740E-04
 -1.260100E+02 -1.160447E-04  2000       20  1.863912E-04
 -1.260000E+02 -1.278118E-04  2001       21  1.921766E-04
 -1.259900E+02 -1.271996E-04  2002       21  1.946489E-04
 -1.259800E+02 -1.266676E-04  2003       21  1.974915E-04
 -1.259700E+02 -1.267910E-04  2004       21  2.004157E-04
 -1.259600E+02 -1.279496E-04  2005       21  2.033282E-04
 -1.259500E+02 -1.292502E-04  2006       21  2.064223E-04
 -1.259400E+02 -1.306216E-04  2007       21  2.096477E-04
 -1.259300E+02 -1.319930E-04  2008       21  2.130049E-04
 -1.259200E+02 -1.328696E-04  2009       21  2.160977E-04
 -1.259100E+02 -1.337253E-04  2010       21  2.190950E-04
 -1.259000E+02 -1.350098E-04  2011       21  2.217217E-04
 -1.258900E+02 -1.364468E-04  2012       21  2.244918E-04
 -1.258800E+02 -1.379721E-04  2013       21  2.273882E-04
 -1.258700E+02 -1.394629E-04  2014       21  2.303670E-04
 -1.258600E+02 -1.413976E-04  2015       21  2.332437E-04
 -1.258500E+02 -1.437045E-04  2016       21  2.350299E-04
 -1.258400E+02 -1.460926E-04  2017       21  2.360001E-04
 -1.258300E+02 -1.484439E-04  2018       21  2.370313E-04
 -1.258200E+02 -1.504860E-04  2019       21  2.378274E-04
 -1.258100E+02 -1.524077E-04  2020       21  2.386523E-04
 -1.258000E+02 -1.541771E-04  2021       21  2.396435E-04
 -1.257900E+02 -1.560179E-04  2022       21  2.407558E-04
 -1.257800E+02 -1.579073E-04  2023       21  2.419825E-04
 -1.257700E+02 -1.598083E-04  2024       21  2.433581E-04
 -1.257600E+02 -1.613372E-04  2025       21  2.436675E-04
 -1.257500E+02 -1.620333E-04  2026       21  2.427257E-04
 -1.257400E+02 -1.622457E-04  2027       21  2.418571E-04
 -1.257300E+02 -1.624699E-04  2028       21  2.410227E-04
 -1.257200E+02 -1.626941E-04  2029       21  2.402944E-04
 -1.257100E+02 -1.625947E-04  2030       21  2.397393E-04
 -1.257000E+02 -1.615789E-04  2031       21  2.392686E-04
 -1.256900E+02 -1.602324E-04  2032       21  2.400990E-04
 -1.256800E+02 -1.586962E-04  2033       21  2.413679E-04
 -1.256700E+02 -1.570278E-04  2034       21  2.426804E-04
 -1.256600E+02 -1.559322E-04  2035       21  2.444275E-04
 -1.256500E+02 -1.543899E-04  2036       21  2.459684E-04
 -1.256400E+02 -1.542006E-04  2037       21  2.467864E-04
 -1.256300E+02 -1.544122E-04  2038       21  2.477289E-04
 -1.256200E+02 -1.546192E-04  2039       21  2.489310E-04
 -1.256100E+02 -1.549267E-04  2040       21  2.504450E-04
 -1.256000E+02 -1.556376E-04  2041       21  2.525819E-04
 -1.255900E+02 -1.558496E-04  2042       21  2.555446E-04
 -1.255800E+02 -1.561449E-04  2043       21  2.589090E-04
 -1.255700E+02 -1.565148E-04  2044       21  2.625319E-04
 -1.255600E+02 -1.568847E-04  2045       21  2.663833E-04
 -1.255500E+02 -1.581735E-04  2046       21  2.698102E-04
 -1.255400E+02 -1.600393E-04  2047       21  2.722999E-04
 -1.255300E+02 -1.611812E-04  2048       21  2.699418E-04
 -1.255200E+02 -1.628179E-04  2049       21  2.674332E-04
 -1.255100E+02 -1.645217E-04  2050       21  2.652335E-04
 -1.255000E+02 -1.659655E-04  2051       21  2.631858E-04
 -1.254900E+02 -1.665472E-04  2052       21  2.607717E-04
 -1.254800E+02 -1.653054E-04  2053       21  2.571017E-04
 -1.254700E+02 -1.638036E-04  2054       21  2.537762E-04
 -1.254600E+02 -1.622796E-04  2055       21  2.507933E-04
 -1.254500E+02 -1.609924E-04  2056       21  2.484150E-04
 -1.254400E+02 -1.601997E-04  2057       21  2.459909E-04
 -1.254300E+02 -1.603057E-04  2058       21  2.424739E-04
 -1.254200E+02 -1.602447E-04  2059       21  2.392072E-04
 -1.254100E+02 -1.601999E-04  2060       21  2.363376E-04
 -1.254000E+02 -1.600374E-04  2061       21  2.339386E-04
 -1.253900E+02 -1.590221E-04  2062       21  2.323002E-04
 -1.253800E+02 -1.578298E-04  2063       21  2.315298E-04
 -1.253700E+02 -1.562815E-04  2064       21  2.317783E-04
 -1.253600E+02 -1.545734E-04  2065       21  2.321656E-04
 -1.253500E+02 -1.527961E-04  2066       21  2.327899E-04
 -1.253400E+02 -1.511584E-04  2067       21  2.334217E-04
 -1.253300E+02 -1.504113E-04  2068       21  2.337432E-04
 -1.253200E+02 -1.502574E-04  2069       21  2.341245E-04
 -1.253100E+02 -1.500188E-04  2070       21  2.347604E-04
 -1.253000E+02 -1.497803E-04  2071       21  2.355958E-04
 -1.252900E+02 -1.477617E-04  2072       21  2.324183E-04
 -1.252800E+02 -1.453231E-04  2073       21  2.286290E-04
 -1.252700E+02 -1.412430E-04  2074       21  2.251375E-04
 -1.252600E+02 -1.364382E-04  2075       21  2.221616E-04
 -1.252500E+02 -1.316272E-04  2076       21  2.198601E-04
 -1.252400E+02 -1.268985E-04  2077       21  2.182127E-04
 -1.252300E+02 -1.226206E-04  2078       21  2.166429E-04
 -1.252200E+02 -1.178906E-04  2079       21  2.148902E-04
 -1.252100E+02 -1.129571E-04  2080       21  2.137582E-04
 -1.252000E+02 -1.077968E-04  2081       21  2.132388E-04
 -1.251900E+02 -1.028975E-04  2082       21  2.137896E-04
 -1.251800E+02 -9.802287E-05  2083       21  2.153052E-04
 -1.251700E+02 -9.055868E-05  2084       21  2.186810E-04
 -1.251600E+02 -7.970446E-05  2085       21  2.245279E-04
 -1.251500E+02 -6.846334E-05  2086       21  2.328591E-04
 -1.251400E+02 -5.725042E-05  2087       21  2.433618E-04
 -1.251300E+02 -4.717583E-05  2088       21  2.569861E-04
 -1.251200E+02 -3.344060E-05  2089       21  2.786320E-04
 -1.251100E+02 -7.452160E-06  2090       21  3.270981E-04
 -1.251000E+02  2.034316E-05  2091       21  3.796835E-04
 -1.250900E+02  4.813849E-05  2092       21  4.355429E-04
 -1.250800E+02  7.638116E-05  2093       21  4.937754E-04
 -1.250700E+02  1.100718E-04  2094       21  5.558492E-04
 -1.250600E+02  1.503184E-04  2095       21  6.192329E-04
 -1.250500E+02  1.984822E-04  2096       21  6.853001E-04
 -1.250400E+02  2.490416E-04  2097       21  7.520109E-04
 -1.250300E+02  3.002470E-04  2098       21  8.197140E-04
 -1.250200E+02  3.531794E-04  2099       21  8.877723E-04
 -1.250100E+02  4.203337E-04  2100       21  9.593154E-04
 -1.250000E+02  5.105493E-04  2101       22  1.010443E-03
 -1.249900E+02  6.087516E-04  2102       22  1.088160E-03
 -1.249800E+02  7.080549E-04  2103       22  1.169107E-03
 -1.249700E+02  8.124407E-04  2104       22  1.250280E-03
 -1.249600E+02  9.222804E-04  2105       22  1.321986E-03
 -1.249500E+02  1.041743E-03  2106       22  1.383658E-03
 -1.249400E+02  1.174427E-03  2107       22  1.444564E-03
 -1.249300E+02  1.307110E-03  2108       22  1.511097E-03
 -1.249200E+02  1.443650E-03  2109       22  1.578847E-03
 -1.249100E+02  1.594853E-03  2110       22  1.638609E-03
 -1.249000E+02  1.764374E-03  2111       22  1.709585E-03
 -1.248900E+02  1.947388E-03  2112       22  1.786344E-03
 -1.248800E+02  2.136593E-03  2113       22  1.862839E-03
 -1.248700E+02  2.335543E-03  2114       22  1.934925E-03
 -1.248600E+02  2.550546E-03  2115       22  1.996406E-03
 -1.248500E+02  2.760677E-03  2116       22  2.049415E-03
 -1.248400E+02  2.967278E-03  2117       22  2.101075E-03
 -1.248300E+02  3.170958E-03  2118       22  2.154017E-03
 -1.248200E+02  3.381136E-03  2119       22  2.202124E-03
 -1.248100E+02  3.609419E-03  2120       22  2.230165E-03
 -1.248000E+02  3.842229E-03  2121       22  2.246883E-03
 -1.247900E+02  4.063240E-03  2122       22  2.249475E-03
 -1.247800E+02  4.283765E-03  2123       22  2.255508E-03
 -1.247700E+02  4.504290E-03  2124       22  2.265071E-03
 -1.247600E+02  4.735135E-03  2125       22  2.264966E-03
 -1.247500E+02  4.967077E-03  2126       22  2.251166E-03
 -1.247400E+02  5.180827E-03  2127       22  2.213078E-03
 -1.247300E+02  5.381109E-03  2128       22  2.169404E-03
 -1.247200E+02  5.585323E-03  2129       22  2.120654E-03
 -1.247100E+02  5.796915E-03  2130       22  2.061135E-03
 -1.247000E+02  6.008728E-03  2131       22  2.001842E-03
 -1.246900E+02  6.202836E-03  2132       22  1.933435E-03
 -1.246800E+02  6.384499E-03  2133       22  1.855485E-03
 -1.246700E+02  6.561606E-03  2134       22  1.777453E-03
 -1.246600E+02  6.732874E-03  2135       22  1.708586E-03
 -1.246500E+02  6.898950E-03  2136       22  1.648832E-03
 -1.246400E+02  7.052492E-03  2137       22  1.581480E-03
 -1.246300E+02  7.188725E-03  2138       22  1.497499E-03
 -1.246200E+02  7.323519E-03  2139       22  1.415476E-03
 -1.246100E+02  7.456481E-03  2140       22  1.338481E-03
 -1.246000E+02  7.578663E-03  2141       22  1.272999E-03
 -1.245900E+02  7.688630E-03  2142       22  1.217044E-03
 -1.245800E+02  7.786032E-03  2143       22  1.146903E-03
 -1.245700E+02  7.879994E-03  2144       22  1.080036E-03
 -1.245600E+02  7.969663E-03  2145       22  1.024574E-03
 -1.245500E+02  8.041500E-03  2146       22  9.767804E-04
 -1.245400E+02  8.105966E-03  2147       22  9.315228E-04
 -1.245300E+02  8.166021E-03  2148       22  8.892032E-04
 -1.245200E+02  8.224004E-03  2149       22  8.496894E-04
 -1.245100E+02  8.280339E-03  2150       22  8.160377E-04
 -1.245000E+02  8.328736E-03  2151       22  7.931741E-04
 -1.244900E+02  8.365774E-03  2152       22  7.724217E-04
 -1.244800E+02  8.401318E-03  2153       22  7.535415E-04
 -1.244700E+02  8.433366E-03  2154       22  7.334961E-04
 -1.244600E+02  8.464986E-03  2155       22  7.158075E-04
 -1.244500E+02  8.495649E-03  2156       22  7.010479E-04
 -1.244400E+02  8.517919E-03  2157       22  6.912548E-04
 -1.244300E+02  8.534593E-03  2158       22  6.806749E-04
 -1.244200E+02  8.547899E-03  2159       22  6.687185E-04
 -1.244100E+02  8.559849E-03  2160       22  6.594125E-04
 -1.244000E+02  8.567087E-03  2161       22  6.515606E-04
 -1.243900E+02  8.570202E-03  2162       22  6.429427E-04
 -1.243800E+02  8.571054E-03  2163       22  6.363929E-04
 -1.243700E+02  8.568810E-03  2164       22  6.315832E-04
 -1.243600E+02  8.564183E-03  2165       22  6.290370E-04
 -1.243500E+02  8.559190E-03  2166       22  6.290803E-04
 -1.243400E+02  8.550693E-03  2167       22  6.288388E-04
 -1.243300E+02  8.537781E-03  2168       22  6.253110E-04
 -1.243200E+02  8.522396E-03  2169       22  6.208308E-04
 -1.243100E+02  8.505204E-03  2170       22  6.171199E-04
 -1.243000E+02  8.488012E-03  2171       22  6.151252E-04
 -1.242900E+02  8.470276E-03  2172       22  6.148218E-04
 -1.242800E+02  8.451018E-03  2173       22  6.166005E-04
 -1.242700E+02  8.429713E-03  2174       22  6.207760E-04
 -1.242600E+02  8.405149E-03  2175       22  6.238357E-04
 -1.242500E+02  8.379063E-03  2176       22  6.260681E-04
 -1.242400E+02  8.350425E-03  2177       22  6.258775E-04
 -1.242300E+02  8.318186E-03  2178       22  6.236714E-04
 -1.242200E+02  8.285258E-03  2179       22  6.232605E-04
 -1.242100E+02  8.251942E-03  2180       22  6.237553E-04
 -1.242000E+02  8.218035E-03  2181       22  6.254449E-04
 -1.241900E+02  8.183454E-03  2182       22  6.284506E-04
 -1.241800E+02  8.146159E-03  2183       22  6.302687E-04
 -1.241700E+02  8.107727E-03  2184       22  6.294756E-04
 -1.241600E+02  8.070117E-03  2185       22  6.279713E-04
 -1.241500E+02  8.032758E-03  2186       22  6.269579E-04
 -1.241400E+02  7.995400E-03  2187       22  6.264975E-04
 -1.241300E+02  7.956133E-03  2188       22  6.251520E-04
 -1.241200E+02  7.915768E-03  2189       22  6.233705E-04
 -1.241100E+02  7.876752E-03  2190       22  6.216583E-04
 -1.241000E+02  7.837571E-03  2191       22  6.201652E-04
 -1.240900E+02  7.798780E-03  2192       22  6.196914E-04
 -1.240800E+02  7.760180E-03  2193       22  6.199945E-04
 -1.240700E+02  7.721175E-03  2194       22  6.198215E-04
 -1.240600E+02  7.682060E-03  2195       22  6.199600E-04
 -1.240500E+02  7.643150E-03  2196       22  6.204028E-04
 -1.240400E+02  7.604328E-03  2197       22  6.212297E-04
 -1.240300E+02  7.565364E-03  2198       22  6.226041E-04
 -1.240200E+02  7.527192E-03  2199       22  6.252008E-04
 -1.240100E+02  7.489462E-03  2200       22  6.282101E-04
 -1.240000E+02  7.421356E-03  2201       23  6.340377E-04
 -1.239900E+02  7.383157E-03  2202       23  6.382770E-04
 -1.239800E+02  7.344958E-03  2203       23  6.428866E-04
 -1.239700E+02  7.306426E-03  2204       23  6.477071E-04
 -1.239600E+02  7.267709E-03  2205       23  6.514176E-04
 -1.239500E+02  7.229464E-03  2206       23  6.542360E-04
 -1.239400E+02  7.190410E-03  2207       23  6.566052E-04
 -1.239300E+02  7.151972E-03  2208       23  6.605841E-04
 -1.239200E+02  7.113934E-03  2209       23  6.654705E-04
 -1.239100E+02  7.076308E-03  2210       23  6.708287E-04
 -1.239000E+02  7.038035E-03  2211       23  6.769937E-04
 -1.238900E+02  6.999837E-03  2212       23  6.833643E-04
 -1.238800E+02  6.961917E-03  2213       23  6.899843E-04
 -1.238700E+02  6.924281E-03  2214       23  6.968720E-04
 -1.238600E+02  6.886555E-03  2215       23  7.039302E-04
 -1.238500E+02  6.849654E-03  2216       23  7.101618E-04
 -1.238400E+02  6.814272E-03  2217       23  7.154336E-04
 -1.238300E+02  6.780073E-03  2218       23  7.195847E-04
 -1.238200E+02  6.745835E-03  2219       23  7.240668E-04
 -1.238100E+02  6.711442E-03  2220       23  7.285899E-04
 -1.238000E+02  6.677479E-03  2221       23  7.325919E-04
 -1.237900E+02  6.645327E-03  2222       23  7.358787E-04
 -1.237800E+02  6.613548E-03  2223       23  7.393995E-04
 -1.237700E+02  6.579444E-03  2224       23  7.367284E-04
 -1.237600E+02  6.545862E-03  2225       23  7.343595E-04
 -1.237500E+02  6.513367E-03  2226       23  7.317554E-04
 -1.237400E+02  6.482019E-03  2227       23  7.285708E-04
 -1.237300E+02  6.452618E-03  2228       23  7.242335E-04
 -1.237200E+02  6.423114E-03  2229       23  7.200839E-04
 -1.237100E+02  6.393737E-03  2230       23  7.161228E-04
 -1.237000E+02  6.366009E-03  2231       23  7.123898E-04
 -1.236900E+02  6.341289E-03  2232       23  7.055270E-04
 -1.236800E+02  6.318229E-03  2233       23  6.982611E-04
 -1.236700E+02  6.295503E-03  2234       23  6.910670E-04
 -1.236600E+02  6.272907E-03  2235       23  6.840132E-04
 -1.236500E+02  6.251421E-03  2236       23  6.775929E-04
 -1.236400E+02  6.231656E-03  2237       23  6.699113E-04
 -1.236300E+02  6.216039E-03  2238       23  6.649044E-04
 -1.236200E+02  6.201061E-03  2239       23  6.615487E-04
 -1.236100E+02  6.187443E-03  2240       23  6.622041E-04
 -1.236000E+02  6.174667E-03  2241       23  6.636097E-04
 -1.235900E+02  6.165624E-03  2242       23  6.625729E-04
 -1.235800E+02  6.163402E-03  2243       23  6.625261E-04
 -1.235700E+02  6.163206E-03  2244       23  6.620378E-04
 -1.235600E+02  6.163294E-03  2245       23  6.628911E-04
 -1.235500E+02  6.165145E-03  2246       23  6.658662E-04
 -1.235400E+02  6.169881E-03  2247       23  6.678067E-04
 -1.235300E+02  6.180187E-03  2248       23  6.672762E-04
 -1.235200E+02  6.193798E-03  2249       23  6.656779E-04
 -1.235100E+02  6.208684E-03  2250       23  6.638231E-04
 -1.235000E+02  6.226334E-03  2251       23  6.606416E-04
 -1.234900E+02  6.249086E-03  2252       23  6.577775E-04
 -1.234800E+02  6.272228E-03  2253       23  6.546340E-04
 -1.234700E+02  6.296243E-03  2254       23  6.523824E-04
 -1.234600E+02  6.319761E-03  2255       23  6.497978E-04
 -1.234500E+02  6.343284E-03  2256       23  6.482026E-04
 -1.234400E+02  6.370273E-03  2257       23  6.457708E-04
 -1.234300E+02  6.396581E-03  2258       23  6.343014E-04
 -1.234200E+02  6.422720E-03  2259       23  6.192116E-04
 -1.234100E+02  6.449074E-03  2260       23  6.058824E-04
 -1.234000E+02  6.478051E-03  2261       23  5.946825E-04
 -1.233900E+02  6.511024E-03  2262       23  5.850181E-04
 -1.233800E+02  6.541854E-03  2263       23  5.769776E-04
 -1.233700E+02  6.568653E-03  2264       23  5.683063E-04
 -1.233600E+02  6.591545E-03  2265       23  5.608084E-04
 -1.233500E+02  6.614631E-03  2266       23  5.547382E-04
 -1.233400E+02  6.640469E-03  2267       23  5.459791E-04
 -1.233300E+02  6.664795E-03  2268       23  5.373695E-04
 -1.233200E+02  6.684485E-03  2269       23  5.263278E-04
 -1.233100E+02  6.700156E-03  2270       23  5.145944E-04
 -1.233000E+02  6.713924E-03  2271       23  5.042738E-04
 -1.232900E+02  6.728462E-03  2272       23  4.971602E-04
 -1.232800E+02  6.742932E-03  2273       23  4.941486E-04
 -1.232700E+02  6.752898E-03  2274       23  4.945644E-04
 -1.232600E+02  6.756746E-03  2275       23  4.919383E-04
 -1.232500E+02  6.760028E-03  2276       23  4.917922E-04
 -1.232400E+02  6.761852E-03  2277       23  4.933071E-04
 -1.232300E+02  6.757557E-03  2278       23  4.930065E-04
 -1.232200E+02  6.750584E-03  2279       23  4.967312E-04
 -1.232100E+02  6.741250E-03  2280       23  5.018363E-04
 -1.232000E+02  6.730162E-03  2281       23  5.107160E-04
 -1.231900E+02  6.718536E-03  2282       23  5.226186E-04
 -1.231800E+02  6.701471E-03  2283       23  5.344026E-04
 -1.231700E+02  6.681825E-03  2284       23  5.430685E-04
 -1.231600E+02  6.662041E-03  2285       23  5.521132E-04
 -1.231500E+02  6.642293E-03  2286       23  5.626333E-04
 -1.231400E+02  6.624616E-03  2287       23  5.714757E-04
 -1.231300E+02  6.603661E-03  2288       23  5.769352E-04
 -1.231200E+02  6.579502E-03  2289       23  5.806869E-04
 -1.231100E+02  6.556498E-03  2290       23  5.834376E-04
 -1.231000E+02  6.532817E-03  2291       23  5.857620E-04
 -1.230900E+02  6.508563E-03  2292       23  5.875649E-04
 -1.230800E+02  6.482623E-03  2293       23  5.871025E-04
 -1.230700E+02  6.455220E-03  2294       23  5.847689E-04
 -1.230600E+02  6.428269E-03  2295       23  5.831324E-04
 -1.230500E+02  6.401959E-03  2296       23  5.818021E-04
 -1.230400E+02  6.375756E-03  2297       23  5.807462E-04
 -1.230300E+02  6.349200E-03  2298       23  5.801687E-04
 -1.230200E+02  6.322243E-03  2299       23  5.799831E-04
 -1.230100E+02  6.296386E-03  2300       23  5.787639E-04
 -1.230000E+02  6.246022E-03  2301       24  5.782201E-04
 -1.229900E+02  6.221992E-03  2302       24  5.764316E-04
 -1.229800E+02  6.197611E-03  2303       24  5.756426E-04
 -1.229700E+02  6.173301E-03  2304       24  5.754563E-04
 -1.229600E+02  6.149080E-03  2305       24  5.749929E-04
 -1.229500E+02  6.126196E-03  2306       24  5.751121E-04
 -1.229400E+02  6.104170E-03  2307       24  5.764646E-04
 -1.229300E+02  6.083063E-03  2308       24  5.803251E-04
 -1.229200E+02  6.063000E-03  2309       24  5.864468E-04
 -1.229100E+02  6.044665E-03  2310       24  5.928953E-04
 -1.229000E+02  6.027577E-03  2311       24  6.009132E-04
 -1.228900E+02  6.012268E-03  2312       24  6.081410E-04
 -1.228800E+02  5.997550E-03  2313       24  6.152842E-04
 -1.228700E+02  5.984268E-03  2314       24  6.231968E-04
 -1.228600E+02  5.972545E-03  2315       24  6.319255E-04
 -1.228500E+02  5.961388E-03  2316       24  6.411408E-04
 -1.228400E+02  5.951963E-03  2317       24  6.497803E-04
 -1.228300E+02  5.945193E-03  2318       24  6.550490E-04
 -1.228200E+02  5.939484E-03  2319       24  6.592566E-04
 -1.228100E+02  5.935572E-03  2320       24  6.634008E-04
 -1.228000E+02  5.932441E-03  2321       24  6.679036E-04
 -1.227900E+02  5.928901E-03  2322       24  6.723578E-04
 -1.227800E+02  5.925784E-03  2323       24  6.774301E-04
 -1.227700E+02  5.921440E-03  2324       24  6.795963E-04
 -1.227600E+02  5.918308E-03  2325       24  6.817793E-04
 -1.227500E+02  5.916267E-03  2326       24  6.823871E-04
 -1.227400E+02  5.913196E-03  2327       24  6.796267E-04
 -1.227300E+02  5.911280E-03  2328       24  6.761909E-04
 -1.227200E+02  5.909364E-03  2329       24  6.729847E-04
 -1.227100E+02  5.908209E-03  2330       24  6.702603E-04
 -1.227000E+02  5.908791E-03  2331       24  6.674831E-04
 -1.226900E+02  5.909506E-03  2332       24  6.643781E-04
 -1.226800E+02  5.909477E-03  2333       24  6.619682E-04
 -1.226700E+02  5.908412E-03  2334       24  6.607805E-04
 -1.226600E+02  5.907169E-03  2335       24  6.598760E-04
 -1.226500E+02  5.906607E-03  2336       24  6.593470E-04
 -1.226400E+02  5.904829E-03  2337       24  6.578101E-04
 -1.226300E+02  5.902563E-03  2338       24  6.560812E-04
 -1.226200E+02  5.900195E-03  2339       24  6.545284E-04
 -1.226100E+02  5.897261E-03  2340       24  6.519870E-04
 -1.226000E+02  5.894091E-03  2341       24  6.495787E-04
 -1.225900E+02  5.892065E-03  2342       24  6.466048E-04
 -1.225800E+02  5.891102E-03  2343       24  6.436042E-04
 -1.225700E+02  5.890417E-03  2344       24  6.407211E-04
 -1.225600E+02  5.889781E-03  2345       24  6.382295E-04
 -1.225500E+02  5.888545E-03  2346       24  6.351287E-04
 -1.225400E+02  5.887018E-03  2347       24  6.323164E-04
 -1.225300E+02  5.885252E-03  2348       24  6.296952E-04
 -1.225200E+02  5.884724E-03  2349       24  6.257136E-04
 -1.225100E+02  5.885334E-03  2350       24  6.202657E-04
 -1.225000E+02  5.886832E-03  2351       24  6.144511E-04
 -1.224900E+02  5.889847E-03  2352       24  6.084379E-04
 -1.224800E+02  5.893584E-03  2353       24  6.026840E-04
 -1.224700E+02  5.896145E-03  2354       24  5.960089E-04
 -1.224600E+02  5.897200E-03  2355       24  5.865909E-04
 -1.224500E+02  5.897222E-03  2356       24  5.758866E-04
 -1.224400E+02  5.895599E-03  2357       24  5.646617E-04
 -1.224300E+02  5.892986E-03  2358       24  5.533385E-04
 -1.224200E+02  5.889614E-03  2359       24  5.418749E-04
 -1.224100E+02  5.885969E-03  2360       24  5.310443E-04
 -1.224000E+02  5.881836E-03  2361       24  5.204704E-04
 -1.223900E+02  5.877706E-03  2362       24  5.100488E-04
 -1.223800E+02  5.873300E-03  2363       24  5.011771E-04
 -1.223700E+02  5.868340E-03  2364       24  4.938463E-04
 -1.223600E+02  5.862090E-03  2365       24  4.884616E-04
 -1.223500E+02  5.855493E-03  2366       24  4.847755E-04
 -1.223400E+02  5.848425E-03  2367       24  4.810889E-04
 -1.223300E+02  5.839598E-03  2368       24  4.768777E-04
 -1.223200E+02  5.830851E-03  2369       24  4.715812E-04
 -1.223100E+02  5.821892E-03  2370       24  4.671658E-04
 -1.223000E+02  5.813451E-03  2371       24  4.638151E-04
 -1.222900E+02  5.806842E-03  2372       24  4.611537E-04
 -1.222800E+02  5.801053E-03  2373       24  4.590410E-04
 -1.222700E+02  5.795133E-03  2374       24  4.577321E-04
 -1.222600E+02  5.789240E-03  2375       24  4.571298E-04
 -1.222500E+02  5.783326E-03  2376       24  4.573889E-04
 -1.222400E+02  5.776735E-03  2377       24  4.574069E-04
 -1.222300E+02  5.769457E-03  2378       24  4.567454E-04
 -1.222200E+02  5.763130E-03  2379       24  4.560393E-04
 -1.222100E+02  5.756886E-03  2380       24  4.566726E-04
 -1.222000E+02  5.750633E-03  2381       24  4.579959E-04
 -1.221900E+02  5.744410E-03  2382       24  4.602237E-04
 -1.221800E+02  5.737872E-03  2383       24  4.631537E-04
 -1.221700E+02  5.731423E-03  2384       24  4.662803E-04
 -1.221600E+02  5.726060E-03  2385       24  4.695186E-04
 -1.221500E+02  5.721107E-03  2386       24  4.734910E-04
 -1.221400E+02  5.717241E-03  2387       24  4.764002E-04
 -1.221300E+02  5.712332E-03  2388       24  4.770955E-04
 -1.221200E+02  5.707979E-03  2389       24  4.777303E-04
 -1.221100E+02  5.704800E-03  2390       24  4.784952E-04
 -1.221000E+02  5.701168E-03  2391       24  4.792123E-04
 -1.220900E+02  5.697616E-03  2392       24  4.805405E-04
 -1.220800E+02  5.695266E-03  2393       24  4.841086E-04
 -1.220700E+02  5.693245E-03  2394       24  4.889259E-04
 -1.220600E+02  5.691143E-03  2395       24  4.940188E-04
 -1.220500E+02  5.689002E-03  2396       24  4.994729E-04
 -1.220400E+02  5.687036E-03  2397       24  5.050642E-04
 -1.220300E+02  5.685511E-03  2398       24  5.110581E-04
 -1.220200E+02  5.685654E-03  2399       24  5.178485E-04
 -1.220100E+02  5.685871E-03  2400       24  5.251275E-04
 -1.220000E+02  5.652029E-03  2401       26  5.254299E-04
 -1.219900E+02  5.650999E-03  2402       26  5.337208E-04
 -1.219800E+02  5.650686E-03  2403       26  5.408181E-04
 -1.219700E+02  5.649651E-03  2404       26  5.478439E-04
 -1.219600E+02  5.647671E-03  2405       26  5.543704E-04
 -1.219500E+02  5.645631E-03  2406       26  5.609866E-04
 -1.219400E+02  5.643141E-03  2407       26  5.674056E-04
 -1.219300E+02  5.641076E-03  2408       26  5.749039E-04
 -1.219200E+02  5.639893E-03  2409       26  5.843607E-04
 -1.219100E+02  5.639028E-03  2410       26  5.939988E-04
 -1.219000E+02  5.637633E-03  2411       26  6.038150E-04
 -1.218900E+02  5.636692E-03  2412       26  6.134469E-04
 -1.218800E+02  5.635916E-03  2413       26  6.231798E-04
 -1.218700E+02  5.634474E-03  2414       26  6.328500E-04
 -1.218600E+02  5.633215E-03  2415       26  6.427777E-04
 -1.218500E+02  5.632235E-03  2416       26  6.527504E-04
 -1.218400E+02  5.632132E-03  2417       26  6.619819E-04
 -1.218300E+02  5.634331E-03  2418       26  6.687935E-04
 -1.218200E+02  5.636489E-03  2419       26  6.758583E-04
 -1.218100E+02  5.639019E-03  2420       26  6.827305E-04
 -1.218000E+02  5.641324E-03  2421       26  6.894170E-04
 -1.217900E+02  5.642736E-03  2422       26  6.951811E-04
 -1.217800E+02  5.644289E-03  2423       26  7.013278E-04
 -1.217700E+02  5.644169E-03  2424       26  7.034260E-04
 -1.217600E+02  5.643307E-03  2425       26  7.029513E-04
 -1.217500E+02  5.642381E-03  2426       26  7.019931E-04
 -1.217400E+02  5.639664E-03  2427       26  6.974472E-04
 -1.217300E+02  5.637439E-03  2428       26  6.926636E-04
 -1.217200E+02  5.634967E-03  2429       26  6.881757E-04
 -1.217100E+02  5.632425E-03  2430       26  6.837661E-04
 -1.217000E+02  5.630261E-03  2431       26  6.792102E-04
 -1.216900E+02  5.627943E-03  2432       26  6.750696E-04
 -1.216800E+02  5.624003E-03  2433       26  6.725663E-04
 -1.216700E+02  5.617601E-03  2434       26  6.727046E-04
 -1.216600E+02  5.610658E-03  2435       26  6.734047E-04
 -1.216500E+02  5.603299E-03  2436       26  6.747862E-04
 -1.216400E+02  5.594931E-03  2437       26  6.743680E-04
 -1.216300E+02  5.586573E-03  2438       26  6.743360E-04
 -1.216200E+02  5.578169E-03  2439       26  6.747146E-04
 -1.216100E+02  5.569262E-03  2440       26  6.744373E-04
 -1.216000E+02  5.559686E-03  2441       26  6.737326E-04
 -1.215900E+02  5.551034E-03  2442       26  6.730888E-04
 -1.215800E+02  5.544559E-03  2443       26  6.734497E-04
 -1.215700E+02  5.538731E-03  2444       26  6.738193E-04
 -1.215600E+02  5.533199E-03  2445       26  6.747040E-04
 -1.215500E+02  5.526547E-03  2446       26  6.746113E-04
 -1.215400E+02  5.520124E-03  2447       26  6.745021E-04
 -1.215300E+02  5.514654E-03  2448       26  6.743536E-04
 -1.215200E+02  5.512746E-03  2449       26  6.697544E-04
 -1.215100E+02  5.513063E-03  2450       26  6.620549E-04
 -1.215000E+02  5.514389E-03  2451       26  6.540669E-04
 -1.214900E+02  5.517631E-03  2452       26  6.463967E-04
 -1.214800E+02  5.522146E-03  2453       26  6.393565E-04
 -1.214700E+02  5.526584E-03  2454       26  6.322963E-04
 -1.214600E+02  5.530432E-03  2455       26  6.244290E-04
 -1.214500E+02  5.533010E-03  2456       26  6.149299E-04
 -1.214400E+02  5.534043E-03  2457       26  6.044411E-04
 -1.214300E+02  5.535043E-03  2458       26  5.943863E-04
 -1.214200E+02  5.536204E-03  2459       26  5.843286E-04
 -1.214100E+02  5.536161E-03  2460       26  5.743714E-04
 -1.214000E+02  5.535626E-03  2461       26  5.646388E-04
 -1.213900E+02  5.535774E-03  2462       26  5.558478E-04
 -1.213800E+02  5.536212E-03  2463       26  5.479716E-04
 -1.213700E+02  5.536678E-03  2464       26  5.411015E-04
 -1.213600E+02  5.536105E-03  2465       26  5.361844E-04
 -1.213500E+02  5.535625E-03  2466       26  5.322410E-04
 -1.213400E+02  5.535551E-03  2467       26  5.280612E-04
 -1.213300E+02  5.534455E-03  2468       26  5.235644E-04
 -1.213200E+02  5.533367E-03  2469       26  5.189761E-04
 -1.213100E+02  5.532238E-03  2470       26  5.154927E-04
 -1.213000E+02  5.531929E-03  2471       26  5.129255E-04
 -1.212900E+02  5.534352E-03  2472       26  5.102945E-04
 -1.212800E+02  5.538947E-03  2473       26  5.075282E-04
 -1.212700E+02  5.543274E-03  2474       26  5.054058E-04
 -1.212600E+02  5.547303E-03  2475       26  5.039282E-04
 -1.212500E+02  5.551862E-03  2476       26  5.033531E-04
 -1.212400E+02  5.557103E-03  2477       26  5.045358E-04
 -1.212300E+02  5.562230E-03  2478       26  5.057427E-04
 -1.212200E+02  5.568044E-03  2479       26  5.069051E-04
 -1.212100E+02  5.573543E-03  2480       26  5.089499E-04
 -1.212000E+02  5.578883E-03  2481       26  5.114976E-04
 -1.211900E+02  5.584283E-03  2482       26  5.146829E-04
 -1.211800E+02  5.589529E-03  2483       26  5.185045E-04
 -1.211700E+02  5.594800E-03  2484       26  5.225598E-04
 -1.211600E+02  5.600432E-03  2485       26  5.268313E-04
 -1.211500E+02  5.606229E-03  2486       26  5.316627E-04
 -1.211400E+02  5.612115E-03  2487       26  5.370116E-04
 -1.211300E+02  5.616394E-03  2488       26  5.407584E-04
 -1.211200E+02  5.620287E-03  2489       26  5.442085E-04
 -1.211100E+02  5.624360E-03  2490       26  5.477182E-04
 -1.211000E+02  5.627540E-03  2491       26  5.505175E-04
 -1.210900E+02  5.630976E-03  2492       26  5.537844E-04
 -1.210800E+02  5.634978E-03  2493       26  5.586129E-04
 -1.210700E+02  5.638594E-03  2494       26  5.642441E-04
 -1.210600E+02  5.641806E-03  2495       26  5.696364E-04
 -1.210500E+02  5.643777E-03  2496       26  5.754733E-04
 -1.210400E+02  5.644123E-03  2497       26  5.821955E-04
 -1.210300E+02  5.644770E-03  2498       26  5.892015E-04
 -1.210200E+02  5.646243E-03  2499       26  5.968043E-04
 -1.210100E+02  5.647362E-03  2500       26  6.046484E-04
 -1.210000E+02  5.648655E-03  2501       26  6.128134E-04
 -1.209900E+02  5.649963E-03  2502       26  6.213615E-04
 -1.209800E+02  5.653331E-03  2503       26  6.253046E-04
 -1.209700E+02  5.655931E-03  2504       26  6.290306E-04
 -1.209600E+02  5.657626E-03  2505       26  6.322471E-04
 -1.209500E+02  5.659571E-03  2506       26  6.357822E-04
 -1.209400E+02  5.661259E-03  2507       26  6.394464E-04
 -1.209300E+02  5.663288E-03  2508       26  6.441437E-04
 -1.209200E+02  5.665956E-03  2509       26  6.507859E-04
 -1.209100E+02  5.668528E-03  2510       26  6.578147E-04
 -1.209000E+02  5.670938E-03  2511       26  6.651989E-04
 -1.208900E+02  5.675401E-03  2512       26  6.711247E-04
 -1.208800E+02  5.680907E-03  2513       26  6.763173E-04
 -1.208700E+02  5.685736E-03  2514       26  6.815901E-04
 -1.208600E+02  5.691003E-03  2515       26  6.871327E-04
 -1.208500E+02  5.696741E-03  2516       26  6.926581E-04
 -1.208400E+02  5.703182E-03  2517       26  6.980120E-04
 -1.208300E+02  5.709604E-03  2518       26  7.037215E-04
 -1.208200E+02  5.715573E-03  2519       26  7.104970E-04
 -1.208100E+02  5.721702E-03  2520       26  7.172472E-04
 -1.208000E+02  5.727723E-03  2521       26  7.240334E-04
 -1.207900E+02  5.732906E-03  2522       26  7.305534E-04
 -1.207800E+02  5.737538E-03  2523       26  7.371844E-04
 -1.207700E+02  5.740364E-03  2524       26  7.393775E-04
 -1.207600E+02  5.742584E-03  2525       26  7.383573E-04
 -1.207500E+02  5.745021E-03  2526       26  7.367596E-04
 -1.207400E+02  5.745849E-03  2527       26  7.312609E-04
 -1.207300E+02  5.748333E-03  2528       26  7.248505E-04
 -1.207200E+02  5.750680E-03  2529       26  7.188231E-04
 -1.207100E+02  5.753304E-03  2530       26  7.130940E-04
 -1.207000E+02  5.756412E-03  2531       26  7.075300E-04
 -1.206900E+02  5.759129E-03  2532       26  7.027221E-04
 -1.206800E+02  5.761687E-03  2533       26  6.983170E-04
 -1.206700E+02  5.764130E-03  2534       26  6.944367E-04
 -1.206600E+02  5.766223E-03  2535       26  6.912272E-04
 -1.206500E+02  5.768535E-03  2536       26  6.888765E-04
 -1.206400E+02  5.769483E-03  2537       26  6.849217E-04
 -1.206300E+02  5.770251E-03  2538       26  6.811241E-04
 -1.206200E+02  5.771900E-03  2539       26  6.777060E-04
 -1.206100E+02  5.772801E-03  2540       26  6.722055E-04
 -1.206000E+02  5.772915E-03  2541       26  6.659191E-04
 -1.205900E+02  5.773719E-03  2542       26  6.596599E-04
 -1.205800E+02  5.775355E-03  2543       26  6.539790E-04
 -1.205700E+02  5.777064E-03  2544       26  6.485053E-04
 -1.205600E+02  5.778991E-03  2545       26  6.434647E-04
 -1.205500E+02  5.779627E-03  2546       26  6.372649E-04
 -1.205400E+02  5.780122E-03  2547       26  6.310695E-04
 -1.205300E+02  5.780916E-03  2548       26  6.250541E-04
 -1.205200E+02  5.781859E-03  2549       26  6.194464E-04
 -1.205100E+02  5.782957E-03  2550       26  6.140596E-04
 -1.205000E+02  5.784828E-03  2551       26  6.083334E-04
 -1.204900E+02  5.788442E-03  2552       26  6.026655E-04
 -1.204800E+02  5.792917E-03  2553       26  5.977939E-04
 -1.204700E+02  5.796610E-03  2554       26  5.931070E-04
 -1.204600E+02  5.799904E-03  2555       26  5.883902E-04
 -1.204500E+02  5.802314E-03  2556       26  5.828674E-04
 -1.204400E+02  5.802026E-03  2557       26  5.752451E-04
 -1.204300E+02  5.801268E-03  2558       26  5.683001E-04
 -1.204200E+02  5.799172E-03  2559       26  5.613319E-04
 -1.204100E+02  5.795472E-03  2560       26  5.548766E-04
 -1.204000E+02  5.790980E-03  2561       26  5.488336E-04
 -1.203900E+02  5.786812E-03  2562       26  5.438167E-04
 -1.203800E+02  5.782323E-03  2563       26  5.404006E-04
 -1.203700E+02  5.777402E-03  2564       26  5.387549E-04
 -1.203600E+02  5.772130E-03  2565       26  5.384959E-04
 -1.203500E+02  5.766793E-03  2566       26  5.395277E-04
 -1.203400E+02  5.761251E-03  2567       26  5.401678E-04
 -1.203300E+02  5.754097E-03  2568       26  5.401273E-04
 -1.203200E+02  5.747193E-03  2569       26  5.396336E-04
 -1.203100E+02  5.738900E-03  2570       26  5.390649E-04
 -1.203000E+02  5.729602E-03  2571       26  5.387548E-04
 -1.202900E+02  5.722965E-03  2572       26  5.379860E-04
 -1.202800E+02  5.718292E-03  2573       26  5.367143E-04
 -1.202700E+02  5.713282E-03  2574       26  5.363008E-04
 -1.202600E+02  5.707982E-03  2575       26  5.366180E-04
 -1.202500E+02  5.703251E-03  2576       26  5.378440E-04
 -1.202400E+02  5.698577E-03  2577       26  5.398178E-04
 -1.202300E+02  5.693850E-03  2578       26  5.411500E-04
 -1.202200E+02  5.690208E-03  2579       26  5.423919E-04
 -1.202100E+02  5.686677E-03  2580       26  5.448971E-04
 -1.202000E+02  5.683287E-03  2581       26  5.480268E-04
 -1.201900E+02  5.680074E-03  2582       26  5.517463E-04
 -1.201800E+02  5.676474E-03  2583       26  5.562428E-04
 -1.201700E+02  5.672888E-03  2584       26  5.609909E-04
 -1.201600E+02  5.670326E-03  2585       26  5.656549E-04
 -1.201500E+02  5.668743E-03  2586       26  5.705545E-04
 -1.201400E+02  5.668710E-03  2587       26  5.747533E-04
 -1.201300E+02  5.667701E-03  2588       26  5.765149E-04
 -1.201200E+02  5.666600E-03  2589       26  5.777697E-04
 -1.201100E+02  5.666210E-03  2590       26  5.786937E-04
 -1.201000E+02  5.665230E-03  2591       26  5.791783E-04
 -1.200900E+02  5.664392E-03  2592       26  5.800458E-04
 -1.200800E+02  5.664290E-03  2593       26  5.825316E-04
 -1.200700E+02  5.664010E-03  2594       26  5.856430E-04
 -1.200600E+02  5.663633E-03  2595       26  5.888398E-04
 -1.200500E+02  5.663383E-03  2596       26  5.920156E-04
 -1.200400E+02  5.663267E-03  2597       26  5.952887E-04
 -1.200300E+02  5.663564E-03  2598       26  5.986379E-04
 -1.200200E+02  5.665136E-03  2599       26  6.029441E-04
 -1.200100E+02  5.666738E-03  2600       26  6.078701E-04
 -1.200000E+02  5.668374E-03  2601       26  6.132193E-04
 -1.199900E+02  5.670646E-03  2602       26  6.182814E-04
 -1.199800E+02  5.673949E-03  2603       26  6.216218E-04
 -1.199700E+02  5.677152E-03  2604       26  6.249915E-04
 -1.199600E+02  5.680128E-03  2605       26  6.283687E-04
 -1.199500E+02  5.683121E-03  2606       26  6.318915E-04
 -1.199400E+02  5.685354E-03  2607       26  6.348946E-04
 -1.199300E+02  5.688005E-03  2608       26  6.388874E-04
 -1.199200E+02  5.691592E-03  2609       26  6.448714E-04
 -1.199100E+02  5.695669E-03  2610       26  6.512308E-04
 -1.199000E+02  5.699444E-03  2611       26  6.575936E-04
 -1.198900E+02  5.703397E-03  2612       26  6.638281E-04
 -1.198800E+02  5.707521E-03  2613       26  6.701408E-04
 -1.198700E+02  5.711169E-03  2614       26  6.763982E-04
 -1.198600E+02  5.715176E-03  2615       26  6.828740E-04
 -1.198500E+02  5.719702E-03  2616       26  6.891034E-04
 -1.198400E+02  5.724808E-03  2617       26  6.951145E-04
 -1.198300E+02  5.729708E-03  2618       26  7.015610E-04
 -1.198200E+02  5.734404E-03  2619       26  7.085351E-04
 -1.198100E+02  5.739160E-03  2620       26  7.153180E-04
 -1.198000E+02  5.743555E-03  2621       26  7.218336E-04
 -1.197900E+02  5.747784E-03  2622       26  7.281259E-04
 -1.197800E+02  5.751968E-03  2623       26  7.347943E-04
 -1.197700E+02  5.754161E-03  2624       26  7.371437E-04
 -1.197600E+02  5.755512E-03  2625       26  7.366809E-04
 -1.197500E+02  5.756837E-03  2626       26  7.361126E-04
 -1.197400E+02  5.756642E-03  2627       26  7.327457E-04
 -1.197300E+02  5.756878E-03  2628       26  7.291343E-04
 -1.197200E+02  5.756836E-03  2629       26  7.258956E-04
 -1.197100E+02  5.756792E-03  2630       26  7.227100E-04
 -1.197000E+02  5.757084E-03  2631       26  7.192917E-04
 -1.196900E+02  5.756991E-03  2632       26  7.163483E-04
 -1.196800E+02  5.756496E-03  2633       26  7.138938E-04
 -1.196700E+02  5.756114E-03  2634       26  7.115404E-04
 -1.196600E+02  5.755637E-03  2635       26  7.093774E-04
 -1.196500E+02  5.755539E-03  2636       26  7.079194E-04
 -1.196400E+02  5.753969E-03  2637       26  7.043553E-04
 -1.196300E+02  5.751686E-03  2638       26  7.004049E-04
 -1.196200E+02  5.750114E-03  2639       26  6.966628E-04
 -1.196100E+02  5.748149E-03  2640       26  6.914611E-04
 -1.196000E+02  5.745678E-03  2641       26  6.855893E-04
 -1.195900E+02  5.744176E-03  2642       26  6.796227E-04
 -1.195800E+02  5.743603E-03  2643       26  6.741712E-04
 -1.195700E+02  5.743219E-03  2644       26  6.690351E-04
 -1.195600E+02  5.743153E-03  2645       26  6.643594E-04
 -1.195500E+02  5.742305E-03  2646       26  6.589570E-04
 -1.195400E+02  5.741332E-03  2647       26  6.535288E-04
 -1.195300E+02  5.740875E-03  2648       26  6.480545E-04
 -1.195200E+02  5.739796E-03  2649       26  6.434972E-04
 -1.195100E+02  5.738531E-03  2650       26  6.395521E-04
 -1.195000E+02  5.738024E-03  2651       26  6.353956E-04
 -1.194900E+02  5.739339E-03  2652       26  6.314635E-04
 -1.194800E+02  5.741347E-03  2653       26  6.288204E-04
 -1.194700E+02  5.741731E-03  2654       26  6.257868E-04
 -1.194600E+02  5.741811E-03  2655       26  6.230947E-04
 -1.194500E+02  5.741478E-03  2656       26  6.205410E-04
 -1.194400E+02  5.740372E-03  2657       26  6.178752E-04
 -1.194300E+02  5.738650E-03  2658       26  6.154550E-04
 -1.194200E+02  5.736140E-03  2659       26  6.133977E-04
 -1.194100E+02  5.732895E-03  2660       26  6.116872E-04
 -1.194000E+02  5.728400E-03  2661       26  6.096969E-04
 -1.193900E+02  5.724160E-03  2662       26  6.082551E-04
 -1.193800E+02  5.719592E-03  2663       26  6.079389E-04
 -1.193700E+02  5.714450E-03  2664       26  6.089196E-04
 -1.193600E+02  5.710994E-03  2665       26  6.078863E-04
 -1.193500E+02  5.708108E-03  2666       26  6.068221E-04
 -1.193400E+02  5.704928E-03  2667       26  6.052674E-04
 -1.193300E+02  5.700143E-03  2668       26  6.029276E-04
 -1.193200E+02  5.695268E-03  2669       26  6.001246E-04
 -1.193100E+02  5.689083E-03  2670       26  5.970460E-04
 -1.193000E+02  5.681315E-03  2671       26  5.932213E-04
 -1.192900E+02  5.673648E-03  2672       26  5.904762E-04
 -1.192800E+02  5.665323E-03  2673       26  5.884813E-04
 -1.192700E+02  5.655732E-03  2674       26  5.867632E-04
 -1.192600E+02  5.645504E-03  2675       26  5.854808E-04
 -1.192500E+02  5.635449E-03  2676       26  5.850533E-04
 -1.192400E+02  5.625521E-03  2677       26  5.853929E-04
 -1.192300E+02  5.614862E-03  2678       26  5.854467E-04
 -1.192200E+02  5.604707E-03  2679       26  5.858594E-04
 -1.192100E+02  5.594202E-03  2680       26  5.873755E-04
 -1.192000E+02  5.581606E-03  2681       26  5.903062E-04
 -1.191900E+02  5.568891E-03  2682       26  5.938027E-04
 -1.191800E+02  5.555296E-03  2683       26  5.972739E-04
 -1.191700E+02  5.541199E-03  2684       26  6.001980E-04
 -1.191600E+02  5.527452E-03  2685       26  6.027195E-04
 -1.191500E+02  5.514307E-03  2686       26  6.056189E-04
 -1.191400E+02  5.502642E-03  2687       26  6.083375E-04
 -1.191300E+02  5.491175E-03  2688       26  6.098670E-04
 -1.191200E+02  5.480165E-03  2689       26  6.115283E-04
 -1.191100E+02  5.470268E-03  2690       26  6.120685E-04
 -1.191000E+02  5.460115E-03  2691       26  6.126257E-04
 -1.190900E+02  5.449994E-03  2692       26  6.134721E-04
 -1.190800E+02  5.439654E-03  2693       26  6.144656E-04
 -1.190700E+02  5.428832E-03  2694       26  6.157950E-04
 -1.190600E+02  5.418156E-03  2695       26  6.173220E-04
 -1.190500E+02  5.407929E-03  2696       26  6.187172E-04
 -1.190400E+02  5.397803E-03  2697       26  6.202287E-04
 -1.190300E+02  5.388057E-03  2698       26  6.218151E-04
 -1.190200E+02  5.378945E-03  2699       26  6.241022E-04
 -1.190100E+02  5.370655E-03  2700       26  6.263562E-04
 -1.190000E+02  5.364567E-03  2701       26  6.272280E-04
 -1.189900E+02  5.358968E-03  2702       26  6.282119E-04
 -1.189800E+02  5.354909E-03  2703       26  6.264603E-04
 -1.189700E+02  5.350721E-03  2704       26  6.248066E-04
 -1.189600E+02  5.346441E-03  2705       26  6.233461E-04
 -1.189500E+02  5.342775E-03  2706       26  6.226220E-04
 -1.189400E+02  5.339514E-03  2707       26  6.225742E-04
 -1.189300E+02  5.337211E-03  2708       26  6.241219E-04
 -1.189200E+02  5.336731E-03  2709       26  6.293079E-04
 -1.189100E+02  5.337779E-03  2710       26  6.348299E-04
 -1.189000E+02  5.339626E-03  2711       26  6.409579E-04
 -1.188900E+02  5.342481E-03  2712       26  6.469859E-04
 -1.188800E+02  5.345734E-03  2713       26  6.531487E-04
 -1.188700E+02  5.349228E-03  2714       26  6.597689E-04
 -1.188600E+02  5.354133E-03  2715       26  6.671510E-04
 -1.188500E+02  5.359692E-03  2716       26  6.742647E-04
 -1.188400E+02  5.366440E-03  2717       26  6.807493E-04
 -1.188300E+02  5.373507E-03  2718       26  6.874697E-04
 -1.188200E+02  5.380858E-03  2719       26  6.944945E-04
 -1.188100E+02  5.390017E-03  2720       26  7.016337E-04
 -1.188000E+02  5.399454E-03  2721       26  7.087705E-04
 -1.187900E+02  5.407795E-03  2722       26  7.156548E-04
 -1.187800E+02  5.415837E-03  2723       26  7.226298E-04
 -1.187700E+02  5.422056E-03  2724       26  7.259972E-04
 -1.187600E+02  5.427856E-03  2725       26  7.267954E-04
 -1.187500E+02  5.434030E-03  2726       26  7.275301E-04
 -1.187400E+02  5.437948E-03  2727       26  7.250807E-04
 -1.187300E+02  5.442459E-03  2728       26  7.219103E-04
 -1.187200E+02  5.447247E-03  2729       26  7.186599E-04
 -1.187100E+02  5.452686E-03  2730       26  7.156572E-04
 -1.187000E+02  5.458564E-03  2731       26  7.127480E-04
 -1.186900E+02  5.463386E-03  2732       26  7.105855E-04
 -1.186800E+02  5.467537E-03  2733       26  7.091665E-04
 -1.186700E+02  5.471989E-03  2734       26  7.079592E-04
 -1.186600E+02  5.476073E-03  2735       26  7.070940E-04
 -1.186500E+02  5.480111E-03  2736       26  7.067587E-04
 -1.186400E+02  5.482513E-03  2737       26  7.038249E-04
 -1.186300E+02  5.485164E-03  2738       26  7.010010E-04
 -1.186200E+02  5.488311E-03  2739       26  6.986977E-04
 -1.186100E+02  5.491188E-03  2740       26  6.945440E-04
 -1.186000E+02  5.493096E-03  2741       26  6.889747E-04
 -1.185900E+02  5.495155E-03  2742       26  6.839238E-04
 -1.185800E+02  5.497982E-03  2743       26  6.798408E-04
 -1.185700E+02  5.500934E-03  2744       26  6.762000E-04
 -1.185600E+02  5.503855E-03  2745       26  6.730320E-04
 -1.185500E+02  5.505582E-03  2746       26  6.689911E-04
 -1.185400E+02  5.507245E-03  2747       26  6.648421E-04
 -1.185300E+02  5.509784E-03  2748       26  6.599361E-04
 -1.185200E+02  5.511938E-03  2749       26  6.547326E-04
 -1.185100E+02  5.513416E-03  2750       26  6.502115E-04
 -1.185000E+02  5.515497E-03  2751       26  6.460398E-04
 -1.184900E+02  5.519521E-03  2752       26  6.426193E-04
 -1.184800E+02  5.524370E-03  2753       26  6.406101E-04
 -1.184700E+02  5.528795E-03  2754       26  6.391607E-04
 -1.184600E+02  5.533103E-03  2755       26  6.382179E-04
 -1.184500E+02  5.537323E-03  2756       26  6.377881E-04
 -1.184400E+02  5.540408E-03  2757       26  6.367374E-04
 -1.184300E+02  5.543602E-03  2758       26  6.358348E-04
 -1.184200E+02  5.546714E-03  2759       26  6.352420E-04
 -1.184100E+02  5.549417E-03  2760       26  6.340628E-04
 -1.184000E+02  5.550753E-03  2761       26  6.316792E-04
 -1.183900E+02  5.552307E-03  2762       26  6.297770E-04
 -1.183800E+02  5.553678E-03  2763       26  6.288449E-04
 -1.183700E+02  5.554632E-03  2764       26  6.293779E-04
 -1.183600E+02  5.556828E-03  2765       26  6.292360E-04
 -1.183500E+02  5.560017E-03  2766       26  6.286793E-04
 -1.183400E+02  5.562854E-03  2767       26  6.272059E-04
 -1.183300E+02  5.564273E-03  2768       26  6.249285E-04
 -1.183200E+02  5.565904E-03  2769       26  6.220151E-04
 -1.183100E+02  5.567360E-03  2770       26  6.191861E-04
 -1.183000E+02  5.566556E-03  2771       26  6.142437E-04
 -1.182900E+02  5.565908E-03  2772       26  6.101644E-04
 -1.182800E+02  5.565025E-03  2773       26  6.068654E-04
 -1.182700E+02  5.563148E-03  2774       26  6.039566E-04
 -1.182600E+02  5.560619E-03  2775       26  6.016867E-04
 -1.182500E+02  5.558035E-03  2776       26  6.002364E-04
 -1.182400E+02  5.555812E-03  2777       26  5.998270E-04
 -1.182300E+02  5.553376E-03  2778       26  5.992447E-04
 -1.182200E+02  5.551763E-03  2779       26  5.987083E-04
 -1.182100E+02  5.549703E-03  2780       26  5.993496E-04
 -1.182000E+02  5.546258E-03  2781       26  6.007508E-04
 -1.181900E+02  5.542561E-03  2782       26  6.025903E-04
 -1.181800E+02  5.538117E-03  2783       26  6.042651E-04
 -1.181700E+02  5.533594E-03  2784       26  6.054605E-04
 -1.181600E+02  5.529512E-03  2785       26  6.059182E-04
 -1.181500E+02  5.525430E-03  2786       26  6.069633E-04
 -1.181400E+02  5.523251E-03  2787       26  6.080740E-04
 -1.181300E+02  5.521678E-03  2788       26  6.081274E-04
 -1.181200E+02  5.520999E-03  2789       26  6.083637E-04
 -1.181100E+02  5.521339E-03  2790       26  6.079858E-04
 -1.181000E+02  5.521586E-03  2791       26  6.074728E-04
 -1.180900E+02  5.522083E-03  2792       26  6.075324E-04
 -1.180800E+02  5.522776E-03  2793       26  6.083275E-04
 -1.180700E+02  5.523333E-03  2794       26  6.098669E-04
 -1.180600E+02  5.524177E-03  2795       26  6.115004E-04
 -1.180500E+02  5.525946E-03  2796       26  6.128089E-04
 -1.180400E+02  5.527841E-03  2797       26  6.142335E-04
 -1.180300E+02  5.530249E-03  2798       26  6.157344E-04
 -1.180200E+02  5.533786E-03  2799       26  6.183568E-04
 -1.180100E+02  5.537634E-03  2800       26  6.216794E-04
 -1.180000E+02  5.541913E-03  2801       26  6.252732E-04
 -1.179900E+02  5.546458E-03  2802       26  6.291966E-04
 -1.179800E+02  5.552274E-03  2803       26  6.312347E-04
 -1.179700E+02  5.557981E-03  2804       26  6.332818E-04
 -1.179600E+02  5.563326E-03  2805       26  6.354403E-04
 -1.179500E+02  5.569081E-03  2806       26  6.381826E-04
 -1.179400E+02  5.575265E-03  2807       26  6.413750E-04
 -1.179300E+02  5.582027E-03  2808       26  6.456916E-04
 -1.179200E+02  5.590251E-03  2809       26  6.523890E-04
 -1.179100E+02  5.599151E-03  2810       26  6.592235E-04
 -1.179000E+02  5.607976E-03  2811       26  6.663459E-04
 -1.178900E+02  5.617180E-03  2812       26  6.735860E-04
 -1.178800E+02  5.626502E-03  2813       26  6.810323E-04
 -1.178700E+02  5.635653E-03  2814       26  6.888611E-04
 -1.178600E+02  5.645555E-03  2815       26  6.971803E-04
 -1.178500E+02  5.656009E-03  2816       26  7.048721E-04
 -1.178400E+02  5.666861E-03  2817       26  7.122964E-04
 -1.178300E+02  5.677566E-03  2818       26  7.200049E-04
 -1.178200E+02  5.688096E-03  2819       26  7.281286E-04
 -1.178100E+02  5.699372E-03  2820       26  7.362940E-04
 -1.178000E+02  5.710430E-03  2821       26  7.442141E-04
 -1.177900E+02  5.719612E-03  2822       26  7.518027E-04
 -1.177800E+02  5.728043E-03  2823       26  7.594049E-04
 -1.177700E+02  5.734383E-03  2824       26  7.629984E-04
 -1.177600E+02  5.739668E-03  2825       26  7.636966E-04
 -1.177500E+02  5.744739E-03  2826       26  7.642733E-04
 -1.177400E+02  5.747193E-03  2827       26  7.621219E-04
 -1.177300E+02  5.749290E-03  2828       26  7.597627E-04
 -1.177200E+02  5.751474E-03  2829       26  7.573046E-04
 -1.177100E+02  5.753653E-03  2830       26  7.546823E-04
 -1.177000E+02  5.755767E-03  2831       26  7.516857E-04
 -1.176900E+02  5.756785E-03  2832       26  7.498468E-04
 -1.176800E+02  5.757482E-03  2833       26  7.484893E-04
 -1.176700E+02  5.758464E-03  2834       26  7.474517E-04
 -1.176600E+02  5.759081E-03  2835       26  7.469209E-04
 -1.176500E+02  5.759454E-03  2836       26  7.468928E-04
 -1.176400E+02  5.758504E-03  2837       26  7.439117E-04
 -1.176300E+02  5.757989E-03  2838       26  7.406115E-04
 -1.176200E+02  5.757648E-03  2839       26  7.377945E-04
 -1.176100E+02  5.756664E-03  2840       26  7.336642E-04
 -1.176000E+02  5.754755E-03  2841       26  7.283665E-04
 -1.175900E+02  5.752704E-03  2842       26  7.232846E-04
 -1.175800E+02  5.752551E-03  2843       26  7.191400E-04
 -1.175700E+02  5.752611E-03  2844       26  7.155770E-04
 -1.175600E+02  5.752603E-03  2845       26  7.125026E-04
 -1.175500E+02  5.751324E-03  2846       26  7.083433E-04
 -1.175400E+02  5.750129E-03  2847       26  7.039873E-04
 -1.175300E+02  5.749231E-03  2848       26  6.995819E-04
 -1.175200E+02  5.747637E-03  2849       26  6.955697E-04
 -1.175100E+02  5.744863E-03  2850       26  6.918322E-04
 -1.175000E+02  5.742716E-03  2851       26  6.880913E-04
 -1.174900E+02  5.742051E-03  2852       26  6.851003E-04
 -1.174800E+02  5.742547E-03  2853       26  6.838461E-04
 -1.174700E+02  5.742371E-03  2854       26  6.831772E-04
 -1.174600E+02  5.741753E-03  2855       26  6.826544E-04
 -1.174500E+02  5.740589E-03  2856       26  6.821768E-04
 -1.174400E+02  5.738739E-03  2857       26  6.814383E-04
 -1.174300E+02  5.737555E-03  2858       26  6.806985E-04
 -1.174200E+02  5.736674E-03  2859       26  6.806301E-04
 -1.174100E+02  5.735526E-03  2860       26  6.803972E-04
 -1.174000E+02  5.733312E-03  2861       26  6.798170E-04
 -1.173900E+02  5.731587E-03  2862       26  6.802570E-04
 -1.173800E+02  5.729774E-03  2863       26  6.815502E-04
 -1.173700E+02  5.728115E-03  2864       26  6.837764E-04
 -1.173600E+02  5.727367E-03  2865       26  6.859866E-04
 -1.173500E+02  5.728422E-03  2866       26  6.872395E-04
 -1.173400E+02  5.729388E-03  2867       26  6.875444E-04
 -1.173300E+02  5.729366E-03  2868       26  6.874611E-04
 -1.173200E+02  5.729529E-03  2869       26  6.865220E-04
 -1.173100E+02  5.729287E-03  2870       26  6.861035E-04
 -1.173000E+02  5.727812E-03  2871       26  6.850835E-04
 -1.172900E+02  5.727054E-03  2872       26  6.848212E-04
 -1.172800E+02  5.726401E-03  2873       26  6.850443E-04
 -1.172700E+02  5.724384E-03  2874       26  6.852585E-04
 -1.172600E+02  5.721201E-03  2875       26  6.851405E-04
 -1.172500E+02  5.718021E-03  2876       26  6.856139E-04
 -1.172400E+02  5.715258E-03  2877       26  6.870026E-04
 -1.172300E+02  5.712324E-03  2878       26  6.882858E-04
 -1.172200E+02  5.710039E-03  2879       26  6.896439E-04
 -1.172100E+02  5.707965E-03  2880       26  6.915481E-04
 -1.172000E+02  5.705234E-03  2881       26  6.939578E-04
 -1.171900E+02  5.701876E-03  2882       26  6.967952E-04
 -1.171800E+02  5.697749E-03  2883       26  6.991445E-04
 -1.171700E+02  5.693591E-03  2884       26  7.011311E-04
 -1.171600E+02  5.689769E-03  2885       26  7.023319E-04
 -1.171500E+02  5.687193E-03  2886       26  7.029239E-04
 -1.171400E+02  5.685856E-03  2887       26  7.030520E-04
 -1.171300E+02  5.684893E-03  2888       26  7.022335E-04
 -1.171200E+02  5.684290E-03  2889       26  7.017180E-04
 -1.171100E+02  5.683799E-03  2890       26  7.005566E-04
 -1.171000E+02  5.682970E-03  2891       26  6.990382E-04
 -1.170900E+02  5.682474E-03  2892       26  6.979946E-04
 -1.170800E+02  5.681984E-03  2893       26  6.974611E-04
 -1.170700E+02  5.681028E-03  2894       26  6.976213E-04
 -1.170600E+02  5.679968E-03  2895       26  6.980608E-04
 -1.170500E+02  5.678855E-03  2896       26  6.988036E-04
 -1.170400E+02  5.677967E-03  2897       26  6.996602E-04
 -1.170300E+02  5.677522E-03  2898       26  7.006029E-04
 -1.170200E+02  5.678152E-03  2899       26  7.025988E-04
 -1.170100E+02  5.678771E-03  2900       26  7.056249E-04
 -1.170000E+02  5.679236E-03  2901       26  7.095920E-04
 -1.169900E+02  5.680476E-03  2902       26  7.132480E-04
 -1.169800E+02  5.683528E-03  2903       26  7.145350E-04
 -1.169700E+02  5.686472E-03  2904       26  7.158428E-04
 -1.169600E+02  5.689201E-03  2905       26  7.169411E-04
 -1.169500E+02  5.692843E-03  2906       26  7.185770E-04
 -1.169400E+02  5.696709E-03  2907       26  7.207863E-04
 -1.169300E+02  5.700990E-03  2908       26  7.237459E-04
 -1.169200E+02  5.706405E-03  2909       26  7.283177E-04
 -1.169100E+02  5.712147E-03  2910       26  7.331321E-04
 -1.169000E+02  5.717527E-03  2911       26  7.382885E-04
 -1.168900E+02  5.722888E-03  2912       26  7.436809E-04
 -1.168800E+02  5.728192E-03  2913       26  7.493683E-04
 -1.168700E+02  5.733065E-03  2914       26  7.553295E-04
 -1.168600E+02  5.738272E-03  2915       26  7.615743E-04
 -1.168500E+02  5.744251E-03  2916       26  7.666552E-04
 -1.168400E+02  5.751389E-03  2917       26  7.707943E-04
 -1.168300E+02  5.758568E-03  2918       26  7.751773E-04
 -1.168200E+02  5.765342E-03  2919       26  7.802983E-04
 -1.168100E+02  5.772768E-03  2920       26  7.853587E-04
 -1.168000E+02  5.779734E-03  2921       26  7.901007E-04
 -1.167900E+02  5.784320E-03  2922       26  7.939817E-04
 -1.167800E+02  5.788178E-03  2923       26  7.980856E-04
 -1.167700E+02  5.790155E-03  2924       26  7.989887E-04
 -1.167600E+02  5.791066E-03  2925       26  7.976051E-04
 -1.167500E+02  5.791974E-03  2926       26  7.962675E-04
 -1.167400E+02  5.790870E-03  2927       26  7.928820E-04
 -1.167300E+02  5.790079E-03  2928       26  7.895150E-04
 -1.167200E+02  5.789886E-03  2929       26  7.858448E-04
 -1.167100E+02  5.789603E-03  2930       26  7.821542E-04
 -1.167000E+02  5.789582E-03  2931       26  7.783047E-04
 -1.166900E+02  5.788794E-03  2932       26  7.758383E-04
 -1.166800E+02  5.787693E-03  2933       26  7.739512E-04
 -1.166700E+02  5.786473E-03  2934       26  7.723702E-04
 -1.166600E+02  5.785047E-03  2935       26  7.709759E-04
 -1.166500E+02  5.783377E-03  2936       26  7.701637E-04
 -1.166400E+02  5.780838E-03  2937       26  7.671046E-04
 -1.166300E+02  5.779559E-03  2938       26  7.641523E-04
 -1.166200E+02  5.778526E-03  2939       26  7.615963E-04
 -1.166100E+02  5.777133E-03  2940       26  7.584341E-04
 -1.166000E+02  5.775124E-03  2941       26  7.542122E-04
 -1.165900E+02  5.772654E-03  2942       26  7.503678E-04
 -1.165800E+02  5.770924E-03  2943       26  7.471339E-04
 -1.165700E+02  5.769138E-03  2944       26  7.443695E-04
 -1.165600E+02  5.767117E-03  2945       26  7.419934E-04
 -1.165500E+02  5.764136E-03  2946       26  7.388093E-04
 -1.165400E+02  5.761088E-03  2947       26  7.354425E-04
 -1.165300E+02  5.758245E-03  2948       26  7.317817E-04
 -1.165200E+02  5.754462E-03  2949       26  7.284925E-04
 -1.165100E+02  5.749825E-03  2950       26  7.259189E-04
 -1.165000E+02  5.745845E-03  2951       26  7.234778E-04
 -1.164900E+02  5.743441E-03  2952       26  7.216092E-04
 -1.164800E+02  5.741703E-03  2953       26  7.211979E-04
 -1.164700E+02  5.738699E-03  2954       26  7.209582E-04
 -1.164600E+02  5.735500E-03  2955       26  7.211300E-04
 -1.164500E+02  5.731962E-03  2956       26  7.215287E-04
 -1.164400E+02  5.727807E-03  2957       26  7.208300E-04
 -1.164300E+02  5.724506E-03  2958       26  7.196111E-04
 -1.164200E+02  5.720772E-03  2959       26  7.189776E-04
 -1.164100E+02  5.716873E-03  2960       26  7.182272E-04
 -1.164000E+02  5.711816E-03  2961       26  7.168565E-04
 -1.163900E+02  5.707364E-03  2962       26  7.159320E-04
 -1.163800E+02  5.702702E-03  2963       26  7.157915E-04
 -1.163700E+02  5.697704E-03  2964       26  7.168021E-04
 -1.163600E+02  5.692886E-03  2965       26  7.175131E-04
 -1.163500E+02  5.689640E-03  2966       26  7.172739E-04
 -1.163400E+02  5.685936E-03  2967       26  7.158616E-04
 -1.163300E+02  5.681151E-03  2968       26  7.138684E-04
 -1.163200E+02  5.676695E-03  2969       26  7.110694E-04
 -1.163100E+02  5.672015E-03  2970       26  7.086541E-04
 -1.163000E+02  5.665869E-03  2971       26  7.055212E-04
 -1.162900E+02  5.660454E-03  2972       26  7.034033E-04
 -1.162800E+02  5.655037E-03  2973       26  7.019251E-04
 -1.162700E+02  5.648998E-03  2974       26  7.008459E-04
 -1.162600E+02  5.642887E-03  2975       26  7.003045E-04
 -1.162500E+02  5.636497E-03  2976       26  7.003425E-04
 -1.162400E+02  5.630461E-03  2977       26  7.011768E-04
 -1.162300E+02  5.623819E-03  2978       26  7.018354E-04
 -1.162200E+02  5.618081E-03  2979       26  7.024592E-04
 -1.162100E+02  5.612757E-03  2980       26  7.038065E-04
 -1.162000E+02  5.607090E-03  2981       26  7.058091E-04
 -1.161900E+02  5.600780E-03  2982       26  7.083120E-04
 -1.161800E+02  5.593585E-03  2983       26  7.103574E-04
 -1.161700E+02  5.586469E-03  2984       26  7.116272E-04
 -1.161600E+02  5.580346E-03  2985       26  7.118505E-04
 -1.161500E+02  5.574976E-03  2986       26  7.121789E-04
 -1.161400E+02  5.570907E-03  2987       26  7.121174E-04
 -1.161300E+02  5.567128E-03  2988       26  7.103009E-04
 -1.161200E+02  5.563916E-03  2989       26  7.084908E-04
 -1.161100E+02  5.561283E-03  2990       26  7.063583E-04
 -1.161000E+02  5.558794E-03  2991       26  7.045617E-04
 -1.160900E+02  5.556852E-03  2992       26  7.033924E-04
 -1.160800E+02  5.555081E-03  2993       26  7.030042E-04
 -1.160700E+02  5.553333E-03  2994       26  7.041507E-04
 -1.160600E+02  5.551527E-03  2995       26  7.055770E-04
 -1.160500E+02  5.549026E-03  2996       26  7.068887E-04
 -1.160400E+02  5.546397E-03  2997       26  7.082326E-04
 -1.160300E+02  5.544285E-03  2998       26  7.097094E-04
 -1.160200E+02  5.543440E-03  2999       26  7.124438E-04
 -1.160100E+02  5.542861E-03  3000       26  7.163735E-04
 -1.160000E+02  5.542567E-03  3001       26  7.211502E-04
 -1.159900E+02  5.542885E-03  3002       26  7.261576E-04
 -1.159800E+02  5.544839E-03  3003       26  7.294154E-04
 -1.159700E+02  5.547043E-03  3004       26  7.329519E-04
 -1.159600E+02  5.549365E-03  3005       26  7.362295E-04
 -1.159500E+02  5.552035E-03  3006       26  7.390967E-04
 -1.159400E+02  5.554561E-03  3007       26  7.421878E-04
 -1.159300E+02  5.557337E-03  3008       26  7.458739E-04
 -1.159200E+02  5.561444E-03  3009       26  7.512088E-04
 -1.159100E+02  5.566063E-03  3010       26  7.563612E-04
 -1.159000E+02  5.570620E-03  3011       26  7.620728E-04
 -1.158900E+02  5.575461E-03  3012       26  7.681849E-04
 -1.158800E+02  5.581551E-03  3013       26  7.734879E-04
 -1.158700E+02  5.587288E-03  3014       26  7.789924E-04
 -1.158600E+02  5.593390E-03  3015       26  7.848820E-04
 -1.158500E+02  5.600755E-03  3016       26  7.894272E-04
 -1.158400E+02  5.609855E-03  3017       26  7.931104E-04
 -1.158300E+02  5.619319E-03  3018       26  7.969343E-04
 -1.158200E+02  5.628551E-03  3019       26  8.011592E-04
 -1.158100E+02  5.638727E-03  3020       26  8.052299E-04
 -1.158000E+02  5.648843E-03  3021       26  8.093515E-04
 -1.157900E+02  5.658656E-03  3022       26  8.141963E-04
 -1.157800E+02  5.667728E-03  3023       26  8.190939E-04
 -1.157700E+02  5.675407E-03  3024       26  8.217660E-04
 -1.157600E+02  5.682054E-03  3025       26  8.220943E-04
 -1.157500E+02  5.688803E-03  3026       26  8.221589E-04
 -1.157400E+02  5.693020E-03  3027       26  8.181654E-04
 -1.157300E+02  5.696880E-03  3028       26  8.148028E-04
 -1.157200E+02  5.700171E-03  3029       26  8.122574E-04
 -1.157100E+02  5.703567E-03  3030       26  8.098692E-04
 -1.157000E+02  5.707278E-03  3031       26  8.075733E-04
 -1.156900E+02  5.708406E-03  3032       26  8.067381E-04
 -1.156800E+02  5.708846E-03  3033       26  8.064870E-04
 -1.156700E+02  5.708996E-03  3034       26  8.066610E-04
 -1.156600E+02  5.708620E-03  3035       26  8.073443E-04
 -1.156500E+02  5.707669E-03  3036       26  8.084349E-04
 -1.156400E+02  5.705626E-03  3037       26  8.075702E-04
 -1.156300E+02  5.703556E-03  3038       26  8.064259E-04
 -1.156200E+02  5.701534E-03  3039       26  8.056684E-04
 -1.156100E+02  5.698880E-03  3040       26  8.042025E-04
 -1.156000E+02  5.695163E-03  3041       26  8.009412E-04
 -1.155900E+02  5.690891E-03  3042       26  7.979101E-04
 -1.155800E+02  5.687885E-03  3043       26  7.959524E-04
 -1.155700E+02  5.685195E-03  3044       26  7.941804E-04
 -1.155600E+02  5.682648E-03  3045       26  7.924380E-04
 -1.155500E+02  5.678879E-03  3046       26  7.895752E-04
 -1.155400E+02  5.675001E-03  3047       26  7.866446E-04
 -1.155300E+02  5.671113E-03  3048       26  7.836058E-04
 -1.155200E+02  5.666026E-03  3049       26  7.803624E-04
 -1.155100E+02  5.660215E-03  3050       26  7.772246E-04
 -1.155000E+02  5.654959E-03  3051       26  7.741800E-04
 -1.154900E+02  5.650762E-03  3052       26  7.717137E-04
 -1.154800E+02  5.647700E-03  3053       26  7.702507E-04
 -1.154700E+02  5.644633E-03  3054       26  7.692551E-04
 -1.154600E+02  5.641601E-03  3055       26  7.686923E-04
 -1.154500E+02  5.638379E-03  3056       26  7.684255E-04
 -1.154400E+02  5.634470E-03  3057       26  7.679137E-04
 -1.154300E+02  5.631764E-03  3058       26  7.665592E-04
 -1.154200E+02  5.629069E-03  3059       26  7.649424E-04
 -1.154100E+02  5.626278E-03  3060       26  7.630546E-04
 -1.154000E+02  5.622357E-03  3061       26  7.605615E-04
 -1.153900E+02  5.618959E-03  3062       26  7.586362E-04
 -1.153800E+02  5.616407E-03  3063       26  7.570307E-04
 -1.153700E+02  5.614734E-03  3064       26  7.559440E-04
 -1.153600E+02  5.612926E-03  3065       26  7.547119E-04
 -1.153500E+02  5.612403E-03  3066       26  7.535004E-04
 -1.153400E+02  5.611840E-03  3067       26  7.511275E-04
 -1.153300E+02  5.610528E-03  3068       26  7.484343E-04
 -1.153200E+02  5.609505E-03  3069       26  7.449038E-04
 -1.153100E+02  5.608269E-03  3070       26  7.417605E-04
 -1.153000E+02  5.605288E-03  3071       26  7.377454E-04
 -1.152900E+02  5.603172E-03  3072       26  7.345364E-04
 -1.152800E+02  5.601343E-03  3073       26  7.318018E-04
 -1.152700E+02  5.598558E-03  3074       26  7.292523E-04
 -1.152600E+02  5.594716E-03  3075       26  7.277047E-04
 -1.152500E+02  5.590959E-03  3076       26  7.267556E-04
 -1.152400E+02  5.587728E-03  3077       26  7.266824E-04
 -1.152300E+02  5.584521E-03  3078       26  7.268083E-04
 -1.152200E+02  5.582154E-03  3079       26  7.270033E-04
 -1.152100E+02  5.580282E-03  3080       26  7.279105E-04
 -1.152000E+02  5.578281E-03  3081       26  7.290435E-04
 -1.151900E+02  5.575803E-03  3082       26  7.301045E-04
 -1.151800E+02  5.572522E-03  3083       26  7.308179E-04
 -1.151700E+02  5.569091E-03  3084       26  7.311468E-04
 -1.151600E+02  5.565529E-03  3085       26  7.310064E-04
 -1.151500E+02  5.562521E-03  3086       26  7.311441E-04
 -1.151400E+02  5.561171E-03  3087       26  7.309034E-04
 -1.151300E+02  5.560399E-03  3088       26  7.289647E-04
 -1.151200E+02  5.559966E-03  3089       26  7.273009E-04
 -1.151100E+02  5.560197E-03  3090       26  7.252574E-04
 -1.151000E+02  5.561045E-03  3091       26  7.233126E-04
 -1.150900E+02  5.562571E-03  3092       26  7.219891E-04
 -1.150800E+02  5.564300E-03  3093       26  7.215566E-04
 -1.150700E+02  5.565721E-03  3094       26  7.224611E-04
 -1.150600E+02  5.566824E-03  3095       26  7.234834E-04
 -1.150500E+02  5.567369E-03  3096       26  7.245606E-04
 -1.150400E+02  5.568260E-03  3097       26  7.256957E-04
 -1.150300E+02  5.569878E-03  3098       26  7.270074E-04
 -1.150200E+02  5.572701E-03  3099       26  7.292231E-04
 -1.150100E+02  5.575569E-03  3100       26  7.328386E-04
 -1.150000E+02  5.578202E-03  3101       26  7.375871E-04
 -1.149900E+02  5.581271E-03  3102       26  7.426619E-04
 -1.149800E+02  5.585723E-03  3103       26  7.466624E-04
 -1.149700E+02  5.590310E-03  3104       26  7.507795E-04
 -1.149600E+02  5.594939E-03  3105       26  7.545822E-04
 -1.149500E+02  5.599699E-03  3106       26  7.582319E-04
 -1.149400E+02  5.603961E-03  3107       26  7.619584E-04
 -1.149300E+02  5.608252E-03  3108       26  7.659960E-04
 -1.149200E+02  5.613602E-03  3109       26  7.710206E-04
 -1.149100E+02  5.619317E-03  3110       26  7.759124E-04
 -1.149000E+02  5.624995E-03  3111       26  7.813803E-04
 -1.148900E+02  5.630937E-03  3112       26  7.871889E-04
 -1.148800E+02  5.637698E-03  3113       26  7.930082E-04
 -1.148700E+02  5.643855E-03  3114       26  7.990903E-04
 -1.148600E+02  5.650392E-03  3115       26  8.055497E-04
 -1.148500E+02  5.657558E-03  3116       26  8.105384E-04
 -1.148400E+02  5.665216E-03  3117       26  8.148518E-04
 -1.148300E+02  5.673248E-03  3118       26  8.191940E-04
 -1.148200E+02  5.681015E-03  3119       26  8.238225E-04
 -1.148100E+02  5.689728E-03  3120       26  8.287570E-04
 -1.148000E+02  5.698545E-03  3121       26  8.341723E-04
 -1.147900E+02  5.707087E-03  3122       26  8.404677E-04
 -1.147800E+02  5.714917E-03  3123       26  8.463562E-04
 -1.147700E+02  5.721256E-03  3124       26  8.504359E-04
 -1.147600E+02  5.726647E-03  3125       26  8.529094E-04
 -1.147500E+02  5.731490E-03  3126       26  8.542855E-04
 -1.147400E+02  5.731617E-03  3127       26  8.493855E-04
 -1.147300E+02  5.731179E-03  3128       26  8.451359E-04
 -1.147200E+02  5.730152E-03  3129       26  8.414162E-04
 -1.147100E+02  5.729385E-03  3130       26  8.379761E-04
 -1.147000E+02  5.728990E-03  3131       26  8.347753E-04
 -1.146900E+02  5.728176E-03  3132       26  8.334986E-04
 -1.146800E+02  5.727265E-03  3133       26  8.329855E-04
 -1.146700E+02  5.726134E-03  3134       26  8.329021E-04
 -1.146600E+02  5.724422E-03  3135       26  8.329516E-04
 -1.146500E+02  5.721889E-03  3136       26  8.330074E-04
 -1.146400E+02  5.718479E-03  3137       26  8.312591E-04
 -1.146300E+02  5.715359E-03  3138       26  8.290491E-04
 -1.146200E+02  5.712533E-03  3139       26  8.275149E-04
 -1.146100E+02  5.709261E-03  3140       26  8.259594E-04
 -1.146000E+02  5.705240E-03  3141       26  8.234815E-04
 -1.145900E+02  5.700599E-03  3142       26  8.213403E-04
 -1.145800E+02  5.698645E-03  3143       26  8.206280E-04
 -1.145700E+02  5.697059E-03  3144       26  8.201662E-04
 -1.145600E+02  5.695375E-03  3145       26  8.198683E-04
 -1.145500E+02  5.692400E-03  3146       26  8.187949E-04
 -1.145400E+02  5.689391E-03  3147       26  8.176254E-04
 -1.145300E+02  5.686710E-03  3148       26  8.162633E-04
 -1.145200E+02  5.683164E-03  3149       26  8.150088E-04
 -1.145100E+02  5.678474E-03  3150       26  8.138525E-04
 -1.145000E+02  5.674290E-03  3151       26  8.130676E-04
 -1.144900E+02  5.671191E-03  3152       26  8.127383E-04
 -1.144800E+02  5.669357E-03  3153       26  8.129160E-04
 -1.144700E+02  5.667566E-03  3154       26  8.131020E-04
 -1.144600E+02  5.665261E-03  3155       26  8.133019E-04
 -1.144500E+02  5.662728E-03  3156       26  8.137260E-04
 -1.144400E+02  5.659871E-03  3157       26  8.138096E-04
 -1.144300E+02  5.658295E-03  3158       26  8.125344E-04
 -1.144200E+02  5.656407E-03  3159       26  8.112184E-04
 -1.144100E+02  5.654606E-03  3160       26  8.097209E-04
 -1.144000E+02  5.651901E-03  3161       26  8.078270E-04
 -1.143900E+02  5.650030E-03  3162       26  8.064995E-04
 -1.143800E+02  5.647770E-03  3163       26  8.056427E-04
 -1.143700E+02  5.645233E-03  3164       26  8.054220E-04
 -1.143600E+02  5.642829E-03  3165       26  8.052860E-04
 -1.143500E+02  5.642132E-03  3166       26  8.046587E-04
 -1.143400E+02  5.642370E-03  3167       26  8.027953E-04
 -1.143300E+02  5.642162E-03  3168       26  8.007114E-04
 -1.143200E+02  5.642588E-03  3169       26  7.976189E-04
 -1.143100E+02  5.642918E-03  3170       26  7.948035E-04
 -1.143000E+02  5.642261E-03  3171       26  7.908219E-04
 -1.142900E+02  5.642967E-03  3172       26  7.875155E-04
 -1.142800E+02  5.644208E-03  3173       26  7.847648E-04
 -1.142700E+02  5.643392E-03  3174       26  7.830124E-04
 -1.142600E+02  5.640940E-03  3175       26  7.829479E-04
 -1.142500E+02  5.638845E-03  3176       26  7.839498E-04
 -1.142400E+02  5.637950E-03  3177       26  7.865001E-04
 -1.142300E+02  5.636974E-03  3178       26  7.897804E-04
 -1.142200E+02  5.636133E-03  3179       26  7.933948E-04
 -1.142100E+02  5.635331E-03  3180       26  7.977920E-04
 -1.142000E+02  5.634901E-03  3181       26  8.029790E-04
 -1.141900E+02  5.634336E-03  3182       26  8.085922E-04
 -1.141800E+02  5.633182E-03  3183       26  8.135472E-04
 -1.141700E+02  5.631538E-03  3184       26  8.191902E-04
 -1.141600E+02  5.629051E-03  3185       26  8.255426E-04
 -1.141500E+02  5.627387E-03  3186       26  8.324911E-04
 -1.141400E+02  5.627599E-03  3187       26  8.402878E-04
 -1.141300E+02  5.627461E-03  3188       26  8.475521E-04
 -1.141200E+02  5.627529E-03  3189       26  8.550159E-04
 -1.141100E+02  5.627492E-03  3190       26  8.615851E-04
 -1.141000E+02  5.628264E-03  3191       26  8.682809E-04
 -1.140900E+02  5.628704E-03  3192       26  8.748606E-04
 -1.140800E+02  5.628801E-03  3193       26  8.821402E-04
 -1.140700E+02  5.627017E-03  3194       26  8.909727E-04
 -1.140600E+02  5.625234E-03  3195       26  9.003210E-04
 -1.140500E+02  5.623303E-03  3196       26  9.101148E-04
 -1.140400E+02  5.620183E-03  3197       26  9.202208E-04
 -1.140300E+02  5.616626E-03  3198       26  9.307880E-04
 -1.140200E+02  5.612594E-03  3199       26  9.410121E-04
 -1.140100E+02  5.607079E-03  3200       26  9.527526E-04
 -1.140000E+02  5.600983E-03  3201       26  9.661234E-04
 -1.139900E+02  5.594006E-03  3202       26  9.796985E-04
 -1.139800E+02  5.587143E-03  3203       26  9.933210E-04
 -1.139700E+02  5.578273E-03  3204       26  1.006478E-03
 -1.139600E+02  5.567331E-03  3205       26  1.019441E-03
 -1.139500E+02  5.555902E-03  3206       26  1.033507E-03
 -1.139400E+02  5.543114E-03  3207       26  1.046642E-03
 -1.139300E+02  5.529440E-03  3208       26  1.059167E-03
 -1.139200E+02  5.515137E-03  3209       26  1.071350E-03
 -1.139100E+02  5.499806E-03  3210       26  1.083700E-03
 -1.139000E+02  5.483586E-03  3211       26  1.096968E-03
 -1.138900E+02  5.467162E-03  3212       26  1.110502E-03
 -1.138800E+02  5.450435E-03  3213       26  1.124219E-03
 -1.138700E+02  5.430829E-03  3214       26  1.136952E-03
 -1.138600E+02  5.410267E-03  3215       26  1.149514E-03
 -1.138500E+02  5.389637E-03  3216       26  1.162232E-03
 -1.138400E+02  5.368622E-03  3217       26  1.174893E-03
 -1.138300E+02  5.347540E-03  3218       26  1.187686E-03
 -1.138200E+02  5.324627E-03  3219       26  1.201685E-03
 -1.138100E+02  5.300674E-03  3220       26  1.215506E-03
 -1.138000E+02  5.274797E-03  3221       26  1.229974E-03
 -1.137900E+02  5.247262E-03  3222       26  1.247509E-03
 -1.137800E+02  5.217126E-03  3223       26  1.263466E-03
 -1.137700E+02  5.183302E-03  3224       26  1.274931E-03
 -1.137600E+02  5.146157E-03  3225       26  1.283134E-03
 -1.137500E+02  5.107431E-03  3226       26  1.292149E-03
 -1.137400E+02  5.067832E-03  3227       26  1.302275E-03
 -1.137300E+02  5.027061E-03  3228       26  1.312491E-03
 -1.137200E+02  4.983487E-03  3229       26  1.322211E-03
 -1.137100E+02  4.937935E-03  3230       26  1.330784E-03
 -1.137000E+02  4.890953E-03  3231       26  1.338844E-03
 -1.136900E+02  4.841209E-03  3232       26  1.348792E-03
 -1.136800E+02  4.789577E-03  3233       26  1.357920E-03
 -1.136700E+02  4.735560E-03  3234       26  1.366070E-03
 -1.136600E+02  4.679220E-03  3235       26  1.374622E-03
 -1.136500E+02  4.618989E-03  3236       26  1.381526E-03
 -1.136400E+02  4.558015E-03  3237       26  1.385527E-03
 -1.136300E+02  4.496936E-03  3238       26  1.388452E-03
 -1.136200E+02  4.435266E-03  3239       26  1.391177E-03
 -1.136100E+02  4.371849E-03  3240       26  1.392889E-03
 -1.136000E+02  4.306653E-03  3241       26  1.393765E-03
 -1.135900E+02  4.239820E-03  3242       26  1.395114E-03
 -1.135800E+02  4.172454E-03  3243       26  1.396788E-03
 -1.135700E+02  4.104373E-03  3244       26  1.398627E-03
 -1.135600E+02  4.035340E-03  3245       26  1.400492E-03
 -1.135500E+02  3.963311E-03  3246       26  1.400470E-03
 -1.135400E+02  3.891015E-03  3247       26  1.400307E-03
 -1.135300E+02  3.819348E-03  3248       26  1.400420E-03
 -1.135200E+02  3.746525E-03  3249       26  1.399977E-03
 -1.135100E+02  3.672081E-03  3250       26  1.398841E-03
 -1.135000E+02  3.598210E-03  3251       26  1.398096E-03
 -1.134900E+02  3.525249E-03  3252       26  1.397419E-03
 -1.134800E+02  3.452680E-03  3253       26  1.398396E-03
 -1.134700E+02  3.378789E-03  3254       26  1.399193E-03
 -1.134600E+02  3.304199E-03  3255       26  1.399825E-03
 -1.134500E+02  3.229180E-03  3256       26  1.400509E-03
 -1.134400E+02  3.152794E-03  3257       26  1.400612E-03
 -1.134300E+02  3.078216E-03  3258       26  1.400591E-03
 -1.134200E+02  3.003574E-03  3259       26  1.401081E-03
 -1.134100E+02  2.928818E-03  3260       26  1.401936E-03
 -1.134000E+02  2.852639E-03  3261       26  1.402217E-03
 -1.133900E+02  2.776617E-03  3262       26  1.402671E-03
 -1.133800E+02  2.700085E-03  3263       26  1.404095E-03
 -1.133700E+02  2.622141E-03  3264       26  1.405572E-03
 -1.133600E+02  2.543966E-03  3265       26  1.406859E-03
 -1.133500E+02  2.466331E-03  3266       26  1.408668E-03
 -1.133400E+02  2.388321E-03  3267       26  1.410468E-03
 -1.133300E+02  2.309688E-03  3268       26  1.412125E-03
 -1.133200E+02  2.233015E-03  3269       26  1.408893E-03
 -1.133100E+02  2.155849E-03  3270       26  1.405467E-03
 -1.133000E+02  2.077580E-03  3271       26  1.400663E-03
 -1.132900E+02  2.000961E-03  3272       26  1.396009E-03
 -1.132800E+02  1.924448E-03  3273       26  1.391722E-03
 -1.132700E+02  1.847011E-03  3274       26  1.387332E-03
 -1.132600E+02  1.768755E-03  3275       26  1.382493E-03
 -1.132500E+02  1.690066E-03  3276       26  1.377520E-03
 -1.132400E+02  1.612333E-03  3277       26  1.373236E-03
 -1.132300E+02  1.535951E-03  3278       26  1.368323E-03
 -1.132200E+02  1.461288E-03  3279       26  1.361209E-03
 -1.132100E+02  1.385138E-03  3280       26  1.351140E-03
 -1.132000E+02  1.309013E-03  3281       26  1.340802E-03
 -1.131900E+02  1.233287E-03  3282       26  1.330113E-03
 -1.131800E+02  1.158147E-03  3283       26  1.319790E-03
 -1.131700E+02  1.084203E-03  3284       26  1.308214E-03
 -1.131600E+02  1.010929E-03  3285       26  1.294924E-03
 -1.131500E+02  9.381742E-04  3286       26  1.281786E-03
 -1.131400E+02  8.692128E-04  3287       26  1.268379E-03
 -1.131300E+02  8.021110E-04  3288       26  1.252690E-03
 -1.131200E+02  7.361845E-04  3289       26  1.237206E-03
 -1.131100E+02  6.705743E-04  3290       26  1.221954E-03
 -1.131000E+02  6.062735E-04  3291       26  1.207705E-03
 -1.130900E+02  5.432195E-04  3292       26  1.194293E-03
 -1.130800E+02  4.811862E-04  3293       26  1.181453E-03
 -1.130700E+02  4.199498E-04  3294       26  1.169070E-03
 -1.130600E+02  3.592736E-04  3295       26  1.158111E-03
 -1.130500E+02  2.990231E-04  3296       26  1.148054E-03
 -1.130400E+02  2.398788E-04  3297       26  1.138610E-03
 -1.130300E+02  1.817900E-04  3298       26  1.129316E-03
 -1.130200E+02  1.256569E-04  3299       26  1.120582E-03
 -1.130100E+02  6.981590E-05  3300       26  1.113055E-03
 -1.130000E+02  1.413133E-05  3301       26  1.106980E-03
 -1.129900E+02 -4.021166E-05  3302       26  1.101602E-03
 -1.129800E+02 -9.309559E-05  3303       26  1.094851E-03
 -1.129700E+02 -1.450452E-04  3304       26  1.088108E-03
 -1.129600E+02 -1.966025E-04  3305       26  1.081153E-03
 -1.129500E+02 -2.480973E-04  3306       26  1.074439E-03
 -1.129400E+02 -2.993694E-04  3307       26  1.068079E-03
 -1.129300E+02 -3.500927E-04  3308       26  1.061878E-03
 -1.129200E+02 -3.991505E-04  3309       26  1.055716E-03
 -1.129100E+02 -4.471325E-04  3310       26  1.049551E-03
 -1.129000E+02 -4.946227E-04  3311       26  1.044226E-03
 -1.128900E+02 -5.420038E-04  3312       26  1.039169E-03
 -1.128800E+02 -5.876721E-04  3313       26  1.034099E-03
 -1.128700E+02 -6.332482E-04  3314       26  1.028825E-03
 -1.128600E+02 -6.779212E-04  3315       26  1.023561E-03
 -1.128500E+02 -7.211300E-04  3316       26  1.015120E-03
 -1.128400E+02 -7.630435E-04  3317       26  1.006038E-03
 -1.128300E+02 -8.052337E-04  3318       26  9.968215E-04
 -1.128200E+02 -8.471897E-04  3319       26  9.874002E-04
 -1.128100E+02 -8.882641E-04  3320       26  9.779352E-04
 -1.128000E+02 -9.291732E-04  3321       26  9.685466E-04
 -1.127900E+02 -9.700876E-04  3322       26  9.592409E-04
 -1.127800E+02 -1.010924E-03  3323       26  9.500695E-04
 -1.127700E+02 -1.052872E-03  3324       26  9.413439E-04
 -1.127600E+02 -1.095533E-03  3325       26  9.331954E-04
 -1.127500E+02 -1.137848E-03  3326       26  9.252739E-04
 -1.127400E+02 -1.180208E-03  3327       26  9.174692E-04
 -1.127300E+02 -1.222440E-03  3328       26  9.100882E-04
 -1.127200E+02 -1.264595E-03  3329       26  9.027378E-04
 -1.127100E+02 -1.306480E-03  3330       26  8.955166E-04
 -1.127000E+02 -1.347675E-03  3331       26  8.880572E-04
 -1.126900E+02 -1.389695E-03  3332       26  8.827118E-04
 -1.126800E+02 -1.432025E-03  3333       26  8.778204E-04
 -1.126700E+02 -1.473849E-03  3334       26  8.734586E-04
 -1.126600E+02 -1.515584E-03  3335       26  8.692010E-04
 -1.126500E+02 -1.557390E-03  3336       26  8.653742E-04
 -1.126400E+02 -1.599815E-03  3337       26  8.622927E-04
 -1.126300E+02 -1.641792E-03  3338       26  8.598594E-04
 -1.126200E+02 -1.683082E-03  3339       26  8.581755E-04
 -1.126100E+02 -1.724080E-03  3340       26  8.564189E-04
 -1.126000E+02 -1.764808E-03  3341       26  8.544408E-04
 -1.125900E+02 -1.805820E-03  3342       26  8.520420E-04
 -1.125800E+02 -1.846584E-03  3343       26  8.499082E-04
 -1.125700E+02 -1.886782E-03  3344       26  8.482942E-04
 -1.125600E+02 -1.926142E-03  3345       26  8.469586E-04
 -1.125500E+02 -1.965463E-03  3346       26  8.461526E-04
 -1.125400E+02 -2.003979E-03  3347       26  8.441593E-04
 -1.125300E+02 -2.040041E-03  3348       26  8.417141E-04
 -1.125200E+02 -2.075822E-03  3349       26  8.399251E-04
 -1.125100E+02 -2.111678E-03  3350       26  8.384475E-04
 -1.125000E+02 -2.146349E-03  3351       26  8.371876E-04
 -1.124900E+02 -2.179006E-03  3352       26  8.352934E-04
 -1.124800E+02 -2.210353E-03  3353       26  8.323983E-04
 -1.124700E+02 -2.241628E-03  3354       26  8.299905E-04
 -1.124600E+02 -2.272228E-03  3355       26  8.276006E-04
 -1.124500E+02 -2.301823E-03  3356       26  8.239757E-04
 -1.124400E+02 -2.331408E-03  3357       26  8.201981E-04
 -1.124300E+02 -2.358124E-03  3358       26  8.170646E-04
 -1.124200E+02 -2.384769E-03  3359       26  8.143903E-04
 -1.124100E+02 -2.410842E-03  3360       26  8.122367E-04
 -1.124000E+02 -2.437183E-03  3361       26  8.104745E-04
 -1.123900E+02 -2.462437E-03  3362       26  8.089630E-04
 -1.123800E+02 -2.487937E-03  3363       26  8.082332E-04
 -1.123700E+02 -2.513444E-03  3364       26  8.089671E-04
 -1.123600E+02 -2.538968E-03  3365       26  8.097275E-04
 -1.123500E+02 -2.564043E-03  3366       26  8.108165E-04
 -1.123400E+02 -2.588402E-03  3367       26  8.122399E-04
 -1.123300E+02 -2.612895E-03  3368       26  8.140727E-04
 -1.123200E+02 -2.637366E-03  3369       26  8.162947E-04
 -1.123100E+02 -2.661647E-03  3370       26  8.187591E-04
 -1.123000E+02 -2.686847E-03  3371       26  8.177037E-04
 -1.122900E+02 -2.710823E-03  3372       26  8.156918E-04
 -1.122800E+02 -2.734904E-03  3373       26  8.136079E-04
 -1.122700E+02 -2.760423E-03  3374       26  8.111263E-04
 -1.122600E+02 -2.786344E-03  3375       26  8.087496E-04
 -1.122500E+02 -2.812361E-03  3376       26  8.065623E-04
 -1.122400E+02 -2.838165E-03  3377       26  8.046620E-04
 -1.122300E+02 -2.863839E-03  3378       26  8.019845E-04
 -1.122200E+02 -2.888383E-03  3379       26  7.983428E-04
 -1.122100E+02 -2.913888E-03  3380       26  7.936683E-04
 -1.122000E+02 -2.939363E-03  3381       26  7.892900E-04
 -1.121900E+02 -2.964934E-03  3382       26  7.851461E-04
 -1.121800E+02 -2.991047E-03  3383       26  7.810171E-04
 -1.121700E+02 -3.017064E-03  3384       26  7.771131E-04
 -1.121600E+02 -3.043463E-03  3385       26  7.736744E-04
 -1.121500E+02 -3.069335E-03  3386       26  7.706332E-04
 -1.121400E+02 -3.093347E-03  3387       26  7.667524E-04
 -1.121300E+02 -3.116523E-03  3388       26  7.595579E-04
 -1.121200E+02 -3.139060E-03  3389       26  7.525940E-04
 -1.121100E+02 -3.161536E-03  3390       26  7.460289E-04
 -1.121000E+02 -3.182667E-03  3391       26  7.397272E-04
 -1.120900E+02 -3.203502E-03  3392       26  7.338630E-04
 -1.120800E+02 -3.223945E-03  3393       26  7.284759E-04
 -1.120700E+02 -3.243741E-03  3394       26  7.235938E-04
 -1.120600E+02 -3.263255E-03  3395       26  7.193964E-04
 -1.120500E+02 -3.282600E-03  3396       26  7.157304E-04
 -1.120400E+02 -3.301917E-03  3397       26  7.121537E-04
 -1.120300E+02 -3.320709E-03  3398       26  7.089936E-04
 -1.120200E+02 -3.338328E-03  3399       26  7.062088E-04
 -1.120100E+02 -3.354903E-03  3400       26  7.029844E-04
 -1.120000E+02 -3.371080E-03  3401       26  6.999387E-04
 -1.119900E+02 -3.386416E-03  3402       26  6.976504E-04
 -1.119800E+02 -3.400265E-03  3403       26  6.939730E-04
 -1.119700E+02 -3.412967E-03  3404       26  6.904766E-04
 -1.119600E+02 -3.424816E-03  3405       26  6.868272E-04
 -1.119500E+02 -3.436433E-03  3406       26  6.835845E-04
 -1.119400E+02 -3.448308E-03  3407       26  6.805755E-04
 -1.119300E+02 -3.459910E-03  3408       26  6.770624E-04
 -1.119200E+02 -3.470325E-03  3409       26  6.721032E-04
 -1.119100E+02 -3.479912E-03  3410       26  6.665360E-04
 -1.119000E+02 -3.489629E-03  3411       26  6.611509E-04
 -1.118900E+02 -3.499191E-03  3412       26  6.561301E-04
 -1.118800E+02 -3.507085E-03  3413       26  6.512232E-04
 -1.118700E+02 -3.515223E-03  3414       26  6.464343E-04
 -1.118600E+02 -3.523022E-03  3415       26  6.416321E-04
 -1.118500E+02 -3.530737E-03  3416       26  6.369741E-04
 -1.118400E+02 -3.538059E-03  3417       26  6.322991E-04
 -1.118300E+02 -3.545289E-03  3418       26  6.277636E-04
 -1.118200E+02 -3.553644E-03  3419       26  6.250823E-04
 -1.118100E+02 -3.561807E-03  3420       26  6.221422E-04
 -1.118000E+02 -3.570123E-03  3421       26  6.194518E-04
 -1.117900E+02 -3.578501E-03  3422       26  6.169918E-04
 -1.117800E+02 -3.586719E-03  3423       26  6.145886E-04
 -1.117700E+02 -3.596241E-03  3424       26  6.135293E-04
 -1.117600E+02 -3.606989E-03  3425       26  6.136383E-04
 -1.117500E+02 -3.618498E-03  3426       26  6.138527E-04
 -1.117400E+02 -3.630268E-03  3427       26  6.146334E-04
 -1.117300E+02 -3.642304E-03  3428       26  6.156342E-04
 -1.117200E+02 -3.655321E-03  3429       26  6.167152E-04
 -1.117100E+02 -3.669254E-03  3430       26  6.173902E-04
 -1.117000E+02 -3.683532E-03  3431       26  6.179537E-04
 -1.116900E+02 -3.697753E-03  3432       26  6.187188E-04
 -1.116800E+02 -3.712231E-03  3433       26  6.197401E-04
 -1.116700E+02 -3.727184E-03  3434       26  6.208798E-04
 -1.116600E+02 -3.742639E-03  3435       26  6.227041E-04
 -1.116500E+02 -3.759156E-03  3436       26  6.253156E-04
 -1.116400E+02 -3.776391E-03  3437       26  6.287577E-04
 -1.116300E+02 -3.794060E-03  3438       26  6.323780E-04
 -1.116200E+02 -3.812051E-03  3439       26  6.359310E-04
 -1.116100E+02 -3.830566E-03  3440       26  6.393823E-04
 -1.116000E+02 -3.849012E-03  3441       26  6.429303E-04
 -1.115900E+02 -3.868141E-03  3442       26  6.444766E-04
 -1.115800E+02 -3.887626E-03  3443       26  6.454586E-04
 -1.115700E+02 -3.907072E-03  3444       26  6.468031E-04
 -1.115600E+02 -3.925892E-03  3445       26  6.485428E-04
 -1.115500E+02 -3.944318E-03  3446       26  6.509872E-04
 -1.115400E+02 -3.962648E-03  3447       26  6.537627E-04
 -1.115300E+02 -3.980414E-03  3448       26  6.567258E-04
 -1.115200E+02 -3.997710E-03  3449       26  6.600927E-04
 -1.115100E+02 -4.014735E-03  3450       26  6.639646E-04
 -1.115000E+02 -4.030965E-03  3451       26  6.680968E-04
 -1.114900E+02 -4.045027E-03  3452       26  6.707047E-04
 -1.114800E+02 -4.057435E-03  3453       26  6.717027E-04
 -1.114700E+02 -4.069771E-03  3454       26  6.731437E-04
 -1.114600E+02 -4.081136E-03  3455       26  6.747378E-04
 -1.114500E+02 -4.091493E-03  3456       26  6.751700E-04
 -1.114400E+02 -4.101803E-03  3457       26  6.761228E-04
 -1.114300E+02 -4.110489E-03  3458       26  6.786226E-04
 -1.114200E+02 -4.119212E-03  3459       26  6.815081E-04
 -1.114100E+02 -4.127520E-03  3460       26  6.847940E-04
 -1.114000E+02 -4.136103E-03  3461       26  6.883684E-04
 -1.113900E+02 -4.144456E-03  3462       26  6.923426E-04
 -1.113800E+02 -4.152785E-03  3463       26  6.965522E-04
 -1.113700E+02 -4.160964E-03  3464       26  7.010148E-04
 -1.113600E+02 -4.169513E-03  3465       26  7.051605E-04
 -1.113500E+02 -4.178517E-03  3466       26  7.094085E-04
 -1.113400E+02 -4.187429E-03  3467       26  7.139963E-04
 -1.113300E+02 -4.196112E-03  3468       26  7.186955E-04
 -1.113200E+02 -4.204240E-03  3469       26  7.233052E-04
 -1.113100E+02 -4.212043E-03  3470       26  7.280347E-04
 -1.113000E+02 -4.221094E-03  3471       26  7.288366E-04
 -1.112900E+02 -4.229439E-03  3472       26  7.289830E-04
 -1.112800E+02 -4.238455E-03  3473       26  7.285719E-04
 -1.112700E+02 -4.249013E-03  3474       26  7.269568E-04
 -1.112600E+02 -4.260104E-03  3475       26  7.254718E-04
 -1.112500E+02 -4.271385E-03  3476       26  7.241355E-04
 -1.112400E+02 -4.282812E-03  3477       26  7.236254E-04
 -1.112300E+02 -4.294584E-03  3478       26  7.234188E-04
 -1.112200E+02 -4.306121E-03  3479       26  7.236136E-04
 -1.112100E+02 -4.318459E-03  3480       26  7.236193E-04
 -1.112000E+02 -4.331156E-03  3481       26  7.235560E-04
 -1.111900E+02 -4.343781E-03  3482       26  7.237302E-04
 -1.111800E+02 -4.356235E-03  3483       26  7.239364E-04
 -1.111700E+02 -4.368349E-03  3484       26  7.241262E-04
 -1.111600E+02 -4.380836E-03  3485       26  7.248556E-04
 -1.111500E+02 -4.393183E-03  3486       26  7.259181E-04
 -1.111400E+02 -4.403939E-03  3487       26  7.252439E-04
 -1.111300E+02 -4.413420E-03  3488       26  7.205883E-04
 -1.111200E+02 -4.422000E-03  3489       26  7.164251E-04
 -1.111100E+02 -4.430519E-03  3490       26  7.128101E-04
 -1.111000E+02 -4.437779E-03  3491       26  7.093402E-04
 -1.110900E+02 -4.444607E-03  3492       26  7.064188E-04
 -1.110800E+02 -4.450847E-03  3493       26  7.034052E-04
 -1.110700E+02 -4.456879E-03  3494       26  7.010766E-04
 -1.110600E+02 -4.462809E-03  3495       26  6.991071E-04
 -1.110500E+02 -4.468450E-03  3496       26  6.976191E-04
 -1.110400E+02 -4.473650E-03  3497       26  6.962580E-04
 -1.110300E+02 -4.478392E-03  3498       26  6.951649E-04
 -1.110200E+02 -4.482328E-03  3499       26  6.941655E-04
 -1.110100E+02 -4.486340E-03  3500       26  6.927365E-04
 -1.110000E+02 -4.489950E-03  3501       26  6.913047E-04
 -1.109900E+02 -4.492532E-03  3502       26  6.905047E-04
 -1.109800E+02 -4.493965E-03  3503       26  6.885284E-04
 -1.109700E+02 -4.494908E-03  3504       26  6.866114E-04
 -1.109600E+02 -4.495632E-03  3505       26  6.846641E-04
 -1.109500E+02 -4.496172E-03  3506       26  6.830509E-04
 -1.109400E+02 -4.497008E-03  3507       26  6.815918E-04
 -1.109300E+02 -4.498119E-03  3508       26  6.790349E-04
 -1.109200E+02 -4.498644E-03  3509       26  6.748952E-04
 -1.109100E+02 -4.499020E-03  3510       26  6.707014E-04
 -1.109000E+02 -4.499469E-03  3511       26  6.666844E-04
 -1.108900E+02 -4.499907E-03  3512       26  6.629199E-04
 -1.108800E+02 -4.499856E-03  3513       26  6.588315E-04
 -1.108700E+02 -4.500653E-03  3514       26  6.541972E-04
 -1.108600E+02 -4.501646E-03  3515       26  6.496591E-04
 -1.108500E+02 -4.502647E-03  3516       26  6.453632E-04
 -1.108400E+02 -4.503541E-03  3517       26  6.411772E-04
 -1.108300E+02 -4.505002E-03  3518       26  6.368006E-04
 -1.108200E+02 -4.507340E-03  3519       26  6.335798E-04
 -1.108100E+02 -4.509613E-03  3520       26  6.304688E-04
 -1.108000E+02 -4.511377E-03  3521       26  6.272256E-04
 -1.107900E+02 -4.513064E-03  3522       26  6.241194E-04
 -1.107800E+02 -4.514745E-03  3523       26  6.210589E-04
 -1.107700E+02 -4.517393E-03  3524       26  6.203551E-04
 -1.107600E+02 -4.520977E-03  3525       26  6.208396E-04
 -1.107500E+02 -4.524943E-03  3526       26  6.210775E-04
 -1.107400E+02 -4.528954E-03  3527       26  6.215450E-04
 -1.107300E+02 -4.533109E-03  3528       26  6.223647E-04
 -1.107200E+02 -4.537801E-03  3529       26  6.237208E-04
 -1.107100E+02 -4.542841E-03  3530       26  6.250147E-04
 -1.107000E+02 -4.548167E-03  3531       26  6.261620E-04
 -1.106900E+02 -4.553457E-03  3532       26  6.275937E-04
 -1.106800E+02 -4.558781E-03  3533       26  6.292795E-04
 -1.106700E+02 -4.564516E-03  3534       26  6.316179E-04
 -1.106600E+02 -4.571158E-03  3535       26  6.350570E-04
 -1.106500E+02 -4.578605E-03  3536       26  6.390036E-04
 -1.106400E+02 -4.588102E-03  3537       26  6.442883E-04
 -1.106300E+02 -4.598627E-03  3538       26  6.497573E-04
 -1.106200E+02 -4.609675E-03  3539       26  6.549308E-04
 -1.106100E+02 -4.621275E-03  3540       26  6.582823E-04
 -1.106000E+02 -4.633101E-03  3541       26  6.612099E-04
 -1.105900E+02 -4.646540E-03  3542       26  6.622288E-04
 -1.105800E+02 -4.660484E-03  3543       26  6.630541E-04
 -1.105700E+02 -4.674388E-03  3544       26  6.641548E-04
 -1.105600E+02 -4.688170E-03  3545       26  6.655164E-04
 -1.105500E+02 -4.702308E-03  3546       26  6.672010E-04
 -1.105400E+02 -4.716669E-03  3547       26  6.692128E-04
 -1.105300E+02 -4.730975E-03  3548       26  6.714870E-04
 -1.105200E+02 -4.745448E-03  3549       26  6.739322E-04
 -1.105100E+02 -4.760191E-03  3550       26  6.763713E-04
 -1.105000E+02 -4.774596E-03  3551       26  6.790847E-04
 -1.104900E+02 -4.787382E-03  3552       26  6.807823E-04
 -1.104800E+02 -4.798014E-03  3553       26  6.808990E-04
 -1.104700E+02 -4.808462E-03  3554       26  6.812548E-04
 -1.104600E+02 -4.818108E-03  3555       26  6.818623E-04
 -1.104500E+02 -4.827064E-03  3556       26  6.820574E-04
 -1.104400E+02 -4.835683E-03  3557       26  6.829477E-04
 -1.104300E+02 -4.842131E-03  3558       26  6.853721E-04
 -1.104200E+02 -4.848599E-03  3559       26  6.880234E-04
 -1.104100E+02 -4.854892E-03  3560       26  6.909252E-04
 -1.104000E+02 -4.861264E-03  3561       26  6.942349E-04
 -1.103900E+02 -4.866833E-03  3562       26  6.983687E-04
 -1.103800E+02 -4.871755E-03  3563       26  7.028708E-04
 -1.103700E+02 -4.876344E-03  3564       26  7.077828E-04
 -1.103600E+02 -4.881155E-03  3565       26  7.127880E-04
 -1.103500E+02 -4.886244E-03  3566       26  7.180213E-04
 -1.103400E+02 -4.890676E-03  3567       26  7.235272E-04
 -1.103300E+02 -4.894379E-03  3568       26  7.289662E-04
 -1.103200E+02 -4.897369E-03  3569       26  7.343953E-04
 -1.103100E+02 -4.900534E-03  3570       26  7.402369E-04
 -1.103000E+02 -4.904191E-03  3571       26  7.426110E-04
 -1.102900E+02 -4.907032E-03  3572       26  7.443538E-04
 -1.102800E+02 -4.910355E-03  3573       26  7.452161E-04
 -1.102700E+02 -4.914981E-03  3574       26  7.446657E-04
 -1.102600E+02 -4.919916E-03  3575       26  7.444873E-04
 -1.102500E+02 -4.924702E-03  3576       26  7.447460E-04
 -1.102400E+02 -4.929412E-03  3577       26  7.454657E-04
 -1.102300E+02 -4.934947E-03  3578       26  7.461247E-04
 -1.102200E+02 -4.941067E-03  3579       26  7.469766E-04
 -1.102100E+02 -4.947901E-03  3580       26  7.475909E-04
 -1.102000E+02 -4.954646E-03  3581       26  7.484236E-04
 -1.101900E+02 -4.961390E-03  3582       26  7.494990E-04
 -1.101800E+02 -4.968093E-03  3583       26  7.506040E-04
 -1.101700E+02 -4.975175E-03  3584       26  7.519083E-04
 -1.101600E+02 -4.983508E-03  3585       26  7.536473E-04
 -1.101500E+02 -4.991420E-03  3586       26  7.551719E-04
 -1.101400E+02 -4.998136E-03  3587       26  7.545674E-04
 -1.101300E+02 -5.004085E-03  3588       26  7.502819E-04
 -1.101200E+02 -5.009467E-03  3589       26  7.465420E-04
 -1.101100E+02 -5.014626E-03  3590       26  7.432419E-04
 -1.101000E+02 -5.018712E-03  3591       26  7.396104E-04
 -1.100900E+02 -5.022775E-03  3592       26  7.362383E-04
 -1.100800E+02 -5.026741E-03  3593       26  7.331093E-04
 -1.100700E+02 -5.030517E-03  3594       26  7.304834E-04
 -1.100600E+02 -5.033980E-03  3595       26  7.281879E-04
 -1.100500E+02 -5.037315E-03  3596       26  7.262804E-04
 -1.100400E+02 -5.040487E-03  3597       26  7.244851E-04
 -1.100300E+02 -5.043522E-03  3598       26  7.229007E-04
 -1.100200E+02 -5.046129E-03  3599       26  7.214529E-04
 -1.100100E+02 -5.047836E-03  3600       26  7.196127E-04
 -1.100000E+02 -5.049282E-03  3601       26  7.175132E-04
 -1.099900E+02 -5.049875E-03  3602       26  7.157255E-04
 -1.099800E+02 -5.049428E-03  3603       26  7.125640E-04
 -1.099700E+02 -5.048724E-03  3604       26  7.095213E-04
 -1.099600E+02 -5.048072E-03  3605       26  7.065227E-04
 -1.099500E+02 -5.047397E-03  3606       26  7.038580E-04
 -1.099400E+02 -5.046928E-03  3607       26  7.014877E-04
 -1.099300E+02 -5.046737E-03  3608       26  6.991205E-04
 -1.099200E+02 -5.046492E-03  3609       26  6.969038E-04
 -1.099100E+02 -5.046235E-03  3610       26  6.946317E-04
 -1.099000E+02 -5.046234E-03  3611       26  6.925751E-04
 -1.098900E+02 -5.046271E-03  3612       26  6.908081E-04
 -1.098800E+02 -5.045826E-03  3613       26  6.890329E-04
 -1.098700E+02 -5.045725E-03  3614       26  6.871359E-04
 -1.098600E+02 -5.045564E-03  3615       26  6.853798E-04
 -1.098500E+02 -5.045420E-03  3616       26  6.839431E-04
 -1.098400E+02 -5.045172E-03  3617       26  6.825283E-04
 -1.098300E+02 -5.045272E-03  3618       26  6.811379E-04
 -1.098200E+02 -5.045549E-03  3619       26  6.804684E-04
 -1.098100E+02 -5.045480E-03  3620       26  6.800435E-04
 -1.098000E+02 -5.045117E-03  3621       26  6.797415E-04
 -1.097900E+02 -5.044605E-03  3622       26  6.796838E-04
 -1.097800E+02 -5.043800E-03  3623       26  6.799615E-04
 -1.097700E+02 -5.043112E-03  3624       26  6.816308E-04
 -1.097600E+02 -5.042651E-03  3625       26  6.837247E-04
 -1.097500E+02 -5.042256E-03  3626       26  6.854834E-04
 -1.097400E+02 -5.041947E-03  3627       26  6.874975E-04
 -1.097300E+02 -5.041555E-03  3628       26  6.898712E-04
 -1.097200E+02 -5.041185E-03  3629       26  6.926237E-04
 -1.097100E+02 -5.040994E-03  3630       26  6.955076E-04
 -1.097000E+02 -5.040840E-03  3631       26  6.983981E-04
 -1.096900E+02 -5.040630E-03  3632       26  7.015951E-04
 -1.096800E+02 -5.039995E-03  3633       26  7.042576E-04
 -1.096700E+02 -5.039793E-03  3634       26  7.075582E-04
 -1.096600E+02 -5.040215E-03  3635       26  7.118462E-04
 -1.096500E+02 -5.040681E-03  3636       26  7.165365E-04
 -1.096400E+02 -5.041054E-03  3637       26  7.213863E-04
 -1.096300E+02 -5.042218E-03  3638       26  7.265347E-04
 -1.096200E+02 -5.043938E-03  3639       26  7.313367E-04
 -1.096100E+02 -5.046174E-03  3640       26  7.331912E-04
 -1.096000E+02 -5.048714E-03  3641       26  7.344300E-04
 -1.095900E+02 -5.054063E-03  3642       26  7.329863E-04
 -1.095800E+02 -5.059315E-03  3643       26  7.314460E-04
 -1.095700E+02 -5.064485E-03  3644       26  7.302657E-04
 -1.095600E+02 -5.069289E-03  3645       26  7.294661E-04
 -1.095500E+02 -5.074283E-03  3646       26  7.289690E-04
 -1.095400E+02 -5.079753E-03  3647       26  7.287407E-04
 -1.095300E+02 -5.085288E-03  3648       26  7.286133E-04
 -1.095200E+02 -5.090494E-03  3649       26  7.288234E-04
 -1.095100E+02 -5.095815E-03  3650       26  7.295531E-04
 -1.095000E+02 -5.101608E-03  3651       26  7.304933E-04
 -1.094900E+02 -5.107596E-03  3652       26  7.318453E-04
 -1.094800E+02 -5.113418E-03  3653       26  7.334727E-04
 -1.094700E+02 -5.119017E-03  3654       26  7.352747E-04
 -1.094600E+02 -5.124255E-03  3655       26  7.373519E-04
 -1.094500E+02 -5.129232E-03  3656       26  7.396245E-04
 -1.094400E+02 -5.133086E-03  3657       26  7.413299E-04
 -1.094300E+02 -5.133623E-03  3658       26  7.437568E-04
 -1.094200E+02 -5.134300E-03  3659       26  7.464070E-04
 -1.094100E+02 -5.135395E-03  3660       26  7.490514E-04
 -1.094000E+02 -5.137336E-03  3661       26  7.520489E-04
 -1.093900E+02 -5.139514E-03  3662       26  7.555040E-04
 -1.093800E+02 -5.141133E-03  3663       26  7.596138E-04
 -1.093700E+02 -5.142316E-03  3664       26  7.640245E-04
 -1.093600E+02 -5.144223E-03  3665       26  7.681451E-04
 -1.093500E+02 -5.147046E-03  3666       26  7.725238E-04
 -1.093400E+02 -5.149820E-03  3667       26  7.773066E-04
 -1.093300E+02 -5.152593E-03  3668       26  7.824462E-04
 -1.093200E+02 -5.155022E-03  3669       26  7.878736E-04
 -1.093100E+02 -5.157710E-03  3670       26  7.938141E-04
 -1.093000E+02 -5.160610E-03  3671       26  7.971025E-04
 -1.092900E+02 -5.163052E-03  3672       26  7.997986E-04
 -1.092800E+02 -5.166907E-03  3673       26  8.019077E-04
 -1.092700E+02 -5.172589E-03  3674       26  8.028635E-04
 -1.092600E+02 -5.178802E-03  3675       26  8.041965E-04
 -1.092500E+02 -5.184821E-03  3676       26  8.059685E-04
 -1.092400E+02 -5.190899E-03  3677       26  8.086920E-04
 -1.092300E+02 -5.197417E-03  3678       26  8.116414E-04
 -1.092200E+02 -5.204757E-03  3679       26  8.146657E-04
 -1.092100E+02 -5.213190E-03  3680       26  8.180055E-04
 -1.092000E+02 -5.221875E-03  3681       26  8.215552E-04
 -1.091900E+02 -5.230487E-03  3682       26  8.252027E-04
 -1.091800E+02 -5.238488E-03  3683       26  8.287576E-04
 -1.091700E+02 -5.245951E-03  3684       26  8.321517E-04
 -1.091600E+02 -5.253450E-03  3685       26  8.358108E-04
 -1.091500E+02 -5.260958E-03  3686       26  8.396604E-04
 -1.091400E+02 -5.267383E-03  3687       26  8.410371E-04
 -1.091300E+02 -5.272785E-03  3688       26  8.393473E-04
 -1.091200E+02 -5.277657E-03  3689       26  8.381466E-04
 -1.091100E+02 -5.282229E-03  3690       26  8.373356E-04
 -1.091000E+02 -5.286023E-03  3691       26  8.364547E-04
 -1.090900E+02 -5.289871E-03  3692       26  8.355241E-04
 -1.090800E+02 -5.292917E-03  3693       26  8.334716E-04
 -1.090700E+02 -5.295854E-03  3694       26  8.315749E-04
 -1.090600E+02 -5.298256E-03  3695       26  8.297802E-04
 -1.090500E+02 -5.300495E-03  3696       26  8.282208E-04
 -1.090400E+02 -5.302272E-03  3697       26  8.263939E-04
 -1.090300E+02 -5.304031E-03  3698       26  8.244432E-04
 -1.090200E+02 -5.305594E-03  3699       26  8.224324E-04
 -1.090100E+02 -5.307432E-03  3700       26  8.202804E-04
 -1.090000E+02 -5.309538E-03  3701       26  8.177314E-04
 -1.089900E+02 -5.310818E-03  3702       26  8.153175E-04
 -1.089800E+02 -5.311128E-03  3703       26  8.113893E-04
 -1.089700E+02 -5.311281E-03  3704       26  8.075841E-04
 -1.089600E+02 -5.311490E-03  3705       26  8.038451E-04
 -1.089500E+02 -5.311746E-03  3706       26  8.003777E-04
 -1.089400E+02 -5.312275E-03  3707       26  7.969931E-04
 -1.089300E+02 -5.313261E-03  3708       26  7.936554E-04
 -1.089200E+02 -5.314426E-03  3709       26  7.905185E-04
 -1.089100E+02 -5.316253E-03  3710       26  7.868887E-04
 -1.089000E+02 -5.318728E-03  3711       26  7.834836E-04
 -1.088900E+02 -5.321389E-03  3712       26  7.803398E-04
 -1.088800E+02 -5.323985E-03  3713       26  7.770839E-04
 -1.088700E+02 -5.327307E-03  3714       26  7.736914E-04
 -1.088600E+02 -5.331055E-03  3715       26  7.705208E-04
 -1.088500E+02 -5.334841E-03  3716       26  7.676468E-04
 -1.088400E+02 -5.338467E-03  3717       26  7.647229E-04
 -1.088300E+02 -5.342553E-03  3718       26  7.616398E-04
 -1.088200E+02 -5.346868E-03  3719       26  7.590617E-04
 -1.088100E+02 -5.351238E-03  3720       26  7.567116E-04
 -1.088000E+02 -5.355769E-03  3721       26  7.544183E-04
 -1.087900E+02 -5.360150E-03  3722       26  7.523024E-04
 -1.087800E+02 -5.364143E-03  3723       26  7.505879E-04
 -1.087700E+02 -5.368442E-03  3724       26  7.510289E-04
 -1.087600E+02 -5.373083E-03  3725       26  7.522721E-04
 -1.087500E+02 -5.377481E-03  3726       26  7.533082E-04
 -1.087400E+02 -5.381658E-03  3727       26  7.544690E-04
 -1.087300E+02 -5.385766E-03  3728       26  7.560084E-04
 -1.087200E+02 -5.389842E-03  3729       26  7.579498E-04
 -1.087100E+02 -5.394237E-03  3730       26  7.601201E-04
 -1.087000E+02 -5.398637E-03  3731       26  7.624799E-04
 -1.086900E+02 -5.402824E-03  3732       26  7.652674E-04
 -1.086800E+02 -5.406866E-03  3733       26  7.678715E-04
 -1.086700E+02 -5.411684E-03  3734       26  7.708708E-04
 -1.086600E+02 -5.416894E-03  3735       26  7.749068E-04
 -1.086500E+02 -5.421477E-03  3736       26  7.794801E-04
 -1.086400E+02 -5.425797E-03  3737       26  7.842001E-04
 -1.086300E+02 -5.431178E-03  3738       26  7.888119E-04
 -1.086200E+02 -5.437407E-03  3739       26  7.930246E-04
 -1.086100E+02 -5.444133E-03  3740       26  7.951469E-04
 -1.086000E+02 -5.450826E-03  3741       26  7.971579E-04
 -1.085900E+02 -5.462320E-03  3742       26  7.923483E-04
 -1.085800E+02 -5.473959E-03  3743       26  7.870895E-04
 -1.085700E+02 -5.485559E-03  3744       26  7.822397E-04
 -1.085600E+02 -5.496767E-03  3745       26  7.777818E-04
 -1.085500E+02 -5.507895E-03  3746       26  7.737225E-04
 -1.085400E+02 -5.519188E-03  3747       26  7.701027E-04
 -1.085300E+02 -5.530611E-03  3748       26  7.667836E-04
 -1.085200E+02 -5.541249E-03  3749       26  7.641249E-04
 -1.085100E+02 -5.551420E-03  3750       26  7.623383E-04
 -1.085000E+02 -5.562243E-03  3751       26  7.607500E-04
 -1.084900E+02 -5.573655E-03  3752       26  7.595366E-04
 -1.084800E+02 -5.585174E-03  3753       26  7.587684E-04
 -1.084700E+02 -5.596461E-03  3754       26  7.583926E-04
 -1.084600E+02 -5.607423E-03  3755       26  7.570762E-04
 -1.084500E+02 -5.618067E-03  3756       26  7.543346E-04
 -1.084400E+02 -5.627478E-03  3757       26  7.524773E-04
 -1.084300E+02 -5.631844E-03  3758       26  7.529415E-04
 -1.084200E+02 -5.636225E-03  3759       26  7.536862E-04
 -1.084100E+02 -5.641133E-03  3760       26  7.544856E-04
 -1.084000E+02 -5.646827E-03  3761       26  7.555982E-04
 -1.083900E+02 -5.653529E-03  3762       26  7.568257E-04
 -1.083800E+02 -5.660258E-03  3763       26  7.583575E-04
 -1.083700E+02 -5.666752E-03  3764       26  7.600885E-04
 -1.083600E+02 -5.674480E-03  3765       26  7.611008E-04
 -1.083500E+02 -5.684250E-03  3766       26  7.619916E-04
 -1.083400E+02 -5.695144E-03  3767       26  7.630313E-04
 -1.083300E+02 -5.706670E-03  3768       26  7.645635E-04
 -1.083200E+02 -5.718446E-03  3769       26  7.665690E-04
 -1.083100E+02 -5.730391E-03  3770       26  7.690088E-04
 -1.083000E+02 -5.742526E-03  3771       26  7.715429E-04
 -1.082900E+02 -5.754971E-03  3772       26  7.744482E-04
 -1.082800E+02 -5.770713E-03  3773       26  7.748467E-04
 -1.082700E+02 -5.790276E-03  3774       26  7.724819E-04
 -1.082600E+02 -5.810537E-03  3775       26  7.704509E-04
 -1.082500E+02 -5.831303E-03  3776       26  7.686492E-04
 -1.082400E+02 -5.853247E-03  3777       26  7.681121E-04
 -1.082300E+02 -5.876168E-03  3778       26  7.675824E-04
 -1.082200E+02 -5.900073E-03  3779       26  7.672013E-04
 -1.082100E+02 -5.925987E-03  3780       26  7.665391E-04
 -1.082000E+02 -5.952896E-03  3781       26  7.657851E-04
 -1.081900E+02 -5.980194E-03  3782       26  7.650968E-04
 -1.081800E+02 -6.008174E-03  3783       26  7.643558E-04
 -1.081700E+02 -6.036495E-03  3784       26  7.639012E-04
 -1.081600E+02 -6.065743E-03  3785       26  7.637812E-04
 -1.081500E+02 -6.095632E-03  3786       26  7.638334E-04
 -1.081400E+02 -6.127092E-03  3787       26  7.625878E-04
 -1.081300E+02 -6.159268E-03  3788       26  7.602996E-04
 -1.081200E+02 -6.195355E-03  3789       26  7.559084E-04
 -1.081100E+02 -6.232862E-03  3790       26  7.513954E-04
 -1.081000E+02 -6.270616E-03  3791       26  7.469589E-04
 -1.080900E+02 -6.310355E-03  3792       26  7.423953E-04
 -1.080800E+02 -6.350478E-03  3793       26  7.371562E-04
 -1.080700E+02 -6.393182E-03  3794       26  7.310983E-04
 -1.080600E+02 -6.436665E-03  3795       26  7.256756E-04
 -1.080500E+02 -6.480711E-03  3796       26  7.203994E-04
 -1.080400E+02 -6.527054E-03  3797       26  7.149292E-04
 -1.080300E+02 -6.575177E-03  3798       26  7.089655E-04
 -1.080200E+02 -6.628726E-03  3799       26  7.022885E-04
 -1.080100E+02 -6.684066E-03  3800       26  6.963007E-04
 -1.080000E+02 -6.740663E-03  3801       26  6.909094E-04
 -1.079900E+02 -6.797982E-03  3802       26  6.857572E-04
 -1.079800E+02 -6.857283E-03  3803       26  6.875217E-04
 -1.079700E+02 -6.919302E-03  3804       26  6.892409E-04
 -1.079600E+02 -6.984003E-03  3805       26  6.911214E-04
 -1.079500E+02 -7.051119E-03  3806       26  6.935913E-04
 -1.079400E+02 -7.120735E-03  3807       26  6.938198E-04
 -1.079300E+02 -7.192128E-03  3808       26  6.950534E-04
 -1.079200E+02 -7.265180E-03  3809       26  6.986238E-04
 -1.079100E+02 -7.339187E-03  3810       26  7.030527E-04
 -1.079000E+02 -7.414737E-03  3811       26  7.072811E-04
 -1.078900E+02 -7.491763E-03  3812       26  7.102351E-04
 -1.078800E+02 -7.570350E-03  3813       26  7.127829E-04
 -1.078700E+02 -7.649149E-03  3814       26  7.157264E-04
 -1.078600E+02 -7.728347E-03  3815       26  7.193302E-04
 -1.078500E+02 -7.807054E-03  3816       26  7.231316E-04
 -1.078400E+02 -7.885806E-03  3817       26  7.260439E-04
 -1.078300E+02 -7.965898E-03  3818       26  7.253464E-04
 -1.078200E+02 -8.044025E-03  3819       26  7.216143E-04
 -1.078100E+02 -8.119240E-03  3820       26  7.182616E-04
 -1.078000E+02 -8.192787E-03  3821       26  7.151778E-04
 -1.077900E+02 -8.266050E-03  3822       26  7.123476E-04
 -1.077800E+02 -8.338382E-03  3823       26  7.094797E-04
 -1.077700E+02 -8.410273E-03  3824       26  7.086006E-04
 -1.077600E+02 -8.481111E-03  3825       26  7.091456E-04
 -1.077500E+02 -8.550210E-03  3826       26  7.094692E-04
 -1.077400E+02 -8.617558E-03  3827       26  7.082129E-04
 -1.077300E+02 -8.684014E-03  3828       26  7.081732E-04
 -1.077200E+02 -8.747814E-03  3829       26  7.092977E-04
 -1.077100E+02 -8.809840E-03  3830       26  7.113107E-04
 -1.077000E+02 -8.868488E-03  3831       26  7.128192E-04
 -1.076900E+02 -8.924926E-03  3832       26  7.153517E-04
 -1.076800E+02 -8.980879E-03  3833       26  7.195612E-04
 -1.076700E+02 -9.033984E-03  3834       26  7.229860E-04
 -1.076600E+02 -9.083714E-03  3835       26  7.241055E-04
 -1.076500E+02 -9.128912E-03  3836       26  7.270086E-04
 -1.076400E+02 -9.170410E-03  3837       26  7.276106E-04
 -1.076300E+02 -9.210260E-03  3838       26  7.284568E-04
 -1.076200E+02 -9.247821E-03  3839       26  7.330762E-04
 -1.076100E+02 -9.280671E-03  3840       26  7.343618E-04
 -1.076000E+02 -9.308805E-03  3841       26  7.394339E-04
 -1.075900E+02 -9.333606E-03  3842       26  7.449126E-04
 -1.075800E+02 -9.354858E-03  3843       26  7.518229E-04
 -1.075700E+02 -9.374480E-03  3844       26  7.611251E-04
 -1.075600E+02 -9.385982E-03  3845       26  7.756778E-04
 -1.075500E+02 -9.384305E-03  3846       26  7.927696E-04
 -1.075400E+02 -9.376019E-03  3847       26  8.148964E-04
 -1.075300E+02 -9.359844E-03  3848       26  8.494854E-04
 -1.075200E+02 -9.338915E-03  3849       26  8.902474E-04
 -1.075100E+02 -9.306345E-03  3850       26  9.360348E-04
 -1.075000E+02 -9.255892E-03  3851       26  9.880322E-04
 -1.074900E+02 -9.181315E-03  3852       26  1.038599E-03
 -1.074800E+02 -9.095063E-03  3853       26  1.090899E-03
 -1.074700E+02 -9.004165E-03  3854       26  1.150414E-03
 -1.074600E+02 -8.899757E-03  3855       26  1.209573E-03
 -1.074500E+02 -8.786618E-03  3856       26  1.264016E-03
 -1.074400E+02 -8.655484E-03  3857       26  1.325863E-03
 -1.074300E+02 -8.511000E-03  3858       26  1.388087E-03
 -1.074200E+02 -8.361632E-03  3859       26  1.451231E-03
 -1.074100E+02 -8.197860E-03  3860       26  1.513898E-03
 -1.074000E+02 -8.023027E-03  3861       26  1.575634E-03
 -1.073900E+02 -7.834436E-03  3862       26  1.643218E-03
 -1.073800E+02 -7.637875E-03  3863       26  1.707458E-03
 -1.073700E+02 -7.438975E-03  3864       26  1.768180E-03
 -1.073600E+02 -7.230312E-03  3865       26  1.823567E-03
 -1.073500E+02 -7.020151E-03  3866       26  1.875675E-03
 -1.073400E+02 -6.804463E-03  3867       26  1.926326E-03
 -1.073300E+02 -6.579118E-03  3868       26  1.978340E-03
 -1.073200E+02 -6.356765E-03  3869       26  2.028821E-03
 -1.073100E+02 -6.128814E-03  3870       26  2.070129E-03
 -1.073000E+02 -5.897013E-03  3871       26  2.085533E-03
 -1.072900E+02 -5.666215E-03  3872       26  2.092157E-03
 -1.072800E+02 -5.442848E-03  3873       26  2.096056E-03
 -1.072700E+02 -5.219938E-03  3874       26  2.095271E-03
 -1.072600E+02 -4.992187E-03  3875       26  2.090201E-03
 -1.072500E+02 -4.765978E-03  3876       26  2.078750E-03
 -1.072400E+02 -4.545305E-03  3877       26  2.064432E-03
 -1.072300E+02 -4.341906E-03  3878       26  2.034023E-03
 -1.072200E+02 -4.144746E-03  3879       26  2.003290E-03
 -1.072100E+02 -3.946222E-03  3880       26  1.963931E-03
 -1.072000E+02 -3.754456E-03  3881       26  1.920809E-03
 -1.071900E+02 -3.570178E-03  3882       26  1.876871E-03
 -1.071800E+02 -3.406467E-03  3883       26  1.821432E-03
 -1.071700E+02 -3.260632E-03  3884       26  1.761614E-03
 -1.071600E+02 -3.118971E-03  3885       26  1.701925E-03
 -1.071500E+02 -2.976266E-03  3886       26  1.632953E-03
 -1.071400E+02 -2.846012E-03  3887       26  1.566458E-03
 -1.071300E+02 -2.724450E-03  3888       26  1.504880E-03
 -1.071200E+02 -2.611280E-03  3889       26  1.442730E-03
 -1.071100E+02 -2.507299E-03  3890       26  1.383429E-03
 -1.071000E+02 -2.410851E-03  3891       26  1.330288E-03
 -1.070900E+02 -2.322181E-03  3892       26  1.274335E-03
 -1.070800E+02 -2.239953E-03  3893       26  1.226073E-03
 -1.070700E+02 -2.163814E-03  3894       26  1.175499E-03
 -1.070600E+02 -2.092165E-03  3895       26  1.128540E-03
 -1.070500E+02 -2.026976E-03  3896       26  1.089615E-03
 -1.070400E+02 -1.966889E-03  3897       26  1.052940E-03
 -1.070300E+02 -1.908364E-03  3898       26  1.016670E-03
 -1.070200E+02 -1.856714E-03  3899       26  9.774740E-04
 -1.070100E+02 -1.807980E-03  3900       26  9.377213E-04
 -1.070000E+02 -1.764391E-03  3901       26  9.081490E-04
 -1.069900E+02 -1.724858E-03  3902       26  8.844996E-04
 -1.069800E+02 -1.689315E-03  3903       26  8.653729E-04
 -1.069700E+02 -1.655073E-03  3904       26  8.464183E-04
 -1.069600E+02 -1.621750E-03  3905       26  8.284292E-04
 -1.069500E+02 -1.592169E-03  3906       26  8.108550E-04
 -1.069400E+02 -1.567264E-03  3907       26  7.948555E-04
 -1.069300E+02 -1.543642E-03  3908       26  7.795871E-04
 -1.069200E+02 -1.521557E-03  3909       26  7.670151E-04
 -1.069100E+02 -1.501016E-03  3910       26  7.549658E-04
 -1.069000E+02 -1.482467E-03  3911       26  7.437892E-04
 -1.068900E+02 -1.466149E-03  3912       26  7.334078E-04
 -1.068800E+02 -1.451148E-03  3913       26  7.237361E-04
 -1.068700E+02 -1.436908E-03  3914       26  7.139429E-04
 -1.068600E+02 -1.424763E-03  3915       26  7.027466E-04
 -1.068500E+02 -1.412995E-03  3916       26  6.916799E-04
 -1.068400E+02 -1.402463E-03  3917       26  6.838203E-04
 -1.068300E+02 -1.393004E-03  3918       26  6.780711E-04
 -1.068200E+02 -1.384153E-03  3919       26  6.727927E-04
 -1.068100E+02 -1.375119E-03  3920       26  6.676739E-04
 -1.068000E+02 -1.366506E-03  3921       26  6.625666E-04
 -1.067900E+02 -1.358269E-03  3922       26  6.575037E-04
 -1.067800E+02 -1.349778E-03  3923       26  6.522357E-04
 -1.067700E+02 -1.341477E-03  3924       26  6.488283E-04
 -1.067600E+02 -1.333910E-03  3925       26  6.466787E-04
 -1.067500E+02 -1.326625E-03  3926       26  6.446708E-04
 -1.067400E+02 -1.320903E-03  3927       26  6.427977E-04
 -1.067300E+02 -1.315574E-03  3928       26  6.413506E-04
 -1.067200E+02 -1.310512E-03  3929       26  6.404317E-04
 -1.067100E+02 -1.305798E-03  3930       26  6.398221E-04
 -1.067000E+02 -1.301993E-03  3931       26  6.391659E-04
 -1.066900E+02 -1.298073E-03  3932       26  6.388703E-04
 -1.066800E+02 -1.294429E-03  3933       26  6.389120E-04
 -1.066700E+02 -1.291680E-03  3934       26  6.391131E-04
 -1.066600E+02 -1.289247E-03  3935       26  6.397431E-04
 -1.066500E+02 -1.286974E-03  3936       26  6.406636E-04
 -1.066400E+02 -1.284807E-03  3937       26  6.418331E-04
 -1.066300E+02 -1.283590E-03  3938       26  6.437431E-04
 -1.066200E+02 -1.283454E-03  3939       26  6.459023E-04
 -1.066100E+02 -1.283332E-03  3940       26  6.462562E-04
 -1.066000E+02 -1.282608E-03  3941       26  6.460486E-04
 -1.065900E+02 -1.280829E-03  3942       26  6.453196E-04
 -1.065800E+02 -1.278509E-03  3943       26  6.446291E-04
 -1.065700E+02 -1.276316E-03  3944       26  6.443039E-04
 -1.065600E+02 -1.273766E-03  3945       26  6.443111E-04
 -1.065500E+02 -1.270626E-03  3946       26  6.445887E-04
 -1.065400E+02 -1.267760E-03  3947       26  6.449207E-04
 -1.065300E+02 -1.265144E-03  3948       26  6.455119E-04
 -1.065200E+02 -1.262385E-03  3949       26  6.464958E-04
 -1.065100E+02 -1.259204E-03  3950       26  6.476599E-04
 -1.065000E+02 -1.256428E-03  3951       26  6.487219E-04
 -1.064900E+02 -1.254167E-03  3952       26  6.497853E-04
 -1.064800E+02 -1.252281E-03  3953       26  6.507961E-04
 -1.064700E+02 -1.250293E-03  3954       26  6.515888E-04
 -1.064600E+02 -1.247833E-03  3955       26  6.518278E-04
 -1.064500E+02 -1.245023E-03  3956       26  6.514286E-04
 -1.064400E+02 -1.242792E-03  3957       26  6.511700E-04
 -1.064300E+02 -1.240392E-03  3958       26  6.508295E-04
 -1.064200E+02 -1.238044E-03  3959       26  6.505166E-04
 -1.064100E+02 -1.235939E-03  3960       26  6.495450E-04
 -1.064000E+02 -1.234155E-03  3961       26  6.483006E-04
 -1.063900E+02 -1.233001E-03  3962       26  6.467517E-04
 -1.063800E+02 -1.231793E-03  3963       26  6.453815E-04
 -1.063700E+02 -1.230236E-03  3964       26  6.440489E-04
 -1.063600E+02 -1.229240E-03  3965       26  6.423448E-04
 -1.063500E+02 -1.228801E-03  3966       26  6.407647E-04
 -1.063400E+02 -1.228356E-03  3967       26  6.394325E-04
 -1.063300E+02 -1.228004E-03  3968       26  6.383436E-04
 -1.063200E+02 -1.227866E-03  3969       26  6.373568E-04
 -1.063100E+02 -1.227774E-03  3970       26  6.367428E-04
 -1.063000E+02 -1.227455E-03  3971       26  6.357025E-04
 -1.062900E+02 -1.226809E-03  3972       26  6.343155E-04
 -1.062800E+02 -1.225256E-03  3973       26  6.331228E-04
 -1.062700E+02 -1.223884E-03  3974       26  6.323060E-04
 -1.062600E+02 -1.222412E-03  3975       26  6.318086E-04
 -1.062500E+02 -1.220478E-03  3976       26  6.318809E-04
 -1.062400E+02 -1.218999E-03  3977       26  6.333618E-04
 -1.062300E+02 -1.217508E-03  3978       26  6.350180E-04
 -1.062200E+02 -1.216608E-03  3979       26  6.368672E-04
 -1.062100E+02 -1.216935E-03  3980       26  6.384561E-04
 -1.062000E+02 -1.217557E-03  3981       26  6.399070E-04
 -1.061900E+02 -1.218072E-03  3982       26  6.414359E-04
 -1.061800E+02 -1.218485E-03  3983       26  6.432316E-04
 -1.061700E+02 -1.218305E-03  3984       26  6.452957E-04
 -1.061600E+02 -1.217257E-03  3985       26  6.479636E-04
 -1.061500E+02 -1.216287E-03  3986       26  6.506040E-04
 -1.061400E+02 -1.215372E-03  3987       26  6.525378E-04
 -1.061300E+02 -1.213759E-03  3988       26  6.535335E-04
 -1.061200E+02 -1.211696E-03  3989       26  6.547633E-04
 -1.061100E+02 -1.209826E-03  3990       26  6.561407E-04
 -1.061000E+02 -1.208168E-03  3991       26  6.577530E-04
 -1.060900E+02 -1.207008E-03  3992       26  6.591943E-04
 -1.060800E+02 -1.204654E-03  3993       26  6.573882E-04
 -1.060700E+02 -1.202398E-03  3994       26  6.556300E-04
 -1.060600E+02 -1.199707E-03  3995       26  6.541109E-04
 -1.060500E+02 -1.196745E-03  3996       26  6.528991E-04
 -1.060400E+02 -1.193030E-03  3997       26  6.515457E-04
 -1.060300E+02 -1.189279E-03  3998       26  6.503172E-04
 -1.060200E+02 -1.185930E-03  3999       26  6.491952E-04
 -1.060100E+02 -1.183075E-03  4000       26  6.479091E-04
 -1.060000E+02 -1.180630E-03  4001       26  6.457183E-04
 -1.059900E+02 -1.177403E-03  4002       26  6.434224E-04
 -1.059800E+02 -1.174257E-03  4003       26  6.417546E-04
 -1.059700E+02 -1.171592E-03  4004       26  6.397972E-04
 -1.059600E+02 -1.169425E-03  4005       26  6.374794E-04
 -1.059500E+02 -1.167700E-03  4006       26  6.351997E-04
 -1.059400E+02 -1.166689E-03  4007       26  6.331834E-04
 -1.059300E+02 -1.165982E-03  4008       26  6.313841E-04
 -1.059200E+02 -1.165643E-03  4009       26  6.304147E-04
 -1.059100E+02 -1.165422E-03  4010       26  6.295513E-04
 -1.059000E+02 -1.165243E-03  4011       26  6.287222E-04
 -1.058900E+02 -1.165275E-03  4012       26  6.279221E-04
 -1.058800E+02 -1.165039E-03  4013       26  6.272261E-04
 -1.058700E+02 -1.164931E-03  4014       26  6.266725E-04
 -1.058600E+02 -1.164910E-03  4015       26  6.262326E-04
 -1.058500E+02 -1.164577E-03  4016       26  6.261030E-04
 -1.058400E+02 -1.163841E-03  4017       26  6.261459E-04
 -1.058300E+02 -1.163001E-03  4018       26  6.262205E-04
 -1.058200E+02 -1.162348E-03  4019       26  6.268286E-04
 -1.058100E+02 -1.160985E-03  4020       26  6.278658E-04
 -1.058000E+02 -1.159282E-03  4021       26  6.291825E-04
 -1.057900E+02 -1.157470E-03  4022       26  6.307504E-04
 -1.057800E+02 -1.154577E-03  4023       26  6.322230E-04
 -1.057700E+02 -1.151520E-03  4024       26  6.347684E-04
 -1.057600E+02 -1.148444E-03  4025       26  6.376656E-04
 -1.057500E+02 -1.145105E-03  4026       26  6.404166E-04
 -1.057400E+02 -1.142624E-03  4027       26  6.435434E-04
 -1.057300E+02 -1.140218E-03  4028       26  6.468221E-04
 -1.057200E+02 -1.138094E-03  4029       26  6.502880E-04
 -1.057100E+02 -1.136088E-03  4030       26  6.541516E-04
 -1.057000E+02 -1.134349E-03  4031       26  6.580876E-04
 -1.056900E+02 -1.132651E-03  4032       26  6.621558E-04
 -1.056800E+02 -1.130508E-03  4033       26  6.658886E-04
 -1.056700E+02 -1.128771E-03  4034       26  6.700766E-04
 -1.056600E+02 -1.127397E-03  4035       26  6.747474E-04
 -1.056500E+02 -1.126352E-03  4036       26  6.794950E-04
 -1.056400E+02 -1.125646E-03  4037       26  6.843634E-04
 -1.056300E+02 -1.125813E-03  4038       26  6.897549E-04
 -1.056200E+02 -1.126896E-03  4039       26  6.951525E-04
 -1.056100E+02 -1.127850E-03  4040       26  6.987675E-04
 -1.056000E+02 -1.128511E-03  4041       26  7.018795E-04
 -1.055900E+02 -1.128348E-03  4042       26  7.045096E-04
 -1.055800E+02 -1.127711E-03  4043       26  7.071734E-04
 -1.055700E+02 -1.127072E-03  4044       26  7.100987E-04
 -1.055600E+02 -1.126070E-03  4045       26  7.133743E-04
 -1.055500E+02 -1.124850E-03  4046       26  7.165828E-04
 -1.055400E+02 -1.123737E-03  4047       26  7.198940E-04
 -1.055300E+02 -1.122809E-03  4048       26  7.233354E-04
 -1.055200E+02 -1.121763E-03  4049       26  7.268794E-04
 -1.055100E+02 -1.120455E-03  4050       26  7.304042E-04
 -1.055000E+02 -1.119376E-03  4051       26  7.339392E-04
 -1.054900E+02 -1.118456E-03  4052       26  7.373414E-04
 -1.054800E+02 -1.117546E-03  4053       26  7.406892E-04
 -1.054700E+02 -1.116545E-03  4054       26  7.437882E-04
 -1.054600E+02 -1.115354E-03  4055       26  7.468521E-04
 -1.054500E+02 -1.114223E-03  4056       26  7.503866E-04
 -1.054400E+02 -1.113870E-03  4057       26  7.539401E-04
 -1.054300E+02 -1.112979E-03  4058       26  7.572052E-04
 -1.054200E+02 -1.111986E-03  4059       26  7.605331E-04
 -1.054100E+02 -1.111276E-03  4060       26  7.631102E-04
 -1.054000E+02 -1.110866E-03  4061       26  7.654826E-04
 -1.053900E+02 -1.110240E-03  4062       26  7.680929E-04
 -1.053800E+02 -1.109516E-03  4063       26  7.708465E-04
 -1.053700E+02 -1.108448E-03  4064       26  7.737227E-04
 -1.053600E+02 -1.107742E-03  4065       26  7.765377E-04
 -1.053500E+02 -1.107486E-03  4066       26  7.796216E-04
 -1.053400E+02 -1.107443E-03  4067       26  7.822400E-04
 -1.053300E+02 -1.107748E-03  4068       26  7.845447E-04
 -1.053200E+02 -1.108264E-03  4069       26  7.868929E-04
 -1.053100E+02 -1.108732E-03  4070       26  7.894627E-04
 -1.053000E+02 -1.108704E-03  4071       26  7.910913E-04
 -1.052900E+02 -1.107997E-03  4072       26  7.920791E-04
 -1.052800E+02 -1.106007E-03  4073       26  7.930068E-04
 -1.052700E+02 -1.104053E-03  4074       26  7.941497E-04
 -1.052600E+02 -1.101985E-03  4075       26  7.954974E-04
 -1.052500E+02 -1.099564E-03  4076       26  7.972157E-04
 -1.052400E+02 -1.097468E-03  4077       26  7.998409E-04
 -1.052300E+02 -1.095554E-03  4078       26  8.027146E-04
 -1.052200E+02 -1.094216E-03  4079       26  8.056590E-04
 -1.052100E+02 -1.093907E-03  4080       26  8.082814E-04
 -1.052000E+02 -1.094143E-03  4081       26  8.106755E-04
 -1.051900E+02 -1.094444E-03  4082       26  8.131893E-04
 -1.051800E+02 -1.095126E-03  4083       26  8.155083E-04
 -1.051700E+02 -1.095339E-03  4084       26  8.178529E-04
 -1.051600E+02 -1.094490E-03  4085       26  8.207976E-04
 -1.051500E+02 -1.093655E-03  4086       26  8.236370E-04
 -1.051400E+02 -1.092634E-03  4087       26  8.258618E-04
 -1.051300E+02 -1.090933E-03  4088       26  8.270189E-04
 -1.051200E+02 -1.088572E-03  4089       26  8.280984E-04
 -1.051100E+02 -1.086334E-03  4090       26  8.293676E-04
 -1.051000E+02 -1.084366E-03  4091       26  8.308146E-04
 -1.050900E+02 -1.082892E-03  4092       26  8.320856E-04
 -1.050800E+02 -1.080191E-03  4093       26  8.305492E-04
 -1.050700E+02 -1.077558E-03  4094       26  8.290500E-04
 -1.050600E+02 -1.074449E-03  4095       26  8.277478E-04
 -1.050500E+02 -1.071144E-03  4096       26  8.266733E-04
 -1.050400E+02 -1.066994E-03  4097       26  8.251421E-04
 -1.050300E+02 -1.062705E-03  4098       26  8.235754E-04
 -1.050200E+02 -1.059155E-03  4099       26  8.205669E-04
 -1.050100E+02 -1.056124E-03  4100       26  8.173307E-04
 -1.050000E+02 -1.053556E-03  4101       26  8.132541E-04
 -1.049900E+02 -1.050417E-03  4102       26  8.091949E-04
 -1.049800E+02 -1.047492E-03  4103       26  8.057350E-04
 -1.049700E+02 -1.044900E-03  4104       26  8.021712E-04
 -1.049600E+02 -1.042933E-03  4105       26  7.982372E-04
 -1.049500E+02 -1.041343E-03  4106       26  7.943915E-04
 -1.049400E+02 -1.040354E-03  4107       26  7.906915E-04
 -1.049300E+02 -1.039703E-03  4108       26  7.870392E-04
 -1.049200E+02 -1.039362E-03  4109       26  7.841297E-04
 -1.049100E+02 -1.039014E-03  4110       26  7.813026E-04
 -1.049000E+02 -1.038401E-03  4111       26  7.784172E-04
 -1.048900E+02 -1.037967E-03  4112       26  7.754925E-04
 -1.048800E+02 -1.037340E-03  4113       26  7.724567E-04
 -1.048700E+02 -1.036866E-03  4114       26  7.697398E-04
 -1.048600E+02 -1.036441E-03  4115       26  7.671611E-04
 -1.048500E+02 -1.035711E-03  4116       26  7.647205E-04
 -1.048400E+02 -1.034699E-03  4117       26  7.622640E-04
 -1.048300E+02 -1.033707E-03  4118       26  7.596472E-04
 -1.048200E+02 -1.032839E-03  4119       26  7.573693E-04
 -1.048100E+02 -1.031065E-03  4120       26  7.551121E-04
 -1.048000E+02 -1.028882E-03  4121       26  7.529966E-04
 -1.047900E+02 -1.026640E-03  4122       26  7.510335E-04
 -1.047800E+02 -1.023502E-03  4123       26  7.490007E-04
 -1.047700E+02 -1.020256E-03  4124       26  7.481322E-04
 -1.047600E+02 -1.017469E-03  4125       26  7.480391E-04
 -1.047500E+02 -1.014916E-03  4126       26  7.480915E-04
 -1.047400E+02 -1.013766E-03  4127       26  7.483694E-04
 -1.047300E+02 -1.012814E-03  4128       26  7.488925E-04
 -1.047200E+02 -1.012003E-03  4129       26  7.497986E-04
 -1.047100E+02 -1.011748E-03  4130       26  7.502065E-04
 -1.047000E+02 -1.011827E-03  4131       26  7.505925E-04
 -1.046900E+02 -1.011823E-03  4132       26  7.513235E-04
 -1.046800E+02 -1.011459E-03  4133       26  7.519216E-04
 -1.046700E+02 -1.011428E-03  4134       26  7.529946E-04
 -1.046600E+02 -1.011694E-03  4135       26  7.546147E-04
 -1.046500E+02 -1.012348E-03  4136       26  7.564389E-04
 -1.046400E+02 -1.013199E-03  4137       26  7.585141E-04
 -1.046300E+02 -1.014800E-03  4138       26  7.612494E-04
 -1.046200E+02 -1.017106E-03  4139       26  7.640652E-04
 -1.046100E+02 -1.019398E-03  4140       26  7.653132E-04
 -1.046000E+02 -1.021370E-03  4141       26  7.661909E-04
 -1.045900E+02 -1.022305E-03  4142       26  7.666906E-04
 -1.045800E+02 -1.022747E-03  4143       26  7.672307E-04
 -1.045700E+02 -1.023038E-03  4144       26  7.678919E-04
 -1.045600E+02 -1.023044E-03  4145       26  7.686536E-04
 -1.045500E+02 -1.022910E-03  4146       26  7.688061E-04
 -1.045400E+02 -1.022760E-03  4147       26  7.691407E-04
 -1.045300E+02 -1.022826E-03  4148       26  7.696127E-04
 -1.045200E+02 -1.022552E-03  4149       26  7.702347E-04
 -1.045100E+02 -1.021876E-03  4150       26  7.708735E-04
 -1.045000E+02 -1.021375E-03  4151       26  7.716684E-04
 -1.044900E+02 -1.021071E-03  4152       26  7.721937E-04
 -1.044800E+02 -1.020778E-03  4153       26  7.727820E-04
 -1.044700E+02 -1.020287E-03  4154       26  7.731618E-04
 -1.044600E+02 -1.019367E-03  4155       26  7.734253E-04
 -1.044500E+02 -1.018225E-03  4156       26  7.736279E-04
 -1.044400E+02 -1.017032E-03  4157       26  7.739910E-04
 -1.044300E+02 -1.015238E-03  4158       26  7.741695E-04
 -1.044200E+02 -1.013234E-03  4159       26  7.744612E-04
 -1.044100E+02 -1.011305E-03  4160       26  7.744693E-04
 -1.044000E+02 -1.009689E-03  4161       26  7.746582E-04
 -1.043900E+02 -1.007735E-03  4162       26  7.754786E-04
 -1.043800E+02 -1.005764E-03  4163       26  7.764582E-04
 -1.043700E+02 -1.003509E-03  4164       26  7.775413E-04
 -1.043600E+02 -1.001801E-03  4165       26  7.785685E-04
 -1.043500E+02 -1.000551E-03  4166       26  7.799248E-04
 -1.043400E+02 -9.996738E-04  4167       26  7.810430E-04
 -1.043300E+02 -9.992119E-04  4168       26  7.817934E-04
 -1.043200E+02 -9.990991E-04  4169       26  7.825935E-04
 -1.043100E+02 -9.989302E-04  4170       26  7.835959E-04
 -1.043000E+02 -9.983232E-04  4171       26  7.838857E-04
 -1.042900E+02 -9.975655E-04  4172       26  7.835941E-04
 -1.042800E+02 -9.963691E-04  4173       26  7.832825E-04
 -1.042700E+02 -9.948465E-04  4174       26  7.831191E-04
 -1.042600E+02 -9.931824E-04  4175       26  7.831394E-04
 -1.042500E+02 -9.912794E-04  4176       26  7.833782E-04
 -1.042400E+02 -9.896690E-04  4177       26  7.840818E-04
 -1.042300E+02 -9.884095E-04  4178       26  7.848117E-04
 -1.042200E+02 -9.875665E-04  4179       26  7.857423E-04
 -1.042100E+02 -9.877828E-04  4180       26  7.865163E-04
 -1.042000E+02 -9.881668E-04  4181       26  7.871655E-04
 -1.041900E+02 -9.884714E-04  4182       26  7.879128E-04
 -1.041800E+02 -9.889441E-04  4183       26  7.886256E-04
 -1.041700E+02 -9.888543E-04  4184       26  7.892742E-04
 -1.041600E+02 -9.874994E-04  4185       26  7.902522E-04
 -1.041500E+02 -9.859197E-04  4186       26  7.909405E-04
 -1.041400E+02 -9.841338E-04  4187       26  7.911016E-04
 -1.041300E+02 -9.816710E-04  4188       26  7.902772E-04
 -1.041200E+02 -9.789763E-04  4189       26  7.898190E-04
 -1.041100E+02 -9.763490E-04  4190       26  7.896183E-04
 -1.041000E+02 -9.741609E-04  4191       26  7.898028E-04
 -1.040900E+02 -9.723616E-04  4192       26  7.900588E-04
 -1.040800E+02 -9.693607E-04  4193       26  7.883398E-04
 -1.040700E+02 -9.662241E-04  4194       26  7.867396E-04
 -1.040600E+02 -9.626402E-04  4195       26  7.853101E-04
 -1.040500E+02 -9.588098E-04  4196       26  7.841223E-04
 -1.040400E+02 -9.542892E-04  4197       26  7.824058E-04
 -1.040300E+02 -9.497127E-04  4198       26  7.806803E-04
 -1.040200E+02 -9.460516E-04  4199       26  7.778285E-04
 -1.040100E+02 -9.429731E-04  4200       26  7.747573E-04
 -1.040000E+02 -9.404589E-04  4201       26  7.712303E-04
 -1.039900E+02 -9.372804E-04  4202       26  7.677773E-04
 -1.039800E+02 -9.341933E-04  4203       26  7.647854E-04
 -1.039700E+02 -9.313134E-04  4204       26  7.619304E-04
 -1.039600E+02 -9.292966E-04  4205       26  7.584719E-04
 -1.039500E+02 -9.275279E-04  4206       26  7.552159E-04
 -1.039400E+02 -9.261749E-04  4207       26  7.522953E-04
 -1.039300E+02 -9.250458E-04  4208       26  7.493549E-04
 -1.039200E+02 -9.244474E-04  4209       26  7.463479E-04
 -1.039100E+02 -9.238734E-04  4210       26  7.434282E-04
 -1.039000E+02 -9.233453E-04  4211       26  7.406041E-04
 -1.038900E+02 -9.229618E-04  4212       26  7.378766E-04
 -1.038800E+02 -9.226776E-04  4213       26  7.353898E-04
 -1.038700E+02 -9.226170E-04  4214       26  7.330687E-04
 -1.038600E+02 -9.226188E-04  4215       26  7.308496E-04
 -1.038500E+02 -9.223344E-04  4216       26  7.288351E-04
 -1.038400E+02 -9.218130E-04  4217       26  7.269534E-04
 -1.038300E+02 -9.214496E-04  4218       26  7.251681E-04
 -1.038200E+02 -9.212756E-04  4219       26  7.238210E-04
 -1.038100E+02 -9.209506E-04  4220       26  7.228045E-04
 -1.038000E+02 -9.202693E-04  4221       26  7.222263E-04
 -1.037900E+02 -9.194577E-04  4222       26  7.218059E-04
 -1.037800E+02 -9.178088E-04  4223       26  7.208540E-04
 -1.037700E+02 -9.159503E-04  4224       26  7.208838E-04
 -1.037600E+02 -9.140603E-04  4225       26  7.216932E-04
 -1.037500E+02 -9.122979E-04  4226       26  7.226853E-04
 -1.037400E+02 -9.114092E-04  4227       26  7.238913E-04
 -1.037300E+02 -9.105861E-04  4228       26  7.252803E-04
 -1.037200E+02 -9.097675E-04  4229       26  7.269482E-04
 -1.037100E+02 -9.090968E-04  4230       26  7.287032E-04
 -1.037000E+02 -9.086379E-04  4231       26  7.304111E-04
 -1.036900E+02 -9.080746E-04  4232       26  7.322782E-04
 -1.036800E+02 -9.073086E-04  4233       26  7.340607E-04
 -1.036700E+02 -9.067777E-04  4234       26  7.360430E-04
 -1.036600E+02 -9.063890E-04  4235       26  7.385002E-04
 -1.036500E+02 -9.059864E-04  4236       26  7.410138E-04
 -1.036400E+02 -9.059885E-04  4237       26  7.436259E-04
 -1.036300E+02 -9.067480E-04  4238       26  7.469649E-04
 -1.036200E+02 -9.080987E-04  4239       26  7.505709E-04
 -1.036100E+02 -9.095653E-04  4240       26  7.532245E-04
 -1.036000E+02 -9.108309E-04  4241       26  7.555969E-04
 -1.035900E+02 -9.109363E-04  4242       26  7.574616E-04
 -1.035800E+02 -9.104589E-04  4243       26  7.593654E-04
 -1.035700E+02 -9.098594E-04  4244       26  7.613373E-04
 -1.035600E+02 -9.091805E-04  4245       26  7.633100E-04
 -1.035500E+02 -9.086647E-04  4246       26  7.643125E-04
 -1.035400E+02 -9.082056E-04  4247       26  7.654105E-04
 -1.035300E+02 -9.080732E-04  4248       26  7.665990E-04
 -1.035200E+02 -9.077369E-04  4249       26  7.679090E-04
 -1.035100E+02 -9.072024E-04  4250       26  7.692992E-04
 -1.035000E+02 -9.069694E-04  4251       26  7.708350E-04
 -1.034900E+02 -9.067737E-04  4252       26  7.723831E-04
 -1.034800E+02 -9.065822E-04  4253       26  7.739063E-04
 -1.034700E+02 -9.062479E-04  4254       26  7.751698E-04
 -1.034600E+02 -9.055932E-04  4255       26  7.762291E-04
 -1.034500E+02 -9.048116E-04  4256       26  7.772988E-04
 -1.034400E+02 -9.041327E-04  4257       26  7.785028E-04
 -1.034300E+02 -9.030526E-04  4258       26  7.795693E-04
 -1.034200E+02 -9.018664E-04  4259       26  7.806647E-04
 -1.034100E+02 -9.007654E-04  4260       26  7.815782E-04
 -1.034000E+02 -8.999863E-04  4261       26  7.826316E-04
 -1.033900E+02 -8.990975E-04  4262       26  7.840268E-04
 -1.033800E+02 -8.982721E-04  4263       26  7.854843E-04
 -1.033700E+02 -8.972029E-04  4264       26  7.870472E-04
 -1.033600E+02 -8.968406E-04  4265       26  7.886531E-04
 -1.033500E+02 -8.969982E-04  4266       26  7.906115E-04
 -1.033400E+02 -8.974005E-04  4267       26  7.926272E-04
 -1.033300E+02 -8.983387E-04  4268       26  7.939051E-04
 -1.033200E+02 -8.996510E-04  4269       26  7.952287E-04
 -1.033100E+02 -9.008546E-04  4270       26  7.967211E-04
 -1.033000E+02 -9.018590E-04  4271       26  7.979379E-04
 -1.032900E+02 -9.025242E-04  4272       26  7.987902E-04
 -1.032800E+02 -9.028838E-04  4273       26  7.998067E-04
 -1.032700E+02 -9.029714E-04  4274       26  8.010623E-04
 -1.032600E+02 -9.028593E-04  4275       26  8.024702E-04
 -1.032500E+02 -9.023965E-04  4276       26  8.039977E-04
 -1.032400E+02 -9.022203E-04  4277       26  8.062954E-04
 -1.032300E+02 -9.021874E-04  4278       26  8.088188E-04
 -1.032200E+02 -9.025094E-04  4279       26  8.114785E-04
 -1.032100E+02 -9.039492E-04  4280       26  8.136911E-04
 -1.032000E+02 -9.054809E-04  4281       26  8.156023E-04
 -1.031900E+02 -9.068983E-04  4282       26  8.175588E-04
 -1.031800E+02 -9.083365E-04  4283       26  8.195731E-04
 -1.031700E+02 -9.093484E-04  4284       26  8.213891E-04
 -1.031600E+02 -9.088114E-04  4285       26  8.234558E-04
 -1.031500E+02 -9.081881E-04  4286       26  8.253401E-04
 -1.031400E+02 -9.073589E-04  4287       26  8.266124E-04
 -1.031300E+02 -9.056673E-04  4288       26  8.263718E-04
 -1.031200E+02 -9.039568E-04  4289       26  8.264157E-04
 -1.031100E+02 -9.023332E-04  4290       26  8.266594E-04
 -1.031000E+02 -9.012079E-04  4291       26  8.272688E-04
 -1.030900E+02 -9.003175E-04  4292       26  8.280183E-04
 -1.030800E+02 -8.984470E-04  4293       26  8.265954E-04
 -1.030700E+02 -8.967712E-04  4294       26  8.250410E-04
 -1.030600E+02 -8.948362E-04  4295       26  8.236769E-04
 -1.030500E+02 -8.926711E-04  4296       26  8.225372E-04
 -1.030400E+02 -8.898750E-04  4297       26  8.210026E-04
 -1.030300E+02 -8.870587E-04  4298       26  8.195352E-04
 -1.030200E+02 -8.846764E-04  4299       26  8.174624E-04
 -1.030100E+02 -8.829806E-04  4300       26  8.148107E-04
 -1.030000E+02 -8.819442E-04  4301       26  8.115501E-04
 -1.029900E+02 -8.804744E-04  4302       26  8.083234E-04
 -1.029800E+02 -8.790487E-04  4303       26  8.055042E-04
 -1.029700E+02 -8.775812E-04  4304       26  8.028280E-04
 -1.029600E+02 -8.761739E-04  4305       26  8.002761E-04
 -1.029500E+02 -8.750790E-04  4306       26  7.978787E-04
 -1.029400E+02 -8.744074E-04  4307       26  7.957444E-04
 -1.029300E+02 -8.739897E-04  4308       26  7.934709E-04
 -1.029200E+02 -8.737326E-04  4309       26  7.908200E-04
 -1.029100E+02 -8.734693E-04  4310       26  7.882399E-04
 -1.029000E+02 -8.730658E-04  4311       26  7.857471E-04
 -1.028900E+02 -8.726936E-04  4312       26  7.833286E-04
 -1.028800E+02 -8.722305E-04  4313       26  7.809607E-04
 -1.028700E+02 -8.718665E-04  4314       26  7.787686E-04
 -1.028600E+02 -8.714907E-04  4315       26  7.767093E-04
 -1.028500E+02 -8.709074E-04  4316       26  7.748421E-04
 -1.028400E+02 -8.700496E-04  4317       26  7.730994E-04
 -1.028300E+02 -8.691883E-04  4318       26  7.714842E-04
 -1.028200E+02 -8.690589E-04  4319       26  7.710443E-04
 -1.028100E+02 -8.693290E-04  4320       26  7.709919E-04
 -1.028000E+02 -8.697246E-04  4321       26  7.707880E-04
 -1.027900E+02 -8.700477E-04  4322       26  7.707450E-04
 -1.027800E+02 -8.694357E-04  4323       26  7.703443E-04
 -1.027700E+02 -8.687494E-04  4324       26  7.712349E-04
 -1.027600E+02 -8.684540E-04  4325       26  7.729649E-04
 -1.027500E+02 -8.683569E-04  4326       26  7.747747E-04
 -1.027400E+02 -8.692156E-04  4327       26  7.767242E-04
 -1.027300E+02 -8.702201E-04  4328       26  7.788669E-04
 -1.027200E+02 -8.712750E-04  4329       26  7.813085E-04
 -1.027100E+02 -8.726444E-04  4330       26  7.839102E-04
 -1.027000E+02 -8.745239E-04  4331       26  7.861097E-04
 -1.026900E+02 -8.762816E-04  4332       26  7.884614E-04
 -1.026800E+02 -8.778264E-04  4333       26  7.907557E-04
 -1.026700E+02 -8.796241E-04  4334       26  7.932237E-04
 -1.026600E+02 -8.809096E-04  4335       26  7.949030E-04
 -1.026500E+02 -8.821190E-04  4336       26  7.965805E-04
 -1.026400E+02 -8.837439E-04  4337       26  7.983014E-04
 -1.026300E+02 -8.861611E-04  4338       26  8.005161E-04
 -1.026200E+02 -8.892605E-04  4339       26  8.027883E-04
 -1.026100E+02 -8.925288E-04  4340       26  8.039395E-04
 -1.026000E+02 -8.954434E-04  4341       26  8.048446E-04
 -1.025900E+02 -8.974871E-04  4342       26  8.055793E-04
 -1.025800E+02 -8.989981E-04  4343       26  8.065307E-04
 -1.025700E+02 -9.003405E-04  4344       26  8.075152E-04
 -1.025600E+02 -9.014469E-04  4345       26  8.085131E-04
 -1.025500E+02 -9.024117E-04  4346       26  8.087426E-04
 -1.025400E+02 -9.034958E-04  4347       26  8.088495E-04
 -1.025300E+02 -9.049442E-04  4348       26  8.090099E-04
 -1.025200E+02 -9.061601E-04  4349       26  8.093868E-04
 -1.025100E+02 -9.070631E-04  4350       26  8.098345E-04
 -1.025000E+02 -9.083311E-04  4351       26  8.106912E-04
 -1.024900E+02 -9.096365E-04  4352       26  8.116392E-04
 -1.024800E+02 -9.108746E-04  4353       26  8.126449E-04
 -1.024700E+02 -9.119560E-04  4354       26  8.134921E-04
 -1.024600E+02 -9.127066E-04  4355       26  8.143702E-04
 -1.024500E+02 -9.133795E-04  4356       26  8.155011E-04
 -1.024400E+02 -9.143482E-04  4357       26  8.165406E-04
 -1.024300E+02 -9.145056E-04  4358       26  8.172491E-04
 -1.024200E+02 -9.144420E-04  4359       26  8.179857E-04
 -1.024100E+02 -9.144225E-04  4360       26  8.184556E-04
 -1.024000E+02 -9.147716E-04  4361       26  8.189465E-04
 -1.023900E+02 -9.151686E-04  4362       26  8.195980E-04
 -1.023800E+02 -9.156318E-04  4363       26  8.203199E-04
 -1.023700E+02 -9.158145E-04  4364       26  8.212276E-04
 -1.023600E+02 -9.165993E-04  4365       26  8.219825E-04
 -1.023500E+02 -9.178504E-04  4366       26  8.230294E-04
 -1.023400E+02 -9.192079E-04  4367       26  8.242172E-04
 -1.023300E+02 -9.209752E-04  4368       26  8.247110E-04
 -1.023200E+02 -9.230715E-04  4369       26  8.252469E-04
 -1.023100E+02 -9.250644E-04  4370       26  8.260419E-04
 -1.023000E+02 -9.266177E-04  4371       26  8.263309E-04
 -1.022900E+02 -9.275036E-04  4372       26  8.261711E-04
 -1.022800E+02 -9.278666E-04  4373       26  8.262910E-04
 -1.022700E+02 -9.280454E-04  4374       26  8.267066E-04
 -1.022600E+02 -9.279467E-04  4375       26  8.272138E-04
 -1.022500E+02 -9.274462E-04  4376       26  8.278536E-04
 -1.022400E+02 -9.270504E-04  4377       26  8.290537E-04
 -1.022300E+02 -9.266088E-04  4378       26  8.305982E-04
 -1.022200E+02 -9.263679E-04  4379       26  8.322882E-04
 -1.022100E+02 -9.272946E-04  4380       26  8.331986E-04
 -1.022000E+02 -9.283410E-04  4381       26  8.337599E-04
 -1.021900E+02 -9.290741E-04  4382       26  8.340802E-04
 -1.021800E+02 -9.297644E-04  4383       26  8.343609E-04
 -1.021700E+02 -9.300680E-04  4384       26  8.347240E-04
 -1.021600E+02 -9.290277E-04  4385       26  8.354194E-04
 -1.021500E+02 -9.277862E-04  4386       26  8.357567E-04
 -1.021400E+02 -9.264314E-04  4387       26  8.355601E-04
 -1.021300E+02 -9.244311E-04  4388       26  8.343070E-04
 -1.021200E+02 -9.223447E-04  4389       26  8.333520E-04
 -1.021100E+02 -9.203579E-04  4390       26  8.325713E-04
 -1.021000E+02 -9.189203E-04  4391       26  8.321000E-04
 -1.020900E+02 -9.178328E-04  4392       26  8.316864E-04
 -1.020800E+02 -9.158696E-04  4393       26  8.298007E-04
 -1.020700E+02 -9.137575E-04  4394       26  8.281773E-04
 -1.020600E+02 -9.114055E-04  4395       26  8.267735E-04
 -1.020500E+02 -9.088179E-04  4396       26  8.256806E-04
 -1.020400E+02 -9.057177E-04  4397       26  8.244083E-04
 -1.020300E+02 -9.026151E-04  4398       26  8.233395E-04
 -1.020200E+02 -8.999347E-04  4399       26  8.217420E-04
 -1.020100E+02 -8.978789E-04  4400       26  8.195547E-04
 -1.020000E+02 -8.964792E-04  4401       26  8.170593E-04
 -1.019900E+02 -8.947490E-04  4402       26  8.147320E-04
 -1.019800E+02 -8.931641E-04  4403       26  8.129403E-04
 -1.019700E+02 -8.918434E-04  4404       26  8.112019E-04
 -1.019600E+02 -8.904109E-04  4405       26  8.097666E-04
 -1.019500E+02 -8.893913E-04  4406       26  8.084378E-04
 -1.019400E+02 -8.886992E-04  4407       26  8.073975E-04
 -1.019300E+02 -8.881290E-04  4408       26  8.063319E-04
 -1.019200E+02 -8.876606E-04  4409       26  8.050998E-04
 -1.019100E+02 -8.872721E-04  4410       26  8.039785E-04
 -1.019000E+02 -8.869598E-04  4411       26  8.029521E-04
 -1.018900E+02 -8.867137E-04  4412       26  8.019981E-04
 -1.018800E+02 -8.863595E-04  4413       26  8.011665E-04
 -1.018700E+02 -8.860587E-04  4414       26  8.003695E-04
 -1.018600E+02 -8.858994E-04  4415       26  7.993310E-04
 -1.018500E+02 -8.855816E-04  4416       26  7.985334E-04
 -1.018400E+02 -8.850676E-04  4417       26  7.978632E-04
 -1.018300E+02 -8.845266E-04  4418       26  7.973481E-04
 -1.018200E+02 -8.845111E-04  4419       26  7.976603E-04
 -1.018100E+02 -8.848020E-04  4420       26  7.985128E-04
 -1.018000E+02 -8.850631E-04  4421       26  7.993523E-04
 -1.017900E+02 -8.851846E-04  4422       26  8.003953E-04
 -1.017800E+02 -8.844021E-04  4423       26  8.012191E-04
 -1.017700E+02 -8.837045E-04  4424       26  8.034555E-04
 -1.017600E+02 -8.832744E-04  4425       26  8.067926E-04
 -1.017500E+02 -8.827348E-04  4426       26  8.103033E-04
 -1.017400E+02 -8.827321E-04  4427       26  8.137951E-04
 -1.017300E+02 -8.829044E-04  4428       26  8.174480E-04
 -1.017200E+02 -8.832476E-04  4429       26  8.213568E-04
 -1.017100E+02 -8.838690E-04  4430       26  8.253333E-04
 -1.017000E+02 -8.849649E-04  4431       26  8.288302E-04
 -1.016900E+02 -8.858854E-04  4432       26  8.324976E-04
 -1.016800E+02 -8.864472E-04  4433       26  8.360664E-04
 -1.016700E+02 -8.873761E-04  4434       26  8.398235E-04
 -1.016600E+02 -8.877537E-04  4435       26  8.430662E-04
 -1.016500E+02 -8.880508E-04  4436       26  8.459137E-04
 -1.016400E+02 -8.890259E-04  4437       26  8.484667E-04
 -1.016300E+02 -8.909801E-04  4438       26  8.513795E-04
 -1.016200E+02 -8.935946E-04  4439       26  8.543134E-04
 -1.016100E+02 -8.962226E-04  4440       26  8.559123E-04
 -1.016000E+02 -8.984692E-04  4441       26  8.571388E-04
 -1.015900E+02 -8.999284E-04  4442       26  8.583565E-04
 -1.015800E+02 -9.009432E-04  4443       26  8.598455E-04
 -1.015700E+02 -9.018716E-04  4444       26  8.614530E-04
 -1.015600E+02 -9.026163E-04  4445       26  8.631645E-04
 -1.015500E+02 -9.033513E-04  4446       26  8.646653E-04
 -1.015400E+02 -9.042621E-04  4447       26  8.661179E-04
 -1.015300E+02 -9.056305E-04  4448       26  8.676016E-04
 -1.015200E+02 -9.069178E-04  4449       26  8.692577E-04
 -1.015100E+02 -9.079668E-04  4450       26  8.710101E-04
 -1.015000E+02 -9.095562E-04  4451       26  8.732230E-04
 -1.014900E+02 -9.113031E-04  4452       26  8.754375E-04
 -1.014800E+02 -9.129569E-04  4453       26  8.776384E-04
 -1.014700E+02 -9.144359E-04  4454       26  8.797807E-04
 -1.014600E+02 -9.157631E-04  4455       26  8.821780E-04
 -1.014500E+02 -9.172102E-04  4456       26  8.852237E-04
 -1.014400E+02 -9.187473E-04  4457       26  8.884105E-04
 -1.014300E+02 -9.197428E-04  4458       26  8.915822E-04
 -1.014200E+02 -9.204321E-04  4459       26  8.948249E-04
 -1.014100E+02 -9.211059E-04  4460       26  8.978342E-04
 -1.014000E+02 -9.218374E-04  4461       26  9.000408E-04
 -1.013900E+02 -9.223665E-04  4462       26  9.022852E-04
 -1.013800E+02 -9.228855E-04  4463       26  9.046441E-04
 -1.013700E+02 -9.231171E-04  4464       26  9.071324E-04
 -1.013600E+02 -9.239956E-04  4465       26  9.093275E-04
 -1.013500E+02 -9.253193E-04  4466       26  9.116717E-04
 -1.013400E+02 -9.267236E-04  4467       26  9.138999E-04
 -1.013300E+02 -9.286896E-04  4468       26  9.150507E-04
 -1.013200E+02 -9.309913E-04  4469       26  9.161869E-04
 -1.013100E+02 -9.331082E-04  4470       26  9.174905E-04
 -1.013000E+02 -9.346957E-04  4471       26  9.182091E-04
 -1.012900E+02 -9.358585E-04  4472       26  9.183421E-04
 -1.012800E+02 -9.366121E-04  4473       26  9.185944E-04
 -1.012700E+02 -9.373383E-04  4474       26  9.190841E-04
 -1.012600E+02 -9.379838E-04  4475       26  9.197315E-04
 -1.012500E+02 -9.383376E-04  4476       26  9.206499E-04
 -1.012400E+02 -9.388639E-04  4477       26  9.222344E-04
 -1.012300E+02 -9.393215E-04  4478       26  9.240568E-04
 -1.012200E+02 -9.400395E-04  4479       26  9.259614E-04
 -1.012100E+02 -9.418691E-04  4480       26  9.272405E-04
 -1.012000E+02 -9.435984E-04  4481       26  9.283522E-04
 -1.011900E+02 -9.450145E-04  4482       26  9.293119E-04
 -1.011800E+02 -9.464134E-04  4483       26  9.301342E-04
 -1.011700E+02 -9.472814E-04  4484       26  9.310029E-04
 -1.011600E+02 -9.467303E-04  4485       26  9.322585E-04
 -1.011500E+02 -9.461018E-04  4486       26  9.333406E-04
 -1.011400E+02 -9.453841E-04  4487       26  9.339685E-04
 -1.011300E+02 -9.440732E-04  4488       26  9.337780E-04
 -1.011200E+02 -9.427127E-04  4489       26  9.337367E-04
 -1.011100E+02 -9.414951E-04  4490       26  9.337995E-04
 -1.011000E+02 -9.408987E-04  4491       26  9.340270E-04
 -1.010900E+02 -9.405318E-04  4492       26  9.337271E-04
 -1.010800E+02 -9.393157E-04  4493       26  9.320341E-04
 -1.010700E+02 -9.378924E-04  4494       26  9.306202E-04
 -1.010600E+02 -9.361694E-04  4495       26  9.294141E-04
 -1.010500E+02 -9.342398E-04  4496       26  9.284604E-04
 -1.010400E+02 -9.319070E-04  4497       26  9.274743E-04
 -1.010300E+02 -9.296343E-04  4498       26  9.266491E-04
 -1.010200E+02 -9.278469E-04  4499       26  9.251840E-04
 -1.010100E+02 -9.268315E-04  4500       26  9.230027E-04
 -1.010000E+02 -9.263063E-04  4501       26  9.202931E-04
 -1.009900E+02 -9.254388E-04  4502       26  9.176874E-04
 -1.009800E+02 -9.245180E-04  4503       26  9.153457E-04
 -1.009700E+02 -9.236049E-04  4504       26  9.131305E-04
 -1.009600E+02 -9.226459E-04  4505       26  9.111262E-04
 -1.009500E+02 -9.218342E-04  4506       26  9.092726E-04
 -1.009400E+02 -9.213189E-04  4507       26  9.075105E-04
 -1.009300E+02 -9.187407E-04  4508       26  9.005649E-04
 -1.009200E+02 -9.148822E-04  4509       26  8.908927E-04
 -1.009100E+02 -9.110706E-04  4510       26  8.816157E-04
 -1.009000E+02 -9.072003E-04  4511       26  8.727031E-04
 -1.008900E+02 -9.033817E-04  4512       26  8.641350E-04
 -1.008800E+02 -8.992506E-04  4513       26  8.560004E-04
 -1.008700E+02 -8.951169E-04  4514       26  8.481252E-04
 -1.008600E+02 -8.908777E-04  4515       26  8.408127E-04
 -1.008500E+02 -8.863277E-04  4516       26  8.341701E-04
 -1.008400E+02 -8.813732E-04  4517       26  8.280772E-04
 -1.008300E+02 -8.763138E-04  4518       26  8.225366E-04
 -1.008200E+02 -8.716726E-04  4519       26  8.179948E-04
 -1.008100E+02 -8.676569E-04  4520       26  8.146136E-04
 -1.008000E+02 -8.636803E-04  4521       26  8.116421E-04
 -1.007900E+02 -8.596087E-04  4522       26  8.092780E-04
 -1.007800E+02 -8.546105E-04  4523       26  8.072505E-04
 -1.007700E+02 -8.542011E-04  4524       26  8.097825E-04
 -1.007600E+02 -8.552253E-04  4525       26  8.141652E-04
 -1.007500E+02 -8.562385E-04  4526       26  8.188171E-04
 -1.007400E+02 -8.576566E-04  4527       26  8.237543E-04
 -1.007300E+02 -8.592490E-04  4528       26  8.289624E-04
 -1.007200E+02 -8.612417E-04  4529       26  8.343815E-04
 -1.007100E+02 -8.636612E-04  4530       26  8.401462E-04
 -1.007000E+02 -8.665792E-04  4531       26  8.455424E-04
 -1.006900E+02 -8.694772E-04  4532       26  8.511028E-04
 -1.006800E+02 -8.722157E-04  4533       26  8.566507E-04
 -1.006700E+02 -8.752425E-04  4534       26  8.623750E-04
 -1.006600E+02 -8.780168E-04  4535       26  8.678101E-04
 -1.006500E+02 -8.804639E-04  4536       26  8.725861E-04
 -1.006400E+02 -8.834289E-04  4537       26  8.772159E-04
 -1.006300E+02 -8.872369E-04  4538       26  8.822367E-04
 -1.006200E+02 -8.916078E-04  4539       26  8.872693E-04
 -1.006100E+02 -8.942067E-04  4540       26  8.884156E-04
 -1.006000E+02 -8.963272E-04  4541       26  8.890545E-04
 -1.005900E+02 -8.975518E-04  4542       26  8.897382E-04
 -1.005800E+02 -8.982641E-04  4543       26  8.906551E-04
 -1.005700E+02 -8.988447E-04  4544       26  8.917221E-04
 -1.005600E+02 -8.992395E-04  4545       26  8.928638E-04
 -1.005500E+02 -8.993564E-04  4546       26  8.937127E-04
 -1.005400E+02 -8.996525E-04  4547       26  8.945263E-04
 -1.005300E+02 -9.004475E-04  4548       26  8.952901E-04
 -1.005200E+02 -9.012263E-04  4549       26  8.962752E-04
 -1.005100E+02 -9.019342E-04  4550       26  8.974158E-04
 -1.005000E+02 -9.028194E-04  4551       26  8.989299E-04
 -1.004900E+02 -9.039130E-04  4552       26  9.007456E-04
 -1.004800E+02 -9.048380E-04  4553       26  9.026195E-04
 -1.004700E+02 -9.055731E-04  4554       26  9.043712E-04
 -1.004600E+02 -9.061258E-04  4555       26  9.062633E-04
 -1.004500E+02 -9.065477E-04  4556       26  9.085989E-04
 -1.004400E+02 -9.069578E-04  4557       26  9.110299E-04
 -1.004300E+02 -9.068141E-04  4558       26  9.133378E-04
 -1.004200E+02 -9.064350E-04  4559       26  9.156550E-04
 -1.004100E+02 -9.060685E-04  4560       26  9.176694E-04
 -1.004000E+02 -9.059295E-04  4561       26  9.193901E-04
 -1.003900E+02 -9.057183E-04  4562       26  9.211456E-04
 -1.003800E+02 -9.055035E-04  4563       26  9.229805E-04
 -1.003700E+02 -9.050010E-04  4564       26  9.249698E-04
 -1.003600E+02 -9.051970E-04  4565       26  9.265627E-04
 -1.003500E+02 -9.057474E-04  4566       26  9.282640E-04
 -1.003400E+02 -9.062698E-04  4567       26  9.298689E-04
 -1.003300E+02 -9.073440E-04  4568       26  9.302691E-04
 -1.003200E+02 -9.088444E-04  4569       26  9.305650E-04
 -1.003100E+02 -9.101574E-04  4570       26  9.309917E-04
 -1.003000E+02 -9.109820E-04  4571       26  9.312020E-04
 -1.002900E+02 -9.117644E-04  4572       26  9.313850E-04
 -1.002800E+02 -9.122725E-04  4573       26  9.317995E-04
 -1.002700E+02 -9.128063E-04  4574       26  9.325448E-04
 -1.002600E+02 -9.133649E-04  4575       26  9.334881E-04
 -1.002500E+02 -9.137179E-04  4576       26  9.347106E-04
 -1.002400E+02 -9.142125E-04  4577       26  9.364878E-04
 -1.002300E+02 -9.147771E-04  4578       26  9.383730E-04
 -1.002200E+02 -9.156616E-04  4579       26  9.402537E-04
 -1.002100E+02 -9.176805E-04  4580       26  9.414864E-04
 -1.002000E+02 -9.196776E-04  4581       26  9.425919E-04
 -1.001900E+02 -9.214083E-04  4582       26  9.436886E-04
 -1.001800E+02 -9.230643E-04  4583       26  9.446585E-04
 -1.001700E+02 -9.242831E-04  4584       26  9.455395E-04
 -1.001600E+02 -9.239391E-04  4585       26  9.468939E-04
 -1.001500E+02 -9.236729E-04  4586       26  9.483051E-04
 -1.001400E+02 -9.232590E-04  4587       26  9.492622E-04
 -1.001300E+02 -9.223082E-04  4588       26  9.495436E-04
 -1.001200E+02 -9.212098E-04  4589       26  9.500863E-04
 -1.001100E+02 -9.202272E-04  4590       26  9.506978E-04
 -1.001000E+02 -9.196413E-04  4591       26  9.514192E-04
 -1.000900E+02 -9.193415E-04  4592       26  9.518860E-04
 -1.000800E+02 -9.181006E-04  4593       26  9.511461E-04
 -1.000700E+02 -9.167218E-04  4594       26  9.506542E-04
 -1.000600E+02 -9.150232E-04  4595       26  9.504218E-04
 -1.000500E+02 -9.129990E-04  4596       26  9.504474E-04
 -1.000400E+02 -9.103689E-04  4597       26  9.505274E-04
 -1.000300E+02 -9.076796E-04  4598       26  9.509153E-04
 -1.000200E+02 -9.052430E-04  4599       26  9.509847E-04
 -1.000100E+02 -9.035396E-04  4600       26  9.504385E-04
 -1.000000E+02 -9.022624E-04  4601       26  9.492874E-04
 -9.999000E+01 -9.007508E-04  4602       26  9.481654E-04
 -9.998000E+01 -8.989370E-04  4603       26  9.470870E-04
 -9.997000E+01 -8.966560E-04  4604       26  9.457931E-04
 -9.996000E+01 -8.945883E-04  4605       26  9.444771E-04
 -9.995000E+01 -8.928314E-04  4606       26  9.432194E-04
 -9.994000E+01 -8.914547E-04  4607       26  9.419749E-04
 -9.993000E+01 -8.882448E-04  4608       26  9.366504E-04
 -9.992000E+01 -8.828982E-04  4609       26  9.272289E-04
 -9.991000E+01 -8.775851E-04  4610       26  9.181014E-04
 -9.990000E+01 -8.723626E-04  4611       26  9.092943E-04
 -9.989000E+01 -8.671987E-04  4612       26  9.008142E-04
 -9.988000E+01 -8.618149E-04  4613       26  8.926559E-04
 -9.987000E+01 -8.563064E-04  4614       26  8.846049E-04
 -9.986000E+01 -8.507954E-04  4615       26  8.765266E-04
 -9.985000E+01 -8.450566E-04  4616       26  8.689342E-04
 -9.984000E+01 -8.390766E-04  4617       26  8.618167E-04
 -9.983000E+01 -8.328436E-04  4618       26  8.552713E-04
 -9.982000E+01 -8.274269E-04  4619       26  8.497717E-04
 -9.981000E+01 -8.228961E-04  4620       26  8.452910E-04
 -9.980000E+01 -8.182983E-04  4621       26  8.412511E-04
 -9.979000E+01 -8.136120E-04  4622       26  8.376756E-04
 -9.978000E+01 -8.080695E-04  4623       26  8.343467E-04
 -9.977000E+01 -8.066253E-04  4624       26  8.361296E-04
 -9.976000E+01 -8.076247E-04  4625       26  8.409795E-04
 -9.975000E+01 -8.085860E-04  4626       26  8.460482E-04
 -9.974000E+01 -8.094070E-04  4627       26  8.512616E-04
 -9.973000E+01 -8.103100E-04  4628       26  8.566423E-04
 -9.972000E+01 -8.116923E-04  4629       26  8.621057E-04
 -9.971000E+01 -8.131414E-04  4630       26  8.675770E-04
 -9.970000E+01 -8.150825E-04  4631       26  8.725129E-04
 -9.969000E+01 -8.170211E-04  4632       26  8.775277E-04
 -9.968000E+01 -8.185224E-04  4633       26  8.822276E-04
 -9.967000E+01 -8.204648E-04  4634       26  8.868639E-04
 -9.966000E+01 -8.221082E-04  4635       26  8.913933E-04
 -9.965000E+01 -8.235278E-04  4636       26  8.954567E-04
 -9.964000E+01 -8.255448E-04  4637       26  8.992358E-04
 -9.963000E+01 -8.282762E-04  4638       26  9.032982E-04
 -9.962000E+01 -8.314022E-04  4639       26  9.074206E-04
 -9.961000E+01 -8.326538E-04  4640       26  9.077769E-04
 -9.960000E+01 -8.330950E-04  4641       26  9.069851E-04
 -9.959000E+01 -8.330009E-04  4642       26  9.063729E-04
 -9.958000E+01 -8.327041E-04  4643       26  9.060086E-04
 -9.957000E+01 -8.322762E-04  4644       26  9.057968E-04
 -9.956000E+01 -8.317199E-04  4645       26  9.056972E-04
 -9.955000E+01 -8.312037E-04  4646       26  9.056517E-04
 -9.954000E+01 -8.307380E-04  4647       26  9.056717E-04
 -9.953000E+01 -8.306310E-04  4648       26  9.057218E-04
 -9.952000E+01 -8.304725E-04  4649       26  9.059600E-04
 -9.951000E+01 -8.299145E-04  4650       26  9.062564E-04
 -9.950000E+01 -8.293135E-04  4651       26  9.066623E-04
 -9.949000E+01 -8.289656E-04  4652       26  9.073465E-04
 -9.948000E+01 -8.284908E-04  4653       26  9.080767E-04
 -9.947000E+01 -8.279368E-04  4654       26  9.087270E-04
 -9.946000E+01 -8.274311E-04  4655       26  9.093717E-04
 -9.945000E+01 -8.267356E-04  4656       26  9.100412E-04
 -9.944000E+01 -8.258884E-04  4657       26  9.107772E-04
 -9.943000E+01 -8.241486E-04  4658       26  9.115190E-04
 -9.942000E+01 -8.220820E-04  4659       26  9.123523E-04
 -9.941000E+01 -8.199400E-04  4660       26  9.128772E-04
 -9.940000E+01 -8.179290E-04  4661       26  9.131011E-04
 -9.939000E+01 -8.155603E-04  4662       26  9.131591E-04
 -9.938000E+01 -8.131718E-04  4663       26  9.133909E-04
 -9.937000E+01 -8.104725E-04  4664       26  9.137480E-04
 -9.936000E+01 -8.082012E-04  4665       26  9.139258E-04
 -9.935000E+01 -8.067457E-04  4666       26  9.143565E-04
 -9.934000E+01 -8.051370E-04  4667       26  9.146628E-04
 -9.933000E+01 -8.038491E-04  4668       26  9.141324E-04
 -9.932000E+01 -8.029443E-04  4669       26  9.135656E-04
 -9.931000E+01 -8.019227E-04  4670       26  9.132742E-04
 -9.930000E+01 -7.997011E-04  4671       26  9.124352E-04
 -9.929000E+01 -7.973142E-04  4672       26  9.113864E-04
 -9.928000E+01 -7.946783E-04  4673       26  9.105560E-04
 -9.927000E+01 -7.922113E-04  4674       26  9.099085E-04
 -9.926000E+01 -7.898828E-04  4675       26  9.094465E-04
 -9.925000E+01 -7.874345E-04  4676       26  9.092642E-04
 -9.924000E+01 -7.851007E-04  4677       26  9.093459E-04
 -9.923000E+01 -7.829420E-04  4678       26  9.095128E-04
 -9.922000E+01 -7.811154E-04  4679       26  9.096941E-04
 -9.921000E+01 -7.805458E-04  4680       26  9.091194E-04
 -9.920000E+01 -7.799814E-04  4681       26  9.084252E-04
 -9.919000E+01 -7.791284E-04  4682       26  9.077066E-04
 -9.918000E+01 -7.783320E-04  4683       26  9.070070E-04
 -9.917000E+01 -7.771672E-04  4684       26  9.060979E-04
 -9.916000E+01 -7.745842E-04  4685       26  9.056491E-04
 -9.915000E+01 -7.719879E-04  4686       26  9.051184E-04
 -9.914000E+01 -7.692215E-04  4687       26  9.038418E-04
 -9.913000E+01 -7.658268E-04  4688       26  9.016711E-04
 -9.912000E+01 -7.622883E-04  4689       26  8.997761E-04
 -9.911000E+01 -7.589296E-04  4690       26  8.979108E-04
 -9.910000E+01 -7.560645E-04  4691       26  8.961493E-04
 -9.909000E+01 -7.535789E-04  4692       26  8.942448E-04
 -9.908000E+01 -7.509589E-04  4693       26  8.922832E-04
 -9.907000E+01 -7.480865E-04  4694       26  8.906527E-04
 -9.906000E+01 -7.447007E-04  4695       26  8.893512E-04
 -9.905000E+01 -7.410668E-04  4696       26  8.883210E-04
 -9.904000E+01 -7.368473E-04  4697       26  8.873162E-04
 -9.903000E+01 -7.325789E-04  4698       26  8.865500E-04
 -9.902000E+01 -7.284800E-04  4699       26  8.855572E-04
 -9.901000E+01 -7.249883E-04  4700       26  8.840797E-04
 -9.900000E+01 -7.215297E-04  4701       26  8.817959E-04
 -9.899000E+01 -7.175542E-04  4702       26  8.795789E-04
 -9.898000E+01 -7.133032E-04  4703       26  8.773465E-04
 -9.897000E+01 -7.082649E-04  4704       26  8.743871E-04
 -9.896000E+01 -7.034481E-04  4705       26  8.714042E-04
 -9.895000E+01 -6.989654E-04  4706       26  8.684336E-04
 -9.894000E+01 -6.947081E-04  4707       26  8.655731E-04
 -9.893000E+01 -6.899760E-04  4708       26  8.611400E-04
 -9.892000E+01 -6.831114E-04  4709       26  8.520020E-04
 -9.891000E+01 -6.764246E-04  4710       26  8.431475E-04
 -9.890000E+01 -6.702493E-04  4711       26  8.344862E-04
 -9.889000E+01 -6.642016E-04  4712       26  8.260979E-04
 -9.888000E+01 -6.579876E-04  4713       26  8.180675E-04
 -9.887000E+01 -6.516939E-04  4714       26  8.102307E-04
 -9.886000E+01 -6.454263E-04  4715       26  8.023928E-04
 -9.885000E+01 -6.390299E-04  4716       26  7.950532E-04
 -9.884000E+01 -6.329267E-04  4717       26  7.885107E-04
 -9.883000E+01 -6.272105E-04  4718       26  7.825114E-04
 -9.882000E+01 -6.224660E-04  4719       26  7.779089E-04
 -9.881000E+01 -6.188355E-04  4720       26  7.748852E-04
 -9.880000E+01 -6.152011E-04  4721       26  7.722082E-04
 -9.879000E+01 -6.114903E-04  4722       26  7.699884E-04
 -9.878000E+01 -6.069594E-04  4723       26  7.677887E-04
 -9.877000E+01 -6.037792E-04  4724       26  7.675839E-04
 -9.876000E+01 -6.035407E-04  4725       26  7.700391E-04
 -9.875000E+01 -6.031785E-04  4726       26  7.727431E-04
 -9.874000E+01 -6.024747E-04  4727       26  7.754109E-04
 -9.873000E+01 -6.018935E-04  4728       26  7.782832E-04
 -9.872000E+01 -6.019430E-04  4729       26  7.813866E-04
 -9.871000E+01 -6.021273E-04  4730       26  7.846292E-04
 -9.870000E+01 -6.027506E-04  4731       26  7.874245E-04
 -9.869000E+01 -6.032724E-04  4732       26  7.902310E-04
 -9.868000E+01 -6.026962E-04  4733       26  7.924390E-04
 -9.867000E+01 -6.022721E-04  4734       26  7.948426E-04
 -9.866000E+01 -6.015858E-04  4735       26  7.970223E-04
 -9.865000E+01 -6.006715E-04  4736       26  7.985803E-04
 -9.864000E+01 -6.002251E-04  4737       26  7.999879E-04
 -9.863000E+01 -6.005886E-04  4738       26  8.018723E-04
 -9.862000E+01 -6.013504E-04  4739       26  8.039131E-04
 -9.861000E+01 -6.017076E-04  4740       26  8.044157E-04
 -9.860000E+01 -6.009800E-04  4741       26  8.033559E-04
 -9.859000E+01 -5.998331E-04  4742       26  8.024669E-04
 -9.858000E+01 -5.984381E-04  4743       26  8.019387E-04
 -9.857000E+01 -5.968639E-04  4744       26  8.015276E-04
 -9.856000E+01 -5.947370E-04  4745       26  8.008211E-04
 -9.855000E+01 -5.927528E-04  4746       26  8.000300E-04
 -9.854000E+01 -5.910499E-04  4747       26  7.990939E-04
 -9.853000E+01 -5.900285E-04  4748       26  7.981675E-04
 -9.852000E+01 -5.891213E-04  4749       26  7.974317E-04
 -9.851000E+01 -5.879008E-04  4750       26  7.967556E-04
 -9.850000E+01 -5.864279E-04  4751       26  7.960764E-04
 -9.849000E+01 -5.851403E-04  4752       26  7.957117E-04
 -9.848000E+01 -5.837602E-04  4753       26  7.954313E-04
 -9.847000E+01 -5.821663E-04  4754       26  7.949844E-04
 -9.846000E+01 -5.805530E-04  4755       26  7.944524E-04
 -9.845000E+01 -5.787328E-04  4756       26  7.939593E-04
 -9.844000E+01 -5.767249E-04  4757       26  7.934854E-04
 -9.843000E+01 -5.738060E-04  4758       26  7.928875E-04
 -9.842000E+01 -5.707028E-04  4759       26  7.923322E-04
 -9.841000E+01 -5.673737E-04  4760       26  7.912457E-04
 -9.840000E+01 -5.643560E-04  4761       26  7.898860E-04
 -9.839000E+01 -5.609981E-04  4762       26  7.882473E-04
 -9.838000E+01 -5.575162E-04  4763       26  7.868159E-04
 -9.837000E+01 -5.536539E-04  4764       26  7.856247E-04
 -9.836000E+01 -5.503528E-04  4765       26  7.843311E-04
 -9.835000E+01 -5.478945E-04  4766       26  7.834618E-04
 -9.834000E+01 -5.456914E-04  4767       26  7.828249E-04
 -9.833000E+01 -5.440159E-04  4768       26  7.808763E-04
 -9.832000E+01 -5.427558E-04  4769       26  7.789994E-04
 -9.831000E+01 -5.414028E-04  4770       26  7.774516E-04
 -9.830000E+01 -5.392093E-04  4771       26  7.762828E-04
 -9.829000E+01 -5.373112E-04  4772       26  7.756458E-04
 -9.828000E+01 -5.355050E-04  4773       26  7.754946E-04
 -9.827000E+01 -5.337509E-04  4774       26  7.756649E-04
 -9.826000E+01 -5.321920E-04  4775       26  7.761564E-04
 -9.825000E+01 -5.305798E-04  4776       26  7.770121E-04
 -9.824000E+01 -5.286374E-04  4777       26  7.781606E-04
 -9.823000E+01 -5.268339E-04  4778       26  7.796236E-04
 -9.822000E+01 -5.254420E-04  4779       26  7.810868E-04
 -9.821000E+01 -5.253308E-04  4780       26  7.816435E-04
 -9.820000E+01 -5.251247E-04  4781       26  7.820476E-04
 -9.819000E+01 -5.245243E-04  4782       26  7.823081E-04
 -9.818000E+01 -5.237503E-04  4783       26  7.823877E-04
 -9.817000E+01 -5.223066E-04  4784       26  7.825379E-04
 -9.816000E+01 -5.193424E-04  4785       26  7.827800E-04
 -9.815000E+01 -5.164404E-04  4786       26  7.830402E-04
 -9.814000E+01 -5.138793E-04  4787       26  7.833177E-04
 -9.813000E+01 -5.112506E-04  4788       26  7.837622E-04
 -9.812000E+01 -5.084425E-04  4789       26  7.842675E-04
 -9.811000E+01 -5.057199E-04  4790       26  7.848783E-04
 -9.810000E+01 -5.034880E-04  4791       26  7.858184E-04
 -9.809000E+01 -5.018814E-04  4792       26  7.867636E-04
 -9.808000E+01 -5.006709E-04  4793       26  7.877763E-04
 -9.807000E+01 -4.993648E-04  4794       26  7.889917E-04
 -9.806000E+01 -4.974916E-04  4795       26  7.905701E-04
 -9.805000E+01 -4.953679E-04  4796       26  7.924474E-04
 -9.804000E+01 -4.927391E-04  4797       26  7.942773E-04
 -9.803000E+01 -4.900942E-04  4798       26  7.965346E-04
 -9.802000E+01 -4.877929E-04  4799       26  7.983897E-04
 -9.801000E+01 -4.863488E-04  4800       26  7.995962E-04
 -9.800000E+01 -4.849879E-04  4801       26  8.000913E-04
 -9.799000E+01 -4.832534E-04  4802       26  8.005616E-04
 -9.798000E+01 -4.812496E-04  4803       26  8.009411E-04
 -9.797000E+01 -4.782017E-04  4804       26  8.000813E-04
 -9.796000E+01 -4.753391E-04  4805       26  7.991034E-04
 -9.795000E+01 -4.725104E-04  4806       26  7.982650E-04
 -9.794000E+01 -4.698026E-04  4807       26  7.975810E-04
 -9.793000E+01 -4.670090E-04  4808       26  7.960198E-04
 -9.792000E+01 -4.627299E-04  4809       26  7.914189E-04
 -9.791000E+01 -4.585336E-04  4810       26  7.870437E-04
 -9.790000E+01 -4.549699E-04  4811       26  7.827577E-04
 -9.789000E+01 -4.514661E-04  4812       26  7.786309E-04
 -9.788000E+01 -4.477601E-04  4813       26  7.745217E-04
 -9.787000E+01 -4.439711E-04  4814       26  7.703268E-04
 -9.786000E+01 -4.400215E-04  4815       26  7.661488E-04
 -9.785000E+01 -4.358261E-04  4816       26  7.623204E-04
 -9.784000E+01 -4.320002E-04  4817       26  7.591659E-04
 -9.783000E+01 -4.284124E-04  4818       26  7.563912E-04
 -9.782000E+01 -4.252036E-04  4819       26  7.542540E-04
 -9.781000E+01 -4.234335E-04  4820       26  7.538376E-04
 -9.780000E+01 -4.217158E-04  4821       26  7.536218E-04
 -9.779000E+01 -4.200274E-04  4822       26  7.536228E-04
 -9.778000E+01 -4.176883E-04  4823       26  7.533684E-04
 -9.777000E+01 -4.157731E-04  4824       26  7.546116E-04
 -9.776000E+01 -4.155749E-04  4825       26  7.583782E-04
 -9.775000E+01 -4.153270E-04  4826       26  7.622712E-04
 -9.774000E+01 -4.143928E-04  4827       26  7.659086E-04
 -9.773000E+01 -4.135837E-04  4828       26  7.696979E-04
 -9.772000E+01 -4.132668E-04  4829       26  7.737306E-04
 -9.771000E+01 -4.131796E-04  4830       26  7.780817E-04
 -9.770000E+01 -4.135568E-04  4831       26  7.822259E-04
 -9.769000E+01 -4.139433E-04  4832       26  7.862270E-04
 -9.768000E+01 -4.131559E-04  4833       26  7.893326E-04
 -9.767000E+01 -4.126389E-04  4834       26  7.924899E-04
 -9.766000E+01 -4.116311E-04  4835       26  7.951728E-04
 -9.765000E+01 -4.102489E-04  4836       26  7.970778E-04
 -9.764000E+01 -4.093634E-04  4837       26  7.986362E-04
 -9.763000E+01 -4.090243E-04  4838       26  8.006196E-04
 -9.762000E+01 -4.087108E-04  4839       26  8.026110E-04
 -9.761000E+01 -4.082531E-04  4840       26  8.036907E-04
 -9.760000E+01 -4.071121E-04  4841       26  8.038636E-04
 -9.759000E+01 -4.056754E-04  4842       26  8.042526E-04
 -9.758000E+01 -4.040874E-04  4843       26  8.050062E-04
 -9.757000E+01 -4.023122E-04  4844       26  8.058370E-04
 -9.756000E+01 -4.002479E-04  4845       26  8.063110E-04
 -9.755000E+01 -3.983203E-04  4846       26  8.066102E-04
 -9.754000E+01 -3.965437E-04  4847       26  8.068488E-04
 -9.753000E+01 -3.954721E-04  4848       26  8.071701E-04
 -9.752000E+01 -3.945883E-04  4849       26  8.076360E-04
 -9.751000E+01 -3.935455E-04  4850       26  8.081883E-04
 -9.750000E+01 -3.923220E-04  4851       26  8.087786E-04
 -9.749000E+01 -3.912643E-04  4852       26  8.094878E-04
 -9.748000E+01 -3.902238E-04  4853       26  8.100793E-04
 -9.747000E+01 -3.891968E-04  4854       26  8.106621E-04
 -9.746000E+01 -3.891935E-04  4855       26  8.114900E-04
 -9.745000E+01 -3.890764E-04  4856       26  8.122684E-04
 -9.744000E+01 -3.887874E-04  4857       26  8.130533E-04
 -9.743000E+01 -3.875800E-04  4858       26  8.136427E-04
 -9.742000E+01 -3.862725E-04  4859       26  8.142220E-04
 -9.741000E+01 -3.848385E-04  4860       26  8.141825E-04
 -9.740000E+01 -3.839697E-04  4861       26  8.136367E-04
 -9.739000E+01 -3.826209E-04  4862       26  8.128170E-04
 -9.738000E+01 -3.811799E-04  4863       26  8.122534E-04
 -9.737000E+01 -3.793687E-04  4864       26  8.118942E-04
 -9.736000E+01 -3.780281E-04  4865       26  8.116087E-04
 -9.735000E+01 -3.772681E-04  4866       26  8.116574E-04
 -9.734000E+01 -3.767337E-04  4867       26  8.121100E-04
 -9.733000E+01 -3.766494E-04  4868       26  8.115483E-04
 -9.732000E+01 -3.761649E-04  4869       26  8.113389E-04
 -9.731000E+01 -3.751528E-04  4870       26  8.109841E-04
 -9.730000E+01 -3.734221E-04  4871       26  8.105825E-04
 -9.729000E+01 -3.719761E-04  4872       26  8.106514E-04
 -9.728000E+01 -3.705741E-04  4873       26  8.111469E-04
 -9.727000E+01 -3.691578E-04  4874       26  8.119342E-04
 -9.726000E+01 -3.680057E-04  4875       26  8.130296E-04
 -9.725000E+01 -3.669314E-04  4876       26  8.143790E-04
 -9.724000E+01 -3.654642E-04  4877       26  8.158903E-04
 -9.723000E+01 -3.641047E-04  4878       26  8.174376E-04
 -9.722000E+01 -3.630392E-04  4879       26  8.190818E-04
 -9.721000E+01 -3.631518E-04  4880       26  8.199767E-04
 -9.720000E+01 -3.632008E-04  4881       26  8.206786E-04
 -9.719000E+01 -3.629370E-04  4882       26  8.212714E-04
 -9.718000E+01 -3.623591E-04  4883       26  8.214912E-04
 -9.717000E+01 -3.615834E-04  4884       26  8.216567E-04
 -9.716000E+01 -3.606506E-04  4885       26  8.219733E-04
 -9.715000E+01 -3.598187E-04  4886       26  8.225063E-04
 -9.714000E+01 -3.590736E-04  4887       26  8.232048E-04
 -9.713000E+01 -3.580465E-04  4888       26  8.238089E-04
 -9.712000E+01 -3.567152E-04  4889       26  8.244639E-04
 -9.711000E+01 -3.553970E-04  4890       26  8.252365E-04
 -9.710000E+01 -3.544733E-04  4891       26  8.262463E-04
 -9.709000E+01 -3.541613E-04  4892       26  8.270673E-04
 -9.708000E+01 -3.541902E-04  4893       26  8.272249E-04
 -9.707000E+01 -3.541256E-04  4894       26  8.274764E-04
 -9.706000E+01 -3.535695E-04  4895       26  8.279796E-04
 -9.705000E+01 -3.526786E-04  4896       26  8.287120E-04
 -9.704000E+01 -3.509365E-04  4897       26  8.290041E-04
 -9.703000E+01 -3.491974E-04  4898       26  8.295313E-04
 -9.702000E+01 -3.477649E-04  4899       26  8.297284E-04
 -9.701000E+01 -3.467428E-04  4900       26  8.293191E-04
 -9.700000E+01 -3.452174E-04  4901       26  8.283406E-04
 -9.699000E+01 -3.429556E-04  4902       26  8.271532E-04
 -9.698000E+01 -3.404856E-04  4903       26  8.259701E-04
 -9.697000E+01 -3.376025E-04  4904       26  8.244845E-04
 -9.696000E+01 -3.349744E-04  4905       26  8.228066E-04
 -9.695000E+01 -3.324397E-04  4906       26  8.212133E-04
 -9.694000E+01 -3.300812E-04  4907       26  8.197160E-04
 -9.693000E+01 -3.278573E-04  4908       26  8.169460E-04
 -9.692000E+01 -3.241612E-04  4909       26  8.108879E-04
 -9.691000E+01 -3.205829E-04  4910       26  8.050834E-04
 -9.690000E+01 -3.175817E-04  4911       26  7.995030E-04
 -9.689000E+01 -3.146703E-04  4912       26  7.941183E-04
 -9.688000E+01 -3.115646E-04  4913       26  7.889014E-04
 -9.687000E+01 -3.084069E-04  4914       26  7.837822E-04
 -9.686000E+01 -3.050972E-04  4915       26  7.788118E-04
 -9.685000E+01 -3.017860E-04  4916       26  7.741473E-04
 -9.684000E+01 -2.989138E-04  4917       26  7.701297E-04
 -9.683000E+01 -2.968802E-04  4918       26  7.667039E-04
 -9.682000E+01 -2.951038E-04  4919       26  7.638166E-04
 -9.681000E+01 -2.943775E-04  4920       26  7.620520E-04
 -9.680000E+01 -2.938571E-04  4921       26  7.602591E-04
 -9.679000E+01 -2.933714E-04  4922       26  7.587388E-04
 -9.678000E+01 -2.923059E-04  4923       26  7.570484E-04
 -9.677000E+01 -2.915701E-04  4924       26  7.569641E-04
 -9.676000E+01 -2.923955E-04  4925       26  7.591461E-04
 -9.675000E+01 -2.929942E-04  4926       26  7.614003E-04
 -9.674000E+01 -2.927834E-04  4927       26  7.631136E-04
 -9.673000E+01 -2.927914E-04  4928       26  7.649645E-04
 -9.672000E+01 -2.933244E-04  4929       26  7.669948E-04
 -9.671000E+01 -2.940644E-04  4930       26  7.691283E-04
 -9.670000E+01 -2.953913E-04  4931       26  7.704505E-04
 -9.669000E+01 -2.969905E-04  4932       26  7.717171E-04
 -9.668000E+01 -2.969220E-04  4933       26  7.718321E-04
 -9.667000E+01 -2.967764E-04  4934       26  7.718264E-04
 -9.666000E+01 -2.963433E-04  4935       26  7.716925E-04
 -9.665000E+01 -2.962071E-04  4936       26  7.704817E-04
 -9.664000E+01 -2.976195E-04  4937       26  7.674739E-04
 -9.663000E+01 -2.996488E-04  4938       26  7.646578E-04
 -9.662000E+01 -3.022298E-04  4939       26  7.616814E-04
 -9.661000E+01 -3.054811E-04  4940       26  7.577503E-04
 -9.660000E+01 -3.083387E-04  4941       26  7.534050E-04
 -9.659000E+01 -3.119299E-04  4942       26  7.495729E-04
 -9.658000E+01 -3.158222E-04  4943       26  7.460933E-04
 -9.657000E+01 -3.195981E-04  4944       26  7.428037E-04
 -9.656000E+01 -3.230174E-04  4945       26  7.397605E-04
 -9.655000E+01 -3.268040E-04  4946       26  7.360693E-04
 -9.654000E+01 -3.318015E-04  4947       26  7.314009E-04
 -9.653000E+01 -3.384558E-04  4948       26  7.266033E-04
 -9.652000E+01 -3.461946E-04  4949       26  7.220856E-04
 -9.651000E+01 -3.549139E-04  4950       26  7.185014E-04
 -9.650000E+01 -3.635828E-04  4951       26  7.151880E-04
 -9.649000E+01 -3.733731E-04  4952       26  7.101664E-04
 -9.648000E+01 -3.858252E-04  4953       26  7.030327E-04
 -9.647000E+01 -3.987291E-04  4954       26  6.961110E-04
 -9.646000E+01 -4.153128E-04  4955       26  6.885062E-04
 -9.645000E+01 -4.333078E-04  4956       26  6.814884E-04
 -9.644000E+01 -4.520362E-04  4957       26  6.753197E-04
 -9.643000E+01 -4.728366E-04  4958       26  6.690297E-04
 -9.642000E+01 -4.942335E-04  4959       26  6.625320E-04
 -9.641000E+01 -5.169053E-04  4960       26  6.563133E-04
 -9.640000E+01 -5.403345E-04  4961       26  6.504170E-04
 -9.639000E+01 -5.643883E-04  4962       26  6.442133E-04
 -9.638000E+01 -5.902522E-04  4963       26  6.375433E-04
 -9.637000E+01 -6.174080E-04  4964       26  6.311830E-04
 -9.636000E+01 -6.466571E-04  4965       26  6.248315E-04
 -9.635000E+01 -6.779763E-04  4966       26  6.203674E-04
 -9.634000E+01 -7.104729E-04  4967       26  6.177526E-04
 -9.633000E+01 -7.464345E-04  4968       26  6.123715E-04
 -9.632000E+01 -7.840100E-04  4969       26  6.090054E-04
 -9.631000E+01 -8.228698E-04  4970       26  6.074962E-04
 -9.630000E+01 -8.655441E-04  4971       26  6.096693E-04
 -9.629000E+01 -9.098050E-04  4972       26  6.140082E-04
 -9.628000E+01 -9.569871E-04  4973       26  6.202009E-04
 -9.627000E+01 -1.009126E-03  4974       26  6.256371E-04
 -9.626000E+01 -1.062847E-03  4975       26  6.324029E-04
 -9.625000E+01 -1.118644E-03  4976       26  6.404104E-04
 -9.624000E+01 -1.175467E-03  4977       26  6.510915E-04
 -9.623000E+01 -1.234169E-03  4978       26  6.627861E-04
 -9.622000E+01 -1.295484E-03  4979       26  6.761608E-04
 -9.621000E+01 -1.360195E-03  4980       26  6.869072E-04
 -9.620000E+01 -1.428587E-03  4981       26  6.972037E-04
 -9.619000E+01 -1.499346E-03  4982       26  7.100947E-04
 -9.618000E+01 -1.572119E-03  4983       26  7.245724E-04
 -9.617000E+01 -1.646608E-03  4984       26  7.401611E-04
 -9.616000E+01 -1.722055E-03  4985       26  7.578955E-04
 -9.615000E+01 -1.799741E-03  4986       26  7.760054E-04
 -9.614000E+01 -1.882195E-03  4987       26  7.947363E-04
 -9.613000E+01 -1.967438E-03  4988       26  8.135234E-04
 -9.612000E+01 -2.054934E-03  4989       26  8.336036E-04
 -9.611000E+01 -2.144183E-03  4990       26  8.539227E-04
 -9.610000E+01 -2.235508E-03  4991       26  8.742446E-04
 -9.609000E+01 -2.327999E-03  4992       26  8.949898E-04
 -9.608000E+01 -2.424704E-03  4993       26  9.107939E-04
 -9.607000E+01 -2.522408E-03  4994       26  9.267752E-04
 -9.606000E+01 -2.621431E-03  4995       26  9.427224E-04
 -9.605000E+01 -2.721708E-03  4996       26  9.574735E-04
 -9.604000E+01 -2.824101E-03  4997       26  9.716621E-04
 -9.603000E+01 -2.929052E-03  4998       26  9.851703E-04
 -9.602000E+01 -3.035702E-03  4999       26  9.982521E-04
 -9.601000E+01 -3.143256E-03  5000       26  1.011703E-03
 -9.600000E+01 -3.251351E-03  5001       26  1.025333E-03
 -9.599000E+01 -3.359191E-03  5002       26  1.038744E-03
 -9.598000E+01 -3.466961E-03  5003       26  1.052012E-03
 -9.597000E+01 -3.576098E-03  5004       26  1.065022E-03
 -9.596000E+01 -3.686012E-03  5005       26  1.078580E-03
 -9.595000E+01 -3.797313E-03  5006       26  1.092591E-03
 -9.594000E+01 -3.909555E-03  5007       26  1.106534E-03
 -9.593000E+01 -4.022119E-03  5008       26  1.119934E-03
 -9.592000E+01 -4.135475E-03  5009       26  1.130366E-03
 -9.591000E+01 -4.249334E-03  5010       26  1.141235E-03
 -9.590000E+01 -4.364440E-03  5011       26  1.152315E-03
 -9.589000E+01 -4.480543E-03  5012       26  1.162766E-03
 -9.588000E+01 -4.598794E-03  5013       26  1.173178E-03
 -9.587000E+01 -4.717924E-03  5014       26  1.183515E-03
 -9.586000E+01 -4.837162E-03  5015       26  1.194209E-03
 -9.585000E+01 -4.956533E-03  5016       26  1.205338E-03
 -9.584000E+01 -5.076923E-03  5017       26  1.216469E-03
 -9.583000E+01 -5.201433E-03  5018       26  1.223962E-03
 -9.582000E+01 -5.327214E-03  5019       26  1.230898E-03
 -9.581000E+01 -5.454786E-03  5020       26  1.237309E-03
 -9.580000E+01 -5.582690E-03  5021       26  1.244108E-03
 -9.579000E+01 -5.710729E-03  5022       26  1.251214E-03
 -9.578000E+01 -5.839477E-03  5023       26  1.258254E-03
 -9.577000E+01 -5.969536E-03  5024       26  1.264227E-03
 -9.576000E+01 -6.101768E-03  5025       26  1.269345E-03
 -9.575000E+01 -6.234498E-03  5026       26  1.274743E-03
 -9.574000E+01 -6.368024E-03  5027       26  1.280422E-03
 -9.573000E+01 -6.501683E-03  5028       26  1.285765E-03
 -9.572000E+01 -6.635261E-03  5029       26  1.289749E-03
 -9.571000E+01 -6.769325E-03  5030       26  1.293632E-03
 -9.570000E+01 -6.904001E-03  5031       26  1.297755E-03
 -9.569000E+01 -7.039067E-03  5032       26  1.302213E-03
 -9.568000E+01 -7.173896E-03  5033       26  1.306756E-03
 -9.567000E+01 -7.308831E-03  5034       26  1.310832E-03
 -9.566000E+01 -7.443397E-03  5035       26  1.315217E-03
 -9.565000E+01 -7.578042E-03  5036       26  1.319850E-03
 -9.564000E+01 -7.712817E-03  5037       26  1.324556E-03
 -9.563000E+01 -7.848005E-03  5038       26  1.329031E-03
 -9.562000E+01 -7.983451E-03  5039       26  1.333649E-03
 -9.561000E+01 -8.118534E-03  5040       26  1.338695E-03
 -9.560000E+01 -8.253317E-03  5041       26  1.343909E-03
 -9.559000E+01 -8.388212E-03  5042       26  1.349112E-03
 -9.558000E+01 -8.523187E-03  5043       26  1.354268E-03
 -9.557000E+01 -8.658244E-03  5044       26  1.359555E-03
 -9.556000E+01 -8.793679E-03  5045       26  1.364757E-03
 -9.555000E+01 -8.929302E-03  5046       26  1.370084E-03
 -9.554000E+01 -9.065157E-03  5047       26  1.375533E-03
 -9.553000E+01 -9.201475E-03  5048       26  1.381192E-03
 -9.552000E+01 -9.337590E-03  5049       26  1.385846E-03
 -9.551000E+01 -9.473439E-03  5050       26  1.387350E-03
 -9.550000E+01 -9.609252E-03  5051       26  1.389072E-03
 -9.549000E+01 -9.745216E-03  5052       26  1.390898E-03
 -9.548000E+01 -9.880697E-03  5053       26  1.392171E-03
 -9.547000E+01 -1.001622E-02  5054       26  1.393496E-03
 -9.546000E+01 -1.015280E-02  5055       26  1.392426E-03
 -9.545000E+01 -1.028958E-02  5056       26  1.390406E-03
 -9.544000E+01 -1.042613E-02  5057       26  1.388418E-03
 -9.543000E+01 -1.056195E-02  5058       26  1.385812E-03
 -9.542000E+01 -1.069777E-02  5059       26  1.383336E-03
 -9.541000E+01 -1.083344E-02  5060       26  1.381299E-03
 -9.540000E+01 -1.096921E-02  5061       26  1.379354E-03
 -9.539000E+01 -1.110474E-02  5062       26  1.377534E-03
 -9.538000E+01 -1.123871E-02  5063       26  1.373922E-03
 -9.537000E+01 -1.137137E-02  5064       26  1.369327E-03
 -9.536000E+01 -1.150594E-02  5065       26  1.366588E-03
 -9.535000E+01 -1.164410E-02  5066       26  1.367470E-03
 -9.534000E+01 -1.178250E-02  5067       26  1.368634E-03
 -9.533000E+01 -1.192117E-02  5068       26  1.370057E-03
 -9.532000E+01 -1.205946E-02  5069       26  1.371100E-03
 -9.531000E+01 -1.219781E-02  5070       26  1.372371E-03
 -9.530000E+01 -1.233472E-02  5071       26  1.375722E-03
 -9.529000E+01 -1.247238E-02  5072       26  1.379142E-03
 -9.528000E+01 -1.261054E-02  5073       26  1.382731E-03
 -9.527000E+01 -1.274885E-02  5074       26  1.387038E-03
 -9.526000E+01 -1.288578E-02  5075       26  1.394315E-03
 -9.525000E+01 -1.302227E-02  5076       26  1.401670E-03
 -9.524000E+01 -1.315857E-02  5077       26  1.409836E-03
 -9.523000E+01 -1.329469E-02  5078       26  1.418753E-03
 -9.522000E+01 -1.343423E-02  5079       26  1.429815E-03
 -9.521000E+01 -1.357697E-02  5080       26  1.441462E-03
 -9.520000E+01 -1.371917E-02  5081       26  1.452425E-03
 -9.519000E+01 -1.386002E-02  5082       26  1.462761E-03
 -9.518000E+01 -1.400061E-02  5083       26  1.473480E-03
 -9.517000E+01 -1.414071E-02  5084       26  1.483965E-03
 -9.516000E+01 -1.428011E-02  5085       26  1.493640E-03
 -9.515000E+01 -1.442010E-02  5086       26  1.503404E-03
 -9.514000E+01 -1.456059E-02  5087       26  1.512900E-03
 -9.513000E+01 -1.470031E-02  5088       26  1.522509E-03
 -9.512000E+01 -1.483798E-02  5089       26  1.530891E-03
 -9.511000E+01 -1.497492E-02  5090       26  1.538955E-03
 -9.510000E+01 -1.511368E-02  5091       26  1.543494E-03
 -9.509000E+01 -1.525483E-02  5092       26  1.543349E-03
 -9.508000E+01 -1.539710E-02  5093       26  1.542482E-03
 -9.507000E+01 -1.553886E-02  5094       26  1.541219E-03
 -9.506000E+01 -1.567176E-02  5095       26  1.531350E-03
 -9.505000E+01 -1.580412E-02  5096       26  1.522348E-03
 -9.504000E+01 -1.593088E-02  5097       26  1.506992E-03
 -9.503000E+01 -1.605596E-02  5098       26  1.489696E-03
 -9.502000E+01 -1.617743E-02  5099       26  1.472122E-03
 -9.501000E+01 -1.628768E-02  5100       26  1.444493E-03
 -9.500000E+01 -1.639054E-02  5101       26  1.410648E-03
 -9.499000E+01 -1.648866E-02  5102       26  1.379830E-03
 -9.498000E+01 -1.658674E-02  5103       26  1.353385E-03
 -9.497000E+01 -1.668292E-02  5104       26  1.331713E-03
 -9.496000E+01 -1.676265E-02  5105       26  1.300113E-03
 -9.495000E+01 -1.683122E-02  5106       26  1.261207E-03
 -9.494000E+01 -1.689046E-02  5107       26  1.227849E-03
 -9.493000E+01 -1.694557E-02  5108       26  1.204349E-03
 -9.492000E+01 -1.699351E-02  5109       26  1.188444E-03
 -9.491000E+01 -1.702737E-02  5110       26  1.179146E-03
 -9.490000E+01 -1.703740E-02  5111       26  1.185691E-03
 -9.489000E+01 -1.704322E-02  5112       26  1.212664E-03
 -9.488000E+01 -1.700046E-02  5113       26  1.184364E-03
 -9.487000E+01 -1.694780E-02  5114       26  1.186430E-03
 -9.486000E+01 -1.686959E-02  5115       26  1.232396E-03
 -9.485000E+01 -1.676500E-02  5116       26  1.335407E-03
 -9.484000E+01 -1.664435E-02  5117       26  1.495863E-03
 -9.483000E+01 -1.650613E-02  5118       26  1.684680E-03
 -9.482000E+01 -1.636672E-02  5119       26  1.896114E-03
 -9.481000E+01 -1.620786E-02  5120       26  2.113669E-03
 -9.480000E+01 -1.600462E-02  5121       26  2.340452E-03
 -9.479000E+01 -1.578100E-02  5122       26  2.583389E-03
 -9.478000E+01 -1.551837E-02  5123       26  2.832796E-03
 -9.477000E+01 -1.524757E-02  5124       26  3.093880E-03
 -9.476000E+01 -1.496090E-02  5125       26  3.363752E-03
 -9.475000E+01 -1.464564E-02  5126       26  3.636600E-03
 -9.474000E+01 -1.431230E-02  5127       26  3.886709E-03
 -9.473000E+01 -1.395298E-02  5128       26  4.139046E-03
 -9.472000E+01 -1.356866E-02  5129       26  4.401607E-03
 -9.471000E+01 -1.316007E-02  5130       26  4.642778E-03
 -9.470000E+01 -1.274448E-02  5131       26  4.878829E-03
 -9.469000E+01 -1.234439E-02  5132       26  5.092690E-03
 -9.468000E+01 -1.191962E-02  5133       26  5.287761E-03
 -9.467000E+01 -1.148521E-02  5134       26  5.485850E-03
 -9.466000E+01 -1.102555E-02  5135       26  5.661562E-03
 -9.465000E+01 -1.055823E-02  5136       26  5.816197E-03
 -9.464000E+01 -1.011582E-02  5137       26  5.953035E-03
 -9.463000E+01 -9.670899E-03  5138       26  6.083102E-03
 -9.462000E+01 -9.215264E-03  5139       26  6.183967E-03
 -9.461000E+01 -8.733964E-03  5140       26  6.255875E-03
 -9.460000E+01 -8.247141E-03  5141       26  6.303657E-03
 -9.459000E+01 -7.781931E-03  5142       26  6.340054E-03
 -9.458000E+01 -7.321017E-03  5143       26  6.377496E-03
 -9.457000E+01 -6.884683E-03  5144       26  6.401213E-03
 -9.456000E+01 -6.438529E-03  5145       26  6.356900E-03
 -9.455000E+01 -5.998496E-03  5146       26  6.292262E-03
 -9.454000E+01 -5.580205E-03  5147       26  6.210282E-03
 -9.453000E+01 -5.170102E-03  5148       26  6.126452E-03
 -9.452000E+01 -4.769929E-03  5149       26  6.043572E-03
 -9.451000E+01 -4.357209E-03  5150       26  5.921200E-03
 -9.450000E+01 -3.942259E-03  5151       26  5.794004E-03
 -9.449000E+01 -3.545460E-03  5152       26  5.661201E-03
 -9.448000E+01 -3.169460E-03  5153       26  5.514751E-03
 -9.447000E+01 -2.805072E-03  5154       26  5.360052E-03
 -9.446000E+01 -2.434683E-03  5155       26  5.158060E-03
 -9.445000E+01 -2.070877E-03  5156       26  4.961729E-03
 -9.444000E+01 -1.726466E-03  5157       26  4.765379E-03
 -9.443000E+01 -1.400640E-03  5158       26  4.561877E-03
 -9.442000E+01 -1.086714E-03  5159       26  4.356437E-03
 -9.441000E+01 -7.866336E-04  5160       26  4.129055E-03
 -9.440000E+01 -5.049597E-04  5161       26  3.902026E-03
 -9.439000E+01 -2.346152E-04  5162       26  3.681237E-03
 -9.438000E+01  3.134909E-05  5163       26  3.459756E-03
 -9.437000E+01  2.884203E-04  5164       26  3.240594E-03
 -9.436000E+01  5.337736E-04  5165       26  3.024263E-03
 -9.435000E+01  7.634813E-04  5166       26  2.824658E-03
 -9.434000E+01  9.746016E-04  5167       26  2.629891E-03
 -9.433000E+01  1.178228E-03  5168       26  2.436248E-03
 -9.432000E+01  1.378097E-03  5169       26  2.245164E-03
 -9.431000E+01  1.558389E-03  5170       26  2.081942E-03
 -9.430000E+01  1.711048E-03  5171       26  1.943776E-03
 -9.429000E+01  1.855281E-03  5172       26  1.813492E-03
 -9.428000E+01  1.991629E-03  5173       26  1.689841E-03
 -9.427000E+01  2.122503E-03  5174       26  1.568806E-03
 -9.426000E+01  2.229702E-03  5175       26  1.472218E-03
 -9.425000E+01  2.333456E-03  5176       26  1.378684E-03
 -9.424000E+01  2.427925E-03  5177       26  1.291829E-03
 -9.423000E+01  2.515031E-03  5178       26  1.210139E-03
 -9.422000E+01  2.600867E-03  5179       26  1.131506E-03
 -9.421000E+01  2.683116E-03  5180       26  1.056363E-03
 -9.420000E+01  2.756811E-03  5181       26  9.980453E-04
 -9.419000E+01  2.818696E-03  5182       26  9.626583E-04
 -9.418000E+01  2.876798E-03  5183       26  9.332536E-04
 -9.417000E+01  2.934005E-03  5184       26  9.058920E-04
 -9.416000E+01  2.990497E-03  5185       26  8.811563E-04
 -9.415000E+01  3.036439E-03  5186       26  8.687225E-04
 -9.414000E+01  3.077493E-03  5187       26  8.592468E-04
 -9.413000E+01  3.114389E-03  5188       26  8.530979E-04
 -9.412000E+01  3.150339E-03  5189       26  8.482205E-04
 -9.411000E+01  3.185334E-03  5190       26  8.432254E-04
 -9.410000E+01  3.216668E-03  5191       26  8.388471E-04
 -9.409000E+01  3.241617E-03  5192       26  8.338694E-04
 -9.408000E+01  3.263547E-03  5193       26  8.298715E-04
 -9.407000E+01  3.284718E-03  5194       26  8.264360E-04
 -9.406000E+01  3.305911E-03  5195       26  8.234876E-04
 -9.405000E+01  3.326332E-03  5196       26  8.205626E-04
 -9.404000E+01  3.346138E-03  5197       26  8.191349E-04
 -9.403000E+01  3.364242E-03  5198       26  8.203893E-04
 -9.402000E+01  3.382040E-03  5199       26  8.221287E-04
 -9.401000E+01  3.400756E-03  5200       26  8.253652E-04
 -9.400000E+01  3.421370E-03  5201       26  8.307027E-04
 -9.399000E+01  3.439440E-03  5202       26  8.374955E-04
 -9.398000E+01  3.456729E-03  5203       26  8.455835E-04
 -9.397000E+01  3.474078E-03  5204       26  8.542928E-04
 -9.396000E+01  3.493862E-03  5205       26  8.666620E-04
 -9.395000E+01  3.515619E-03  5206       26  8.829064E-04
 -9.394000E+01  3.539872E-03  5207       26  9.013732E-04
 -9.393000E+01  3.566123E-03  5208       26  9.195791E-04
 -9.392000E+01  3.593860E-03  5209       26  9.366811E-04
 -9.391000E+01  3.623407E-03  5210       26  9.543237E-04
 -9.390000E+01  3.656142E-03  5211       26  9.723678E-04
 -9.389000E+01  3.688915E-03  5212       26  9.911470E-04
 -9.388000E+01  3.721296E-03  5213       26  1.011078E-03
 -9.387000E+01  3.754171E-03  5214       26  1.032721E-03
 -9.386000E+01  3.790597E-03  5215       26  1.058553E-03
 -9.385000E+01  3.828947E-03  5216       26  1.085284E-03
 -9.384000E+01  3.867286E-03  5217       26  1.114221E-03
 -9.383000E+01  3.905815E-03  5218       26  1.147698E-03
 -9.382000E+01  3.944234E-03  5219       26  1.182227E-03
 -9.381000E+01  3.984175E-03  5220       26  1.218357E-03
 -9.380000E+01  4.029069E-03  5221       26  1.261283E-03
 -9.379000E+01  4.076394E-03  5222       26  1.307685E-03
 -9.378000E+01  4.134398E-03  5223       26  1.360124E-03
 -9.377000E+01  4.193337E-03  5224       26  1.413071E-03
 -9.376000E+01  4.256158E-03  5225       26  1.465713E-03
 -9.375000E+01  4.325049E-03  5226       26  1.519619E-03
 -9.374000E+01  4.398926E-03  5227       26  1.576843E-03
 -9.373000E+01  4.476769E-03  5228       26  1.633632E-03
 -9.372000E+01  4.557187E-03  5229       26  1.689597E-03
 -9.371000E+01  4.642013E-03  5230       26  1.742369E-03
 -9.370000E+01  4.730857E-03  5231       26  1.794204E-03
 -9.369000E+01  4.816191E-03  5232       26  1.840929E-03
 -9.368000E+01  4.907117E-03  5233       26  1.882850E-03
 -9.367000E+01  5.003070E-03  5234       26  1.922921E-03
 -9.366000E+01  5.104617E-03  5235       26  1.960801E-03
 -9.365000E+01  5.205187E-03  5236       26  1.990526E-03
 -9.364000E+01  5.294304E-03  5237       26  2.006290E-03
 -9.363000E+01  5.379800E-03  5238       26  2.015408E-03
 -9.362000E+01  5.461959E-03  5239       26  2.015726E-03
 -9.361000E+01  5.547672E-03  5240       26  2.016762E-03
 -9.360000E+01  5.631945E-03  5241       26  2.019223E-03
 -9.359000E+01  5.707010E-03  5242       26  2.018220E-03
 -9.358000E+01  5.776447E-03  5243       26  2.015214E-03
 -9.357000E+01  5.845854E-03  5244       26  2.015042E-03
 -9.356000E+01  5.919454E-03  5245       26  2.014699E-03
 -9.355000E+01  5.989467E-03  5246       26  2.009145E-03
 -9.354000E+01  6.051451E-03  5247       26  1.999319E-03
 -9.353000E+01  6.110724E-03  5248       26  1.992391E-03
 -9.352000E+01  6.172243E-03  5249       26  1.960709E-03
 -9.351000E+01  6.236049E-03  5250       26  1.920446E-03
 -9.350000E+01  6.296866E-03  5251       26  1.882241E-03
 -9.349000E+01  6.350822E-03  5252       26  1.844351E-03
 -9.348000E+01  6.399074E-03  5253       26  1.805624E-03
 -9.347000E+01  6.440797E-03  5254       26  1.767226E-03
 -9.346000E+01  6.479325E-03  5255       26  1.722754E-03
 -9.345000E+01  6.512989E-03  5256       26  1.680152E-03
 -9.344000E+01  6.536033E-03  5257       26  1.637262E-03
 -9.343000E+01  6.551010E-03  5258       26  1.593608E-03
 -9.342000E+01  6.561197E-03  5259       26  1.550566E-03
 -9.341000E+01  6.565957E-03  5260       26  1.511997E-03
 -9.340000E+01  6.562826E-03  5261       26  1.473946E-03
 -9.339000E+01  6.551619E-03  5262       26  1.440745E-03
 -9.338000E+01  6.537625E-03  5263       26  1.411930E-03
 -9.337000E+01  6.519562E-03  5264       26  1.385975E-03
 -9.336000E+01  6.493511E-03  5265       26  1.367298E-03
 -9.335000E+01  6.455218E-03  5266       26  1.350276E-03
 -9.334000E+01  6.409732E-03  5267       26  1.334935E-03
 -9.333000E+01  6.362437E-03  5268       26  1.324477E-03
 -9.332000E+01  6.315697E-03  5269       26  1.318383E-03
 -9.331000E+01  6.261996E-03  5270       26  1.314118E-03
 -9.330000E+01  6.199084E-03  5271       26  1.303531E-03
 -9.329000E+01  6.134142E-03  5272       26  1.294382E-03
 -9.328000E+01  6.067575E-03  5273       26  1.287029E-03
 -9.327000E+01  6.000926E-03  5274       26  1.281191E-03
 -9.326000E+01  5.929169E-03  5275       26  1.273499E-03
 -9.325000E+01  5.854594E-03  5276       26  1.265154E-03
 -9.324000E+01  5.777600E-03  5277       26  1.256226E-03
 -9.323000E+01  5.698654E-03  5278       26  1.246624E-03
 -9.322000E+01  5.620643E-03  5279       26  1.236733E-03
 -9.321000E+01  5.541995E-03  5280       26  1.224021E-03
 -9.320000E+01  5.456812E-03  5281       26  1.222710E-03
 -9.319000E+01  5.366430E-03  5282       26  1.226438E-03
 -9.318000E+01  5.275709E-03  5283       26  1.231127E-03
 -9.317000E+01  5.188131E-03  5284       26  1.235821E-03
 -9.316000E+01  5.103046E-03  5285       26  1.239317E-03
 -9.315000E+01  5.014909E-03  5286       26  1.238471E-03
 -9.314000E+01  4.925583E-03  5287       26  1.234216E-03
 -9.313000E+01  4.836531E-03  5288       26  1.229118E-03
 -9.312000E+01  4.752373E-03  5289       26  1.222292E-03
 -9.311000E+01  4.671178E-03  5290       26  1.217134E-03
 -9.310000E+01  4.590451E-03  5291       26  1.212811E-03
 -9.309000E+01  4.505402E-03  5292       26  1.202392E-03
 -9.308000E+01  4.420974E-03  5293       26  1.192199E-03
 -9.307000E+01  4.338318E-03  5294       26  1.182193E-03
 -9.306000E+01  4.259431E-03  5295       26  1.171290E-03
 -9.305000E+01  4.182604E-03  5296       26  1.162913E-03
 -9.304000E+01  4.107461E-03  5297       26  1.155287E-03
 -9.303000E+01  4.034592E-03  5298       26  1.148293E-03
 -9.302000E+01  3.964498E-03  5299       26  1.142483E-03
 -9.301000E+01  3.896907E-03  5300       26  1.137932E-03
 -9.300000E+01  3.832136E-03  5301       26  1.134478E-03
 -9.299000E+01  3.771573E-03  5302       26  1.131544E-03
 -9.298000E+01  3.710576E-03  5303       26  1.129510E-03
 -9.297000E+01  3.653885E-03  5304       26  1.127063E-03
 -9.296000E+01  3.600371E-03  5305       26  1.127204E-03
 -9.295000E+01  3.549683E-03  5306       26  1.130888E-03
 -9.294000E+01  3.500940E-03  5307       26  1.137079E-03
 -9.293000E+01  3.455431E-03  5308       26  1.146563E-03
 -9.292000E+01  3.415722E-03  5309       26  1.155508E-03
 -9.291000E+01  3.378079E-03  5310       26  1.165765E-03
 -9.290000E+01  3.342497E-03  5311       26  1.178504E-03
 -9.289000E+01  3.310685E-03  5312       26  1.187431E-03
 -9.288000E+01  3.282871E-03  5313       26  1.195304E-03
 -9.287000E+01  3.258341E-03  5314       26  1.203476E-03
 -9.286000E+01  3.235302E-03  5315       26  1.211797E-03
 -9.285000E+01  3.212511E-03  5316       26  1.221515E-03
 -9.284000E+01  3.190702E-03  5317       26  1.232141E-03
 -9.283000E+01  3.169879E-03  5318       26  1.245299E-03
 -9.282000E+01  3.150888E-03  5319       26  1.260117E-03
 -9.281000E+01  3.134529E-03  5320       26  1.275095E-03
 -9.280000E+01  3.117502E-03  5321       26  1.291081E-03
 -9.279000E+01  3.100100E-03  5322       26  1.308239E-03
 -9.278000E+01  3.085773E-03  5323       26  1.326415E-03
 -9.277000E+01  3.074925E-03  5324       26  1.345898E-03
 -9.276000E+01  3.064632E-03  5325       26  1.366492E-03
 -9.275000E+01  3.054712E-03  5326       26  1.388259E-03
 -9.274000E+01  3.045898E-03  5327       26  1.411676E-03
 -9.273000E+01  3.038663E-03  5328       26  1.432902E-03
 -9.272000E+01  3.034163E-03  5329       26  1.453902E-03
 -9.271000E+01  3.032891E-03  5330       26  1.474517E-03
 -9.270000E+01  3.030945E-03  5331       26  1.494637E-03
 -9.269000E+01  3.028784E-03  5332       26  1.515681E-03
 -9.268000E+01  3.028472E-03  5333       26  1.534383E-03
 -9.267000E+01  3.032096E-03  5334       26  1.547380E-03
 -9.266000E+01  3.036221E-03  5335       26  1.560693E-03
 -9.265000E+01  3.039850E-03  5336       26  1.573838E-03
 -9.264000E+01  3.042327E-03  5337       26  1.586505E-03
 -9.263000E+01  3.044284E-03  5338       26  1.599387E-03
 -9.262000E+01  3.048341E-03  5339       26  1.612093E-03
 -9.261000E+01  3.053903E-03  5340       26  1.625136E-03
 -9.260000E+01  3.058754E-03  5341       26  1.638449E-03
 -9.259000E+01  3.063045E-03  5342       26  1.652039E-03
 -9.258000E+01  3.066705E-03  5343       26  1.664041E-03
 -9.257000E+01  3.071177E-03  5344       26  1.672074E-03
 -9.256000E+01  3.075188E-03  5345       26  1.680477E-03
 -9.255000E+01  3.078408E-03  5346       26  1.688813E-03
 -9.254000E+01  3.081140E-03  5347       26  1.697226E-03
 -9.253000E+01  3.083161E-03  5348       26  1.705816E-03
 -9.252000E+01  3.087225E-03  5349       26  1.706281E-03
 -9.251000E+01  3.092300E-03  5350       26  1.702337E-03
 -9.250000E+01  3.096304E-03  5351       26  1.698597E-03
 -9.249000E+01  3.099962E-03  5352       26  1.695294E-03
 -9.248000E+01  3.104183E-03  5353       26  1.692447E-03
 -9.247000E+01  3.108234E-03  5354       26  1.689751E-03
 -9.246000E+01  3.110440E-03  5355       26  1.686822E-03
 -9.245000E+01  3.111412E-03  5356       26  1.683759E-03
 -9.244000E+01  3.111855E-03  5357       26  1.680782E-03
 -9.243000E+01  3.112666E-03  5358       26  1.677974E-03
 -9.242000E+01  3.113961E-03  5359       26  1.673750E-03
 -9.241000E+01  3.116246E-03  5360       26  1.666856E-03
 -9.240000E+01  3.117462E-03  5361       26  1.659681E-03
 -9.239000E+01  3.118541E-03  5362       26  1.652936E-03
 -9.238000E+01  3.119920E-03  5363       26  1.646425E-03
 -9.237000E+01  3.121669E-03  5364       26  1.640132E-03
 -9.236000E+01  3.122242E-03  5365       26  1.633192E-03
 -9.235000E+01  3.121367E-03  5366       26  1.626089E-03
 -9.234000E+01  3.120019E-03  5367       26  1.619198E-03
 -9.233000E+01  3.119092E-03  5368       26  1.612555E-03
 -9.232000E+01  3.118656E-03  5369       26  1.606295E-03
 -9.231000E+01  3.117892E-03  5370       26  1.600177E-03
 -9.230000E+01  3.116446E-03  5371       26  1.594132E-03
 -9.229000E+01  3.114936E-03  5372       26  1.588213E-03
 -9.228000E+01  3.113759E-03  5373       26  1.582533E-03
 -9.227000E+01  3.113273E-03  5374       26  1.577431E-03
 -9.226000E+01  3.112156E-03  5375       26  1.573743E-03
 -9.225000E+01  3.110668E-03  5376       26  1.570559E-03
 -9.224000E+01  3.109333E-03  5377       26  1.567694E-03
 -9.223000E+01  3.108470E-03  5378       26  1.565305E-03
 -9.222000E+01  3.107878E-03  5379       26  1.563121E-03
 -9.221000E+01  3.106630E-03  5380       26  1.560713E-03
 -9.220000E+01  3.107374E-03  5381       26  1.558643E-03
 -9.219000E+01  3.108718E-03  5382       26  1.556212E-03
 -9.218000E+01  3.110702E-03  5383       26  1.553272E-03
 -9.217000E+01  3.111238E-03  5384       26  1.549241E-03
 -9.216000E+01  3.110599E-03  5385       26  1.544705E-03
 -9.215000E+01  3.110681E-03  5386       26  1.540264E-03
 -9.214000E+01  3.111127E-03  5387       26  1.535977E-03
 -9.213000E+01  3.112551E-03  5388       26  1.531791E-03
 -9.212000E+01  3.112136E-03  5389       26  1.526594E-03
 -9.211000E+01  3.109935E-03  5390       26  1.519873E-03
 -9.210000E+01  3.108417E-03  5391       26  1.511219E-03
 -9.209000E+01  3.105640E-03  5392       26  1.501690E-03
 -9.208000E+01  3.103273E-03  5393       26  1.491976E-03
 -9.207000E+01  3.099973E-03  5394       26  1.481831E-03
 -9.206000E+01  3.095556E-03  5395       26  1.471443E-03
 -9.205000E+01  3.090345E-03  5396       26  1.460146E-03
 -9.204000E+01  3.084388E-03  5397       26  1.446909E-03
 -9.203000E+01  3.079027E-03  5398       26  1.433795E-03
 -9.202000E+01  3.073552E-03  5399       26  1.420831E-03
 -9.201000E+01  3.068388E-03  5400       26  1.408114E-03
 -9.200000E+01  3.063912E-03  5401       26  1.395857E-03
 -9.199000E+01  3.058983E-03  5402       26  1.383793E-03
 -9.198000E+01  3.053248E-03  5403       26  1.371973E-03
 -9.197000E+01  3.045339E-03  5404       26  1.360374E-03
 -9.196000E+01  3.038728E-03  5405       26  1.349717E-03
 -9.195000E+01  3.032768E-03  5406       26  1.339970E-03
 -9.194000E+01  3.024530E-03  5407       26  1.334232E-03
 -9.193000E+01  3.017680E-03  5408       26  1.328818E-03
 -9.192000E+01  3.009951E-03  5409       26  1.323304E-03
 -9.191000E+01  3.002845E-03  5410       26  1.318050E-03
 -9.190000E+01  2.997137E-03  5411       26  1.312620E-03
 -9.189000E+01  2.990538E-03  5412       26  1.308140E-03
 -9.188000E+01  2.982428E-03  5413       26  1.304399E-03
 -9.187000E+01  2.972854E-03  5414       26  1.301166E-03
 -9.186000E+01  2.964915E-03  5415       26  1.300162E-03
 -9.185000E+01  2.958691E-03  5416       26  1.300036E-03
 -9.184000E+01  2.953036E-03  5417       26  1.300655E-03
 -9.183000E+01  2.942220E-03  5418       26  1.303121E-03
 -9.182000E+01  2.929793E-03  5419       26  1.306739E-03
 -9.181000E+01  2.918485E-03  5420       26  1.312015E-03
 -9.180000E+01  2.910027E-03  5421       26  1.320791E-03
 -9.179000E+01  2.903342E-03  5422       26  1.332478E-03
 -9.178000E+01  2.896920E-03  5423       26  1.345595E-03
 -9.177000E+01  2.888981E-03  5424       26  1.359422E-03
 -9.176000E+01  2.882346E-03  5425       26  1.374565E-03
 -9.175000E+01  2.879264E-03  5426       26  1.391032E-03
 -9.174000E+01  2.878829E-03  5427       26  1.410718E-03
 -9.173000E+01  2.880510E-03  5428       26  1.438695E-03
 -9.172000E+01  2.883417E-03  5429       26  1.468929E-03
 -9.171000E+01  2.889077E-03  5430       26  1.498631E-03
 -9.170000E+01  2.895860E-03  5431       26  1.528336E-03
 -9.169000E+01  2.900258E-03  5432       26  1.556828E-03
 -9.168000E+01  2.906922E-03  5433       26  1.585842E-03
 -9.167000E+01  2.915733E-03  5434       26  1.614004E-03
 -9.166000E+01  2.927585E-03  5435       26  1.642127E-03
 -9.165000E+01  2.939049E-03  5436       26  1.666838E-03
 -9.164000E+01  2.943602E-03  5437       26  1.685094E-03
 -9.163000E+01  2.949141E-03  5438       26  1.699897E-03
 -9.162000E+01  2.958105E-03  5439       26  1.714777E-03
 -9.161000E+01  2.970222E-03  5440       26  1.730962E-03
 -9.160000E+01  2.982539E-03  5441       26  1.747734E-03
 -9.159000E+01  2.989819E-03  5442       26  1.763472E-03
 -9.158000E+01  2.993966E-03  5443       26  1.776985E-03
 -9.157000E+01  3.001264E-03  5444       26  1.782178E-03
 -9.156000E+01  3.011356E-03  5445       26  1.788448E-03
 -9.155000E+01  3.018939E-03  5446       26  1.791630E-03
 -9.154000E+01  3.021942E-03  5447       26  1.792173E-03
 -9.153000E+01  3.023192E-03  5448       26  1.793889E-03
 -9.152000E+01  3.026161E-03  5449       26  1.789724E-03
 -9.151000E+01  3.034936E-03  5450       26  1.773733E-03
 -9.150000E+01  3.042128E-03  5451       26  1.758595E-03
 -9.149000E+01  3.045243E-03  5452       26  1.743023E-03
 -9.148000E+01  3.044363E-03  5453       26  1.729547E-03
 -9.147000E+01  3.039274E-03  5454       26  1.719599E-03
 -9.146000E+01  3.034387E-03  5455       26  1.710690E-03
 -9.145000E+01  3.027527E-03  5456       26  1.702264E-03
 -9.144000E+01  3.014643E-03  5457       26  1.693229E-03
 -9.143000E+01  2.999027E-03  5458       26  1.684003E-03
 -9.142000E+01  2.979651E-03  5459       26  1.673269E-03
 -9.141000E+01  2.954218E-03  5460       26  1.660027E-03
 -9.140000E+01  2.924059E-03  5461       26  1.645351E-03
 -9.139000E+01  2.890132E-03  5462       26  1.631916E-03
 -9.138000E+01  2.856576E-03  5463       26  1.619959E-03
 -9.137000E+01  2.821883E-03  5464       26  1.607793E-03
 -9.136000E+01  2.785292E-03  5465       26  1.595977E-03
 -9.135000E+01  2.742461E-03  5466       26  1.584219E-03
 -9.134000E+01  2.694981E-03  5467       26  1.572247E-03
 -9.133000E+01  2.648652E-03  5468       26  1.561867E-03
 -9.132000E+01  2.604206E-03  5469       26  1.552294E-03
 -9.131000E+01  2.557346E-03  5470       26  1.542210E-03
 -9.130000E+01  2.502304E-03  5471       26  1.524439E-03
 -9.129000E+01  2.446526E-03  5472       26  1.506783E-03
 -9.128000E+01  2.391465E-03  5473       26  1.489111E-03
 -9.127000E+01  2.339191E-03  5474       26  1.471987E-03
 -9.126000E+01  2.282386E-03  5475       26  1.460375E-03
 -9.125000E+01  2.222607E-03  5476       26  1.452262E-03
 -9.124000E+01  2.162028E-03  5477       26  1.443374E-03
 -9.123000E+01  2.101283E-03  5478       26  1.433899E-03
 -9.122000E+01  2.042831E-03  5479       26  1.424459E-03
 -9.121000E+01  1.985419E-03  5480       26  1.414636E-03
 -9.120000E+01  1.926215E-03  5481       26  1.406872E-03
 -9.119000E+01  1.863639E-03  5482       26  1.406911E-03
 -9.118000E+01  1.804020E-03  5483       26  1.407263E-03
 -9.117000E+01  1.748172E-03  5484       26  1.409047E-03
 -9.116000E+01  1.695511E-03  5485       26  1.413279E-03
 -9.115000E+01  1.642704E-03  5486       26  1.418476E-03
 -9.114000E+01  1.589093E-03  5487       26  1.423639E-03
 -9.113000E+01  1.538314E-03  5488       26  1.429980E-03
 -9.112000E+01  1.494819E-03  5489       26  1.437566E-03
 -9.111000E+01  1.456533E-03  5490       26  1.449118E-03
 -9.110000E+01  1.422414E-03  5491       26  1.458036E-03
 -9.109000E+01  1.388534E-03  5492       26  1.464922E-03
 -9.108000E+01  1.358217E-03  5493       26  1.473698E-03
 -9.107000E+01  1.330185E-03  5494       26  1.484476E-03
 -9.106000E+01  1.307323E-03  5495       26  1.498461E-03
 -9.105000E+01  1.286648E-03  5496       26  1.515836E-03
 -9.104000E+01  1.268497E-03  5497       26  1.529062E-03
 -9.103000E+01  1.254276E-03  5498       26  1.542737E-03
 -9.102000E+01  1.243834E-03  5499       26  1.559639E-03
 -9.101000E+01  1.236631E-03  5500       26  1.580222E-03
 -9.100000E+01  1.235144E-03  5501       26  1.596743E-03
 -9.099000E+01  1.235623E-03  5502       26  1.613729E-03
 -9.098000E+01  1.237261E-03  5503       26  1.632403E-03
 -9.097000E+01  1.243491E-03  5504       26  1.651319E-03
 -9.096000E+01  1.251185E-03  5505       26  1.672895E-03
 -9.095000E+01  1.263137E-03  5506       26  1.698014E-03
 -9.094000E+01  1.282952E-03  5507       26  1.718415E-03
 -9.093000E+01  1.307358E-03  5508       26  1.737850E-03
 -9.092000E+01  1.337461E-03  5509       26  1.756963E-03
 -9.091000E+01  1.370094E-03  5510       26  1.777912E-03
 -9.090000E+01  1.404555E-03  5511       26  1.800087E-03
 -9.089000E+01  1.442298E-03  5512       26  1.822108E-03
 -9.088000E+01  1.483355E-03  5513       26  1.839878E-03
 -9.087000E+01  1.528412E-03  5514       26  1.855910E-03
 -9.086000E+01  1.574206E-03  5515       26  1.869844E-03
 -9.085000E+01  1.617980E-03  5516       26  1.882690E-03
 -9.084000E+01  1.664206E-03  5517       26  1.892560E-03
 -9.083000E+01  1.711823E-03  5518       26  1.903829E-03
 -9.082000E+01  1.761413E-03  5519       26  1.915810E-03
 -9.081000E+01  1.813731E-03  5520       26  1.926167E-03
 -9.080000E+01  1.862441E-03  5521       26  1.933243E-03
 -9.079000E+01  1.909145E-03  5522       26  1.939370E-03
 -9.078000E+01  1.959651E-03  5523       26  1.946527E-03
 -9.077000E+01  2.015456E-03  5524       26  1.952859E-03
 -9.076000E+01  2.071135E-03  5525       26  1.959831E-03
 -9.075000E+01  2.124519E-03  5526       26  1.966386E-03
 -9.074000E+01  2.175887E-03  5527       26  1.972146E-03
 -9.073000E+01  2.228116E-03  5528       26  1.975174E-03
 -9.072000E+01  2.284214E-03  5529       26  1.974229E-03
 -9.071000E+01  2.342880E-03  5530       26  1.972720E-03
 -9.070000E+01  2.400067E-03  5531       26  1.971567E-03
 -9.069000E+01  2.454738E-03  5532       26  1.971131E-03
 -9.068000E+01  2.507105E-03  5533       26  1.971144E-03
 -9.067000E+01  2.566639E-03  5534       26  1.962710E-03
 -9.066000E+01  2.624731E-03  5535       26  1.954860E-03
 -9.065000E+01  2.680988E-03  5536       26  1.946976E-03
 -9.064000E+01  2.734866E-03  5537       26  1.937228E-03
 -9.063000E+01  2.784767E-03  5538       26  1.927260E-03
 -9.062000E+01  2.834209E-03  5539       26  1.918084E-03
 -9.061000E+01  2.883818E-03  5540       26  1.909404E-03
 -9.060000E+01  2.931611E-03  5541       26  1.901115E-03
 -9.059000E+01  2.977977E-03  5542       26  1.892636E-03
 -9.058000E+01  3.022376E-03  5543       26  1.882981E-03
 -9.057000E+01  3.066401E-03  5544       26  1.875238E-03
 -9.056000E+01  3.107463E-03  5545       26  1.868739E-03
 -9.055000E+01  3.145666E-03  5546       26  1.862257E-03
 -9.054000E+01  3.182194E-03  5547       26  1.854984E-03
 -9.053000E+01  3.215544E-03  5548       26  1.846037E-03
 -9.052000E+01  3.248121E-03  5549       26  1.837164E-03
 -9.051000E+01  3.279521E-03  5550       26  1.827297E-03
 -9.050000E+01  3.309336E-03  5551       26  1.818100E-03
 -9.049000E+01  3.336957E-03  5552       26  1.808348E-03
 -9.048000E+01  3.359807E-03  5553       26  1.796749E-03
 -9.047000E+01  3.379308E-03  5554       26  1.786330E-03
 -9.046000E+01  3.394307E-03  5555       26  1.775458E-03
 -9.045000E+01  3.406037E-03  5556       26  1.764590E-03
 -9.044000E+01  3.413627E-03  5557       26  1.752923E-03
 -9.043000E+01  3.415291E-03  5558       26  1.738380E-03
 -9.042000E+01  3.414852E-03  5559       26  1.722498E-03
 -9.041000E+01  3.414957E-03  5560       26  1.706165E-03
 -9.040000E+01  3.413452E-03  5561       26  1.690325E-03
 -9.039000E+01  3.408765E-03  5562       26  1.675009E-03
 -9.038000E+01  3.402372E-03  5563       26  1.659427E-03
 -9.037000E+01  3.393096E-03  5564       26  1.643994E-03
 -9.036000E+01  3.382262E-03  5565       26  1.629142E-03
 -9.035000E+01  3.369241E-03  5566       26  1.614307E-03
 -9.034000E+01  3.352597E-03  5567       26  1.599739E-03
 -9.033000E+01  3.335045E-03  5568       26  1.586234E-03
 -9.032000E+01  3.319023E-03  5569       26  1.573236E-03
 -9.031000E+01  3.296586E-03  5570       26  1.558319E-03
 -9.030000E+01  3.272298E-03  5571       26  1.543202E-03
 -9.029000E+01  3.245266E-03  5572       26  1.528245E-03
 -9.028000E+01  3.216378E-03  5573       26  1.513780E-03
 -9.027000E+01  3.189501E-03  5574       26  1.499578E-03
 -9.026000E+01  3.159248E-03  5575       26  1.488858E-03
 -9.025000E+01  3.124629E-03  5576       26  1.485990E-03
 -9.024000E+01  3.087664E-03  5577       26  1.483275E-03
 -9.023000E+01  3.048891E-03  5578       26  1.480559E-03
 -9.022000E+01  3.012899E-03  5579       26  1.477772E-03
 -9.021000E+01  2.976458E-03  5580       26  1.474730E-03
 -9.020000E+01  2.937211E-03  5581       26  1.472446E-03
 -9.019000E+01  2.891518E-03  5582       26  1.476346E-03
 -9.018000E+01  2.845385E-03  5583       26  1.482654E-03
 -9.017000E+01  2.806895E-03  5584       26  1.493287E-03
 -9.016000E+01  2.774155E-03  5585       26  1.509837E-03
 -9.015000E+01  2.737668E-03  5586       26  1.528423E-03
 -9.014000E+01  2.697319E-03  5587       26  1.545799E-03
 -9.013000E+01  2.658143E-03  5588       26  1.564302E-03
 -9.012000E+01  2.633421E-03  5589       26  1.585766E-03
 -9.011000E+01  2.619659E-03  5590       26  1.616548E-03
 -9.010000E+01  2.606275E-03  5591       26  1.651256E-03
 -9.009000E+01  2.590300E-03  5592       26  1.686249E-03
 -9.008000E+01  2.576574E-03  5593       26  1.724510E-03
 -9.007000E+01  2.566945E-03  5594       26  1.769162E-03
 -9.006000E+01  2.567457E-03  5595       26  1.818264E-03
 -9.005000E+01  2.573876E-03  5596       26  1.872397E-03
 -9.004000E+01  2.580022E-03  5597       26  1.931581E-03
 -9.003000E+01  2.591792E-03  5598       26  1.991046E-03
 -9.002000E+01  2.607977E-03  5599       26  2.054030E-03
 -9.001000E+01  2.625875E-03  5600       26  2.118926E-03
 -9.000000E+01  2.653413E-03  5601       26  2.171786E-03
 -8.999000E+01  2.686478E-03  5602       26  2.222774E-03
 -8.998000E+01  2.719435E-03  5603       26  2.275895E-03
 -8.997000E+01  2.765956E-03  5604       26  2.324855E-03
 -8.996000E+01  2.808337E-03  5605       26  2.372072E-03
 -8.995000E+01  2.847638E-03  5606       26  2.418188E-03
 -8.994000E+01  2.890829E-03  5607       26  2.458611E-03
 -8.993000E+01  2.943481E-03  5608       26  2.492515E-03
 -8.992000E+01  3.008054E-03  5609       26  2.522612E-03
 -8.991000E+01  3.072527E-03  5610       26  2.554958E-03
 -8.990000E+01  3.135726E-03  5611       26  2.581834E-03
 -8.989000E+01  3.207327E-03  5612       26  2.603473E-03
 -8.988000E+01  3.289690E-03  5613       26  2.612817E-03
 -8.987000E+01  3.381596E-03  5614       26  2.615424E-03
 -8.986000E+01  3.470581E-03  5615       26  2.609829E-03
 -8.985000E+01  3.552075E-03  5616       26  2.599216E-03
 -8.984000E+01  3.639018E-03  5617       26  2.584704E-03
 -8.983000E+01  3.736944E-03  5618       26  2.567367E-03
 -8.982000E+01  3.839855E-03  5619       26  2.548927E-03
 -8.981000E+01  3.937253E-03  5620       26  2.528783E-03
 -8.980000E+01  4.023457E-03  5621       26  2.498046E-03
 -8.979000E+01  4.102501E-03  5622       26  2.463411E-03
 -8.978000E+01  4.182037E-03  5623       26  2.433503E-03
 -8.977000E+01  4.270188E-03  5624       26  2.399566E-03
 -8.976000E+01  4.348751E-03  5625       26  2.363600E-03
 -8.975000E+01  4.418609E-03  5626       26  2.324671E-03
 -8.974000E+01  4.478315E-03  5627       26  2.276638E-03
 -8.973000E+01  4.539050E-03  5628       26  2.223724E-03
 -8.972000E+01  4.603439E-03  5629       26  2.168595E-03
 -8.971000E+01  4.658526E-03  5630       26  2.113705E-03
 -8.970000E+01  4.706642E-03  5631       26  2.059875E-03
 -8.969000E+01  4.749247E-03  5632       26  2.013002E-03
 -8.968000E+01  4.773152E-03  5633       26  1.963455E-03
 -8.967000E+01  4.800135E-03  5634       26  1.910087E-03
 -8.966000E+01  4.817535E-03  5635       26  1.855302E-03
 -8.965000E+01  4.829235E-03  5636       26  1.802341E-03
 -8.964000E+01  4.838817E-03  5637       26  1.753962E-03
 -8.963000E+01  4.846403E-03  5638       26  1.713291E-03
 -8.962000E+01  4.844412E-03  5639       26  1.683928E-03
 -8.961000E+01  4.833271E-03  5640       26  1.653997E-03
 -8.960000E+01  4.816811E-03  5641       26  1.626314E-03
 -8.959000E+01  4.798566E-03  5642       26  1.603319E-03
 -8.958000E+01  4.772042E-03  5643       26  1.586150E-03
 -8.957000E+01  4.735692E-03  5644       26  1.596414E-03
 -8.956000E+01  4.686441E-03  5645       26  1.604956E-03
 -8.955000E+01  4.630015E-03  5646       26  1.607425E-03
 -8.954000E+01  4.573671E-03  5647       26  1.612788E-03
 -8.953000E+01  4.514847E-03  5648       26  1.615935E-03
 -8.952000E+01  4.447691E-03  5649       26  1.623851E-03
 -8.951000E+01  4.368750E-03  5650       26  1.633914E-03
 -8.950000E+01  4.285629E-03  5651       26  1.641974E-03
 -8.949000E+01  4.203349E-03  5652       26  1.651593E-03
 -8.948000E+01  4.124853E-03  5653       26  1.661656E-03
 -8.947000E+01  4.046392E-03  5654       26  1.673677E-03
 -8.946000E+01  3.959483E-03  5655       26  1.674221E-03
 -8.945000E+01  3.867187E-03  5656       26  1.666996E-03
 -8.944000E+01  3.775830E-03  5657       26  1.660031E-03
 -8.943000E+01  3.688367E-03  5658       26  1.652566E-03
 -8.942000E+01  3.598631E-03  5659       26  1.648048E-03
 -8.941000E+01  3.508089E-03  5660       26  1.644050E-03
 -8.940000E+01  3.414970E-03  5661       26  1.637997E-03
 -8.939000E+01  3.322425E-03  5662       26  1.632270E-03
 -8.938000E+01  3.232401E-03  5663       26  1.626805E-03
 -8.937000E+01  3.145847E-03  5664       26  1.621728E-03
 -8.936000E+01  3.060540E-03  5665       26  1.617662E-03
 -8.935000E+01  2.972538E-03  5666       26  1.614403E-03
 -8.934000E+01  2.885990E-03  5667       26  1.611980E-03
 -8.933000E+01  2.803010E-03  5668       26  1.610853E-03
 -8.932000E+01  2.722990E-03  5669       26  1.610383E-03
 -8.931000E+01  2.645615E-03  5670       26  1.607095E-03
 -8.930000E+01  2.569304E-03  5671       26  1.604137E-03
 -8.929000E+01  2.495164E-03  5672       26  1.602167E-03
 -8.928000E+01  2.424783E-03  5673       26  1.601167E-03
 -8.927000E+01  2.360395E-03  5674       26  1.602937E-03
 -8.926000E+01  2.297870E-03  5675       26  1.605830E-03
 -8.925000E+01  2.236768E-03  5676       26  1.607561E-03
 -8.924000E+01  2.178221E-03  5677       26  1.611220E-03
 -8.923000E+01  2.122418E-03  5678       26  1.617355E-03
 -8.922000E+01  2.068427E-03  5679       26  1.625447E-03
 -8.921000E+01  2.020207E-03  5680       26  1.635131E-03
 -8.920000E+01  1.974350E-03  5681       26  1.646813E-03
 -8.919000E+01  1.933291E-03  5682       26  1.656461E-03
 -8.918000E+01  1.895471E-03  5683       26  1.666068E-03
 -8.917000E+01  1.858261E-03  5684       26  1.676976E-03
 -8.916000E+01  1.821202E-03  5685       26  1.689757E-03
 -8.915000E+01  1.783809E-03  5686       26  1.704950E-03
 -8.914000E+01  1.749114E-03  5687       26  1.722568E-03
 -8.913000E+01  1.720305E-03  5688       26  1.740872E-03
 -8.912000E+01  1.692817E-03  5689       26  1.760240E-03
 -8.911000E+01  1.668084E-03  5690       26  1.777784E-03
 -8.910000E+01  1.644760E-03  5691       26  1.792751E-03
 -8.909000E+01  1.625304E-03  5692       26  1.801748E-03
 -8.908000E+01  1.610270E-03  5693       26  1.811756E-03
 -8.907000E+01  1.595971E-03  5694       26  1.822625E-03
 -8.906000E+01  1.582426E-03  5695       26  1.834816E-03
 -8.905000E+01  1.571649E-03  5696       26  1.848547E-03
 -8.904000E+01  1.565656E-03  5697       26  1.853123E-03
 -8.903000E+01  1.565323E-03  5698       26  1.856078E-03
 -8.902000E+01  1.566248E-03  5699       26  1.858890E-03
 -8.901000E+01  1.567061E-03  5700       26  1.862061E-03
 -8.900000E+01  1.568942E-03  5701       26  1.864621E-03
 -8.899000E+01  1.572657E-03  5702       26  1.865902E-03
 -8.898000E+01  1.577771E-03  5703       26  1.867755E-03
 -8.897000E+01  1.583554E-03  5704       26  1.869930E-03
 -8.896000E+01  1.589169E-03  5705       26  1.872298E-03
 -8.895000E+01  1.597401E-03  5706       26  1.870277E-03
 -8.894000E+01  1.606668E-03  5707       26  1.866770E-03
 -8.893000E+01  1.619983E-03  5708       26  1.862471E-03
 -8.892000E+01  1.635617E-03  5709       26  1.858757E-03
 -8.891000E+01  1.651343E-03  5710       26  1.855348E-03
 -8.890000E+01  1.667365E-03  5711       26  1.852353E-03
 -8.889000E+01  1.683346E-03  5712       26  1.848492E-03
 -8.888000E+01  1.700858E-03  5713       26  1.842433E-03
 -8.887000E+01  1.718703E-03  5714       26  1.836500E-03
 -8.886000E+01  1.736884E-03  5715       26  1.831190E-03
 -8.885000E+01  1.755401E-03  5716       26  1.826352E-03
 -8.884000E+01  1.774354E-03  5717       26  1.822580E-03
 -8.883000E+01  1.790816E-03  5718       26  1.820289E-03
 -8.882000E+01  1.807319E-03  5719       26  1.818884E-03
 -8.881000E+01  1.823022E-03  5720       26  1.818298E-03
 -8.880000E+01  1.840406E-03  5721       26  1.819859E-03
 -8.879000E+01  1.858871E-03  5722       26  1.822959E-03
 -8.878000E+01  1.875705E-03  5723       26  1.828863E-03
 -8.877000E+01  1.891593E-03  5724       26  1.835134E-03
 -8.876000E+01  1.907218E-03  5725       26  1.842158E-03
 -8.875000E+01  1.923924E-03  5726       26  1.850214E-03
 -8.874000E+01  1.942779E-03  5727       26  1.860736E-03
 -8.873000E+01  1.961337E-03  5728       26  1.873637E-03
 -8.872000E+01  1.979396E-03  5729       26  1.888250E-03
 -8.871000E+01  1.998148E-03  5730       26  1.903656E-03
 -8.870000E+01  2.018463E-03  5731       26  1.920754E-03
 -8.869000E+01  2.037639E-03  5732       26  1.936795E-03
 -8.868000E+01  2.057170E-03  5733       26  1.952094E-03
 -8.867000E+01  2.077773E-03  5734       26  1.966334E-03
 -8.866000E+01  2.099527E-03  5735       26  1.980937E-03
 -8.865000E+01  2.120872E-03  5736       26  1.994413E-03
 -8.864000E+01  2.138691E-03  5737       26  2.002792E-03
 -8.863000E+01  2.156298E-03  5738       26  2.009083E-03
 -8.862000E+01  2.174913E-03  5739       26  2.014924E-03
 -8.861000E+01  2.194580E-03  5740       26  2.021501E-03
 -8.860000E+01  2.215086E-03  5741       26  2.028703E-03
 -8.859000E+01  2.233501E-03  5742       26  2.035119E-03
 -8.858000E+01  2.250461E-03  5743       26  2.040288E-03
 -8.857000E+01  2.268138E-03  5744       26  2.044443E-03
 -8.856000E+01  2.286121E-03  5745       26  2.049025E-03
 -8.855000E+01  2.301047E-03  5746       26  2.050529E-03
 -8.854000E+01  2.312258E-03  5747       26  2.049107E-03
 -8.853000E+01  2.322528E-03  5748       26  2.047858E-03
 -8.852000E+01  2.334243E-03  5749       26  2.044217E-03
 -8.851000E+01  2.349414E-03  5750       26  2.033753E-03
 -8.850000E+01  2.364661E-03  5751       26  2.023632E-03
 -8.849000E+01  2.378299E-03  5752       26  2.012904E-03
 -8.848000E+01  2.389329E-03  5753       26  2.001699E-03
 -8.847000E+01  2.397813E-03  5754       26  1.993140E-03
 -8.846000E+01  2.406619E-03  5755       26  1.985380E-03
 -8.845000E+01  2.413189E-03  5756       26  1.977166E-03
 -8.844000E+01  2.415637E-03  5757       26  1.967593E-03
 -8.843000E+01  2.414219E-03  5758       26  1.954726E-03
 -8.842000E+01  2.410632E-03  5759       26  1.937732E-03
 -8.841000E+01  2.409709E-03  5760       26  1.915721E-03
 -8.840000E+01  2.407865E-03  5761       26  1.892491E-03
 -8.839000E+01  2.404740E-03  5762       26  1.869792E-03
 -8.838000E+01  2.402247E-03  5763       26  1.847861E-03
 -8.837000E+01  2.399766E-03  5764       26  1.827029E-03
 -8.836000E+01  2.395179E-03  5765       26  1.808617E-03
 -8.835000E+01  2.387826E-03  5766       26  1.788128E-03
 -8.834000E+01  2.375721E-03  5767       26  1.766862E-03
 -8.833000E+01  2.365810E-03  5768       26  1.747747E-03
 -8.832000E+01  2.353998E-03  5769       26  1.734223E-03
 -8.831000E+01  2.342333E-03  5770       26  1.721154E-03
 -8.830000E+01  2.327463E-03  5771       26  1.706378E-03
 -8.829000E+01  2.312388E-03  5772       26  1.691981E-03
 -8.828000E+01  2.298605E-03  5773       26  1.678562E-03
 -8.827000E+01  2.289964E-03  5774       26  1.669276E-03
 -8.826000E+01  2.274480E-03  5775       26  1.667047E-03
 -8.825000E+01  2.255168E-03  5776       26  1.669291E-03
 -8.824000E+01  2.234730E-03  5777       26  1.671144E-03
 -8.823000E+01  2.213807E-03  5778       26  1.672960E-03
 -8.822000E+01  2.194287E-03  5779       26  1.675807E-03
 -8.821000E+01  2.175307E-03  5780       26  1.679293E-03
 -8.820000E+01  2.155169E-03  5781       26  1.684132E-03
 -8.819000E+01  2.131610E-03  5782       26  1.695148E-03
 -8.818000E+01  2.110370E-03  5783       26  1.706027E-03
 -8.817000E+01  2.089185E-03  5784       26  1.717015E-03
 -8.816000E+01  2.068225E-03  5785       26  1.728139E-03
 -8.815000E+01  2.045330E-03  5786       26  1.739650E-03
 -8.814000E+01  2.020674E-03  5787       26  1.750109E-03
 -8.813000E+01  1.999106E-03  5788       26  1.760867E-03
 -8.812000E+01  1.978021E-03  5789       26  1.772224E-03
 -8.811000E+01  1.956942E-03  5790       26  1.783826E-03
 -8.810000E+01  1.936634E-03  5791       26  1.794095E-03
 -8.809000E+01  1.917437E-03  5792       26  1.800778E-03
 -8.808000E+01  1.901851E-03  5793       26  1.808783E-03
 -8.807000E+01  1.886494E-03  5794       26  1.817292E-03
 -8.806000E+01  1.870588E-03  5795       26  1.826010E-03
 -8.805000E+01  1.854974E-03  5796       26  1.834850E-03
 -8.804000E+01  1.843123E-03  5797       26  1.837091E-03
 -8.803000E+01  1.835922E-03  5798       26  1.838802E-03
 -8.802000E+01  1.829403E-03  5799       26  1.840392E-03
 -8.801000E+01  1.821832E-03  5800       26  1.841886E-03
 -8.800000E+01  1.813897E-03  5801       26  1.843468E-03
 -8.799000E+01  1.807108E-03  5802       26  1.844807E-03
 -8.798000E+01  1.801391E-03  5803       26  1.846893E-03
 -8.797000E+01  1.795402E-03  5804       26  1.849292E-03
 -8.796000E+01  1.787799E-03  5805       26  1.850556E-03
 -8.795000E+01  1.779715E-03  5806       26  1.845859E-03
 -8.794000E+01  1.772397E-03  5807       26  1.839361E-03
 -8.793000E+01  1.768475E-03  5808       26  1.833423E-03
 -8.792000E+01  1.765006E-03  5809       26  1.827806E-03
 -8.791000E+01  1.761154E-03  5810       26  1.822241E-03
 -8.790000E+01  1.756112E-03  5811       26  1.816323E-03
 -8.789000E+01  1.750686E-03  5812       26  1.810925E-03
 -8.788000E+01  1.745517E-03  5813       26  1.805091E-03
 -8.787000E+01  1.739375E-03  5814       26  1.799058E-03
 -8.786000E+01  1.732114E-03  5815       26  1.792214E-03
 -8.785000E+01  1.724018E-03  5816       26  1.784397E-03
 -8.784000E+01  1.715258E-03  5817       26  1.776377E-03
 -8.783000E+01  1.703233E-03  5818       26  1.768862E-03
 -8.782000E+01  1.690555E-03  5819       26  1.762107E-03
 -8.781000E+01  1.676043E-03  5820       26  1.755145E-03
 -8.780000E+01  1.658630E-03  5821       26  1.746192E-03
 -8.779000E+01  1.639457E-03  5822       26  1.736743E-03
 -8.778000E+01  1.617593E-03  5823       26  1.730676E-03
 -8.777000E+01  1.594018E-03  5824       26  1.724420E-03
 -8.776000E+01  1.568706E-03  5825       26  1.717968E-03
 -8.775000E+01  1.542330E-03  5826       26  1.711548E-03
 -8.774000E+01  1.515163E-03  5827       26  1.705539E-03
 -8.773000E+01  1.486835E-03  5828       26  1.702635E-03
 -8.772000E+01  1.457338E-03  5829       26  1.702413E-03
 -8.771000E+01  1.426366E-03  5830       26  1.702421E-03
 -8.770000E+01  1.394390E-03  5831       26  1.702450E-03
 -8.769000E+01  1.363246E-03  5832       26  1.701506E-03
 -8.768000E+01  1.331898E-03  5833       26  1.701351E-03
 -8.767000E+01  1.300195E-03  5834       26  1.700919E-03
 -8.766000E+01  1.267610E-03  5835       26  1.700631E-03
 -8.765000E+01  1.234878E-03  5836       26  1.700959E-03
 -8.764000E+01  1.205012E-03  5837       26  1.703927E-03
 -8.763000E+01  1.176101E-03  5838       26  1.708642E-03
 -8.762000E+01  1.145906E-03  5839       26  1.713999E-03
 -8.761000E+01  1.115054E-03  5840       26  1.719315E-03
 -8.760000E+01  1.083477E-03  5841       26  1.724684E-03
 -8.759000E+01  1.054111E-03  5842       26  1.730881E-03
 -8.758000E+01  1.025794E-03  5843       26  1.737872E-03
 -8.757000E+01  9.959324E-04  5844       26  1.748299E-03
 -8.756000E+01  9.643040E-04  5845       26  1.759053E-03
 -8.755000E+01  9.322749E-04  5846       26  1.769932E-03
 -8.754000E+01  9.024543E-04  5847       26  1.782448E-03
 -8.753000E+01  8.783753E-04  5848       26  1.798484E-03
 -8.752000E+01  8.548660E-04  5849       26  1.814210E-03
 -8.751000E+01  8.318100E-04  5850       26  1.826877E-03
 -8.750000E+01  8.077943E-04  5851       26  1.839819E-03
 -8.749000E+01  7.881953E-04  5852       26  1.856883E-03
 -8.748000E+01  7.914800E-04  5853       26  1.891776E-03
 -8.747000E+01  7.990713E-04  5854       26  1.931664E-03
 -8.746000E+01  8.049010E-04  5855       26  1.973215E-03
 -8.745000E+01  8.108169E-04  5856       26  2.017317E-03
 -8.744000E+01  8.210541E-04  5857       26  2.065349E-03
 -8.743000E+01  8.441117E-04  5858       26  2.120996E-03
 -8.742000E+01  8.673373E-04  5859       26  2.180300E-03
 -8.741000E+01  8.939900E-04  5860       26  2.234894E-03
 -8.740000E+01  9.219492E-04  5861       26  2.291144E-03
 -8.739000E+01  9.550366E-04  5862       26  2.351582E-03
 -8.738000E+01  9.954930E-04  5863       26  2.418209E-03
 -8.737000E+01  1.042878E-03  5864       26  2.487151E-03
 -8.736000E+01  1.093318E-03  5865       26  2.555462E-03
 -8.735000E+01  1.145441E-03  5866       26  2.624264E-03
 -8.734000E+01  1.203719E-03  5867       26  2.694238E-03
 -8.733000E+01  1.270064E-03  5868       26  2.772258E-03
 -8.732000E+01  1.338904E-03  5869       26  2.847114E-03
 -8.731000E+01  1.414041E-03  5870       26  2.918402E-03
 -8.730000E+01  1.493043E-03  5871       26  2.990370E-03
 -8.729000E+01  1.580520E-03  5872       26  3.063043E-03
 -8.728000E+01  1.676526E-03  5873       26  3.138399E-03
 -8.727000E+01  1.775939E-03  5874       26  3.219075E-03
 -8.726000E+01  1.881654E-03  5875       26  3.294032E-03
 -8.725000E+01  1.996930E-03  5876       26  3.357202E-03
 -8.724000E+01  2.122164E-03  5877       26  3.419555E-03
 -8.723000E+01  2.256081E-03  5878       26  3.483659E-03
 -8.722000E+01  2.393807E-03  5879       26  3.545657E-03
 -8.721000E+01  2.539345E-03  5880       26  3.597322E-03
 -8.720000E+01  2.689616E-03  5881       26  3.646696E-03
 -8.719000E+01  2.858605E-03  5882       26  3.680453E-03
 -8.718000E+01  3.035713E-03  5883       26  3.712662E-03
 -8.717000E+01  3.204182E-03  5884       26  3.735268E-03
 -8.716000E+01  3.365591E-03  5885       26  3.727192E-03
 -8.715000E+01  3.529502E-03  5886       26  3.719933E-03
 -8.714000E+01  3.705114E-03  5887       26  3.707919E-03
 -8.713000E+01  3.890758E-03  5888       26  3.694211E-03
 -8.712000E+01  4.063982E-03  5889       26  3.665963E-03
 -8.711000E+01  4.238101E-03  5890       26  3.628637E-03
 -8.710000E+01  4.417502E-03  5891       26  3.585366E-03
 -8.709000E+01  4.604642E-03  5892       26  3.538336E-03
 -8.708000E+01  4.799176E-03  5893       26  3.489136E-03
 -8.707000E+01  4.990304E-03  5894       26  3.438003E-03
 -8.706000E+01  5.171496E-03  5895       26  3.374932E-03
 -8.705000E+01  5.352965E-03  5896       26  3.311932E-03
 -8.704000E+01  5.545983E-03  5897       26  3.230095E-03
 -8.703000E+01  5.743156E-03  5898       26  3.140140E-03
 -8.702000E+01  5.935405E-03  5899       26  3.046176E-03
 -8.701000E+01  6.117071E-03  5900       26  2.944427E-03
 -8.700000E+01  6.288483E-03  5901       26  2.845538E-03
 -8.699000E+01  6.458772E-03  5902       26  2.749700E-03
 -8.698000E+01  6.630718E-03  5903       26  2.652807E-03
 -8.697000E+01  6.791089E-03  5904       26  2.551798E-03
 -8.696000E+01  6.945305E-03  5905       26  2.447343E-03
 -8.695000E+01  7.094458E-03  5906       26  2.349962E-03
 -8.694000E+01  7.233123E-03  5907       26  2.268621E-03
 -8.693000E+01  7.364247E-03  5908       26  2.193294E-03
 -8.692000E+01  7.483476E-03  5909       26  2.115841E-03
 -8.691000E+01  7.598744E-03  5910       26  2.040303E-03
 -8.690000E+01  7.703626E-03  5911       26  1.975630E-03
 -8.689000E+01  7.799672E-03  5912       26  1.930849E-03
 -8.688000E+01  7.882260E-03  5913       26  1.904300E-03
 -8.687000E+01  7.951328E-03  5914       26  1.876447E-03
 -8.686000E+01  8.017868E-03  5915       26  1.852597E-03
 -8.685000E+01  8.083543E-03  5916       26  1.840774E-03
 -8.684000E+01  8.148602E-03  5917       26  1.848641E-03
 -8.683000E+01  8.197122E-03  5918       26  1.855498E-03
 -8.682000E+01  8.235031E-03  5919       26  1.858490E-03
 -8.681000E+01  8.267256E-03  5920       26  1.860046E-03
 -8.680000E+01  8.304226E-03  5921       26  1.866878E-03
 -8.679000E+01  8.341155E-03  5922       26  1.877668E-03
 -8.678000E+01  8.369202E-03  5923       26  1.891815E-03
 -8.677000E+01  8.381695E-03  5924       26  1.892432E-03
 -8.676000E+01  8.392038E-03  5925       26  1.892562E-03
 -8.675000E+01  8.414584E-03  5926       26  1.912898E-03
 -8.674000E+01  8.447548E-03  5927       26  1.949286E-03
 -8.673000E+01  8.471544E-03  5928       26  1.998480E-03
 -8.672000E+01  8.486107E-03  5929       26  2.053217E-03
 -8.671000E+01  8.506559E-03  5930       26  2.106761E-03
 -8.670000E+01  8.554806E-03  5931       26  2.165486E-03
 -8.669000E+01  8.650114E-03  5932       26  2.257186E-03
 -8.668000E+01  8.751104E-03  5933       26  2.367698E-03
 -8.667000E+01  8.841902E-03  5934       26  2.491003E-03
 -8.666000E+01  8.934060E-03  5935       26  2.628313E-03
 -8.665000E+01  9.043024E-03  5936       26  2.784022E-03
 -8.664000E+01  9.180075E-03  5937       26  2.959608E-03
 -8.663000E+01  9.313354E-03  5938       26  3.153335E-03
 -8.662000E+01  9.444989E-03  5939       26  3.354889E-03
 -8.661000E+01  9.576283E-03  5940       26  3.564685E-03
 -8.660000E+01  9.728266E-03  5941       26  3.778345E-03
 -8.659000E+01  9.906782E-03  5942       26  4.033979E-03
 -8.658000E+01  1.009603E-02  5943       26  4.302354E-03
 -8.657000E+01  1.029117E-02  5944       26  4.571237E-03
 -8.656000E+01  1.048837E-02  5945       26  4.844054E-03
 -8.655000E+01  1.069333E-02  5946       26  5.129265E-03
 -8.654000E+01  1.091678E-02  5947       26  5.433630E-03
 -8.653000E+01  1.113314E-02  5948       26  5.731887E-03
 -8.652000E+01  1.135358E-02  5949       26  6.030768E-03
 -8.651000E+01  1.158379E-02  5950       26  6.324699E-03
 -8.650000E+01  1.183847E-02  5951       26  6.612115E-03
 -8.649000E+01  1.210455E-02  5952       26  6.891173E-03
 -8.648000E+01  1.238111E-02  5953       26  7.167263E-03
 -8.647000E+01  1.268364E-02  5954       26  7.421867E-03
 -8.646000E+01  1.299318E-02  5955       26  7.677951E-03
 -8.645000E+01  1.332233E-02  5956       26  7.930415E-03
 -8.644000E+01  1.365892E-02  5957       26  8.174560E-03
 -8.643000E+01  1.396934E-02  5958       26  8.354231E-03
 -8.642000E+01  1.430030E-02  5959       26  8.516756E-03
 -8.641000E+01  1.466472E-02  5960       26  8.657840E-03
 -8.640000E+01  1.506600E-02  5961       26  8.786389E-03
 -8.639000E+01  1.547160E-02  5962       26  8.902398E-03
 -8.638000E+01  1.584410E-02  5963       26  8.978546E-03
 -8.637000E+01  1.622326E-02  5964       26  8.986015E-03
 -8.636000E+01  1.662910E-02  5965       26  8.970038E-03
 -8.635000E+01  1.709250E-02  5966       26  8.906712E-03
 -8.634000E+01  1.756180E-02  5967       26  8.840753E-03
 -8.633000E+01  1.800806E-02  5968       26  8.751826E-03
 -8.632000E+01  1.846130E-02  5969       26  8.656777E-03
 -8.631000E+01  1.893214E-02  5970       26  8.552831E-03
 -8.630000E+01  1.945312E-02  5971       26  8.405082E-03
 -8.629000E+01  1.996759E-02  5972       26  8.257358E-03
 -8.628000E+01  2.047420E-02  5973       26  8.098650E-03
 -8.627000E+01  2.098021E-02  5974       26  7.926694E-03
 -8.626000E+01  2.150069E-02  5975       26  7.739508E-03
 -8.625000E+01  2.202322E-02  5976       26  7.543331E-03
 -8.624000E+01  2.253462E-02  5977       26  7.340097E-03
 -8.623000E+01  2.304172E-02  5978       26  7.134086E-03
 -8.622000E+01  2.355707E-02  5979       26  6.938219E-03
 -8.621000E+01  2.407461E-02  5980       26  6.762566E-03
 -8.620000E+01  2.459175E-02  5981       26  6.590646E-03
 -8.619000E+01  2.509404E-02  5982       26  6.417482E-03
 -8.618000E+01  2.557919E-02  5983       26  6.239146E-03
 -8.617000E+01  2.607155E-02  5984       26  6.074554E-03
 -8.616000E+01  2.654491E-02  5985       26  5.928715E-03
 -8.615000E+01  2.699792E-02  5986       26  5.797149E-03
 -8.614000E+01  2.744891E-02  5987       26  5.666452E-03
 -8.613000E+01  2.787631E-02  5988       26  5.537786E-03
 -8.612000E+01  2.831689E-02  5989       26  5.429321E-03
 -8.611000E+01  2.873429E-02  5990       26  5.347709E-03
 -8.610000E+01  2.913498E-02  5991       26  5.278897E-03
 -8.609000E+01  2.951880E-02  5992       26  5.235532E-03
 -8.608000E+01  2.988408E-02  5993       26  5.204249E-03
 -8.607000E+01  3.025300E-02  5994       26  5.183609E-03
 -8.606000E+01  3.059447E-02  5995       26  5.157552E-03
 -8.605000E+01  3.092564E-02  5996       26  5.147716E-03
 -8.604000E+01  3.122497E-02  5997       26  5.162218E-03
 -8.603000E+01  3.151134E-02  5998       26  5.193402E-03
 -8.602000E+01  3.179065E-02  5999       26  5.219465E-03
 -8.601000E+01  3.206055E-02  6000       26  5.231725E-03
 -8.600000E+01  3.232544E-02  6001       26  5.253826E-03
 -8.599000E+01  3.258799E-02  6002       26  5.280803E-03
 -8.598000E+01  3.283828E-02  6003       26  5.311583E-03
 -8.597000E+01  3.309848E-02  6004       26  5.344112E-03
 -8.596000E+01  3.335521E-02  6005       26  5.373053E-03
 -8.595000E+01  3.361340E-02  6006       26  5.402613E-03
 -8.594000E+01  3.387684E-02  6007       26  5.428170E-03
 -8.593000E+01  3.413957E-02  6008       26  5.455595E-03
 -8.592000E+01  3.440815E-02  6009       26  5.480367E-03
 -8.591000E+01  3.466969E-02  6010       26  5.496222E-03
 -8.590000E+01  3.492355E-02  6011       26  5.489981E-03
 -8.589000E+01  3.518099E-02  6012       26  5.481088E-03
 -8.588000E+01  3.544174E-02  6013       26  5.470097E-03
 -8.587000E+01  3.570619E-02  6014       26  5.453741E-03
 -8.586000E+01  3.595870E-02  6015       26  5.423942E-03
 -8.585000E+01  3.620065E-02  6016       26  5.374456E-03
 -8.584000E+01  3.645240E-02  6017       26  5.313077E-03
 -8.583000E+01  3.670470E-02  6018       26  5.242242E-03
 -8.582000E+01  3.695328E-02  6019       26  5.170565E-03
 -8.581000E+01  3.719016E-02  6020       26  5.086839E-03
 -8.580000E+01  3.741329E-02  6021       26  4.988297E-03
 -8.579000E+01  3.763173E-02  6022       26  4.884921E-03
 -8.578000E+01  3.785462E-02  6023       26  4.780050E-03
 -8.577000E+01  3.808085E-02  6024       26  4.668503E-03
 -8.576000E+01  3.829482E-02  6025       26  4.551136E-03
 -8.575000E+01  3.850168E-02  6026       26  4.427846E-03
 -8.574000E+01  3.869151E-02  6027       26  4.286287E-03
 -8.573000E+01  3.887536E-02  6028       26  4.151962E-03
 -8.572000E+01  3.905524E-02  6029       26  4.019653E-03
 -8.571000E+01  3.921740E-02  6030       26  3.880851E-03
 -8.570000E+01  3.937281E-02  6031       26  3.741737E-03
 -8.569000E+01  3.952374E-02  6032       26  3.613849E-03
 -8.568000E+01  3.966422E-02  6033       26  3.509305E-03
 -8.567000E+01  3.977774E-02  6034       26  3.395099E-03
 -8.566000E+01  3.987596E-02  6035       26  3.281178E-03
 -8.565000E+01  3.996493E-02  6036       26  3.167727E-03
 -8.564000E+01  4.004645E-02  6037       26  3.057191E-03
 -8.563000E+01  4.010513E-02  6038       26  2.963534E-03
 -8.562000E+01  4.014408E-02  6039       26  2.879607E-03
 -8.561000E+01  4.016443E-02  6040       26  2.788703E-03
 -8.560000E+01  4.017555E-02  6041       26  2.696602E-03
 -8.559000E+01  4.017905E-02  6042       26  2.609804E-03
 -8.558000E+01  4.016607E-02  6043       26  2.540371E-03
 -8.557000E+01  4.013762E-02  6044       26  2.482392E-03
 -8.556000E+01  4.009455E-02  6045       26  2.432343E-03
 -8.555000E+01  4.004414E-02  6046       26  2.386295E-03
 -8.554000E+01  3.999301E-02  6047       26  2.344733E-03
 -8.553000E+01  3.994189E-02  6048       26  2.309145E-03
 -8.552000E+01  3.988651E-02  6049       26  2.281693E-03
 -8.551000E+01  3.981516E-02  6050       26  2.256647E-03
 -8.550000E+01  3.973387E-02  6051       26  2.229424E-03
 -8.549000E+01  3.964855E-02  6052       26  2.205264E-03
 -8.548000E+01  3.955425E-02  6053       26  2.183633E-03
 -8.547000E+01  3.944645E-02  6054       26  2.183414E-03
 -8.546000E+01  3.932626E-02  6055       26  2.168343E-03
 -8.545000E+01  3.919803E-02  6056       26  2.142945E-03
 -8.544000E+01  3.906970E-02  6057       26  2.120311E-03
 -8.543000E+01  3.894207E-02  6058       26  2.100723E-03
 -8.542000E+01  3.880620E-02  6059       26  2.083903E-03
 -8.541000E+01  3.866618E-02  6060       26  2.063502E-03
 -8.540000E+01  3.852010E-02  6061       26  2.040447E-03
 -8.539000E+01  3.837208E-02  6062       26  2.018435E-03
 -8.538000E+01  3.822306E-02  6063       26  1.997056E-03
 -8.537000E+01  3.806740E-02  6064       26  1.984796E-03
 -8.536000E+01  3.790697E-02  6065       26  1.978734E-03
 -8.535000E+01  3.774589E-02  6066       26  1.972032E-03
 -8.534000E+01  3.758426E-02  6067       26  1.965642E-03
 -8.533000E+01  3.742085E-02  6068       26  1.958972E-03
 -8.532000E+01  3.725588E-02  6069       26  1.950956E-03
 -8.531000E+01  3.709062E-02  6070       26  1.943659E-03
 -8.530000E+01  3.692477E-02  6071       26  1.935925E-03
 -8.529000E+01  3.675908E-02  6072       26  1.929009E-03
 -8.528000E+01  3.659162E-02  6073       26  1.923132E-03
 -8.527000E+01  3.641918E-02  6074       26  1.918985E-03
 -8.526000E+01  3.624575E-02  6075       26  1.914468E-03
 -8.525000E+01  3.607168E-02  6076       26  1.909788E-03
 -8.524000E+01  3.589660E-02  6077       26  1.905092E-03
 -8.523000E+01  3.571998E-02  6078       26  1.901002E-03
 -8.522000E+01  3.554376E-02  6079       26  1.897802E-03
 -8.521000E+01  3.536729E-02  6080       26  1.895574E-03
 -8.520000E+01  3.519084E-02  6081       26  1.893930E-03
 -8.519000E+01  3.501399E-02  6082       26  1.892952E-03
 -8.518000E+01  3.483713E-02  6083       26  1.892369E-03
 -8.517000E+01  3.465985E-02  6084       26  1.891296E-03
 -8.516000E+01  3.448070E-02  6085       26  1.891715E-03
 -8.515000E+01  3.429889E-02  6086       26  1.894754E-03
 -8.514000E+01  3.411627E-02  6087       26  1.896809E-03
 -8.513000E+01  3.393243E-02  6088       26  1.898099E-03
 -8.512000E+01  3.374707E-02  6089       26  1.900446E-03
 -8.511000E+01  3.356521E-02  6090       26  1.899519E-03
 -8.510000E+01  3.338346E-02  6091       26  1.897778E-03
 -8.509000E+01  3.320242E-02  6092       26  1.893341E-03
 -8.508000E+01  3.302125E-02  6093       26  1.888956E-03
 -8.507000E+01  3.284137E-02  6094       26  1.884053E-03
 -8.506000E+01  3.265966E-02  6095       26  1.878998E-03
 -8.505000E+01  3.247677E-02  6096       26  1.875393E-03
 -8.504000E+01  3.229449E-02  6097       26  1.872186E-03
 -8.503000E+01  3.211443E-02  6098       26  1.869340E-03
 -8.502000E+01  3.193463E-02  6099       26  1.866997E-03
 -8.501000E+01  3.175437E-02  6100       26  1.864814E-03
 -8.500000E+01  3.157293E-02  6101       26  1.864565E-03
 -8.499000E+01  3.139160E-02  6102       26  1.864366E-03
 -8.498000E+01  3.120934E-02  6103       26  1.862885E-03
 -8.497000E+01  3.102581E-02  6104       26  1.861707E-03
 -8.496000E+01  3.084434E-02  6105       26  1.860275E-03
 -8.495000E+01  3.066282E-02  6106       26  1.859187E-03
 -8.494000E+01  3.048205E-02  6107       26  1.858363E-03
 -8.493000E+01  3.030087E-02  6108       26  1.858032E-03
 -8.492000E+01  3.011916E-02  6109       26  1.859073E-03
 -8.491000E+01  2.993749E-02  6110       26  1.861457E-03
 -8.490000E+01  2.975728E-02  6111       26  1.864991E-03
 -8.489000E+01  2.957609E-02  6112       26  1.868980E-03
 -8.488000E+01  2.939414E-02  6113       26  1.874036E-03
 -8.487000E+01  2.921208E-02  6114       26  1.879286E-03
 -8.486000E+01  2.903095E-02  6115       26  1.885137E-03
 -8.485000E+01  2.885475E-02  6116       26  1.892159E-03
 -8.484000E+01  2.868052E-02  6117       26  1.896615E-03
 -8.483000E+01  2.850218E-02  6118       26  1.895748E-03
 -8.482000E+01  2.832219E-02  6119       26  1.893099E-03
 -8.481000E+01  2.814472E-02  6120       26  1.892648E-03
 -8.480000E+01  2.797270E-02  6121       26  1.893020E-03
 -8.479000E+01  2.780296E-02  6122       26  1.894700E-03
 -8.478000E+01  2.763288E-02  6123       26  1.898585E-03
 -8.477000E+01  2.746093E-02  6124       26  1.903056E-03
 -8.476000E+01  2.728882E-02  6125       26  1.907773E-03
 -8.475000E+01  2.713365E-02  6126       26  1.928302E-03
 -8.474000E+01  2.698250E-02  6127       26  1.957378E-03
 -8.473000E+01  2.683148E-02  6128       26  1.993267E-03
 -8.472000E+01  2.667939E-02  6129       26  2.035771E-03
 -8.471000E+01  2.653182E-02  6130       26  2.082850E-03
 -8.470000E+01  2.640745E-02  6131       26  2.158842E-03
 -8.469000E+01  2.629349E-02  6132       26  2.262944E-03
 -8.468000E+01  2.618153E-02  6133       26  2.375012E-03
 -8.467000E+01  2.607110E-02  6134       26  2.496273E-03
 -8.466000E+01  2.596197E-02  6135       26  2.625909E-03
 -8.465000E+01  2.587302E-02  6136       26  2.764405E-03
 -8.464000E+01  2.582662E-02  6137       26  2.912100E-03
 -8.463000E+01  2.578470E-02  6138       26  3.072095E-03
 -8.462000E+01  2.574368E-02  6139       26  3.243907E-03
 -8.461000E+01  2.570414E-02  6140       26  3.426007E-03
 -8.460000E+01  2.567548E-02  6141       26  3.612501E-03
 -8.459000E+01  2.564606E-02  6142       26  3.805078E-03
 -8.458000E+01  2.561639E-02  6143       26  4.004662E-03
 -8.457000E+01  2.559069E-02  6144       26  4.206436E-03
 -8.456000E+01  2.556965E-02  6145       26  4.409846E-03
 -8.455000E+01  2.555498E-02  6146       26  4.602775E-03
 -8.454000E+01  2.554199E-02  6147       26  4.739768E-03
 -8.453000E+01  2.553781E-02  6148       26  4.876462E-03
 -8.452000E+01  2.553755E-02  6149       26  5.017819E-03
 -8.451000E+01  2.554867E-02  6150       26  5.158656E-03
 -8.450000E+01  2.557037E-02  6151       26  5.302542E-03
 -8.449000E+01  2.560031E-02  6152       26  5.446577E-03
 -8.448000E+01  2.564522E-02  6153       26  5.586558E-03
 -8.447000E+01  2.570813E-02  6154       26  5.719652E-03
 -8.446000E+01  2.577417E-02  6155       26  5.858217E-03
 -8.445000E+01  2.585561E-02  6156       26  5.996101E-03
 -8.444000E+01  2.595279E-02  6157       26  6.129261E-03
 -8.443000E+01  2.604017E-02  6158       26  6.246582E-03
 -8.442000E+01  2.614937E-02  6159       26  6.353742E-03
 -8.441000E+01  2.628441E-02  6160       26  6.445024E-03
 -8.440000E+01  2.644118E-02  6161       26  6.530173E-03
 -8.439000E+01  2.660898E-02  6162       26  6.609257E-03
 -8.438000E+01  2.676731E-02  6163       26  6.677511E-03
 -8.437000E+01  2.694317E-02  6164       26  6.722266E-03
 -8.436000E+01  2.715091E-02  6165       26  6.743263E-03
 -8.435000E+01  2.739940E-02  6166       26  6.742725E-03
 -8.434000E+01  2.765445E-02  6167       26  6.738114E-03
 -8.433000E+01  2.786517E-02  6168       26  6.670744E-03
 -8.432000E+01  2.808042E-02  6169       26  6.591682E-03
 -8.431000E+01  2.832380E-02  6170       26  6.491181E-03
 -8.430000E+01  2.860869E-02  6171       26  6.363331E-03
 -8.429000E+01  2.889413E-02  6172       26  6.235996E-03
 -8.428000E+01  2.916927E-02  6173       26  6.103229E-03
 -8.427000E+01  2.945247E-02  6174       26  5.967767E-03
 -8.426000E+01  2.974993E-02  6175       26  5.821820E-03
 -8.425000E+01  3.005029E-02  6176       26  5.673281E-03
 -8.424000E+01  3.035020E-02  6177       26  5.508055E-03
 -8.423000E+01  3.064252E-02  6178       26  5.326113E-03
 -8.422000E+01  3.092950E-02  6179       26  5.154180E-03
 -8.421000E+01  3.119907E-02  6180       26  4.996161E-03
 -8.420000E+01  3.147056E-02  6181       26  4.836727E-03
 -8.419000E+01  3.173183E-02  6182       26  4.664262E-03
 -8.418000E+01  3.197915E-02  6183       26  4.489125E-03
 -8.417000E+01  3.221504E-02  6184       26  4.302631E-03
 -8.416000E+01  3.242146E-02  6185       26  4.111863E-03
 -8.415000E+01  3.261049E-02  6186       26  3.937431E-03
 -8.414000E+01  3.279569E-02  6187       26  3.771420E-03
 -8.413000E+01  3.295406E-02  6188       26  3.599198E-03
 -8.412000E+01  3.311188E-02  6189       26  3.434080E-03
 -8.411000E+01  3.325232E-02  6190       26  3.281157E-03
 -8.410000E+01  3.337235E-02  6191       26  3.138746E-03
 -8.409000E+01  3.348216E-02  6192       26  3.016857E-03
 -8.408000E+01  3.356724E-02  6193       26  2.907933E-03
 -8.407000E+01  3.365342E-02  6194       26  2.809326E-03
 -8.406000E+01  3.373013E-02  6195       26  2.720565E-03
 -8.405000E+01  3.378922E-02  6196       26  2.647031E-03
 -8.404000E+01  3.382251E-02  6197       26  2.588758E-03
 -8.403000E+01  3.383232E-02  6198       26  2.556930E-03
 -8.402000E+01  3.383493E-02  6199       26  2.532718E-03
 -8.401000E+01  3.383426E-02  6200       26  2.514203E-03
 -8.400000E+01  3.382139E-02  6201       26  2.517099E-03
 -8.399000E+01  3.379663E-02  6202       26  2.529459E-03
 -8.398000E+01  3.375469E-02  6203       26  2.525540E-03
 -8.397000E+01  3.371000E-02  6204       26  2.527444E-03
 -8.396000E+01  3.366564E-02  6205       26  2.536174E-03
 -8.395000E+01  3.361641E-02  6206       26  2.553517E-03
 -8.394000E+01  3.356702E-02  6207       26  2.575923E-03
 -8.393000E+01  3.349727E-02  6208       26  2.581000E-03
 -8.392000E+01  3.342123E-02  6209       26  2.587888E-03
 -8.391000E+01  3.334468E-02  6210       26  2.590760E-03
 -8.390000E+01  3.326946E-02  6211       26  2.589419E-03
 -8.389000E+01  3.319379E-02  6212       26  2.588993E-03
 -8.388000E+01  3.311466E-02  6213       26  2.592399E-03
 -8.387000E+01  3.303292E-02  6214       26  2.598094E-03
 -8.386000E+01  3.294795E-02  6215       26  2.604170E-03
 -8.385000E+01  3.285743E-02  6216       26  2.604356E-03
 -8.384000E+01  3.277090E-02  6217       26  2.598469E-03
 -8.383000E+01  3.267329E-02  6218       26  2.580008E-03
 -8.382000E+01  3.256792E-02  6219       26  2.552968E-03
 -8.381000E+01  3.246212E-02  6220       26  2.524844E-03
 -8.380000E+01  3.235465E-02  6221       26  2.496230E-03
 -8.379000E+01  3.224834E-02  6222       26  2.468005E-03
 -8.378000E+01  3.214196E-02  6223       26  2.439786E-03
 -8.377000E+01  3.203347E-02  6224       26  2.410160E-03
 -8.376000E+01  3.192178E-02  6225       26  2.377754E-03
 -8.375000E+01  3.181026E-02  6226       26  2.348888E-03
 -8.374000E+01  3.170008E-02  6227       26  2.319754E-03
 -8.373000E+01  3.158797E-02  6228       26  2.291576E-03
 -8.372000E+01  3.147275E-02  6229       26  2.265844E-03
 -8.371000E+01  3.135533E-02  6230       26  2.241250E-03
 -8.370000E+01  3.123857E-02  6231       26  2.218850E-03
 -8.369000E+01  3.111729E-02  6232       26  2.197851E-03
 -8.368000E+01  3.099387E-02  6233       26  2.181075E-03
 -8.367000E+01  3.086895E-02  6234       26  2.163986E-03
 -8.366000E+01  3.074140E-02  6235       26  2.148911E-03
 -8.365000E+01  3.061234E-02  6236       26  2.134652E-03
 -8.364000E+01  3.048250E-02  6237       26  2.121523E-03
 -8.363000E+01  3.035008E-02  6238       26  2.111722E-03
 -8.362000E+01  3.021346E-02  6239       26  2.103143E-03
 -8.361000E+01  3.007577E-02  6240       26  2.094855E-03
 -8.360000E+01  2.993659E-02  6241       26  2.088168E-03
 -8.359000E+01  2.979428E-02  6242       26  2.088299E-03
 -8.358000E+01  2.964837E-02  6243       26  2.091605E-03
 -8.357000E+01  2.949877E-02  6244       26  2.096626E-03
 -8.356000E+01  2.934956E-02  6245       26  2.102156E-03
 -8.355000E+01  2.920214E-02  6246       26  2.107712E-03
 -8.354000E+01  2.905610E-02  6247       26  2.113699E-03
 -8.353000E+01  2.891060E-02  6248       26  2.120702E-03
 -8.352000E+01  2.876528E-02  6249       26  2.129399E-03
 -8.351000E+01  2.861983E-02  6250       26  2.139289E-03
 -8.350000E+01  2.847318E-02  6251       26  2.149694E-03
 -8.349000E+01  2.832511E-02  6252       26  2.160191E-03
 -8.348000E+01  2.817619E-02  6253       26  2.171767E-03
 -8.347000E+01  2.802449E-02  6254       26  2.186196E-03
 -8.346000E+01  2.787062E-02  6255       26  2.199579E-03
 -8.345000E+01  2.771659E-02  6256       26  2.212990E-03
 -8.344000E+01  2.756506E-02  6257       26  2.227143E-03
 -8.343000E+01  2.741563E-02  6258       26  2.239680E-03
 -8.342000E+01  2.726621E-02  6259       26  2.252489E-03
 -8.341000E+01  2.711728E-02  6260       26  2.261725E-03
 -8.340000E+01  2.696941E-02  6261       26  2.270055E-03
 -8.339000E+01  2.682159E-02  6262       26  2.279414E-03
 -8.338000E+01  2.667189E-02  6263       26  2.284856E-03
 -8.337000E+01  2.652491E-02  6264       26  2.280332E-03
 -8.336000E+01  2.637886E-02  6265       26  2.275780E-03
 -8.335000E+01  2.623409E-02  6266       26  2.271537E-03
 -8.334000E+01  2.609032E-02  6267       26  2.268044E-03
 -8.333000E+01  2.594686E-02  6268       26  2.265238E-03
 -8.332000E+01  2.580316E-02  6269       26  2.260127E-03
 -8.331000E+01  2.566144E-02  6270       26  2.252898E-03
 -8.330000E+01  2.552176E-02  6271       26  2.246976E-03
 -8.329000E+01  2.538251E-02  6272       26  2.241483E-03
 -8.328000E+01  2.524302E-02  6273       26  2.236300E-03
 -8.327000E+01  2.510084E-02  6274       26  2.232590E-03
 -8.326000E+01  2.495966E-02  6275       26  2.228828E-03
 -8.325000E+01  2.481956E-02  6276       26  2.224285E-03
 -8.324000E+01  2.467870E-02  6277       26  2.220174E-03
 -8.323000E+01  2.453623E-02  6278       26  2.216538E-03
 -8.322000E+01  2.439461E-02  6279       26  2.214126E-03
 -8.321000E+01  2.425453E-02  6280       26  2.210891E-03
 -8.320000E+01  2.411533E-02  6281       26  2.207725E-03
 -8.319000E+01  2.397724E-02  6282       26  2.204767E-03
 -8.318000E+01  2.383995E-02  6283       26  2.202428E-03
 -8.317000E+01  2.370221E-02  6284       26  2.199956E-03
 -8.316000E+01  2.356226E-02  6285       26  2.196864E-03
 -8.315000E+01  2.341988E-02  6286       26  2.195864E-03
 -8.314000E+01  2.327733E-02  6287       26  2.194976E-03
 -8.313000E+01  2.313432E-02  6288       26  2.194171E-03
 -8.312000E+01  2.299072E-02  6289       26  2.192944E-03
 -8.311000E+01  2.284803E-02  6290       26  2.190630E-03
 -8.310000E+01  2.270563E-02  6291       26  2.187553E-03
 -8.309000E+01  2.256527E-02  6292       26  2.183142E-03
 -8.308000E+01  2.242529E-02  6293       26  2.178591E-03
 -8.307000E+01  2.228649E-02  6294       26  2.174043E-03
 -8.306000E+01  2.214365E-02  6295       26  2.164840E-03
 -8.305000E+01  2.199954E-02  6296       26  2.157177E-03
 -8.304000E+01  2.185623E-02  6297       26  2.149730E-03
 -8.303000E+01  2.171389E-02  6298       26  2.142342E-03
 -8.302000E+01  2.157090E-02  6299       26  2.135330E-03
 -8.301000E+01  2.142723E-02  6300       26  2.128748E-03
 -8.300000E+01  2.128198E-02  6301       26  2.124492E-03
 -8.299000E+01  2.113700E-02  6302       26  2.120683E-03
 -8.298000E+01  2.099137E-02  6303       26  2.116756E-03
 -8.297000E+01  2.084323E-02  6304       26  2.112945E-03
 -8.296000E+01  2.069601E-02  6305       26  2.111076E-03
 -8.295000E+01  2.054920E-02  6306       26  2.109662E-03
 -8.294000E+01  2.040307E-02  6307       26  2.108459E-03
 -8.293000E+01  2.025577E-02  6308       26  2.108007E-03
 -8.292000E+01  2.010653E-02  6309       26  2.107572E-03
 -8.291000E+01  1.995643E-02  6310       26  2.107384E-03
 -8.290000E+01  1.980707E-02  6311       26  2.107189E-03
 -8.289000E+01  1.965569E-02  6312       26  2.107204E-03
 -8.288000E+01  1.950316E-02  6313       26  2.107775E-03
 -8.287000E+01  1.935000E-02  6314       26  2.108525E-03
 -8.286000E+01  1.919670E-02  6315       26  2.109568E-03
 -8.285000E+01  1.904107E-02  6316       26  2.108066E-03
 -8.284000E+01  1.888532E-02  6317       26  2.101633E-03
 -8.283000E+01  1.872363E-02  6318       26  2.088833E-03
 -8.282000E+01  1.855983E-02  6319       26  2.073318E-03
 -8.281000E+01  1.839682E-02  6320       26  2.058321E-03
 -8.280000E+01  1.823333E-02  6321       26  2.044217E-03
 -8.279000E+01  1.806944E-02  6322       26  2.031359E-03
 -8.278000E+01  1.790395E-02  6323       26  2.018705E-03
 -8.277000E+01  1.773582E-02  6324       26  2.003431E-03
 -8.276000E+01  1.756625E-02  6325       26  1.985504E-03
 -8.275000E+01  1.739888E-02  6326       26  1.969837E-03
 -8.274000E+01  1.723180E-02  6327       26  1.955251E-03
 -8.273000E+01  1.706348E-02  6328       26  1.941735E-03
 -8.272000E+01  1.689231E-02  6329       26  1.929463E-03
 -8.271000E+01  1.672036E-02  6330       26  1.918169E-03
 -8.270000E+01  1.654887E-02  6331       26  1.907980E-03
 -8.269000E+01  1.637573E-02  6332       26  1.898452E-03
 -8.268000E+01  1.620184E-02  6333       26  1.889932E-03
 -8.267000E+01  1.602832E-02  6334       26  1.880621E-03
 -8.266000E+01  1.585432E-02  6335       26  1.872569E-03
 -8.265000E+01  1.567909E-02  6336       26  1.865625E-03
 -8.264000E+01  1.550297E-02  6337       26  1.859744E-03
 -8.263000E+01  1.532728E-02  6338       26  1.854964E-03
 -8.262000E+01  1.515162E-02  6339       26  1.850806E-03
 -8.261000E+01  1.497633E-02  6340       26  1.848021E-03
 -8.260000E+01  1.480018E-02  6341       26  1.846766E-03
 -8.259000E+01  1.462150E-02  6342       26  1.845978E-03
 -8.258000E+01  1.444122E-02  6343       26  1.846726E-03
 -8.257000E+01  1.425934E-02  6344       26  1.848832E-03
 -8.256000E+01  1.408030E-02  6345       26  1.851821E-03
 -8.255000E+01  1.390358E-02  6346       26  1.855554E-03
 -8.254000E+01  1.372782E-02  6347       26  1.860309E-03
 -8.253000E+01  1.355308E-02  6348       26  1.865414E-03
 -8.252000E+01  1.337899E-02  6349       26  1.871821E-03
 -8.251000E+01  1.320602E-02  6350       26  1.879062E-03
 -8.250000E+01  1.303245E-02  6351       26  1.886507E-03
 -8.249000E+01  1.285715E-02  6352       26  1.893541E-03
 -8.248000E+01  1.268147E-02  6353       26  1.901928E-03
 -8.247000E+01  1.250429E-02  6354       26  1.912689E-03
 -8.246000E+01  1.232615E-02  6355       26  1.923443E-03
 -8.245000E+01  1.214827E-02  6356       26  1.935013E-03
 -8.244000E+01  1.197214E-02  6357       26  1.947996E-03
 -8.243000E+01  1.179794E-02  6358       26  1.960541E-03
 -8.242000E+01  1.162352E-02  6359       26  1.973581E-03
 -8.241000E+01  1.144913E-02  6360       26  1.983280E-03
 -8.240000E+01  1.127513E-02  6361       26  1.992544E-03
 -8.239000E+01  1.110038E-02  6362       26  2.002327E-03
 -8.238000E+01  1.092538E-02  6363       26  2.012923E-03
 -8.237000E+01  1.075450E-02  6364       26  2.016013E-03
 -8.236000E+01  1.058548E-02  6365       26  2.017138E-03
 -8.235000E+01  1.041660E-02  6366       26  2.018565E-03
 -8.234000E+01  1.024828E-02  6367       26  2.020719E-03
 -8.233000E+01  1.008041E-02  6368       26  2.023536E-03
 -8.232000E+01  9.912408E-03  6369       26  2.025732E-03
 -8.231000E+01  9.746011E-03  6370       26  2.026918E-03
 -8.230000E+01  9.580628E-03  6371       26  2.028499E-03
 -8.229000E+01  9.414930E-03  6372       26  2.030480E-03
 -8.228000E+01  9.248726E-03  6373       26  2.032881E-03
 -8.227000E+01  9.079903E-03  6374       26  2.036356E-03
 -8.226000E+01  8.911291E-03  6375       26  2.039073E-03
 -8.225000E+01  8.743739E-03  6376       26  2.039932E-03
 -8.224000E+01  8.574926E-03  6377       26  2.040433E-03
 -8.223000E+01  8.404590E-03  6378       26  2.040905E-03
 -8.222000E+01  8.234255E-03  6379       26  2.041826E-03
 -8.221000E+01  8.064728E-03  6380       26  2.041862E-03
 -8.220000E+01  7.895724E-03  6381       26  2.042296E-03
 -8.219000E+01  7.726880E-03  6382       26  2.043480E-03
 -8.218000E+01  7.558658E-03  6383       26  2.045332E-03
 -8.217000E+01  7.389958E-03  6384       26  2.047230E-03
 -8.216000E+01  7.219068E-03  6385       26  2.049104E-03
 -8.215000E+01  7.045288E-03  6386       26  2.051792E-03
 -8.214000E+01  6.870888E-03  6387       26  2.053692E-03
 -8.213000E+01  6.696885E-03  6388       26  2.055653E-03
 -8.212000E+01  6.522965E-03  6389       26  2.057805E-03
 -8.211000E+01  6.349763E-03  6390       26  2.059314E-03
 -8.210000E+01  6.176513E-03  6391       26  2.060479E-03
 -8.209000E+01  6.004069E-03  6392       26  2.060406E-03
 -8.208000E+01  5.831942E-03  6393       26  2.060726E-03
 -8.207000E+01  5.661046E-03  6394       26  2.061329E-03
 -8.206000E+01  5.490152E-03  6395       26  2.061435E-03
 -8.205000E+01  5.318160E-03  6396       26  2.062323E-03
 -8.204000E+01  5.147332E-03  6397       26  2.063273E-03
 -8.203000E+01  4.977341E-03  6398       26  2.064884E-03
 -8.202000E+01  4.807229E-03  6399       26  2.067046E-03
 -8.201000E+01  4.636940E-03  6400       26  2.069784E-03
 -8.200000E+01  4.465126E-03  6401       26  2.073841E-03
 -8.199000E+01  4.293776E-03  6402       26  2.077857E-03
 -8.198000E+01  4.121641E-03  6403       26  2.080964E-03
 -8.197000E+01  3.949020E-03  6404       26  2.084393E-03
 -8.196000E+01  3.780093E-03  6405       26  2.086940E-03
 -8.195000E+01  3.612008E-03  6406       26  2.089258E-03
 -8.194000E+01  3.445399E-03  6407       26  2.090793E-03
 -8.193000E+01  3.278782E-03  6408       26  2.093477E-03
 -8.192000E+01  3.111837E-03  6409       26  2.096941E-03
 -8.191000E+01  2.944162E-03  6410       26  2.100445E-03
 -8.190000E+01  2.777478E-03  6411       26  2.102528E-03
 -8.189000E+01  2.610677E-03  6412       26  2.104469E-03
 -8.188000E+01  2.444215E-03  6413       26  2.107134E-03
 -8.187000E+01  2.278103E-03  6414       26  2.110047E-03
 -8.186000E+01  2.112379E-03  6415       26  2.113092E-03
 -8.185000E+01  1.944631E-03  6416       26  2.114732E-03
 -8.184000E+01  1.776858E-03  6417       26  2.112491E-03
 -8.183000E+01  1.604189E-03  6418       26  2.104569E-03
 -8.182000E+01  1.430191E-03  6419       26  2.095098E-03
 -8.181000E+01  1.256569E-03  6420       26  2.086293E-03
 -8.180000E+01  1.082273E-03  6421       26  2.078570E-03
 -8.179000E+01  9.080838E-04  6422       26  2.071696E-03
 -8.178000E+01  7.332641E-04  6423       26  2.065158E-03
 -8.177000E+01  5.573200E-04  6424       26  2.057866E-03
 -8.176000E+01  3.803141E-04  6425       26  2.049574E-03
 -8.175000E+01  2.039541E-04  6426       26  2.042007E-03
 -8.174000E+01  2.799575E-05  6427       26  2.035018E-03
 -8.173000E+01 -1.488004E-04  6428       26  2.029349E-03
 -8.172000E+01 -3.274296E-04  6429       26  2.024588E-03
 -8.171000E+01 -5.059487E-04  6430       26  2.020677E-03
 -8.170000E+01 -6.838823E-04  6431       26  2.017139E-03
 -8.169000E+01 -8.632909E-04  6432       26  2.014296E-03
 -8.168000E+01 -1.042409E-03  6433       26  2.011860E-03
 -8.167000E+01 -1.220260E-03  6434       26  2.009545E-03
 -8.166000E+01 -1.397986E-03  6435       26  2.008280E-03
 -8.165000E+01 -1.576041E-03  6436       26  2.008097E-03
 -8.164000E+01 -1.754411E-03  6437       26  2.009013E-03
 -8.163000E+01 -1.931483E-03  6438       26  2.009730E-03
 -8.162000E+01 -2.107913E-03  6439       26  2.011439E-03
 -8.161000E+01 -2.283758E-03  6440       26  2.014663E-03
 -8.160000E+01 -2.459552E-03  6441       26  2.019283E-03
 -8.159000E+01 -2.635401E-03  6442       26  2.025057E-03
 -8.158000E+01 -2.812023E-03  6443       26  2.032167E-03
 -8.157000E+01 -2.989267E-03  6444       26  2.040316E-03
 -8.156000E+01 -3.163964E-03  6445       26  2.050278E-03
 -8.155000E+01 -3.337249E-03  6446       26  2.061097E-03
 -8.154000E+01 -3.509957E-03  6447       26  2.072463E-03
 -8.153000E+01 -3.680995E-03  6448       26  2.082456E-03
 -8.152000E+01 -3.851031E-03  6449       26  2.092910E-03
 -8.151000E+01 -4.019276E-03  6450       26  2.102873E-03
 -8.150000E+01 -4.187778E-03  6451       26  2.112894E-03
 -8.149000E+01 -4.357151E-03  6452       26  2.122771E-03
 -8.148000E+01 -4.526584E-03  6453       26  2.133381E-03
 -8.147000E+01 -4.697105E-03  6454       26  2.145535E-03
 -8.146000E+01 -4.868334E-03  6455       26  2.157516E-03
 -8.145000E+01 -5.039193E-03  6456       26  2.170007E-03
 -8.144000E+01 -5.209092E-03  6457       26  2.183359E-03
 -8.143000E+01 -5.378637E-03  6458       26  2.196658E-03
 -8.142000E+01 -5.548203E-03  6459       26  2.210141E-03
 -8.141000E+01 -5.716838E-03  6460       26  2.220304E-03
 -8.140000E+01 -5.884966E-03  6461       26  2.230407E-03
 -8.139000E+01 -6.053142E-03  6462       26  2.241018E-03
 -8.138000E+01 -6.221448E-03  6463       26  2.251965E-03
 -8.137000E+01 -6.386432E-03  6464       26  2.256480E-03
 -8.136000E+01 -6.549664E-03  6465       26  2.258950E-03
 -8.135000E+01 -6.712459E-03  6466       26  2.261189E-03
 -8.134000E+01 -6.874302E-03  6467       26  2.263814E-03
 -8.133000E+01 -7.032673E-03  6468       26  2.266456E-03
 -8.132000E+01 -7.190942E-03  6469       26  2.269102E-03
 -8.131000E+01 -7.347329E-03  6470       26  2.270636E-03
 -8.130000E+01 -7.502719E-03  6471       26  2.272215E-03
 -8.129000E+01 -7.658509E-03  6472       26  2.274019E-03
 -8.128000E+01 -7.814582E-03  6473       26  2.276067E-03
 -8.127000E+01 -7.972270E-03  6474       26  2.278366E-03
 -8.126000E+01 -8.130185E-03  6475       26  2.280334E-03
 -8.125000E+01 -8.287450E-03  6476       26  2.281307E-03
 -8.124000E+01 -8.445099E-03  6477       26  2.282201E-03
 -8.123000E+01 -8.602514E-03  6478       26  2.282858E-03
 -8.122000E+01 -8.759962E-03  6479       26  2.283860E-03
 -8.121000E+01 -8.915319E-03  6480       26  2.280945E-03
 -8.120000E+01 -9.069829E-03  6481       26  2.278233E-03
 -8.119000E+01 -9.223699E-03  6482       26  2.276343E-03
 -8.118000E+01 -9.365023E-03  6483       26  2.277280E-03
 -8.117000E+01 -9.466498E-03  6484       26  2.295036E-03
 -8.116000E+01 -9.569058E-03  6485       26  2.328209E-03
 -8.115000E+01 -9.673943E-03  6486       26  2.376722E-03
 -8.114000E+01 -9.778861E-03  6487       26  2.438836E-03
 -8.113000E+01 -9.880901E-03  6488       26  2.513740E-03
 -8.112000E+01 -9.980890E-03  6489       26  2.599675E-03
 -8.111000E+01 -1.007844E-02  6490       26  2.693318E-03
 -8.110000E+01 -1.017536E-02  6491       26  2.795451E-03
 -8.109000E+01 -1.027127E-02  6492       26  2.903544E-03
 -8.108000E+01 -1.036066E-02  6493       26  3.019678E-03
 -8.107000E+01 -1.042193E-02  6494       26  3.146718E-03
 -8.106000E+01 -1.047607E-02  6495       26  3.270491E-03
 -8.105000E+01 -1.052630E-02  6496       26  3.397950E-03
 -8.104000E+01 -1.057369E-02  6497       26  3.534629E-03
 -8.103000E+01 -1.061082E-02  6498       26  3.680456E-03
 -8.102000E+01 -1.061071E-02  6499       26  3.925085E-03
 -8.101000E+01 -1.057810E-02  6500       26  4.252214E-03
 -8.100000E+01 -1.053194E-02  6501       26  4.584054E-03
 -8.099000E+01 -1.047967E-02  6502       26  4.921610E-03
 -8.098000E+01 -1.042540E-02  6503       26  5.267180E-03
 -8.097000E+01 -1.032645E-02  6504       26  5.617128E-03
 -8.096000E+01 -1.020828E-02  6505       26  5.962869E-03
 -8.095000E+01 -1.005363E-02  6506       26  6.296695E-03
 -8.094000E+01 -9.855608E-03  6507       26  6.614694E-03
 -8.093000E+01 -9.638019E-03  6508       26  6.936905E-03
 -8.092000E+01 -9.373040E-03  6509       26  7.283373E-03
 -8.091000E+01 -9.057130E-03  6510       26  7.661777E-03
 -8.090000E+01 -8.689041E-03  6511       26  8.018424E-03
 -8.089000E+01 -8.282783E-03  6512       26  8.367162E-03
 -8.088000E+01 -7.843887E-03  6513       26  8.710611E-03
 -8.087000E+01 -7.384560E-03  6514       26  9.002452E-03
 -8.086000E+01 -6.936901E-03  6515       26  9.121201E-03
 -8.085000E+01 -6.445134E-03  6516       26  9.246767E-03
 -8.084000E+01 -5.874444E-03  6517       26  9.332928E-03
 -8.083000E+01 -5.257547E-03  6518       26  9.413103E-03
 -8.082000E+01 -4.622445E-03  6519       26  9.507088E-03
 -8.081000E+01 -3.936441E-03  6520       26  9.603627E-03
 -8.080000E+01 -3.250437E-03  6521       26  9.723734E-03
 -8.079000E+01 -2.528097E-03  6522       26  9.828446E-03
 -8.078000E+01 -1.749692E-03  6523       26  9.917374E-03
 -8.077000E+01 -9.260114E-04  6524       26  9.986329E-03
 -8.076000E+01 -1.115384E-04  6525       26  1.003577E-02
 -8.075000E+01  6.836421E-04  6526       26  1.007778E-02
 -8.074000E+01  1.504371E-03  6527       26  1.010078E-02
 -8.073000E+01  2.392838E-03  6528       26  1.008405E-02
 -8.072000E+01  3.336763E-03  6529       26  1.001773E-02
 -8.071000E+01  4.287488E-03  6530       26  9.893512E-03
 -8.070000E+01  5.202082E-03  6531       26  9.737291E-03
 -8.069000E+01  6.099057E-03  6532       26  9.605121E-03
 -8.068000E+01  6.978267E-03  6533       26  9.490711E-03
 -8.067000E+01  7.941595E-03  6534       26  9.264561E-03
 -8.066000E+01  8.868211E-03  6535       26  9.029250E-03
 -8.065000E+01  9.760002E-03  6536       26  8.775863E-03
 -8.064000E+01  1.063305E-02  6537       26  8.529602E-03
 -8.063000E+01  1.149087E-02  6538       26  8.306043E-03
 -8.062000E+01  1.234897E-02  6539       26  8.010267E-03
 -8.061000E+01  1.320808E-02  6540       26  7.688667E-03
 -8.060000E+01  1.400907E-02  6541       26  7.317411E-03
 -8.059000E+01  1.476585E-02  6542       26  6.917081E-03
 -8.058000E+01  1.546259E-02  6543       26  6.522529E-03
 -8.057000E+01  1.607489E-02  6544       26  6.145912E-03
 -8.056000E+01  1.664804E-02  6545       26  5.786966E-03
 -8.055000E+01  1.719616E-02  6546       26  5.440984E-03
 -8.054000E+01  1.769824E-02  6547       26  5.045376E-03
 -8.053000E+01  1.816459E-02  6548       26  4.645979E-03
 -8.052000E+01  1.860657E-02  6549       26  4.285992E-03
 -8.051000E+01  1.896320E-02  6550       26  3.990838E-03
 -8.050000E+01  1.928842E-02  6551       26  3.710783E-03
 -8.049000E+01  1.959869E-02  6552       26  3.454846E-03
 -8.048000E+01  1.987111E-02  6553       26  3.213167E-03
 -8.047000E+01  2.007801E-02  6554       26  2.997217E-03
 -8.046000E+01  2.022135E-02  6555       26  2.831878E-03
 -8.045000E+01  2.033201E-02  6556       26  2.687924E-03
 -8.044000E+01  2.043053E-02  6557       26  2.551576E-03
 -8.043000E+01  2.052661E-02  6558       26  2.442036E-03
 -8.042000E+01  2.059179E-02  6559       26  2.338769E-03
 -8.041000E+01  2.061821E-02  6560       26  2.270527E-03
 -8.040000E+01  2.060551E-02  6561       26  2.222633E-03
 -8.039000E+01  2.057692E-02  6562       26  2.186039E-03
 -8.038000E+01  2.054260E-02  6563       26  2.157666E-03
 -8.037000E+01  2.048903E-02  6564       26  2.160077E-03
 -8.036000E+01  2.041100E-02  6565       26  2.184412E-03
 -8.035000E+01  2.029458E-02  6566       26  2.210064E-03
 -8.034000E+01  2.017585E-02  6567       26  2.240840E-03
 -8.033000E+01  2.005668E-02  6568       26  2.276754E-03
 -8.032000E+01  1.993308E-02  6569       26  2.315458E-03
 -8.031000E+01  1.980323E-02  6570       26  2.349263E-03
 -8.030000E+01  1.965117E-02  6571       26  2.348956E-03
 -8.029000E+01  1.949935E-02  6572       26  2.350502E-03
 -8.028000E+01  1.934793E-02  6573       26  2.354346E-03
 -8.027000E+01  1.919450E-02  6574       26  2.359275E-03
 -8.026000E+01  1.903520E-02  6575       26  2.360919E-03
 -8.025000E+01  1.887341E-02  6576       26  2.360889E-03
 -8.024000E+01  1.871037E-02  6577       26  2.361161E-03
 -8.023000E+01  1.854521E-02  6578       26  2.362367E-03
 -8.022000E+01  1.838014E-02  6579       26  2.364275E-03
 -8.021000E+01  1.821803E-02  6580       26  2.362366E-03
 -8.020000E+01  1.805615E-02  6581       26  2.360777E-03
 -8.019000E+01  1.789297E-02  6582       26  2.360124E-03
 -8.018000E+01  1.772920E-02  6583       26  2.359776E-03
 -8.017000E+01  1.756557E-02  6584       26  2.359851E-03
 -8.016000E+01  1.740033E-02  6585       26  2.360607E-03
 -8.015000E+01  1.723268E-02  6586       26  2.363085E-03
 -8.014000E+01  1.706426E-02  6587       26  2.364894E-03
 -8.013000E+01  1.689477E-02  6588       26  2.366458E-03
 -8.012000E+01  1.672484E-02  6589       26  2.367603E-03
 -8.011000E+01  1.655578E-02  6590       26  2.367936E-03
 -8.010000E+01  1.638692E-02  6591       26  2.367723E-03
 -8.009000E+01  1.621866E-02  6592       26  2.365724E-03
 -8.008000E+01  1.605069E-02  6593       26  2.363975E-03
 -8.007000E+01  1.588365E-02  6594       26  2.361060E-03
 -8.006000E+01  1.571714E-02  6595       26  2.356866E-03
 -8.005000E+01  1.555057E-02  6596       26  2.352397E-03
 -8.004000E+01  1.538511E-02  6597       26  2.348194E-03
 -8.003000E+01  1.522128E-02  6598       26  2.344324E-03
 -8.002000E+01  1.505771E-02  6599       26  2.340819E-03
 -8.001000E+01  1.489388E-02  6600       26  2.337447E-03
 -8.000000E+01  1.472770E-02  6601       26  2.333857E-03
 -7.999000E+01  1.456157E-02  6602       26  2.330067E-03
 -7.998000E+01  1.439478E-02  6603       26  2.325701E-03
 -7.997000E+01  1.413586E-02  6604       25  2.321651E-03
 -7.996000E+01  1.396916E-02  6605       25  2.319141E-03
 -7.995000E+01  1.380286E-02  6606       25  2.316921E-03
 -7.994000E+01  1.363805E-02  6607       25  2.314442E-03
 -7.993000E+01  1.347313E-02  6608       25  2.312253E-03
 -7.992000E+01  1.330594E-02  6609       25  2.310937E-03
 -7.991000E+01  1.313738E-02  6610       25  2.310279E-03
 -7.990000E+01  1.296892E-02  6611       25  2.309737E-03
 -7.989000E+01  1.279955E-02  6612       25  2.309774E-03
 -7.988000E+01  1.263014E-02  6613       25  2.310478E-03
 -7.987000E+01  1.246058E-02  6614       25  2.311413E-03
 -7.986000E+01  1.229094E-02  6615       25  2.312762E-03
 -7.985000E+01  1.211971E-02  6616       25  2.313143E-03
 -7.984000E+01  1.194882E-02  6617       25  2.309598E-03
 -7.983000E+01  1.177332E-02  6618       25  2.300880E-03
 -7.982000E+01  1.159638E-02  6619       25  2.290576E-03
 -7.981000E+01  1.142037E-02  6620       25  2.280812E-03
 -7.980000E+01  1.124437E-02  6621       25  2.271860E-03
 -7.979000E+01  1.106870E-02  6622       25  2.263667E-03
 -7.978000E+01  1.089234E-02  6623       25  2.256453E-03
 -7.977000E+01  1.071480E-02  6624       25  2.248946E-03
 -7.976000E+01  1.053730E-02  6625       25  2.240286E-03
 -7.975000E+01  1.036079E-02  6626       25  2.231079E-03
 -7.974000E+01  1.018496E-02  6627       25  2.221938E-03
 -7.973000E+01  1.000848E-02  6628       25  2.213906E-03
 -7.972000E+01  9.830825E-03  6629       25  2.206892E-03
 -7.971000E+01  9.653183E-03  6630       25  2.200554E-03
 -7.970000E+01  9.475698E-03  6631       25  2.194908E-03
 -7.969000E+01  9.296377E-03  6632       25  2.188712E-03
 -7.968000E+01  9.117347E-03  6633       25  2.182461E-03
 -7.967000E+01  8.938996E-03  6634       25  2.175880E-03
 -7.966000E+01  8.760394E-03  6635       25  2.170135E-03
 -7.965000E+01  8.581571E-03  6636       25  2.165320E-03
 -7.964000E+01  8.402607E-03  6637       25  2.161597E-03
 -7.963000E+01  8.224962E-03  6638       25  2.157995E-03
 -7.962000E+01  8.047516E-03  6639       25  2.154768E-03
 -7.961000E+01  7.870452E-03  6640       25  2.152823E-03
 -7.960000E+01  7.692193E-03  6641       25  2.153033E-03
 -7.959000E+01  7.515132E-03  6642       25  2.155979E-03
 -7.958000E+01  7.337154E-03  6643       25  2.159783E-03
 -7.957000E+01  7.157555E-03  6644       25  2.165315E-03
 -7.956000E+01  6.980226E-03  6645       25  2.172208E-03
 -7.955000E+01  6.803374E-03  6646       25  2.180072E-03
 -7.954000E+01  6.626477E-03  6647       25  2.188747E-03
 -7.953000E+01  6.451156E-03  6648       25  2.196676E-03
 -7.952000E+01  6.276868E-03  6649       25  2.205190E-03
 -7.951000E+01  6.103563E-03  6650       25  2.213398E-03
 -7.950000E+01  5.929701E-03  6651       25  2.221588E-03
 -7.949000E+01  5.754879E-03  6652       25  2.229899E-03
 -7.948000E+01  5.580080E-03  6653       25  2.239005E-03
 -7.947000E+01  5.404341E-03  6654       25  2.249948E-03
 -7.946000E+01  5.227626E-03  6655       25  2.260282E-03
 -7.945000E+01  5.051172E-03  6656       25  2.270614E-03
 -7.944000E+01  4.875796E-03  6657       25  2.280058E-03
 -7.943000E+01  4.700375E-03  6658       25  2.288756E-03
 -7.942000E+01  4.524807E-03  6659       25  2.297638E-03
 -7.941000E+01  4.350552E-03  6660       25  2.302069E-03
 -7.940000E+01  4.176850E-03  6661       25  2.306815E-03
 -7.939000E+01  4.003247E-03  6662       25  2.312229E-03
 -7.938000E+01  3.829536E-03  6663       25  2.318008E-03
 -7.937000E+01  3.658751E-03  6664       25  2.319167E-03
 -7.936000E+01  3.489764E-03  6665       25  2.318482E-03
 -7.935000E+01  3.321106E-03  6666       25  2.317504E-03
 -7.934000E+01  3.152891E-03  6667       25  2.316842E-03
 -7.933000E+01  2.984715E-03  6668       25  2.316518E-03
 -7.932000E+01  2.816690E-03  6669       25  2.316002E-03
 -7.931000E+01  2.650209E-03  6670       25  2.314009E-03
 -7.930000E+01  2.484846E-03  6671       25  2.312625E-03
 -7.929000E+01  2.319173E-03  6672       25  2.311932E-03
 -7.928000E+01  2.153720E-03  6673       25  2.312789E-03
 -7.927000E+01  1.986671E-03  6674       25  2.313731E-03
 -7.926000E+01  1.819449E-03  6675       25  2.314070E-03
 -7.925000E+01  1.652634E-03  6676       25  2.313815E-03
 -7.924000E+01  1.485253E-03  6677       25  2.313452E-03
 -7.923000E+01  1.317279E-03  6678       25  2.312930E-03
 -7.922000E+01  1.149230E-03  6679       25  2.312624E-03
 -7.921000E+01  9.833513E-04  6680       25  2.308888E-03
 -7.920000E+01  8.181510E-04  6681       25  2.305069E-03
 -7.919000E+01  6.533221E-04  6682       25  2.302026E-03
 -7.918000E+01  4.892136E-04  6683       25  2.299336E-03
 -7.917000E+01  3.252179E-04  6684       25  2.296887E-03
 -7.916000E+01  1.597799E-04  6685       25  2.295213E-03
 -7.915000E+01 -7.635807E-06  6686       25  2.295064E-03
 -7.914000E+01 -1.752228E-04  6687       25  2.294921E-03
 -7.913000E+01 -3.401024E-04  6688       25  2.294484E-03
 -7.912000E+01 -5.024313E-04  6689       25  2.294709E-03
 -7.911000E+01 -6.623764E-04  6690       25  2.293305E-03
 -7.910000E+01 -8.218681E-04  6691       25  2.291372E-03
 -7.909000E+01 -9.799375E-04  6692       25  2.287829E-03
 -7.908000E+01 -1.137718E-03  6693       25  2.285078E-03
 -7.907000E+01 -1.295175E-03  6694       25  2.283354E-03
 -7.906000E+01 -1.450621E-03  6695       25  2.277870E-03
 -7.905000E+01 -1.605525E-03  6696       25  2.270335E-03
 -7.904000E+01 -1.759205E-03  6697       25  2.262749E-03
 -7.903000E+01 -1.909912E-03  6698       25  2.256010E-03
 -7.902000E+01 -2.059639E-03  6699       25  2.249849E-03
 -7.901000E+01 -2.207544E-03  6700       25  2.244803E-03
 -7.900000E+01 -2.354226E-03  6701       25  2.240450E-03
 -7.899000E+01 -2.499394E-03  6702       25  2.234733E-03
 -7.898000E+01 -2.644112E-03  6703       25  2.228828E-03
 -7.897000E+01 -2.931704E-03  6704       24  2.135223E-03
 -7.896000E+01 -3.061807E-03  6705       24  2.130624E-03
 -7.895000E+01 -3.184632E-03  6706       24  2.121909E-03
 -7.894000E+01 -3.299281E-03  6707       24  2.106322E-03
 -7.893000E+01 -3.410887E-03  6708       24  2.090945E-03
 -7.892000E+01 -3.517778E-03  6709       24  2.080063E-03
 -7.891000E+01 -3.621116E-03  6710       24  2.077263E-03
 -7.890000E+01 -3.714506E-03  6711       24  2.068313E-03
 -7.889000E+01 -3.802207E-03  6712       24  2.058367E-03
 -7.888000E+01 -3.886793E-03  6713       24  2.050505E-03
 -7.887000E+01 -3.964200E-03  6714       24  2.046104E-03
 -7.886000E+01 -4.036078E-03  6715       24  2.046516E-03
 -7.885000E+01 -4.102644E-03  6716       24  2.053932E-03
 -7.884000E+01 -4.158793E-03  6717       24  2.050152E-03
 -7.883000E+01 -4.214095E-03  6718       24  2.044578E-03
 -7.882000E+01 -4.267194E-03  6719       24  2.043277E-03
 -7.881000E+01 -4.309276E-03  6720       24  2.046013E-03
 -7.880000E+01 -4.351359E-03  6721       24  2.053058E-03
 -7.879000E+01 -4.388211E-03  6722       24  2.060101E-03
 -7.878000E+01 -4.417470E-03  6723       24  2.067112E-03
 -7.877000E+01 -4.440349E-03  6724       24  2.081608E-03
 -7.876000E+01 -4.460168E-03  6725       24  2.101764E-03
 -7.875000E+01 -4.477549E-03  6726       24  2.132105E-03
 -7.874000E+01 -4.489738E-03  6727       24  2.163599E-03
 -7.873000E+01 -4.489593E-03  6728       24  2.185843E-03
 -7.872000E+01 -4.482709E-03  6729       24  2.204963E-03
 -7.871000E+01 -4.470680E-03  6730       24  2.224962E-03
 -7.870000E+01 -4.460025E-03  6731       24  2.247444E-03
 -7.869000E+01 -4.446480E-03  6732       24  2.270352E-03
 -7.868000E+01 -4.426566E-03  6733       24  2.289720E-03
 -7.867000E+01 -4.391921E-03  6734       24  2.303940E-03
 -7.866000E+01 -4.362748E-03  6735       24  2.311491E-03
 -7.865000E+01 -4.340625E-03  6736       24  2.310521E-03
 -7.864000E+01 -4.321822E-03  6737       24  2.309172E-03
 -7.863000E+01 -4.297852E-03  6738       24  2.303650E-03
 -7.862000E+01 -4.266913E-03  6739       24  2.301933E-03
 -7.861000E+01 -4.231826E-03  6740       24  2.301184E-03
 -7.860000E+01 -4.199383E-03  6741       24  2.300023E-03
 -7.859000E+01 -4.173151E-03  6742       24  2.292599E-03
 -7.858000E+01 -4.153540E-03  6743       24  2.288433E-03
 -7.857000E+01 -4.136806E-03  6744       24  2.285068E-03
 -7.856000E+01 -4.117978E-03  6745       24  2.276451E-03
 -7.855000E+01 -4.099225E-03  6746       24  2.265104E-03
 -7.854000E+01 -4.084857E-03  6747       24  2.248331E-03
 -7.853000E+01 -4.075062E-03  6748       24  2.233238E-03
 -7.852000E+01 -4.065548E-03  6749       24  2.217315E-03
 -7.851000E+01 -4.057396E-03  6750       24  2.199391E-03
 -7.850000E+01 -4.054450E-03  6751       24  2.182215E-03
 -7.849000E+01 -4.053728E-03  6752       24  2.166342E-03
 -7.848000E+01 -4.057525E-03  6753       24  2.154301E-03
 -7.847000E+01 -4.072754E-03  6754       24  2.150457E-03
 -7.846000E+01 -4.095852E-03  6755       24  2.141550E-03
 -7.845000E+01 -4.123661E-03  6756       24  2.130612E-03
 -7.844000E+01 -4.151764E-03  6757       24  2.122448E-03
 -7.843000E+01 -4.174753E-03  6758       24  2.112612E-03
 -7.842000E+01 -4.200553E-03  6759       24  2.100865E-03
 -7.841000E+01 -4.231424E-03  6760       24  2.090370E-03
 -7.840000E+01 -4.269314E-03  6761       24  2.078734E-03
 -7.839000E+01 -4.305927E-03  6762       24  2.068825E-03
 -7.838000E+01 -4.338216E-03  6763       24  2.066930E-03
 -7.837000E+01 -4.363409E-03  6764       24  2.057949E-03
 -7.836000E+01 -4.386405E-03  6765       24  2.048585E-03
 -7.835000E+01 -4.419028E-03  6766       24  2.040579E-03
 -7.834000E+01 -4.432914E-03  6767       24  2.045523E-03
 -7.833000E+01 -4.441076E-03  6768       24  2.056848E-03
 -7.832000E+01 -4.436566E-03  6769       24  2.067386E-03
 -7.831000E+01 -4.421664E-03  6770       24  2.069791E-03
 -7.830000E+01 -4.409573E-03  6771       24  2.068687E-03
 -7.829000E+01 -4.391559E-03  6772       24  2.071443E-03
 -7.828000E+01 -4.361523E-03  6773       24  2.096085E-03
 -7.827000E+01 -4.319266E-03  6774       24  2.121046E-03
 -7.826000E+01 -4.267091E-03  6775       24  2.143128E-03
 -7.825000E+01 -4.207128E-03  6776       24  2.160946E-03
 -7.824000E+01 -4.139466E-03  6777       24  2.186582E-03
 -7.823000E+01 -4.063961E-03  6778       24  2.220368E-03
 -7.822000E+01 -3.980983E-03  6779       24  2.271620E-03
 -7.821000E+01 -3.881866E-03  6780       24  2.313929E-03
 -7.820000E+01 -3.773450E-03  6781       24  2.352465E-03
 -7.819000E+01 -3.651560E-03  6782       24  2.379070E-03
 -7.818000E+01 -3.532384E-03  6783       24  2.398897E-03
 -7.817000E+01 -3.412588E-03  6784       24  2.422159E-03
 -7.816000E+01 -3.282664E-03  6785       24  2.437828E-03
 -7.815000E+01 -3.149760E-03  6786       24  2.453251E-03
 -7.814000E+01 -3.006690E-03  6787       24  2.468923E-03
 -7.813000E+01 -2.860317E-03  6788       24  2.484760E-03
 -7.812000E+01 -2.719330E-03  6789       24  2.493388E-03
 -7.811000E+01 -2.592924E-03  6790       24  2.491491E-03
 -7.810000E+01 -2.469700E-03  6791       24  2.495008E-03
 -7.809000E+01 -2.341227E-03  6792       24  2.498009E-03
 -7.808000E+01 -2.214609E-03  6793       24  2.490775E-03
 -7.807000E+01 -2.095322E-03  6794       24  2.468939E-03
 -7.806000E+01 -1.989297E-03  6795       24  2.443781E-03
 -7.805000E+01 -1.895494E-03  6796       24  2.425249E-03
 -7.804000E+01 -1.800912E-03  6797       24  2.399812E-03
 -7.803000E+01 -1.716986E-03  6798       24  2.349212E-03
 -7.802000E+01 -1.641422E-03  6799       24  2.296428E-03
 -7.801000E+01 -1.574429E-03  6800       24  2.238199E-03
 -7.800000E+01 -1.529535E-03  6801       24  2.190787E-03
 -7.799000E+01 -1.490001E-03  6802       24  2.149861E-03
 -7.798000E+01 -1.449568E-03  6803       24  2.113740E-03
 -7.797000E+01 -1.616701E-03  6804       23  1.889658E-03
 -7.796000E+01 -1.586144E-03  6805       23  1.861880E-03
 -7.795000E+01 -1.569336E-03  6806       23  1.840310E-03
 -7.794000E+01 -1.567824E-03  6807       23  1.831249E-03
 -7.793000E+01 -1.576357E-03  6808       23  1.831763E-03
 -7.792000E+01 -1.599904E-03  6809       23  1.825706E-03
 -7.791000E+01 -1.626968E-03  6810       23  1.818539E-03
 -7.790000E+01 -1.662508E-03  6811       23  1.817723E-03
 -7.789000E+01 -1.715545E-03  6812       23  1.829750E-03
 -7.788000E+01 -1.784608E-03  6813       23  1.858501E-03
 -7.787000E+01 -1.864163E-03  6814       23  1.888677E-03
 -7.786000E+01 -1.945937E-03  6815       23  1.922348E-03
 -7.785000E+01 -2.035811E-03  6816       23  1.956108E-03
 -7.784000E+01 -2.135249E-03  6817       23  1.996238E-03
 -7.783000E+01 -2.256025E-03  6818       23  2.014454E-03
 -7.782000E+01 -2.385532E-03  6819       23  2.024000E-03
 -7.781000E+01 -2.516271E-03  6820       23  2.035923E-03
 -7.780000E+01 -2.647010E-03  6821       23  2.050161E-03
 -7.779000E+01 -2.779239E-03  6822       23  2.066874E-03
 -7.778000E+01 -2.917317E-03  6823       23  2.081513E-03
 -7.777000E+01 -3.066317E-03  6824       23  2.082743E-03
 -7.776000E+01 -3.216846E-03  6825       23  2.084249E-03
 -7.775000E+01 -3.368096E-03  6826       23  2.084168E-03
 -7.774000E+01 -3.519759E-03  6827       23  2.084076E-03
 -7.773000E+01 -3.675931E-03  6828       23  2.087983E-03
 -7.772000E+01 -3.838067E-03  6829       23  2.092981E-03
 -7.771000E+01 -4.001851E-03  6830       23  2.097252E-03
 -7.770000E+01 -4.165278E-03  6831       23  2.102041E-03
 -7.769000E+01 -4.330798E-03  6832       23  2.107074E-03
 -7.768000E+01 -4.496958E-03  6833       23  2.112146E-03
 -7.767000E+01 -4.667155E-03  6834       23  2.112631E-03
 -7.766000E+01 -4.837520E-03  6835       23  2.113717E-03
 -7.765000E+01 -5.007860E-03  6836       23  2.115715E-03
 -7.764000E+01 -5.178082E-03  6837       23  2.118544E-03
 -7.763000E+01 -5.348827E-03  6838       23  2.122765E-03
 -7.762000E+01 -5.520168E-03  6839       23  2.125857E-03
 -7.761000E+01 -5.691527E-03  6840       23  2.129257E-03
 -7.760000E+01 -5.862426E-03  6841       23  2.133620E-03
 -7.759000E+01 -6.031267E-03  6842       23  2.141197E-03
 -7.758000E+01 -6.200397E-03  6843       23  2.149500E-03
 -7.757000E+01 -6.370862E-03  6844       23  2.159321E-03
 -7.756000E+01 -6.540805E-03  6845       23  2.170455E-03
 -7.755000E+01 -6.710481E-03  6846       23  2.182563E-03
 -7.754000E+01 -6.880192E-03  6847       23  2.195294E-03
 -7.753000E+01 -7.048315E-03  6848       23  2.206877E-03
 -7.752000E+01 -7.214915E-03  6849       23  2.218484E-03
 -7.751000E+01 -7.380412E-03  6850       23  2.228416E-03
 -7.750000E+01 -7.545772E-03  6851       23  2.238197E-03
 -7.749000E+01 -7.711007E-03  6852       23  2.248391E-03
 -7.748000E+01 -7.876433E-03  6853       23  2.259143E-03
 -7.747000E+01 -8.042694E-03  6854       23  2.271217E-03
 -7.746000E+01 -8.210013E-03  6855       23  2.282065E-03
 -7.745000E+01 -8.377589E-03  6856       23  2.292289E-03
 -7.744000E+01 -8.545188E-03  6857       23  2.302363E-03
 -7.743000E+01 -8.713811E-03  6858       23  2.311722E-03
 -7.742000E+01 -8.882631E-03  6859       23  2.321565E-03
 -7.741000E+01 -9.048780E-03  6860       23  2.325954E-03
 -7.740000E+01 -9.215220E-03  6861       23  2.330200E-03
 -7.739000E+01 -9.381924E-03  6862       23  2.334778E-03
 -7.738000E+01 -9.548776E-03  6863       23  2.339510E-03
 -7.737000E+01 -9.713251E-03  6864       23  2.340521E-03
 -7.736000E+01 -9.876277E-03  6865       23  2.340145E-03
 -7.735000E+01 -1.003906E-02  6866       23  2.338688E-03
 -7.734000E+01 -1.020154E-02  6867       23  2.337407E-03
 -7.733000E+01 -1.036403E-02  6868       23  2.336313E-03
 -7.732000E+01 -1.052657E-02  6869       23  2.335061E-03
 -7.731000E+01 -1.068736E-02  6870       23  2.332130E-03
 -7.730000E+01 -1.084720E-02  6871       23  2.329584E-03
 -7.729000E+01 -1.100772E-02  6872       23  2.327180E-03
 -7.728000E+01 -1.116796E-02  6873       23  2.325854E-03
 -7.727000E+01 -1.132884E-02  6874       23  2.323737E-03
 -7.726000E+01 -1.148921E-02  6875       23  2.322211E-03
 -7.725000E+01 -1.164898E-02  6876       23  2.321049E-03
 -7.724000E+01 -1.180911E-02  6877       23  2.319975E-03
 -7.723000E+01 -1.196954E-02  6878       23  2.318972E-03
 -7.722000E+01 -1.213017E-02  6879       23  2.318007E-03
 -7.721000E+01 -1.228917E-02  6880       23  2.314963E-03
 -7.720000E+01 -1.244765E-02  6881       23  2.312154E-03
 -7.719000E+01 -1.260562E-02  6882       23  2.310299E-03
 -7.718000E+01 -1.276354E-02  6883       23  2.308671E-03
 -7.717000E+01 -1.292146E-02  6884       23  2.307258E-03
 -7.716000E+01 -1.308136E-02  6885       23  2.306953E-03
 -7.715000E+01 -1.324347E-02  6886       23  2.308119E-03
 -7.714000E+01 -1.340586E-02  6887       23  2.309037E-03
 -7.713000E+01 -1.356779E-02  6888       23  2.309989E-03
 -7.712000E+01 -1.372975E-02  6889       23  2.310841E-03
 -7.711000E+01 -1.389125E-02  6890       23  2.310961E-03
 -7.710000E+01 -1.405254E-02  6891       23  2.310968E-03
 -7.709000E+01 -1.421462E-02  6892       23  2.308550E-03
 -7.708000E+01 -1.437766E-02  6893       23  2.306204E-03
 -7.707000E+01 -1.454127E-02  6894       23  2.303621E-03
 -7.706000E+01 -1.470475E-02  6895       23  2.299650E-03
 -7.705000E+01 -1.486855E-02  6896       23  2.295491E-03
 -7.704000E+01 -1.503197E-02  6897       23  2.291658E-03
 -7.703000E+01 -1.519455E-02  6898       23  2.288540E-03
 -7.702000E+01 -1.535705E-02  6899       23  2.285669E-03
 -7.701000E+01 -1.551968E-02  6900       23  2.282994E-03
 -7.700000E+01 -1.568472E-02  6901       23  2.281566E-03
 -7.699000E+01 -1.584949E-02  6902       23  2.279405E-03
 -7.698000E+01 -1.601548E-02  6903       23  2.275387E-03
 -7.697000E+01 -1.629667E-02  6904       22  2.255531E-03
 -7.696000E+01 -1.646184E-02  6905       22  2.252348E-03
 -7.695000E+01 -1.662633E-02  6906       22  2.248916E-03
 -7.694000E+01 -1.678910E-02  6907       22  2.244537E-03
 -7.693000E+01 -1.695093E-02  6908       22  2.241139E-03
 -7.692000E+01 -1.711140E-02  6909       22  2.238106E-03
 -7.691000E+01 -1.727180E-02  6910       22  2.235505E-03
 -7.690000E+01 -1.743259E-02  6911       22  2.234575E-03
 -7.689000E+01 -1.759337E-02  6912       22  2.233802E-03
 -7.688000E+01 -1.775339E-02  6913       22  2.234109E-03
 -7.687000E+01 -1.791290E-02  6914       22  2.235000E-03
 -7.686000E+01 -1.807236E-02  6915       22  2.236201E-03
 -7.685000E+01 -1.823288E-02  6916       22  2.238093E-03
 -7.684000E+01 -1.839326E-02  6917       22  2.238419E-03
 -7.683000E+01 -1.855786E-02  6918       22  2.233659E-03
 -7.682000E+01 -1.872386E-02  6919       22  2.227701E-03
 -7.681000E+01 -1.888977E-02  6920       22  2.222684E-03
 -7.680000E+01 -1.905567E-02  6921       22  2.218622E-03
 -7.679000E+01 -1.922106E-02  6922       22  2.215594E-03
 -7.678000E+01 -1.938717E-02  6923       22  2.214256E-03
 -7.677000E+01 -1.955398E-02  6924       22  2.213684E-03
 -7.676000E+01 -1.972241E-02  6925       22  2.213652E-03
 -7.675000E+01 -1.989070E-02  6926       22  2.213305E-03
 -7.674000E+01 -2.005885E-02  6927       22  2.212922E-03
 -7.673000E+01 -2.022862E-02  6928       22  2.214275E-03
 -7.672000E+01 -2.039884E-02  6929       22  2.217134E-03
 -7.671000E+01 -2.056925E-02  6930       22  2.220807E-03
 -7.670000E+01 -2.073969E-02  6931       22  2.225422E-03
 -7.669000E+01 -2.091078E-02  6932       22  2.231164E-03
 -7.668000E+01 -2.108127E-02  6933       22  2.237475E-03
 -7.667000E+01 -2.124988E-02  6934       22  2.245135E-03
 -7.666000E+01 -2.141803E-02  6935       22  2.253612E-03
 -7.665000E+01 -2.158594E-02  6936       22  2.262908E-03
 -7.664000E+01 -2.175320E-02  6937       22  2.272610E-03
 -7.663000E+01 -2.191921E-02  6938       22  2.282457E-03
 -7.662000E+01 -2.208476E-02  6939       22  2.293185E-03
 -7.661000E+01 -2.224957E-02  6940       22  2.305022E-03
 -7.660000E+01 -2.241345E-02  6941       22  2.317895E-03
 -7.659000E+01 -2.257563E-02  6942       22  2.332163E-03
 -7.658000E+01 -2.273743E-02  6943       22  2.346616E-03
 -7.657000E+01 -2.289948E-02  6944       22  2.361915E-03
 -7.656000E+01 -2.306130E-02  6945       22  2.378286E-03
 -7.655000E+01 -2.322298E-02  6946       22  2.395628E-03
 -7.654000E+01 -2.338473E-02  6947       22  2.413712E-03
 -7.653000E+01 -2.354377E-02  6948       22  2.426926E-03
 -7.652000E+01 -2.370145E-02  6949       22  2.439983E-03
 -7.651000E+01 -2.385658E-02  6950       22  2.451626E-03
 -7.650000E+01 -2.401149E-02  6951       22  2.463331E-03
 -7.649000E+01 -2.416630E-02  6952       22  2.475380E-03
 -7.648000E+01 -2.432144E-02  6953       22  2.487894E-03
 -7.647000E+01 -2.447755E-02  6954       22  2.501343E-03
 -7.646000E+01 -2.463440E-02  6955       22  2.513968E-03
 -7.645000E+01 -2.479032E-02  6956       22  2.526368E-03
 -7.644000E+01 -2.494529E-02  6957       22  2.539099E-03
 -7.643000E+01 -2.510133E-02  6958       22  2.553040E-03
 -7.642000E+01 -2.525794E-02  6959       22  2.567931E-03
 -7.641000E+01 -2.541114E-02  6960       22  2.577732E-03
 -7.640000E+01 -2.556482E-02  6961       22  2.587179E-03
 -7.639000E+01 -2.571857E-02  6962       22  2.596804E-03
 -7.638000E+01 -2.587276E-02  6963       22  2.606323E-03
 -7.637000E+01 -2.602438E-02  6964       22  2.609398E-03
 -7.636000E+01 -2.617432E-02  6965       22  2.609445E-03
 -7.635000E+01 -2.632355E-02  6966       22  2.608564E-03
 -7.634000E+01 -2.647257E-02  6967       22  2.607799E-03
 -7.633000E+01 -2.662161E-02  6968       22  2.607143E-03
 -7.632000E+01 -2.677086E-02  6969       22  2.606566E-03
 -7.631000E+01 -2.691874E-02  6970       22  2.605016E-03
 -7.630000E+01 -2.706565E-02  6971       22  2.604236E-03
 -7.629000E+01 -2.721515E-02  6972       22  2.603021E-03
 -7.628000E+01 -2.736599E-02  6973       22  2.601790E-03
 -7.627000E+01 -2.751663E-02  6974       22  2.599388E-03
 -7.626000E+01 -2.766719E-02  6975       22  2.597949E-03
 -7.625000E+01 -2.781733E-02  6976       22  2.597279E-03
 -7.624000E+01 -2.796700E-02  6977       22  2.597299E-03
 -7.623000E+01 -2.811623E-02  6978       22  2.597998E-03
 -7.622000E+01 -2.826580E-02  6979       22  2.598658E-03
 -7.621000E+01 -2.841311E-02  6980       22  2.595547E-03
 -7.620000E+01 -2.855958E-02  6981       22  2.592117E-03
 -7.619000E+01 -2.870521E-02  6982       22  2.589778E-03
 -7.618000E+01 -2.885074E-02  6983       22  2.587672E-03
 -7.617000E+01 -2.899596E-02  6984       22  2.585764E-03
 -7.616000E+01 -2.914310E-02  6985       22  2.584382E-03
 -7.615000E+01 -2.929190E-02  6986       22  2.584033E-03
 -7.614000E+01 -2.944108E-02  6987       22  2.583348E-03
 -7.613000E+01 -2.958850E-02  6988       22  2.582619E-03
 -7.612000E+01 -2.973601E-02  6989       22  2.581798E-03
 -7.611000E+01 -2.988296E-02  6990       22  2.580093E-03
 -7.610000E+01 -3.002956E-02  6991       22  2.578225E-03
 -7.609000E+01 -3.017808E-02  6992       22  2.572991E-03
 -7.608000E+01 -3.032700E-02  6993       22  2.567393E-03
 -7.607000E+01 -3.047637E-02  6994       22  2.561652E-03
 -7.606000E+01 -3.062537E-02  6995       22  2.553734E-03
 -7.605000E+01 -3.077410E-02  6996       22  2.544335E-03
 -7.604000E+01 -3.092286E-02  6997       22  2.535304E-03
 -7.603000E+01 -3.107117E-02  6998       22  2.526804E-03
 -7.602000E+01 -3.121957E-02  6999       22  2.518457E-03
 -7.601000E+01 -3.136839E-02  7000       22  2.510196E-03
 -7.600000E+01 -3.152038E-02  7001       22  2.501918E-03
 -7.599000E+01 -3.167215E-02  7002       22  2.492800E-03
 -7.598000E+01 -3.182513E-02  7003       22  2.481700E-03
 -7.597000E+01 -3.206156E-02  7004       21  2.496782E-03
 -7.596000E+01 -3.221173E-02  7005       21  2.486351E-03
 -7.595000E+01 -3.236137E-02  7006       21  2.476042E-03
 -7.594000E+01 -3.250932E-02  7007       21  2.464907E-03
 -7.593000E+01 -3.265627E-02  7008       21  2.454881E-03
 -7.592000E+01 -3.280353E-02  7009       21  2.444720E-03
 -7.591000E+01 -3.295063E-02  7010       21  2.434927E-03
 -7.590000E+01 -3.309905E-02  7011       21  2.429338E-03
 -7.589000E+01 -3.324692E-02  7012       21  2.424007E-03
 -7.588000E+01 -3.339378E-02  7013       21  2.419930E-03
 -7.587000E+01 -3.353990E-02  7014       21  2.416688E-03
 -7.586000E+01 -3.368593E-02  7015       21  2.413793E-03
 -7.585000E+01 -3.383302E-02  7016       21  2.411557E-03
 -7.584000E+01 -3.398056E-02  7017       21  2.409322E-03
 -7.583000E+01 -3.413208E-02  7018       21  2.402511E-03
 -7.582000E+01 -3.428526E-02  7019       21  2.394834E-03
 -7.581000E+01 -3.443991E-02  7020       21  2.387982E-03
 -7.580000E+01 -3.459457E-02  7021       21  2.382084E-03
 -7.579000E+01 -3.474839E-02  7022       21  2.377067E-03
 -7.578000E+01 -3.490304E-02  7023       21  2.374227E-03
 -7.577000E+01 -3.505728E-02  7024       21  2.372957E-03
 -7.576000E+01 -3.521152E-02  7025       21  2.372669E-03
 -7.575000E+01 -3.536542E-02  7026       21  2.372320E-03
 -7.574000E+01 -3.551947E-02  7027       21  2.371660E-03
 -7.573000E+01 -3.567508E-02  7028       21  2.372705E-03
 -7.572000E+01 -3.583076E-02  7029       21  2.376167E-03
 -7.571000E+01 -3.598611E-02  7030       21  2.381027E-03
 -7.570000E+01 -3.614155E-02  7031       21  2.386875E-03
 -7.569000E+01 -3.629836E-02  7032       21  2.394347E-03
 -7.568000E+01 -3.645512E-02  7033       21  2.403448E-03
 -7.567000E+01 -3.661045E-02  7034       21  2.414057E-03
 -7.566000E+01 -3.676379E-02  7035       21  2.425989E-03
 -7.565000E+01 -3.691648E-02  7036       21  2.439033E-03
 -7.564000E+01 -3.706823E-02  7037       21  2.452515E-03
 -7.563000E+01 -3.721865E-02  7038       21  2.466267E-03
 -7.562000E+01 -3.736881E-02  7039       21  2.480825E-03
 -7.561000E+01 -3.751892E-02  7040       21  2.496582E-03
 -7.560000E+01 -3.766903E-02  7041       21  2.513445E-03
 -7.559000E+01 -3.781793E-02  7042       21  2.531214E-03
 -7.558000E+01 -3.796621E-02  7043       21  2.549249E-03
 -7.557000E+01 -3.811425E-02  7044       21  2.568059E-03
 -7.556000E+01 -3.826352E-02  7045       21  2.585928E-03
 -7.555000E+01 -3.841356E-02  7046       21  2.603671E-03
 -7.554000E+01 -3.856371E-02  7047       21  2.622301E-03
 -7.553000E+01 -3.871022E-02  7048       21  2.634288E-03
 -7.552000E+01 -3.885508E-02  7049       21  2.646173E-03
 -7.551000E+01 -3.899702E-02  7050       21  2.656230E-03
 -7.550000E+01 -3.913791E-02  7051       21  2.666655E-03
 -7.549000E+01 -3.927853E-02  7052       21  2.677563E-03
 -7.548000E+01 -3.941935E-02  7053       21  2.688913E-03
 -7.547000E+01 -3.956068E-02  7054       21  2.700885E-03
 -7.546000E+01 -3.970288E-02  7055       21  2.711885E-03
 -7.545000E+01 -3.984562E-02  7056       21  2.722440E-03
 -7.544000E+01 -3.998814E-02  7057       21  2.733443E-03
 -7.543000E+01 -4.013132E-02  7058       21  2.746809E-03
 -7.542000E+01 -4.027517E-02  7059       21  2.762187E-03
 -7.541000E+01 -4.041522E-02  7060       21  2.774237E-03
 -7.540000E+01 -4.055492E-02  7061       21  2.785823E-03
 -7.539000E+01 -4.069490E-02  7062       21  2.797436E-03
 -7.538000E+01 -4.083561E-02  7063       21  2.808774E-03
 -7.537000E+01 -4.097415E-02  7064       21  2.813967E-03
 -7.536000E+01 -4.111123E-02  7065       21  2.816692E-03
 -7.535000E+01 -4.124754E-02  7066       21  2.818530E-03
 -7.534000E+01 -4.138387E-02  7067       21  2.820526E-03
 -7.533000E+01 -4.152026E-02  7068       21  2.822700E-03
 -7.532000E+01 -4.165754E-02  7069       21  2.825304E-03
 -7.531000E+01 -4.179390E-02  7070       21  2.827326E-03
 -7.530000E+01 -4.192921E-02  7071       21  2.830506E-03
 -7.529000E+01 -4.206452E-02  7072       21  2.833855E-03
 -7.528000E+01 -4.220044E-02  7073       21  2.837226E-03
 -7.527000E+01 -4.233487E-02  7074       21  2.838462E-03
 -7.526000E+01 -4.247040E-02  7075       21  2.840035E-03
 -7.525000E+01 -4.260595E-02  7076       21  2.842449E-03
 -7.524000E+01 -4.274036E-02  7077       21  2.846169E-03
 -7.523000E+01 -4.287370E-02  7078       21  2.851152E-03
 -7.522000E+01 -4.300761E-02  7079       21  2.855969E-03
 -7.521000E+01 -4.313927E-02  7080       21  2.856257E-03
 -7.520000E+01 -4.327003E-02  7081       21  2.856433E-03
 -7.519000E+01 -4.339920E-02  7082       21  2.858245E-03
 -7.518000E+01 -4.352802E-02  7083       21  2.860441E-03
 -7.517000E+01 -4.365624E-02  7084       21  2.862712E-03
 -7.516000E+01 -4.378616E-02  7085       21  2.865423E-03
 -7.515000E+01 -4.391760E-02  7086       21  2.869092E-03
 -7.514000E+01 -4.404939E-02  7087       21  2.872502E-03
 -7.513000E+01 -4.418131E-02  7088       21  2.875950E-03
 -7.512000E+01 -4.431328E-02  7089       21  2.879577E-03
 -7.511000E+01 -4.444437E-02  7090       21  2.882539E-03
 -7.510000E+01 -4.457507E-02  7091       21  2.885594E-03
 -7.509000E+01 -4.470892E-02  7092       21  2.884274E-03
 -7.508000E+01 -4.484391E-02  7093       21  2.881762E-03
 -7.507000E+01 -4.497931E-02  7094       21  2.879170E-03
 -7.506000E+01 -4.511334E-02  7095       21  2.872208E-03
 -7.505000E+01 -4.524628E-02  7096       21  2.862036E-03
 -7.504000E+01 -4.537978E-02  7097       21  2.852403E-03
 -7.503000E+01 -4.551348E-02  7098       21  2.842799E-03
 -7.502000E+01 -4.564776E-02  7099       21  2.832956E-03
 -7.501000E+01 -4.578252E-02  7100       21  2.823267E-03
 -7.500000E+01 -4.592076E-02  7101       21  2.813552E-03
 -7.499000E+01 -4.605877E-02  7102       21  2.803039E-03
 -7.498000E+01 -4.619865E-02  7103       21  2.790376E-03
 -7.497000E+01 -4.634577E-02  7104       20  2.846444E-03
 -7.496000E+01 -4.648207E-02  7105       20  2.830772E-03
 -7.495000E+01 -4.660996E-02  7106       20  2.808033E-03
 -7.494000E+01 -4.673459E-02  7107       20  2.785300E-03
 -7.493000E+01 -4.685734E-02  7108       20  2.764810E-03
 -7.492000E+01 -4.698077E-02  7109       20  2.744567E-03
 -7.491000E+01 -4.710328E-02  7110       20  2.725742E-03
 -7.490000E+01 -4.722576E-02  7111       20  2.711312E-03
 -7.489000E+01 -4.734578E-02  7112       20  2.697485E-03
 -7.488000E+01 -4.746426E-02  7113       20  2.685574E-03
 -7.487000E+01 -4.758190E-02  7114       20  2.675400E-03
 -7.486000E+01 -4.769761E-02  7115       20  2.666823E-03
 -7.485000E+01 -4.780823E-02  7116       20  2.661518E-03
 -7.484000E+01 -4.791763E-02  7117       20  2.657195E-03
 -7.483000E+01 -4.802952E-02  7118       20  2.651454E-03
 -7.482000E+01 -4.814251E-02  7119       20  2.647108E-03
 -7.481000E+01 -4.825549E-02  7120       20  2.645175E-03
 -7.480000E+01 -4.836848E-02  7121       20  2.645659E-03
 -7.479000E+01 -4.847683E-02  7122       20  2.646186E-03
 -7.478000E+01 -4.858421E-02  7123       20  2.649577E-03
 -7.477000E+01 -4.869018E-02  7124       20  2.657242E-03
 -7.476000E+01 -4.879615E-02  7125       20  2.667464E-03
 -7.475000E+01 -4.887573E-02  7126       20  2.669559E-03
 -7.474000E+01 -4.893555E-02  7127       20  2.654147E-03
 -7.473000E+01 -4.897875E-02  7128       20  2.647119E-03
 -7.472000E+01 -4.901867E-02  7129       20  2.653577E-03
 -7.471000E+01 -4.905041E-02  7130       20  2.675991E-03
 -7.470000E+01 -4.907700E-02  7131       20  2.713034E-03
 -7.469000E+01 -4.903265E-02  7132       20  2.774022E-03
 -7.468000E+01 -4.893646E-02  7133       20  2.818612E-03
 -7.467000E+01 -4.883618E-02  7134       20  2.895306E-03
 -7.466000E+01 -4.873579E-02  7135       20  3.000527E-03
 -7.465000E+01 -4.863382E-02  7136       20  3.132132E-03
 -7.464000E+01 -4.847084E-02  7137       20  3.321335E-03
 -7.463000E+01 -4.824709E-02  7138       20  3.520881E-03
 -7.462000E+01 -4.797480E-02  7139       20  3.722700E-03
 -7.461000E+01 -4.769114E-02  7140       20  3.959453E-03
 -7.460000E+01 -4.740748E-02  7141       20  4.222214E-03
 -7.459000E+01 -4.706435E-02  7142       20  4.522932E-03
 -7.458000E+01 -4.662810E-02  7143       20  4.805370E-03
 -7.457000E+01 -4.613535E-02  7144       20  5.116561E-03
 -7.456000E+01 -4.558291E-02  7145       20  5.438811E-03
 -7.455000E+01 -4.499252E-02  7146       20  5.777177E-03
 -7.454000E+01 -4.439255E-02  7147       20  6.149234E-03
 -7.453000E+01 -4.373910E-02  7148       20  6.474483E-03
 -7.452000E+01 -4.305597E-02  7149       20  6.804509E-03
 -7.451000E+01 -4.230470E-02  7150       20  7.101665E-03
 -7.450000E+01 -4.154566E-02  7151       20  7.408119E-03
 -7.449000E+01 -4.078663E-02  7152       20  7.727782E-03
 -7.448000E+01 -4.002959E-02  7153       20  8.030731E-03
 -7.447000E+01 -3.920190E-02  7154       20  8.320595E-03
 -7.446000E+01 -3.831549E-02  7155       20  8.577259E-03
 -7.445000E+01 -3.739552E-02  7156       20  8.818304E-03
 -7.444000E+01 -3.648236E-02  7157       20  9.059810E-03
 -7.443000E+01 -3.559004E-02  7158       20  9.286169E-03
 -7.442000E+01 -3.470712E-02  7159       20  9.504423E-03
 -7.441000E+01 -3.377132E-02  7160       20  9.612620E-03
 -7.440000E+01 -3.276588E-02  7161       20  9.661349E-03
 -7.439000E+01 -3.175728E-02  7162       20  9.718411E-03
 -7.438000E+01 -3.078280E-02  7163       20  9.725000E-03
 -7.437000E+01 -2.983740E-02  7164       20  9.726232E-03
 -7.436000E+01 -2.891980E-02  7165       20  9.705299E-03
 -7.435000E+01 -2.792032E-02  7166       20  9.559341E-03
 -7.434000E+01 -2.692073E-02  7167       20  9.419616E-03
 -7.433000E+01 -2.592131E-02  7168       20  9.286316E-03
 -7.432000E+01 -2.501439E-02  7169       20  9.065970E-03
 -7.431000E+01 -2.415556E-02  7170       20  8.828033E-03
 -7.430000E+01 -2.329920E-02  7171       20  8.563436E-03
 -7.429000E+01 -2.244284E-02  7172       20  8.305419E-03
 -7.428000E+01 -2.161682E-02  7173       20  8.015853E-03
 -7.427000E+01 -2.087899E-02  7174       20  7.674395E-03
 -7.426000E+01 -2.018796E-02  7175       20  7.319881E-03
 -7.425000E+01 -1.952585E-02  7176       20  6.994109E-03
 -7.424000E+01 -1.890457E-02  7177       20  6.656470E-03
 -7.423000E+01 -1.831918E-02  7178       20  6.305065E-03
 -7.422000E+01 -1.774921E-02  7179       20  5.938631E-03
 -7.421000E+01 -1.725719E-02  7180       20  5.580250E-03
 -7.420000E+01 -1.679472E-02  7181       20  5.245588E-03
 -7.419000E+01 -1.638542E-02  7182       20  4.996667E-03
 -7.418000E+01 -1.597613E-02  7183       20  4.760399E-03
 -7.417000E+01 -1.557594E-02  7184       20  4.530174E-03
 -7.416000E+01 -1.521997E-02  7185       20  4.288631E-03
 -7.415000E+01 -1.490814E-02  7186       20  4.073109E-03
 -7.414000E+01 -1.464836E-02  7187       20  3.877080E-03
 -7.413000E+01 -1.440478E-02  7188       20  3.682496E-03
 -7.412000E+01 -1.416549E-02  7189       20  3.498073E-03
 -7.411000E+01 -1.395431E-02  7190       20  3.314904E-03
 -7.410000E+01 -1.376095E-02  7191       20  3.162277E-03
 -7.409000E+01 -1.363460E-02  7192       20  3.052829E-03
 -7.408000E+01 -1.354313E-02  7193       20  2.919526E-03
 -7.407000E+01 -1.345594E-02  7194       20  2.789693E-03
 -7.406000E+01 -1.337461E-02  7195       20  2.674812E-03
 -7.405000E+01 -1.330066E-02  7196       20  2.575191E-03
 -7.404000E+01 -1.326566E-02  7197       20  2.531204E-03
 -7.403000E+01 -1.325010E-02  7198       20  2.497887E-03
 -7.402000E+01 -1.323453E-02  7199       20  2.468696E-03
 -7.401000E+01 -1.322076E-02  7200       20  2.442747E-03
 -7.400000E+01 -1.321983E-02  7201       20  2.418617E-03
 -7.399000E+01 -1.322595E-02  7202       20  2.399254E-03
 -7.398000E+01 -1.325165E-02  7203       20  2.368599E-03
 -7.397000E+01 -1.337430E-02  7204       19  2.361437E-03
 -7.396000E+01 -1.339085E-02  7205       19  2.335589E-03
 -7.395000E+01 -1.339318E-02  7206       19  2.312580E-03
 -7.394000E+01 -1.339053E-02  7207       19  2.295637E-03
 -7.393000E+01 -1.339890E-02  7208       19  2.270139E-03
 -7.392000E+01 -1.341354E-02  7209       19  2.241643E-03
 -7.391000E+01 -1.342405E-02  7210       19  2.217900E-03
 -7.390000E+01 -1.341799E-02  7211       19  2.166034E-03
 -7.389000E+01 -1.340835E-02  7212       19  2.119387E-03
 -7.388000E+01 -1.339879E-02  7213       19  2.076624E-03
 -7.387000E+01 -1.339023E-02  7214       19  2.040693E-03
 -7.386000E+01 -1.337964E-02  7215       19  2.013149E-03
 -7.385000E+01 -1.335355E-02  7216       19  1.994960E-03
 -7.384000E+01 -1.331382E-02  7217       19  1.971322E-03
 -7.383000E+01 -1.326507E-02  7218       19  1.942732E-03
 -7.382000E+01 -1.321746E-02  7219       19  1.921415E-03
 -7.381000E+01 -1.316984E-02  7220       19  1.908861E-03
 -7.380000E+01 -1.312223E-02  7221       19  1.905245E-03
 -7.379000E+01 -1.306004E-02  7222       19  1.905165E-03
 -7.378000E+01 -1.294742E-02  7223       19  1.877783E-03
 -7.377000E+01 -1.281185E-02  7224       19  1.891595E-03
 -7.376000E+01 -1.267627E-02  7225       19  1.929338E-03
 -7.375000E+01 -1.247413E-02  7226       19  1.984936E-03
 -7.374000E+01 -1.221117E-02  7227       19  2.055895E-03
 -7.373000E+01 -1.189426E-02  7228       19  2.128940E-03
 -7.372000E+01 -1.153229E-02  7229       19  2.223302E-03
 -7.371000E+01 -1.116011E-02  7230       19  2.376105E-03
 -7.370000E+01 -1.078620E-02  7231       19  2.581101E-03
 -7.369000E+01 -1.029876E-02  7232       19  2.752347E-03
 -7.368000E+01 -9.718269E-03  7233       19  2.873040E-03
 -7.367000E+01 -9.048065E-03  7234       19  2.955525E-03
 -7.366000E+01 -8.374547E-03  7235       19  3.083361E-03
 -7.365000E+01 -7.698185E-03  7236       19  3.257470E-03
 -7.364000E+01 -6.968644E-03  7237       19  3.510700E-03
 -7.363000E+01 -6.155286E-03  7238       19  3.726041E-03
 -7.362000E+01 -5.233959E-03  7239       19  3.876951E-03
 -7.361000E+01 -4.223321E-03  7240       19  3.951677E-03
 -7.360000E+01 -3.212683E-03  7241       19  4.039531E-03
 -7.359000E+01 -2.213639E-03  7242       19  4.113065E-03
 -7.358000E+01 -1.183611E-03  7243       19  4.102940E-03
 -7.357000E+01 -1.262466E-04  7244       19  4.082023E-03
 -7.356000E+01  9.498997E-04  7245       19  4.053147E-03
 -7.355000E+01  2.037230E-03  7246       19  4.022532E-03
 -7.354000E+01  3.112449E-03  7247       19  3.982133E-03
 -7.353000E+01  4.174410E-03  7248       19  3.944688E-03
 -7.352000E+01  5.230387E-03  7249       19  3.911016E-03
 -7.351000E+01  6.286958E-03  7250       19  3.858589E-03
 -7.350000E+01  7.348246E-03  7251       19  3.810715E-03
 -7.349000E+01  8.409534E-03  7252       19  3.772984E-03
 -7.348000E+01  9.395121E-03  7253       19  3.644172E-03
 -7.347000E+01  1.029327E-02  7254       19  3.458246E-03
 -7.346000E+01  1.115035E-02  7255       19  3.306040E-03
 -7.345000E+01  1.198774E-02  7256       19  3.186443E-03
 -7.344000E+01  1.281179E-02  7257       19  3.062147E-03
 -7.343000E+01  1.358080E-02  7258       19  2.872645E-03
 -7.342000E+01  1.426030E-02  7259       19  2.663489E-03
 -7.341000E+01  1.487338E-02  7260       19  2.467134E-03
 -7.340000E+01  1.545072E-02  7261       19  2.307921E-03
 -7.339000E+01  1.602806E-02  7262       19  2.186922E-03
 -7.338000E+01  1.657497E-02  7263       19  2.028978E-03
 -7.337000E+01  1.704123E-02  7264       19  1.935705E-03
 -7.336000E+01  1.744612E-02  7265       19  1.902464E-03
 -7.335000E+01  1.775511E-02  7266       19  1.911046E-03
 -7.334000E+01  1.806410E-02  7267       19  1.958921E-03
 -7.333000E+01  1.837238E-02  7268       19  2.042535E-03
 -7.332000E+01  1.861601E-02  7269       19  2.102329E-03
 -7.331000E+01  1.882244E-02  7270       19  2.180196E-03
 -7.330000E+01  1.891212E-02  7271       19  2.185785E-03
 -7.329000E+01  1.900180E-02  7272       19  2.200105E-03
 -7.328000E+01  1.907893E-02  7273       19  2.208535E-03
 -7.327000E+01  1.912198E-02  7274       19  2.215105E-03
 -7.326000E+01  1.913151E-02  7275       19  2.205267E-03
 -7.325000E+01  1.912049E-02  7276       19  2.199996E-03
 -7.324000E+01  1.910946E-02  7277       19  2.196914E-03
 -7.323000E+01  1.909843E-02  7278       19  2.196030E-03
 -7.322000E+01  1.907920E-02  7279       19  2.185382E-03
 -7.321000E+01  1.903915E-02  7280       19  2.196193E-03
 -7.320000E+01  1.898961E-02  7281       19  2.208418E-03
 -7.319000E+01  1.892291E-02  7282       19  2.221981E-03
 -7.318000E+01  1.885621E-02  7283       19  2.236597E-03
 -7.317000E+01  1.878745E-02  7284       19  2.250953E-03
 -7.316000E+01  1.870884E-02  7285       19  2.264386E-03
 -7.315000E+01  1.862241E-02  7286       19  2.277855E-03
 -7.314000E+01  1.852396E-02  7287       19  2.278602E-03
 -7.313000E+01  1.842189E-02  7288       19  2.277148E-03
 -7.312000E+01  1.831905E-02  7289       19  2.275658E-03
 -7.311000E+01  1.821188E-02  7290       19  2.272885E-03
 -7.310000E+01  1.810228E-02  7291       19  2.270378E-03
 -7.309000E+01  1.798678E-02  7292       19  2.266998E-03
 -7.308000E+01  1.787094E-02  7293       19  2.263604E-03
 -7.307000E+01  1.775431E-02  7294       19  2.259580E-03
 -7.306000E+01  1.763699E-02  7295       19  2.254209E-03
 -7.305000E+01  1.751927E-02  7296       19  2.248764E-03
 -7.304000E+01  1.739863E-02  7297       19  2.244384E-03
 -7.303000E+01  1.727762E-02  7298       19  2.240290E-03
 -7.302000E+01  1.715662E-02  7299       19  2.236460E-03
 -7.301000E+01  1.703419E-02  7300       19  2.231897E-03
 -7.300000E+01  1.690657E-02  7301       19  2.226105E-03
 -7.299000E+01  1.677786E-02  7302       19  2.219913E-03
 -7.298000E+01  1.664589E-02  7303       19  2.209141E-03
 -7.297000E+01  1.646383E-02  7304       18  2.248500E-03
 -7.296000E+01  1.633300E-02  7305       18  2.238693E-03
 -7.295000E+01  1.620124E-02  7306       18  2.228892E-03
 -7.294000E+01  1.606963E-02  7307       18  2.219125E-03
 -7.293000E+01  1.593843E-02  7308       18  2.209440E-03
 -7.292000E+01  1.580723E-02  7309       18  2.200248E-03
 -7.291000E+01  1.567591E-02  7310       18  2.191614E-03
 -7.290000E+01  1.554191E-02  7311       18  2.187541E-03
 -7.289000E+01  1.540717E-02  7312       18  2.184441E-03
 -7.288000E+01  1.527158E-02  7313       18  2.182492E-03
 -7.287000E+01  1.513590E-02  7314       18  2.181005E-03
 -7.286000E+01  1.500024E-02  7315       18  2.180040E-03
 -7.285000E+01  1.486286E-02  7316       18  2.179189E-03
 -7.284000E+01  1.472401E-02  7317       18  2.178619E-03
 -7.283000E+01  1.458035E-02  7318       18  2.172739E-03
 -7.282000E+01  1.443391E-02  7319       18  2.164773E-03
 -7.281000E+01  1.428747E-02  7320       18  2.157993E-03
 -7.280000E+01  1.414102E-02  7321       18  2.152411E-03
 -7.279000E+01  1.399517E-02  7322       18  2.148183E-03
 -7.278000E+01  1.384814E-02  7323       18  2.147528E-03
 -7.277000E+01  1.370131E-02  7324       18  2.148429E-03
 -7.276000E+01  1.355448E-02  7325       18  2.150519E-03
 -7.275000E+01  1.340835E-02  7326       18  2.152708E-03
 -7.274000E+01  1.326206E-02  7327       18  2.154740E-03
 -7.273000E+01  1.311421E-02  7328       18  2.158515E-03
 -7.272000E+01  1.296644E-02  7329       18  2.165063E-03
 -7.271000E+01  1.281920E-02  7330       18  2.173110E-03
 -7.270000E+01  1.267186E-02  7331       18  2.182219E-03
 -7.269000E+01  1.252232E-02  7332       18  2.190175E-03
 -7.268000E+01  1.237294E-02  7333       18  2.198574E-03
 -7.267000E+01  1.222216E-02  7334       18  2.204620E-03
 -7.266000E+01  1.207139E-02  7335       18  2.211937E-03
 -7.265000E+01  1.192063E-02  7336       18  2.220523E-03
 -7.264000E+01  1.177001E-02  7337       18  2.230320E-03
 -7.263000E+01  1.161947E-02  7338       18  2.241279E-03
 -7.262000E+01  1.146770E-02  7339       18  2.252414E-03
 -7.261000E+01  1.131558E-02  7340       18  2.264225E-03
 -7.260000E+01  1.116347E-02  7341       18  2.277193E-03
 -7.259000E+01  1.101178E-02  7342       18  2.293012E-03
 -7.258000E+01  1.085871E-02  7343       18  2.311276E-03
 -7.257000E+01  1.070357E-02  7344       18  2.331196E-03
 -7.256000E+01  1.054721E-02  7345       18  2.351998E-03
 -7.255000E+01  1.039042E-02  7346       18  2.373430E-03
 -7.254000E+01  1.023369E-02  7347       18  2.395175E-03
 -7.253000E+01  1.008026E-02  7348       18  2.412642E-03
 -7.252000E+01  9.928085E-03  7349       18  2.429859E-03
 -7.251000E+01  9.776213E-03  7350       18  2.440918E-03
 -7.250000E+01  9.623408E-03  7351       18  2.451146E-03
 -7.249000E+01  9.470574E-03  7352       18  2.461795E-03
 -7.248000E+01  9.317100E-03  7353       18  2.472971E-03
 -7.247000E+01  9.163662E-03  7354       18  2.484538E-03
 -7.246000E+01  9.009560E-03  7355       18  2.495462E-03
 -7.245000E+01  8.855095E-03  7356       18  2.506221E-03
 -7.244000E+01  8.700505E-03  7357       18  2.517256E-03
 -7.243000E+01  8.546459E-03  7358       18  2.526627E-03
 -7.242000E+01  8.392489E-03  7359       18  2.535188E-03
 -7.241000E+01  8.240524E-03  7360       18  2.539716E-03
 -7.240000E+01  8.088594E-03  7361       18  2.543164E-03
 -7.239000E+01  7.936665E-03  7362       18  2.546963E-03
 -7.238000E+01  7.784170E-03  7363       18  2.550415E-03
 -7.237000E+01  7.634068E-03  7364       18  2.548543E-03
 -7.236000E+01  7.484620E-03  7365       18  2.545348E-03
 -7.235000E+01  7.334071E-03  7366       18  2.538271E-03
 -7.234000E+01  7.183522E-03  7367       18  2.531424E-03
 -7.233000E+01  7.032902E-03  7368       18  2.524794E-03
 -7.232000E+01  6.881360E-03  7369       18  2.517919E-03
 -7.231000E+01  6.729675E-03  7370       18  2.511159E-03
 -7.230000E+01  6.577606E-03  7371       18  2.504140E-03
 -7.229000E+01  6.425537E-03  7372       18  2.497316E-03
 -7.228000E+01  6.272801E-03  7373       18  2.490159E-03
 -7.227000E+01  6.117889E-03  7374       18  2.483406E-03
 -7.226000E+01  5.963652E-03  7375       18  2.477638E-03
 -7.225000E+01  5.810267E-03  7376       18  2.472403E-03
 -7.224000E+01  5.656882E-03  7377       18  2.467438E-03
 -7.223000E+01  5.503488E-03  7378       18  2.462734E-03
 -7.222000E+01  5.349717E-03  7379       18  2.457823E-03
 -7.221000E+01  5.197890E-03  7380       18  2.449974E-03
 -7.220000E+01  5.046529E-03  7381       18  2.442618E-03
 -7.219000E+01  4.895612E-03  7382       18  2.436442E-03
 -7.218000E+01  4.744696E-03  7383       18  2.430485E-03
 -7.217000E+01  4.593864E-03  7384       18  2.424794E-03
 -7.216000E+01  4.441514E-03  7385       18  2.419501E-03
 -7.215000E+01  4.287737E-03  7386       18  2.414576E-03
 -7.214000E+01  4.133312E-03  7387       18  2.408850E-03
 -7.213000E+01  3.978888E-03  7388       18  2.403364E-03
 -7.212000E+01  3.824650E-03  7389       18  2.398026E-03
 -7.211000E+01  3.671798E-03  7390       18  2.391959E-03
 -7.210000E+01  3.518495E-03  7391       18  2.385773E-03
 -7.209000E+01  3.363684E-03  7392       18  2.376958E-03
 -7.208000E+01  3.208743E-03  7393       18  2.368254E-03
 -7.207000E+01  3.053247E-03  7394       18  2.359117E-03
 -7.206000E+01  2.897432E-03  7395       18  2.347799E-03
 -7.205000E+01  2.740979E-03  7396       18  2.336083E-03
 -7.204000E+01  2.584918E-03  7397       18  2.325195E-03
 -7.203000E+01  2.430751E-03  7398       18  2.315750E-03
 -7.202000E+01  2.276583E-03  7399       18  2.306528E-03
 -7.201000E+01  2.121742E-03  7400       18  2.297088E-03
 -7.200000E+01  1.964409E-03  7401       18  2.287718E-03
 -7.199000E+01  1.806690E-03  7402       18  2.277907E-03
 -7.198000E+01  1.647256E-03  7403       18  2.265618E-03
 -7.197000E+01  1.381121E-03  7404       17  2.274342E-03
 -7.196000E+01  1.221805E-03  7405       17  2.261703E-03
 -7.195000E+01  1.062893E-03  7406       17  2.248782E-03
 -7.194000E+01  9.061109E-04  7407       17  2.235648E-03
 -7.193000E+01  7.498384E-04  7408       17  2.222996E-03
 -7.192000E+01  5.935659E-04  7409       17  2.210608E-03
 -7.191000E+01  4.372784E-04  7410       17  2.198579E-03
 -7.190000E+01  2.810090E-04  7411       17  2.187765E-03
 -7.189000E+01  1.254441E-04  7412       17  2.177147E-03
 -7.188000E+01 -2.864765E-05  7413       17  2.168599E-03
 -7.187000E+01 -1.817508E-04  7414       17  2.161013E-03
 -7.186000E+01 -3.347927E-04  7415       17  2.153819E-03
 -7.185000E+01 -4.896454E-04  7416       17  2.146639E-03
 -7.184000E+01 -6.451489E-04  7417       17  2.138905E-03
 -7.183000E+01 -8.052236E-04  7418       17  2.124814E-03
 -7.182000E+01 -9.669848E-04  7419       17  2.109451E-03
 -7.181000E+01 -1.128746E-03  7420       17  2.095231E-03
 -7.180000E+01 -1.290507E-03  7421       17  2.082177E-03
 -7.179000E+01 -1.451128E-03  7422       17  2.070420E-03
 -7.178000E+01 -1.611937E-03  7423       17  2.060203E-03
 -7.177000E+01 -1.772800E-03  7424       17  2.051176E-03
 -7.176000E+01 -1.933662E-03  7425       17  2.043398E-03
 -7.175000E+01 -2.093266E-03  7426       17  2.036348E-03
 -7.174000E+01 -2.252110E-03  7427       17  2.029420E-03
 -7.173000E+01 -2.411184E-03  7428       17  2.024305E-03
 -7.172000E+01 -2.570649E-03  7429       17  2.021176E-03
 -7.171000E+01 -2.730043E-03  7430       17  2.019464E-03
 -7.170000E+01 -2.889453E-03  7431       17  2.019090E-03
 -7.169000E+01 -3.048865E-03  7432       17  2.019176E-03
 -7.168000E+01 -3.206567E-03  7433       17  2.019185E-03
 -7.167000E+01 -3.361204E-03  7434       17  2.021478E-03
 -7.166000E+01 -3.515841E-03  7435       17  2.025052E-03
 -7.165000E+01 -3.670289E-03  7436       17  2.029860E-03
 -7.164000E+01 -3.823189E-03  7437       17  2.035663E-03
 -7.163000E+01 -3.974351E-03  7438       17  2.042317E-03
 -7.162000E+01 -4.124016E-03  7439       17  2.049974E-03
 -7.161000E+01 -4.273552E-03  7440       17  2.059256E-03
 -7.160000E+01 -4.423087E-03  7441       17  2.069909E-03
 -7.159000E+01 -4.569434E-03  7442       17  2.084089E-03
 -7.158000E+01 -4.714097E-03  7443       17  2.099369E-03
 -7.157000E+01 -4.857934E-03  7444       17  2.115657E-03
 -7.156000E+01 -4.999131E-03  7445       17  2.135245E-03
 -7.155000E+01 -5.139199E-03  7446       17  2.157104E-03
 -7.154000E+01 -5.277749E-03  7447       17  2.180975E-03
 -7.153000E+01 -5.411325E-03  7448       17  2.199222E-03
 -7.152000E+01 -5.542745E-03  7449       17  2.216993E-03
 -7.151000E+01 -5.668780E-03  7450       17  2.232154E-03
 -7.150000E+01 -5.794816E-03  7451       17  2.247679E-03
 -7.149000E+01 -5.920776E-03  7452       17  2.263583E-03
 -7.148000E+01 -6.044322E-03  7453       17  2.280408E-03
 -7.147000E+01 -6.164612E-03  7454       17  2.296498E-03
 -7.146000E+01 -6.284068E-03  7455       17  2.313819E-03
 -7.145000E+01 -6.403226E-03  7456       17  2.332070E-03
 -7.144000E+01 -6.522031E-03  7457       17  2.351144E-03
 -7.143000E+01 -6.637638E-03  7458       17  2.369315E-03
 -7.142000E+01 -6.749201E-03  7459       17  2.386872E-03
 -7.141000E+01 -6.855202E-03  7460       17  2.398497E-03
 -7.140000E+01 -6.961041E-03  7461       17  2.408683E-03
 -7.139000E+01 -7.066880E-03  7462       17  2.419440E-03
 -7.138000E+01 -7.171195E-03  7463       17  2.433102E-03
 -7.137000E+01 -7.267252E-03  7464       17  2.434747E-03
 -7.136000E+01 -7.358557E-03  7465       17  2.432863E-03
 -7.135000E+01 -7.446765E-03  7466       17  2.428574E-03
 -7.134000E+01 -7.534973E-03  7467       17  2.424518E-03
 -7.133000E+01 -7.623076E-03  7468       17  2.420770E-03
 -7.132000E+01 -7.707720E-03  7469       17  2.417918E-03
 -7.131000E+01 -7.787958E-03  7470       17  2.414123E-03
 -7.130000E+01 -7.865058E-03  7471       17  2.412482E-03
 -7.129000E+01 -7.942159E-03  7472       17  2.411180E-03
 -7.128000E+01 -8.018137E-03  7473       17  2.411465E-03
 -7.127000E+01 -8.091046E-03  7474       17  2.409528E-03
 -7.126000E+01 -8.157310E-03  7475       17  2.411407E-03
 -7.125000E+01 -8.218104E-03  7476       17  2.414074E-03
 -7.124000E+01 -8.278897E-03  7477       17  2.417065E-03
 -7.123000E+01 -8.339683E-03  7478       17  2.420392E-03
 -7.122000E+01 -8.400367E-03  7479       17  2.424205E-03
 -7.121000E+01 -8.453990E-03  7480       17  2.418323E-03
 -7.120000E+01 -8.506528E-03  7481       17  2.412018E-03
 -7.119000E+01 -8.557111E-03  7482       17  2.403914E-03
 -7.118000E+01 -8.607693E-03  7483       17  2.396052E-03
 -7.117000E+01 -8.658741E-03  7484       17  2.387955E-03
 -7.116000E+01 -8.710933E-03  7485       17  2.380077E-03
 -7.115000E+01 -8.766633E-03  7486       17  2.373431E-03
 -7.114000E+01 -8.821519E-03  7487       17  2.368075E-03
 -7.113000E+01 -8.876406E-03  7488       17  2.362937E-03
 -7.112000E+01 -8.931288E-03  7489       17  2.357968E-03
 -7.111000E+01 -8.985486E-03  7490       17  2.352566E-03
 -7.110000E+01 -9.040344E-03  7491       17  2.347036E-03
 -7.109000E+01 -9.095205E-03  7492       17  2.341907E-03
 -7.108000E+01 -9.150065E-03  7493       17  2.337081E-03
 -7.107000E+01 -9.206110E-03  7494       17  2.330664E-03
 -7.106000E+01 -9.262785E-03  7495       17  2.321181E-03
 -7.105000E+01 -9.320065E-03  7496       17  2.311478E-03
 -7.104000E+01 -9.377721E-03  7497       17  2.302042E-03
 -7.103000E+01 -9.435368E-03  7498       17  2.292945E-03
 -7.102000E+01 -9.493014E-03  7499       17  2.284202E-03
 -7.101000E+01 -9.552000E-03  7500       17  2.274807E-03
 -7.100000E+01 -9.614302E-03  7501       17  2.266577E-03
 -7.099000E+01 -9.676027E-03  7502       17  2.257494E-03
 -7.098000E+01 -9.740377E-03  7503       17  2.245435E-03
 -7.097000E+01 -9.979204E-03  7504       16  2.187397E-03
 -7.096000E+01 -1.004307E-02  7505       16  2.174666E-03
 -7.095000E+01 -1.010578E-02  7506       16  2.161822E-03
 -7.094000E+01 -1.016553E-02  7507       16  2.148954E-03
 -7.093000E+01 -1.022564E-02  7508       16  2.135458E-03
 -7.092000E+01 -1.028576E-02  7509       16  2.122546E-03
 -7.091000E+01 -1.034567E-02  7510       16  2.110659E-03
 -7.090000E+01 -1.040480E-02  7511       16  2.100065E-03
 -7.089000E+01 -1.046308E-02  7512       16  2.090338E-03
 -7.088000E+01 -1.052266E-02  7513       16  2.082908E-03
 -7.087000E+01 -1.058224E-02  7514       16  2.076169E-03
 -7.086000E+01 -1.064151E-02  7515       16  2.070584E-03
 -7.085000E+01 -1.070221E-02  7516       16  2.068821E-03
 -7.084000E+01 -1.076214E-02  7517       16  2.067329E-03
 -7.083000E+01 -1.082678E-02  7518       16  2.059871E-03
 -7.082000E+01 -1.089352E-02  7519       16  2.052211E-03
 -7.081000E+01 -1.096025E-02  7520       16  2.046685E-03
 -7.080000E+01 -1.102699E-02  7521       16  2.043310E-03
 -7.079000E+01 -1.109188E-02  7522       16  2.042160E-03
 -7.078000E+01 -1.115591E-02  7523       16  2.040009E-03
 -7.077000E+01 -1.122175E-02  7524       16  2.037732E-03
 -7.076000E+01 -1.128759E-02  7525       16  2.037769E-03
 -7.075000E+01 -1.134784E-02  7526       16  2.041696E-03
 -7.074000E+01 -1.140447E-02  7527       16  2.045801E-03
 -7.073000E+01 -1.145922E-02  7528       16  2.053555E-03
 -7.072000E+01 -1.151425E-02  7529       16  2.064391E-03
 -7.071000E+01 -1.156928E-02  7530       16  2.077878E-03
 -7.070000E+01 -1.162401E-02  7531       16  2.094458E-03
 -7.069000E+01 -1.167301E-02  7532       16  2.113130E-03
 -7.068000E+01 -1.171406E-02  7533       16  2.128000E-03
 -7.067000E+01 -1.175123E-02  7534       16  2.143802E-03
 -7.066000E+01 -1.178840E-02  7535       16  2.161654E-03
 -7.065000E+01 -1.182478E-02  7536       16  2.181827E-03
 -7.064000E+01 -1.185626E-02  7537       16  2.206167E-03
 -7.063000E+01 -1.187950E-02  7538       16  2.232776E-03
 -7.062000E+01 -1.189381E-02  7539       16  2.264447E-03
 -7.061000E+01 -1.190696E-02  7540       16  2.299611E-03
 -7.060000E+01 -1.192012E-02  7541       16  2.337012E-03
 -7.059000E+01 -1.192645E-02  7542       16  2.382395E-03
 -7.058000E+01 -1.192640E-02  7543       16  2.430520E-03
 -7.057000E+01 -1.191861E-02  7544       16  2.475202E-03
 -7.056000E+01 -1.190920E-02  7545       16  2.519338E-03
 -7.055000E+01 -1.189979E-02  7546       16  2.565438E-03
 -7.054000E+01 -1.188711E-02  7547       16  2.613008E-03
 -7.053000E+01 -1.186463E-02  7548       16  2.642707E-03
 -7.052000E+01 -1.183844E-02  7549       16  2.669835E-03
 -7.051000E+01 -1.180298E-02  7550       16  2.687998E-03
 -7.050000E+01 -1.176752E-02  7551       16  2.706792E-03
 -7.049000E+01 -1.173215E-02  7552       16  2.726125E-03
 -7.048000E+01 -1.169666E-02  7553       16  2.745322E-03
 -7.047000E+01 -1.166000E-02  7554       16  2.765244E-03
 -7.046000E+01 -1.161598E-02  7555       16  2.789362E-03
 -7.045000E+01 -1.156866E-02  7556       16  2.815327E-03
 -7.044000E+01 -1.152121E-02  7557       16  2.841620E-03
 -7.043000E+01 -1.147383E-02  7558       16  2.868724E-03
 -7.042000E+01 -1.142503E-02  7559       16  2.896531E-03
 -7.041000E+01 -1.136799E-02  7560       16  2.912845E-03
 -7.040000E+01 -1.130956E-02  7561       16  2.927402E-03
 -7.039000E+01 -1.125113E-02  7562       16  2.942367E-03
 -7.038000E+01 -1.119328E-02  7563       16  2.956931E-03
 -7.037000E+01 -1.112615E-02  7564       16  2.952954E-03
 -7.036000E+01 -1.105601E-02  7565       16  2.944300E-03
 -7.035000E+01 -1.098047E-02  7566       16  2.926881E-03
 -7.034000E+01 -1.090493E-02  7567       16  2.909600E-03
 -7.033000E+01 -1.082961E-02  7568       16  2.892230E-03
 -7.032000E+01 -1.075757E-02  7569       16  2.873033E-03
 -7.031000E+01 -1.068517E-02  7570       16  2.854364E-03
 -7.030000E+01 -1.060766E-02  7571       16  2.838056E-03
 -7.029000E+01 -1.053015E-02  7572       16  2.821955E-03
 -7.028000E+01 -1.045515E-02  7573       16  2.802679E-03
 -7.027000E+01 -1.038499E-02  7574       16  2.782485E-03
 -7.026000E+01 -1.031653E-02  7575       16  2.761653E-03
 -7.025000E+01 -1.024904E-02  7576       16  2.740563E-03
 -7.024000E+01 -1.018155E-02  7577       16  2.719754E-03
 -7.023000E+01 -1.011415E-02  7578       16  2.699115E-03
 -7.022000E+01 -1.004788E-02  7579       16  2.677187E-03
 -7.021000E+01 -9.980048E-03  7580       16  2.650463E-03
 -7.020000E+01 -9.912562E-03  7581       16  2.623696E-03
 -7.019000E+01 -9.844087E-03  7582       16  2.595452E-03
 -7.018000E+01 -9.775612E-03  7583       16  2.567575E-03
 -7.017000E+01 -9.708375E-03  7584       16  2.539341E-03
 -7.016000E+01 -9.646242E-03  7585       16  2.510758E-03
 -7.015000E+01 -9.592674E-03  7586       16  2.478976E-03
 -7.014000E+01 -9.542326E-03  7587       16  2.445617E-03
 -7.013000E+01 -9.491979E-03  7588       16  2.412824E-03
 -7.012000E+01 -9.441928E-03  7589       16  2.380186E-03
 -7.011000E+01 -9.392581E-03  7590       16  2.347087E-03
 -7.010000E+01 -9.344900E-03  7591       16  2.314619E-03
 -7.009000E+01 -9.298943E-03  7592       16  2.284357E-03
 -7.008000E+01 -9.252986E-03  7593       16  2.254705E-03
 -7.007000E+01 -9.207533E-03  7594       16  2.225003E-03
 -7.006000E+01 -9.163852E-03  7595       16  2.197454E-03
 -7.005000E+01 -9.121819E-03  7596       16  2.171955E-03
 -7.004000E+01 -9.081837E-03  7597       16  2.149940E-03
 -7.003000E+01 -9.041993E-03  7598       16  2.128844E-03
 -7.002000E+01 -9.002149E-03  7599       16  2.108412E-03
 -7.001000E+01 -8.963193E-03  7600       16  2.088376E-03
 -7.000000E+01 -8.927361E-03  7601       16  2.070533E-03
 -6.999000E+01 -8.892473E-03  7602       16  2.051510E-03
 -6.998000E+01 -8.864956E-03  7603       16  2.026865E-03
 -6.997000E+01 -9.060730E-03  7604       15  1.866102E-03
 -6.996000E+01 -9.033048E-03  7605       15  1.840125E-03
 -6.995000E+01 -9.005462E-03  7606       15  1.815236E-03
 -6.994000E+01 -8.976393E-03  7607       15  1.791946E-03
 -6.993000E+01 -8.947600E-03  7608       15  1.769887E-03
 -6.992000E+01 -8.918807E-03  7609       15  1.748962E-03
 -6.991000E+01 -8.890355E-03  7610       15  1.730610E-03
 -6.990000E+01 -8.866178E-03  7611       15  1.720000E-03
 -6.989000E+01 -8.842119E-03  7612       15  1.710843E-03
 -6.988000E+01 -8.819036E-03  7613       15  1.704493E-03
 -6.987000E+01 -8.795953E-03  7614       15  1.699042E-03
 -6.986000E+01 -8.772951E-03  7615       15  1.694356E-03
 -6.985000E+01 -8.752906E-03  7616       15  1.693263E-03
 -6.984000E+01 -8.734018E-03  7617       15  1.695171E-03
 -6.983000E+01 -8.727006E-03  7618       15  1.689484E-03
 -6.982000E+01 -8.723407E-03  7619       15  1.684340E-03
 -6.981000E+01 -8.719809E-03  7620       15  1.682384E-03
 -6.980000E+01 -8.716210E-03  7621       15  1.683628E-03
 -6.979000E+01 -8.712203E-03  7622       15  1.688139E-03
 -6.978000E+01 -8.711640E-03  7623       15  1.694982E-03
 -6.977000E+01 -8.711141E-03  7624       15  1.704676E-03
 -6.976000E+01 -8.710642E-03  7625       15  1.717186E-03
 -6.975000E+01 -8.708751E-03  7626       15  1.736168E-03
 -6.974000E+01 -8.708763E-03  7627       15  1.758402E-03
 -6.973000E+01 -8.710729E-03  7628       15  1.784466E-03
 -6.972000E+01 -8.713798E-03  7629       15  1.814500E-03
 -6.971000E+01 -8.716866E-03  7630       15  1.846523E-03
 -6.970000E+01 -8.720011E-03  7631       15  1.880294E-03
 -6.969000E+01 -8.722736E-03  7632       15  1.914774E-03
 -6.968000E+01 -8.722613E-03  7633       15  1.948596E-03
 -6.967000E+01 -8.718287E-03  7634       15  1.981886E-03
 -6.966000E+01 -8.713962E-03  7635       15  2.016442E-03
 -6.965000E+01 -8.709513E-03  7636       15  2.052281E-03
 -6.964000E+01 -8.704454E-03  7637       15  2.089677E-03
 -6.963000E+01 -8.699088E-03  7638       15  2.128377E-03
 -6.962000E+01 -8.694501E-03  7639       15  2.167770E-03
 -6.961000E+01 -8.689915E-03  7640       15  2.208148E-03
 -6.960000E+01 -8.685328E-03  7641       15  2.249460E-03
 -6.959000E+01 -8.680158E-03  7642       15  2.293919E-03
 -6.958000E+01 -8.675740E-03  7643       15  2.339605E-03
 -6.957000E+01 -8.670841E-03  7644       15  2.385541E-03
 -6.956000E+01 -8.665782E-03  7645       15  2.431989E-03
 -6.955000E+01 -8.660723E-03  7646       15  2.479102E-03
 -6.954000E+01 -8.654554E-03  7647       15  2.524371E-03
 -6.953000E+01 -8.642404E-03  7648       15  2.557031E-03
 -6.952000E+01 -8.625483E-03  7649       15  2.585414E-03
 -6.951000E+01 -8.598628E-03  7650       15  2.603912E-03
 -6.950000E+01 -8.571773E-03  7651       15  2.622496E-03
 -6.949000E+01 -8.545066E-03  7652       15  2.641030E-03
 -6.948000E+01 -8.519979E-03  7653       15  2.658332E-03
 -6.947000E+01 -8.497041E-03  7654       15  2.674579E-03
 -6.946000E+01 -8.474239E-03  7655       15  2.690828E-03
 -6.945000E+01 -8.451436E-03  7656       15  2.707145E-03
 -6.944000E+01 -8.429001E-03  7657       15  2.722926E-03
 -6.943000E+01 -8.406924E-03  7658       15  2.737107E-03
 -6.942000E+01 -8.384783E-03  7659       15  2.751268E-03
 -6.941000E+01 -8.358915E-03  7660       15  2.762070E-03
 -6.940000E+01 -8.332431E-03  7661       15  2.772437E-03
 -6.939000E+01 -8.305946E-03  7662       15  2.782982E-03
 -6.938000E+01 -8.279758E-03  7663       15  2.793312E-03
 -6.937000E+01 -8.246008E-03  7664       15  2.787740E-03
 -6.936000E+01 -8.210007E-03  7665       15  2.779334E-03
 -6.935000E+01 -8.169758E-03  7666       15  2.766089E-03
 -6.934000E+01 -8.129508E-03  7667       15  2.752995E-03
 -6.933000E+01 -8.089448E-03  7668       15  2.739864E-03
 -6.932000E+01 -8.051991E-03  7669       15  2.725109E-03
 -6.931000E+01 -8.014179E-03  7670       15  2.710543E-03
 -6.930000E+01 -7.975652E-03  7671       15  2.696448E-03
 -6.929000E+01 -7.937126E-03  7672       15  2.682546E-03
 -6.928000E+01 -7.901016E-03  7673       15  2.664554E-03
 -6.927000E+01 -7.866875E-03  7674       15  2.645720E-03
 -6.926000E+01 -7.833790E-03  7675       15  2.626495E-03
 -6.925000E+01 -7.800998E-03  7676       15  2.606965E-03
 -6.924000E+01 -7.768207E-03  7677       15  2.587644E-03
 -6.923000E+01 -7.735442E-03  7678       15  2.568500E-03
 -6.922000E+01 -7.702803E-03  7679       15  2.549037E-03
 -6.921000E+01 -7.665938E-03  7680       15  2.522408E-03
 -6.920000E+01 -7.628841E-03  7681       15  2.495784E-03
 -6.919000E+01 -7.590879E-03  7682       15  2.468368E-03
 -6.918000E+01 -7.552918E-03  7683       15  2.441325E-03
 -6.917000E+01 -7.515440E-03  7684       15  2.414602E-03
 -6.916000E+01 -7.481953E-03  7685       15  2.386974E-03
 -6.915000E+01 -7.453811E-03  7686       15  2.357251E-03
 -6.914000E+01 -7.425670E-03  7687       15  2.328180E-03
 -6.913000E+01 -7.397529E-03  7688       15  2.299784E-03
 -6.912000E+01 -7.369424E-03  7689       15  2.271857E-03
 -6.911000E+01 -7.340877E-03  7690       15  2.244156E-03
 -6.910000E+01 -7.312717E-03  7691       15  2.217135E-03
 -6.909000E+01 -7.285371E-03  7692       15  2.191235E-03
 -6.908000E+01 -7.258024E-03  7693       15  2.166093E-03
 -6.907000E+01 -7.231039E-03  7694       15  2.141210E-03
 -6.906000E+01 -7.206164E-03  7695       15  2.119195E-03
 -6.905000E+01 -7.182697E-03  7696       15  2.098927E-03
 -6.904000E+01 -7.160119E-03  7697       15  2.079907E-03
 -6.903000E+01 -7.137563E-03  7698       15  2.061596E-03
 -6.902000E+01 -7.115006E-03  7699       15  2.043979E-03
 -6.901000E+01 -7.093589E-03  7700       15  2.026359E-03
 -6.900000E+01 -7.074735E-03  7701       15  2.009897E-03
 -6.899000E+01 -7.054303E-03  7702       15  1.994372E-03
 -6.898000E+01 -7.033871E-03  7703       15  1.979710E-03
 -6.897000E+01 -7.307356E-03  7704       14  1.686757E-03
 -6.896000E+01 -7.286077E-03  7705       14  1.673291E-03
 -6.895000E+01 -7.265058E-03  7706       14  1.660950E-03
 -6.894000E+01 -7.243143E-03  7707       14  1.650126E-03
 -6.893000E+01 -7.221621E-03  7708       14  1.640395E-03
 -6.892000E+01 -7.200100E-03  7709       14  1.631791E-03
 -6.891000E+01 -7.179386E-03  7710       14  1.625379E-03
 -6.890000E+01 -7.164346E-03  7711       14  1.624744E-03
 -6.889000E+01 -7.150182E-03  7712       14  1.625495E-03
 -6.888000E+01 -7.136949E-03  7713       14  1.628382E-03
 -6.887000E+01 -7.123716E-03  7714       14  1.631911E-03
 -6.886000E+01 -7.110552E-03  7715       14  1.635947E-03
 -6.885000E+01 -7.100636E-03  7716       14  1.642781E-03
 -6.884000E+01 -7.091527E-03  7717       14  1.651745E-03
 -6.883000E+01 -7.081745E-03  7718       14  1.661782E-03
 -6.882000E+01 -7.071962E-03  7719       14  1.672918E-03
 -6.881000E+01 -7.062180E-03  7720       14  1.685131E-03
 -6.880000E+01 -7.052397E-03  7721       14  1.698397E-03
 -6.879000E+01 -7.041990E-03  7722       14  1.712819E-03
 -6.878000E+01 -7.034885E-03  7723       14  1.726467E-03
 -6.877000E+01 -7.027826E-03  7724       14  1.740977E-03
 -6.876000E+01 -7.020767E-03  7725       14  1.756350E-03
 -6.875000E+01 -7.012234E-03  7726       14  1.776403E-03
 -6.874000E+01 -7.005241E-03  7727       14  1.797283E-03
 -6.873000E+01 -7.001755E-03  7728       14  1.821926E-03
 -6.872000E+01 -7.000682E-03  7729       14  1.850132E-03
 -6.871000E+01 -6.999608E-03  7730       14  1.878768E-03
 -6.870000E+01 -6.998646E-03  7731       14  1.907621E-03
 -6.869000E+01 -6.997490E-03  7732       14  1.935962E-03
 -6.868000E+01 -6.993438E-03  7733       14  1.962254E-03
 -6.867000E+01 -6.989385E-03  7734       14  1.989081E-03
 -6.866000E+01 -6.985332E-03  7735       14  2.016419E-03
 -6.865000E+01 -6.981118E-03  7736       14  2.044326E-03
 -6.864000E+01 -6.976272E-03  7737       14  2.073015E-03
 -6.863000E+01 -6.971033E-03  7738       14  2.102312E-03
 -6.862000E+01 -6.966769E-03  7739       14  2.131644E-03
 -6.861000E+01 -6.962506E-03  7740       14  2.161420E-03
 -6.860000E+01 -6.958243E-03  7741       14  2.191623E-03
 -6.859000E+01 -6.953761E-03  7742       14  2.224032E-03
 -6.858000E+01 -6.950354E-03  7743       14  2.256963E-03
 -6.857000E+01 -6.946754E-03  7744       14  2.289678E-03
 -6.856000E+01 -6.943025E-03  7745       14  2.322598E-03
 -6.855000E+01 -6.939295E-03  7746       14  2.355849E-03
 -6.854000E+01 -6.934324E-03  7747       14  2.386179E-03
 -6.853000E+01 -6.923141E-03  7748       14  2.402077E-03
 -6.852000E+01 -6.911676E-03  7749       14  2.418036E-03
 -6.851000E+01 -6.899580E-03  7750       14  2.434032E-03
 -6.850000E+01 -6.887485E-03  7751       14  2.450104E-03
 -6.849000E+01 -6.875512E-03  7752       14  2.466169E-03
 -6.848000E+01 -6.864734E-03  7753       14  2.481640E-03
 -6.847000E+01 -6.856135E-03  7754       14  2.496315E-03
 -6.846000E+01 -6.847618E-03  7755       14  2.511028E-03
 -6.845000E+01 -6.839101E-03  7756       14  2.525808E-03
 -6.844000E+01 -6.831165E-03  7757       14  2.539657E-03
 -6.843000E+01 -6.823542E-03  7758       14  2.551028E-03
 -6.842000E+01 -6.815835E-03  7759       14  2.562236E-03
 -6.841000E+01 -6.800632E-03  7760       14  2.565886E-03
 -6.840000E+01 -6.784507E-03  7761       14  2.568764E-03
 -6.839000E+01 -6.768381E-03  7762       14  2.571834E-03
 -6.838000E+01 -6.752807E-03  7763       14  2.574383E-03
 -6.837000E+01 -6.728987E-03  7764       14  2.557583E-03
 -6.836000E+01 -6.703843E-03  7765       14  2.538892E-03
 -6.835000E+01 -6.678700E-03  7766       14  2.520313E-03
 -6.834000E+01 -6.653556E-03  7767       14  2.501848E-03
 -6.833000E+01 -6.628590E-03  7768       14  2.483361E-03
 -6.832000E+01 -6.605661E-03  7769       14  2.463971E-03
 -6.831000E+01 -6.581853E-03  7770       14  2.444821E-03
 -6.830000E+01 -6.557153E-03  7771       14  2.426024E-03
 -6.829000E+01 -6.532453E-03  7772       14  2.407370E-03
 -6.828000E+01 -6.509918E-03  7773       14  2.384773E-03
 -6.827000E+01 -6.488878E-03  7774       14  2.361382E-03
 -6.826000E+01 -6.468218E-03  7775       14  2.337275E-03
 -6.825000E+01 -6.446473E-03  7776       14  2.311766E-03
 -6.824000E+01 -6.424728E-03  7777       14  2.286441E-03
 -6.823000E+01 -6.403010E-03  7778       14  2.261272E-03
 -6.822000E+01 -6.381302E-03  7779       14  2.235660E-03
 -6.821000E+01 -6.355661E-03  7780       14  2.202198E-03
 -6.820000E+01 -6.329885E-03  7781       14  2.168899E-03
 -6.819000E+01 -6.304108E-03  7782       14  2.135880E-03
 -6.818000E+01 -6.278332E-03  7783       14  2.103155E-03
 -6.817000E+01 -6.252507E-03  7784       14  2.070983E-03
 -6.816000E+01 -6.231285E-03  7785       14  2.038356E-03
 -6.815000E+01 -6.215480E-03  7786       14  2.004535E-03
 -6.814000E+01 -6.199675E-03  7787       14  1.971386E-03
 -6.813000E+01 -6.183870E-03  7788       14  1.938942E-03
 -6.812000E+01 -6.168030E-03  7789       14  1.906896E-03
 -6.811000E+01 -6.151288E-03  7790       14  1.875018E-03
 -6.810000E+01 -6.135221E-03  7791       14  1.844509E-03
 -6.809000E+01 -6.121042E-03  7792       14  1.816183E-03
 -6.808000E+01 -6.106863E-03  7793       14  1.788663E-03
 -6.807000E+01 -6.093018E-03  7794       14  1.761498E-03
 -6.806000E+01 -6.081443E-03  7795       14  1.738682E-03
 -6.805000E+01 -6.071199E-03  7796       14  1.718159E-03
 -6.804000E+01 -6.061358E-03  7797       14  1.698417E-03
 -6.803000E+01 -6.051516E-03  7798       14  1.679449E-03
 -6.802000E+01 -6.041675E-03  7799       14  1.661283E-03
 -6.801000E+01 -6.032489E-03  7800       14  1.643376E-03
 -6.800000E+01 -6.026139E-03  7801       14  1.627463E-03
 -6.799000E+01 -6.018327E-03  7802       14  1.612280E-03
 -6.798000E+01 -6.010516E-03  7803       14  1.598139E-03
 -6.797000E+01 -6.287914E-03  7804       13  1.251751E-03
 -6.796000E+01 -6.278608E-03  7805       13  1.239755E-03
 -6.795000E+01 -6.269264E-03  7806       13  1.228978E-03
 -6.794000E+01 -6.258524E-03  7807       13  1.219528E-03
 -6.793000E+01 -6.247797E-03  7808       13  1.211625E-03
 -6.792000E+01 -6.237070E-03  7809       13  1.205298E-03
 -6.791000E+01 -6.226306E-03  7810       13  1.204172E-03
 -6.790000E+01 -6.219850E-03  7811       13  1.213692E-03
 -6.789000E+01 -6.213578E-03  7812       13  1.224247E-03
 -6.788000E+01 -6.207274E-03  7813       13  1.235760E-03
 -6.787000E+01 -6.200969E-03  7814       13  1.248198E-03
 -6.786000E+01 -6.194704E-03  7815       13  1.261454E-03
 -6.785000E+01 -6.191246E-03  7816       13  1.278706E-03
 -6.784000E+01 -6.188764E-03  7817       13  1.299100E-03
 -6.783000E+01 -6.185197E-03  7818       13  1.320406E-03
 -6.782000E+01 -6.181630E-03  7819       13  1.343060E-03
 -6.781000E+01 -6.178062E-03  7820       13  1.366996E-03
 -6.780000E+01 -6.174495E-03  7821       13  1.392147E-03
 -6.779000E+01 -6.170405E-03  7822       13  1.418516E-03
 -6.778000E+01 -6.172620E-03  7823       13  1.444617E-03
 -6.777000E+01 -6.174834E-03  7824       13  1.471532E-03
 -6.776000E+01 -6.177049E-03  7825       13  1.499216E-03
 -6.775000E+01 -6.179838E-03  7826       13  1.528222E-03
 -6.774000E+01 -6.184406E-03  7827       13  1.557965E-03
 -6.773000E+01 -6.190040E-03  7828       13  1.588024E-03
 -6.772000E+01 -6.195674E-03  7829       13  1.618604E-03
 -6.771000E+01 -6.201307E-03  7830       13  1.649675E-03
 -6.770000E+01 -6.207132E-03  7831       13  1.680890E-03
 -6.769000E+01 -6.212740E-03  7832       13  1.710561E-03
 -6.768000E+01 -6.215524E-03  7833       13  1.737213E-03
 -6.767000E+01 -6.218308E-03  7834       13  1.764502E-03
 -6.766000E+01 -6.221092E-03  7835       13  1.792398E-03
 -6.765000E+01 -6.223685E-03  7836       13  1.820932E-03
 -6.764000E+01 -6.225623E-03  7837       13  1.850235E-03
 -6.763000E+01 -6.227152E-03  7838       13  1.880025E-03
 -6.762000E+01 -6.230396E-03  7839       13  1.909931E-03
 -6.761000E+01 -6.233640E-03  7840       13  1.940360E-03
 -6.760000E+01 -6.236885E-03  7841       13  1.971288E-03
 -6.759000E+01 -6.238194E-03  7842       13  2.006552E-03
 -6.758000E+01 -6.239971E-03  7843       13  2.042709E-03
 -6.757000E+01 -6.241838E-03  7844       13  2.079207E-03
 -6.756000E+01 -6.243705E-03  7845       13  2.116050E-03
 -6.755000E+01 -6.245572E-03  7846       13  2.153220E-03
 -6.754000E+01 -6.247393E-03  7847       13  2.189675E-03
 -6.753000E+01 -6.241391E-03  7848       13  2.204940E-03
 -6.752000E+01 -6.235109E-03  7849       13  2.220239E-03
 -6.751000E+01 -6.228215E-03  7850       13  2.235485E-03
 -6.750000E+01 -6.221321E-03  7851       13  2.250833E-03
 -6.749000E+01 -6.214586E-03  7852       13  2.266195E-03
 -6.748000E+01 -6.209189E-03  7853       13  2.281105E-03
 -6.747000E+01 -6.206279E-03  7854       13  2.295670E-03
 -6.746000E+01 -6.203443E-03  7855       13  2.310312E-03
 -6.745000E+01 -6.200606E-03  7856       13  2.325041E-03
 -6.744000E+01 -6.198311E-03  7857       13  2.339022E-03
 -6.743000E+01 -6.196280E-03  7858       13  2.350991E-03
 -6.742000E+01 -6.194640E-03  7859       13  2.362769E-03
 -6.741000E+01 -6.193080E-03  7860       13  2.374608E-03
 -6.740000E+01 -6.191520E-03  7861       13  2.386522E-03
 -6.739000E+01 -6.189961E-03  7862       13  2.398511E-03
 -6.738000E+01 -6.188815E-03  7863       13  2.410081E-03
 -6.737000E+01 -6.179973E-03  7864       13  2.401593E-03
 -6.736000E+01 -6.167991E-03  7865       13  2.386940E-03
 -6.735000E+01 -6.156010E-03  7866       13  2.372431E-03
 -6.734000E+01 -6.144029E-03  7867       13  2.358069E-03
 -6.733000E+01 -6.132237E-03  7868       13  2.343724E-03
 -6.732000E+01 -6.122438E-03  7869       13  2.328827E-03
 -6.731000E+01 -6.109303E-03  7870       13  2.314111E-03
 -6.730000E+01 -6.094550E-03  7871       13  2.299622E-03
 -6.729000E+01 -6.079797E-03  7872       13  2.285294E-03
 -6.728000E+01 -6.066758E-03  7873       13  2.268002E-03
 -6.727000E+01 -6.054028E-03  7874       13  2.250168E-03
 -6.726000E+01 -6.042139E-03  7875       13  2.232333E-03
 -6.725000E+01 -6.030640E-03  7876       13  2.214582E-03
 -6.724000E+01 -6.019140E-03  7877       13  2.196991E-03
 -6.723000E+01 -6.007626E-03  7878       13  2.179583E-03
 -6.722000E+01 -5.996032E-03  7879       13  2.162437E-03
 -6.721000E+01 -5.979508E-03  7880       13  2.133833E-03
 -6.720000E+01 -5.962385E-03  7881       13  2.104270E-03
 -6.719000E+01 -5.945262E-03  7882       13  2.075045E-03
 -6.718000E+01 -5.928139E-03  7883       13  2.046174E-03
 -6.717000E+01 -5.910760E-03  7884       13  2.018074E-03
 -6.716000E+01 -5.899700E-03  7885       13  1.990012E-03
 -6.715000E+01 -5.897902E-03  7886       13  1.961392E-03
 -6.714000E+01 -5.896103E-03  7887       13  1.933584E-03
 -6.713000E+01 -5.894304E-03  7888       13  1.906625E-03
 -6.712000E+01 -5.892340E-03  7889       13  1.880349E-03
 -6.711000E+01 -5.889291E-03  7890       13  1.854386E-03
 -6.710000E+01 -5.886108E-03  7891       13  1.829239E-03
 -6.709000E+01 -5.882924E-03  7892       13  1.805094E-03
 -6.708000E+01 -5.879740E-03  7893       13  1.781993E-03
 -6.707000E+01 -5.876966E-03  7894       13  1.759415E-03
 -6.706000E+01 -5.876095E-03  7895       13  1.741035E-03
 -6.705000E+01 -5.876533E-03  7896       13  1.725920E-03
 -6.704000E+01 -5.877254E-03  7897       13  1.711759E-03
 -6.703000E+01 -5.877975E-03  7898       13  1.698532E-03
 -6.702000E+01 -5.878696E-03  7899       13  1.686261E-03
 -6.701000E+01 -5.880075E-03  7900       13  1.674457E-03
 -6.700000E+01 -5.883345E-03  7901       13  1.664636E-03
 -6.699000E+01 -5.883712E-03  7902       13  1.654885E-03
 -6.698000E+01 -5.884079E-03  7903       13  1.646158E-03
 -6.697000E+01 -6.193253E-03  7904       12  1.291745E-03
 -6.696000E+01 -6.193416E-03  7905       12  1.282455E-03
 -6.695000E+01 -6.193035E-03  7906       12  1.274474E-03
 -6.694000E+01 -6.190916E-03  7907       12  1.267858E-03
 -6.693000E+01 -6.188796E-03  7908       12  1.262707E-03
 -6.692000E+01 -6.186677E-03  7909       12  1.259039E-03
 -6.691000E+01 -6.183271E-03  7910       12  1.259863E-03
 -6.690000E+01 -6.184845E-03  7911       12  1.271974E-03
 -6.689000E+01 -6.186675E-03  7912       12  1.284883E-03
 -6.688000E+01 -6.188476E-03  7913       12  1.298493E-03
 -6.687000E+01 -6.190278E-03  7914       12  1.312778E-03
 -6.686000E+01 -6.192115E-03  7915       12  1.327644E-03
 -6.685000E+01 -6.196946E-03  7916       12  1.346162E-03
 -6.684000E+01 -6.201263E-03  7917       12  1.366503E-03
 -6.683000E+01 -6.202913E-03  7918       12  1.386785E-03
 -6.682000E+01 -6.204563E-03  7919       12  1.408199E-03
 -6.681000E+01 -6.206212E-03  7920       12  1.430694E-03
 -6.680000E+01 -6.207862E-03  7921       12  1.454219E-03
 -6.679000E+01 -6.208677E-03  7922       12  1.478813E-03
 -6.678000E+01 -6.209245E-03  7923       12  1.504372E-03
 -6.677000E+01 -6.209813E-03  7924       12  1.530822E-03
 -6.676000E+01 -6.210380E-03  7925       12  1.558119E-03
 -6.675000E+01 -6.211262E-03  7926       12  1.587299E-03
 -6.674000E+01 -6.214304E-03  7927       12  1.617456E-03
 -6.673000E+01 -6.218488E-03  7928       12  1.647909E-03
 -6.672000E+01 -6.222672E-03  7929       12  1.678920E-03
 -6.671000E+01 -6.226855E-03  7930       12  1.710459E-03
 -6.670000E+01 -6.231290E-03  7931       12  1.742077E-03
 -6.669000E+01 -6.235311E-03  7932       12  1.771205E-03
 -6.668000E+01 -6.237173E-03  7933       12  1.797195E-03
 -6.667000E+01 -6.239034E-03  7934       12  1.823797E-03
 -6.666000E+01 -6.240895E-03  7935       12  1.850985E-03
 -6.665000E+01 -6.242559E-03  7936       12  1.878809E-03
 -6.664000E+01 -6.243613E-03  7937       12  1.907421E-03
 -6.663000E+01 -6.243655E-03  7938       12  1.936652E-03
 -6.662000E+01 -6.243863E-03  7939       12  1.966374E-03
 -6.661000E+01 -6.244072E-03  7940       12  1.996597E-03
 -6.660000E+01 -6.244281E-03  7941       12  2.027297E-03
 -6.659000E+01 -6.243101E-03  7942       12  2.061595E-03
 -6.658000E+01 -6.242790E-03  7943       12  2.096661E-03
 -6.657000E+01 -6.242586E-03  7944       12  2.132056E-03
 -6.656000E+01 -6.242382E-03  7945       12  2.167789E-03
 -6.655000E+01 -6.242178E-03  7946       12  2.203845E-03
 -6.654000E+01 -6.241739E-03  7947       12  2.239060E-03
 -6.653000E+01 -6.232872E-03  7948       12  2.253173E-03
 -6.652000E+01 -6.223188E-03  7949       12  2.267170E-03
 -6.651000E+01 -6.212003E-03  7950       12  2.280873E-03
 -6.650000E+01 -6.200818E-03  7951       12  2.294660E-03
 -6.649000E+01 -6.189812E-03  7952       12  2.308421E-03
 -6.648000E+01 -6.180088E-03  7953       12  2.321674E-03
 -6.647000E+01 -6.171642E-03  7954       12  2.334761E-03
 -6.646000E+01 -6.163196E-03  7955       12  2.347912E-03
 -6.645000E+01 -6.154751E-03  7956       12  2.361126E-03
 -6.644000E+01 -6.147285E-03  7957       12  2.372835E-03
 -6.643000E+01 -6.140672E-03  7958       12  2.381659E-03
 -6.642000E+01 -6.134179E-03  7959       12  2.390217E-03
 -6.641000E+01 -6.127658E-03  7960       12  2.398844E-03
 -6.640000E+01 -6.121136E-03  7961       12  2.407532E-03
 -6.639000E+01 -6.114615E-03  7962       12  2.416281E-03
 -6.638000E+01 -6.108463E-03  7963       12  2.424654E-03
 -6.637000E+01 -6.093879E-03  7964       12  2.412977E-03
 -6.636000E+01 -6.075948E-03  7965       12  2.395329E-03
 -6.635000E+01 -6.058016E-03  7966       12  2.377772E-03
 -6.634000E+01 -6.040085E-03  7967       12  2.360309E-03
 -6.633000E+01 -6.022309E-03  7968       12  2.342824E-03
 -6.632000E+01 -6.006509E-03  7969       12  2.324835E-03
 -6.631000E+01 -5.991979E-03  7970       12  2.306804E-03
 -6.630000E+01 -5.977450E-03  7971       12  2.288909E-03
 -6.629000E+01 -5.962920E-03  7972       12  2.271153E-03
 -6.628000E+01 -5.948251E-03  7973       12  2.253774E-03
 -6.627000E+01 -5.934224E-03  7974       12  2.236282E-03
 -6.626000E+01 -5.921163E-03  7975       12  2.218806E-03
 -6.625000E+01 -5.908524E-03  7976       12  2.201450E-03
 -6.624000E+01 -5.895885E-03  7977       12  2.184294E-03
 -6.623000E+01 -5.883182E-03  7978       12  2.167418E-03
 -6.622000E+01 -5.870201E-03  7979       12  2.151081E-03
 -6.621000E+01 -5.851462E-03  7980       12  2.122973E-03
 -6.620000E+01 -5.831932E-03  7981       12  2.094113E-03
 -6.619000E+01 -5.812402E-03  7982       12  2.065713E-03
 -6.618000E+01 -5.792872E-03  7983       12  2.037793E-03
 -6.617000E+01 -5.773348E-03  7984       12  2.010538E-03
 -6.616000E+01 -5.756489E-03  7985       12  1.983989E-03
 -6.615000E+01 -5.740238E-03  7986       12  1.958215E-03
 -6.614000E+01 -5.723987E-03  7987       12  1.933167E-03
 -6.613000E+01 -5.707736E-03  7988       12  1.908871E-03
 -6.612000E+01 -5.692031E-03  7989       12  1.883962E-03
 -6.611000E+01 -5.675355E-03  7990       12  1.857593E-03
 -6.610000E+01 -5.658121E-03  7991       12  1.831762E-03
 -6.609000E+01 -5.640888E-03  7992       12  1.806712E-03
 -6.608000E+01 -5.623654E-03  7993       12  1.782475E-03
 -6.607000E+01 -5.606578E-03  7994       12  1.758881E-03
 -6.606000E+01 -5.591920E-03  7995       12  1.740334E-03
 -6.605000E+01 -5.578957E-03  7996       12  1.725182E-03
 -6.604000E+01 -5.566742E-03  7997       12  1.710828E-03
 -6.603000E+01 -5.554527E-03  7998       12  1.697094E-03
 -6.602000E+01 -5.542312E-03  7999       12  1.683995E-03
 -6.601000E+01 -5.530617E-03  8000       12  1.671117E-03
 -6.600000E+01 -5.522790E-03  8001       12  1.660924E-03
 -6.599000E+01 -5.515211E-03  8002       12  1.651873E-03
 -6.598000E+01 -5.507631E-03  8003       12  1.643814E-03
 -6.597000E+01 -5.822428E-03  8004       11  1.294377E-03
 -6.596000E+01 -5.813824E-03  8005       11  1.288779E-03
 -6.595000E+01 -5.804709E-03  8006       11  1.284423E-03
 -6.594000E+01 -5.793627E-03  8007       11  1.281115E-03
 -6.593000E+01 -5.782544E-03  8008       11  1.279194E-03
 -6.592000E+01 -5.771462E-03  8009       11  1.278668E-03
 -6.591000E+01 -5.758893E-03  8010       11  1.282940E-03
 -6.590000E+01 -5.751981E-03  8011       11  1.298016E-03
 -6.589000E+01 -5.745653E-03  8012       11  1.313859E-03
 -6.588000E+01 -5.739300E-03  8013       11  1.330280E-03
 -6.587000E+01 -5.732947E-03  8014       11  1.347259E-03
 -6.586000E+01 -5.726664E-03  8015       11  1.364642E-03
 -6.585000E+01 -5.723628E-03  8016       11  1.385587E-03
 -6.584000E+01 -5.722616E-03  8017       11  1.409253E-03
 -6.583000E+01 -5.721604E-03  8018       11  1.434010E-03
 -6.582000E+01 -5.720591E-03  8019       11  1.459803E-03
 -6.581000E+01 -5.719579E-03  8020       11  1.486579E-03
 -6.580000E+01 -5.718567E-03  8021       11  1.514285E-03
 -6.579000E+01 -5.716705E-03  8022       11  1.542845E-03
 -6.578000E+01 -5.714561E-03  8023       11  1.572239E-03
 -6.577000E+01 -5.712417E-03  8024       11  1.602432E-03
 -6.576000E+01 -5.710274E-03  8025       11  1.633379E-03
 -6.575000E+01 -5.709033E-03  8026       11  1.664782E-03
 -6.574000E+01 -5.709852E-03  8027       11  1.697097E-03
 -6.573000E+01 -5.712070E-03  8028       11  1.729852E-03
 -6.572000E+01 -5.714289E-03  8029       11  1.763119E-03
 -6.571000E+01 -5.716507E-03  8030       11  1.796870E-03
 -6.570000E+01 -5.719010E-03  8031       11  1.830626E-03
 -6.569000E+01 -5.720548E-03  8032       11  1.861036E-03
 -6.568000E+01 -5.718347E-03  8033       11  1.886886E-03
 -6.567000E+01 -5.716146E-03  8034       11  1.913366E-03
 -6.566000E+01 -5.713946E-03  8035       11  1.940453E-03
 -6.565000E+01 -5.711627E-03  8036       11  1.968161E-03
 -6.564000E+01 -5.708253E-03  8037       11  1.996804E-03
 -6.563000E+01 -5.704195E-03  8038       11  2.026046E-03
 -6.562000E+01 -5.700349E-03  8039       11  2.055818E-03
 -6.561000E+01 -5.696503E-03  8040       11  2.086116E-03
 -6.560000E+01 -5.692657E-03  8041       11  2.116917E-03
 -6.559000E+01 -5.686907E-03  8042       11  2.151837E-03
 -6.558000E+01 -5.682213E-03  8043       11  2.187428E-03
 -6.557000E+01 -5.677489E-03  8044       11  2.223397E-03
 -6.556000E+01 -5.672766E-03  8045       11  2.259735E-03
 -6.555000E+01 -5.668043E-03  8046       11  2.296426E-03
 -6.554000E+01 -5.663355E-03  8047       11  2.332729E-03
 -6.553000E+01 -5.649170E-03  8048       11  2.346347E-03
 -6.552000E+01 -5.634984E-03  8049       11  2.360060E-03
 -6.551000E+01 -5.620799E-03  8050       11  2.373865E-03
 -6.550000E+01 -5.606613E-03  8051       11  2.387762E-03
 -6.549000E+01 -5.592474E-03  8052       11  2.401723E-03
 -6.548000E+01 -5.580009E-03  8053       11  2.415063E-03
 -6.547000E+01 -5.569005E-03  8054       11  2.428287E-03
 -6.546000E+01 -5.558002E-03  8055       11  2.441578E-03
 -6.545000E+01 -5.546998E-03  8056       11  2.454936E-03
 -6.544000E+01 -5.537156E-03  8057       11  2.466576E-03
 -6.543000E+01 -5.528189E-03  8058       11  2.475202E-03
 -6.542000E+01 -5.519496E-03  8059       11  2.483597E-03
 -6.541000E+01 -5.510971E-03  8060       11  2.492032E-03
 -6.540000E+01 -5.502446E-03  8061       11  2.500524E-03
 -6.539000E+01 -5.493921E-03  8062       11  2.509072E-03
 -6.538000E+01 -5.485798E-03  8063       11  2.517220E-03
 -6.537000E+01 -5.468799E-03  8064       11  2.504890E-03
 -6.536000E+01 -5.448557E-03  8065       11  2.485766E-03
 -6.535000E+01 -5.428314E-03  8066       11  2.466760E-03
 -6.534000E+01 -5.408072E-03  8067       11  2.447875E-03
 -6.533000E+01 -5.387910E-03  8068       11  2.429057E-03
 -6.532000E+01 -5.370591E-03  8069       11  2.409567E-03
 -6.531000E+01 -5.354946E-03  8070       11  2.390104E-03
 -6.530000E+01 -5.339300E-03  8071       11  2.370825E-03
 -6.529000E+01 -5.323654E-03  8072       11  2.351733E-03
 -6.528000E+01 -5.309261E-03  8073       11  2.330771E-03
 -6.527000E+01 -5.295773E-03  8074       11  2.309891E-03
 -6.526000E+01 -5.283714E-03  8075       11  2.289143E-03
 -6.525000E+01 -5.272221E-03  8076       11  2.268579E-03
 -6.524000E+01 -5.260728E-03  8077       11  2.248239E-03
 -6.523000E+01 -5.249208E-03  8078       11  2.228161E-03
 -6.522000E+01 -5.237587E-03  8079       11  2.208439E-03
 -6.521000E+01 -5.221941E-03  8080       11  2.180780E-03
 -6.520000E+01 -5.205751E-03  8081       11  2.152494E-03
 -6.519000E+01 -5.189561E-03  8082       11  2.124639E-03
 -6.518000E+01 -5.173371E-03  8083       11  2.097234E-03
 -6.517000E+01 -5.156975E-03  8084       11  2.070628E-03
 -6.516000E+01 -5.143563E-03  8085       11  2.044946E-03
 -6.515000E+01 -5.130771E-03  8086       11  2.020049E-03
 -6.514000E+01 -5.117979E-03  8087       11  1.995849E-03
 -6.513000E+01 -5.105187E-03  8088       11  1.972371E-03
 -6.512000E+01 -5.092825E-03  8089       11  1.948594E-03
 -6.511000E+01 -5.080323E-03  8090       11  1.923848E-03
 -6.510000E+01 -5.068419E-03  8091       11  1.899625E-03
 -6.509000E+01 -5.056516E-03  8092       11  1.876213E-03
 -6.508000E+01 -5.044613E-03  8093       11  1.853645E-03
 -6.507000E+01 -5.032846E-03  8094       11  1.831771E-03
 -6.506000E+01 -5.023394E-03  8095       11  1.814469E-03
 -6.505000E+01 -5.015702E-03  8096       11  1.800613E-03
 -6.504000E+01 -5.008011E-03  8097       11  1.787396E-03
 -6.503000E+01 -5.000319E-03  8098       11  1.774830E-03
 -6.502000E+01 -4.992628E-03  8099       11  1.762931E-03
 -6.501000E+01 -4.985441E-03  8100       11  1.751255E-03
 -6.500000E+01 -4.982349E-03  8101       11  1.742254E-03
 -6.499000E+01 -4.979487E-03  8102       11  1.734375E-03
 -6.498000E+01 -4.976626E-03  8103       11  1.727467E-03
 -6.497000E+01 -5.318012E-03  8104       10  1.398758E-03
 -6.496000E+01 -5.313878E-03  8105       10  1.394955E-03
 -6.495000E+01 -5.307519E-03  8106       10  1.392253E-03
 -6.494000E+01 -5.296675E-03  8107       10  1.390301E-03
 -6.493000E+01 -5.285830E-03  8108       10  1.389649E-03
 -6.492000E+01 -5.274986E-03  8109       10  1.390300E-03
 -6.491000E+01 -5.262364E-03  8110       10  1.395712E-03
 -6.490000E+01 -5.255593E-03  8111       10  1.411227E-03
 -6.489000E+01 -5.249495E-03  8112       10  1.427614E-03
 -6.488000E+01 -5.243396E-03  8113       10  1.444577E-03
 -6.487000E+01 -5.237298E-03  8114       10  1.462097E-03
 -6.486000E+01 -5.231214E-03  8115       10  1.480128E-03
 -6.485000E+01 -5.228519E-03  8116       10  1.501739E-03
 -6.484000E+01 -5.227929E-03  8117       10  1.525763E-03
 -6.483000E+01 -5.227339E-03  8118       10  1.550895E-03
 -6.482000E+01 -5.226750E-03  8119       10  1.577081E-03
 -6.481000E+01 -5.226160E-03  8120       10  1.604269E-03
 -6.480000E+01 -5.225571E-03  8121       10  1.632411E-03
 -6.479000E+01 -5.224064E-03  8122       10  1.661328E-03
 -6.478000E+01 -5.222287E-03  8123       10  1.691080E-03
 -6.477000E+01 -5.220511E-03  8124       10  1.721662E-03
 -6.476000E+01 -5.218736E-03  8125       10  1.753028E-03
 -6.475000E+01 -5.217875E-03  8126       10  1.784866E-03
 -6.474000E+01 -5.219085E-03  8127       10  1.817882E-03
 -6.473000E+01 -5.220626E-03  8128       10  1.851505E-03
 -6.472000E+01 -5.222167E-03  8129       10  1.885679E-03
 -6.471000E+01 -5.223708E-03  8130       10  1.920375E-03
 -6.470000E+01 -5.225378E-03  8131       10  1.955373E-03
 -6.469000E+01 -5.225901E-03  8132       10  1.986292E-03
 -6.468000E+01 -5.222386E-03  8133       10  2.012476E-03
 -6.467000E+01 -5.218872E-03  8134       10  2.039267E-03
 -6.466000E+01 -5.215358E-03  8135       10  2.066641E-03
 -6.465000E+01 -5.211740E-03  8136       10  2.094616E-03
 -6.464000E+01 -5.207231E-03  8137       10  2.123477E-03
 -6.463000E+01 -5.201414E-03  8138       10  2.153030E-03
 -6.462000E+01 -5.195563E-03  8139       10  2.183112E-03
 -6.461000E+01 -5.189712E-03  8140       10  2.213702E-03
 -6.460000E+01 -5.183860E-03  8141       10  2.244780E-03
 -6.459000E+01 -5.176688E-03  8142       10  2.279170E-03
 -6.458000E+01 -5.170631E-03  8143       10  2.314253E-03
 -6.457000E+01 -5.164724E-03  8144       10  2.349709E-03
 -6.456000E+01 -5.158817E-03  8145       10  2.385527E-03
 -6.455000E+01 -5.152910E-03  8146       10  2.421689E-03
 -6.454000E+01 -5.147103E-03  8147       10  2.458059E-03
 -6.453000E+01 -5.131206E-03  8148       10  2.471985E-03
 -6.452000E+01 -5.115299E-03  8149       10  2.485955E-03
 -6.451000E+01 -5.099391E-03  8150       10  2.499993E-03
 -6.450000E+01 -5.083484E-03  8151       10  2.514095E-03
 -6.449000E+01 -5.067615E-03  8152       10  2.528242E-03
 -6.448000E+01 -5.053675E-03  8153       10  2.541872E-03
 -6.447000E+01 -5.042613E-03  8154       10  2.555139E-03
 -6.446000E+01 -5.031552E-03  8155       10  2.568459E-03
 -6.445000E+01 -5.020490E-03  8156       10  2.581831E-03
 -6.444000E+01 -5.010422E-03  8157       10  2.593778E-03
 -6.443000E+01 -5.000747E-03  8158       10  2.603309E-03
 -6.442000E+01 -4.990975E-03  8159       10  2.612635E-03
 -6.441000E+01 -4.981218E-03  8160       10  2.622013E-03
 -6.440000E+01 -4.971460E-03  8161       10  2.631443E-03
 -6.439000E+01 -4.961702E-03  8162       10  2.640923E-03
 -6.438000E+01 -4.952226E-03  8163       10  2.650140E-03
 -6.437000E+01 -4.932802E-03  8164       10  2.638057E-03
 -6.436000E+01 -4.909319E-03  8165       10  2.618099E-03
 -6.435000E+01 -4.885835E-03  8166       10  2.598264E-03
 -6.434000E+01 -4.862352E-03  8167       10  2.578555E-03
 -6.433000E+01 -4.838974E-03  8168       10  2.558902E-03
 -6.432000E+01 -4.820496E-03  8169       10  2.538204E-03
 -6.431000E+01 -4.805150E-03  8170       10  2.517353E-03
 -6.430000E+01 -4.789805E-03  8171       10  2.496754E-03
 -6.429000E+01 -4.774482E-03  8172       10  2.476379E-03
 -6.428000E+01 -4.760613E-03  8173       10  2.453965E-03
 -6.427000E+01 -4.747801E-03  8174       10  2.431836E-03
 -6.426000E+01 -4.735149E-03  8175       10  2.409984E-03
 -6.425000E+01 -4.722497E-03  8176       10  2.388403E-03
 -6.424000E+01 -4.709845E-03  8177       10  2.367102E-03
 -6.423000E+01 -4.697175E-03  8178       10  2.346110E-03
 -6.422000E+01 -4.684237E-03  8179       10  2.325728E-03
 -6.421000E+01 -4.668362E-03  8180       10  2.299655E-03
 -6.420000E+01 -4.652055E-03  8181       10  2.273154E-03
 -6.419000E+01 -4.635748E-03  8182       10  2.247124E-03
 -6.418000E+01 -4.619441E-03  8183       10  2.221583E-03
 -6.417000E+01 -4.603157E-03  8184       10  2.196764E-03
 -6.416000E+01 -4.591286E-03  8185       10  2.173122E-03
 -6.415000E+01 -4.580645E-03  8186       10  2.150402E-03
 -6.414000E+01 -4.570004E-03  8187       10  2.128478E-03
 -6.413000E+01 -4.559362E-03  8188       10  2.107374E-03
 -6.412000E+01 -4.549038E-03  8189       10  2.086373E-03
 -6.411000E+01 -4.536898E-03  8190       10  2.064771E-03
 -6.410000E+01 -4.523537E-03  8191       10  2.043644E-03
 -6.409000E+01 -4.510176E-03  8192       10  2.023379E-03
 -6.408000E+01 -4.496815E-03  8193       10  2.004003E-03
 -6.407000E+01 -4.483965E-03  8194       10  1.984862E-03
 -6.406000E+01 -4.474006E-03  8195       10  1.969799E-03
 -6.405000E+01 -4.466136E-03  8196       10  1.958424E-03
 -6.404000E+01 -4.458265E-03  8197       10  1.947696E-03
 -6.403000E+01 -4.450395E-03  8198       10  1.937625E-03
 -6.402000E+01 -4.442525E-03  8199       10  1.928221E-03
 -6.401000E+01 -4.435370E-03  8200       10  1.918977E-03
 -6.400000E+01 -4.434640E-03  8201       10  1.913457E-03
 -6.399000E+01 -4.434273E-03  8202       10  1.909193E-03
 -6.398000E+01 -4.433905E-03  8203       10  1.905989E-03
 -6.397000E+01 -4.827459E-03  8204        9  1.573417E-03
 -6.396000E+01 -4.826279E-03  8205        9  1.573219E-03
 -6.395000E+01 -4.825206E-03  8206        9  1.574447E-03
 -6.394000E+01 -4.824331E-03  8207        9  1.577138E-03
 -6.393000E+01 -4.823457E-03  8208        9  1.581273E-03
 -6.392000E+01 -4.822582E-03  8209        9  1.586841E-03
 -6.391000E+01 -4.820091E-03  8210        9  1.596810E-03
 -6.390000E+01 -4.823433E-03  8211        9  1.617569E-03
 -6.389000E+01 -4.827703E-03  8212        9  1.639386E-03
 -6.388000E+01 -4.831974E-03  8213        9  1.661820E-03
 -6.387000E+01 -4.836244E-03  8214        9  1.684846E-03
 -6.386000E+01 -4.840449E-03  8215        9  1.708550E-03
 -6.385000E+01 -4.847949E-03  8216        9  1.735876E-03
 -6.384000E+01 -4.855419E-03  8217        9  1.763543E-03
 -6.383000E+01 -4.862889E-03  8218        9  1.792184E-03
 -6.382000E+01 -4.870359E-03  8219        9  1.821753E-03
 -6.381000E+01 -4.877830E-03  8220        9  1.852205E-03
 -6.380000E+01 -4.885300E-03  8221        9  1.883499E-03
 -6.379000E+01 -4.891772E-03  8222        9  1.915665E-03
 -6.378000E+01 -4.897971E-03  8223        9  1.948633E-03
 -6.377000E+01 -4.904169E-03  8224        9  1.982347E-03
 -6.376000E+01 -4.910368E-03  8225        9  2.016770E-03
 -6.375000E+01 -4.917234E-03  8226        9  2.051130E-03
 -6.374000E+01 -4.925325E-03  8227        9  2.086162E-03
 -6.373000E+01 -4.933625E-03  8228        9  2.121781E-03
 -6.372000E+01 -4.941924E-03  8229        9  2.157946E-03
 -6.371000E+01 -4.950224E-03  8230        9  2.194629E-03
 -6.370000E+01 -4.958692E-03  8231        9  2.231555E-03
 -6.369000E+01 -4.962939E-03  8232        9  2.261791E-03
 -6.368000E+01 -4.958686E-03  8233        9  2.284635E-03
 -6.367000E+01 -4.954433E-03  8234        9  2.308142E-03
 -6.366000E+01 -4.950180E-03  8235        9  2.332292E-03
 -6.365000E+01 -4.945809E-03  8236        9  2.357115E-03
 -6.364000E+01 -4.940206E-03  8237        9  2.383082E-03
 -6.363000E+01 -4.934657E-03  8238        9  2.409648E-03
 -6.362000E+01 -4.929178E-03  8239        9  2.436791E-03
 -6.361000E+01 -4.923698E-03  8240        9  2.464505E-03
 -6.360000E+01 -4.918218E-03  8241        9  2.492770E-03
 -6.359000E+01 -4.911245E-03  8242        9  2.524432E-03
 -6.358000E+01 -4.904810E-03  8243        9  2.557200E-03
 -6.357000E+01 -4.898492E-03  8244        9  2.590413E-03
 -6.356000E+01 -4.892175E-03  8245        9  2.624059E-03
 -6.355000E+01 -4.885857E-03  8246        9  2.658121E-03
 -6.354000E+01 -4.879168E-03  8247        9  2.692263E-03
 -6.353000E+01 -4.860961E-03  8248        9  2.704376E-03
 -6.352000E+01 -4.842754E-03  8249        9  2.716550E-03
 -6.351000E+01 -4.824547E-03  8250        9  2.728784E-03
 -6.350000E+01 -4.806340E-03  8251        9  2.741079E-03
 -6.349000E+01 -4.788147E-03  8252        9  2.753425E-03
 -6.348000E+01 -4.770845E-03  8253        9  2.765418E-03
 -6.347000E+01 -4.754088E-03  8254        9  2.777337E-03
 -6.346000E+01 -4.737331E-03  8255        9  2.789307E-03
 -6.345000E+01 -4.720574E-03  8256        9  2.801329E-03
 -6.344000E+01 -4.704672E-03  8257        9  2.812101E-03
 -6.343000E+01 -4.690480E-03  8258        9  2.819326E-03
 -6.342000E+01 -4.676685E-03  8259        9  2.826485E-03
 -6.341000E+01 -4.662906E-03  8260        9  2.833702E-03
 -6.340000E+01 -4.649127E-03  8261        9  2.840978E-03
 -6.339000E+01 -4.635348E-03  8262        9  2.848311E-03
 -6.338000E+01 -4.622076E-03  8263        9  2.855112E-03
 -6.337000E+01 -4.597029E-03  8264        9  2.840964E-03
 -6.336000E+01 -4.567426E-03  8265        9  2.819831E-03
 -6.335000E+01 -4.537823E-03  8266        9  2.798808E-03
 -6.334000E+01 -4.508220E-03  8267        9  2.777898E-03
 -6.333000E+01 -4.478708E-03  8268        9  2.757040E-03
 -6.332000E+01 -4.451277E-03  8269        9  2.735225E-03
 -6.331000E+01 -4.424190E-03  8270        9  2.713459E-03
 -6.330000E+01 -4.397102E-03  8271        9  2.691809E-03
 -6.329000E+01 -4.370015E-03  8272        9  2.670277E-03
 -6.328000E+01 -4.343463E-03  8273        9  2.648031E-03
 -6.327000E+01 -4.317256E-03  8274        9  2.625759E-03
 -6.326000E+01 -4.291098E-03  8275        9  2.603616E-03
 -6.325000E+01 -4.264939E-03  8276        9  2.581604E-03
 -6.324000E+01 -4.238781E-03  8277        9  2.559727E-03
 -6.323000E+01 -4.212573E-03  8278        9  2.538045E-03
 -6.322000E+01 -4.185737E-03  8279        9  2.517247E-03
 -6.321000E+01 -4.155493E-03  8280        9  2.491080E-03
 -6.320000E+01 -4.124817E-03  8281        9  2.464486E-03
 -6.319000E+01 -4.094142E-03  8282        9  2.438146E-03
 -6.318000E+01 -4.063466E-03  8283        9  2.412069E-03
 -6.317000E+01 -4.032807E-03  8284        9  2.386473E-03
 -6.316000E+01 -4.004530E-03  8285        9  2.361152E-03
 -6.315000E+01 -3.976252E-03  8286        9  2.336218E-03
 -6.314000E+01 -3.947975E-03  8287        9  2.311684E-03
 -6.313000E+01 -3.919697E-03  8288        9  2.287564E-03
 -6.312000E+01 -3.891627E-03  8289        9  2.263282E-03
 -6.311000E+01 -3.861837E-03  8290        9  2.237577E-03
 -6.310000E+01 -3.831130E-03  8291        9  2.211951E-03
 -6.309000E+01 -3.800423E-03  8292        9  2.186706E-03
 -6.308000E+01 -3.769716E-03  8293        9  2.161855E-03
 -6.307000E+01 -3.739785E-03  8294        9  2.136434E-03
 -6.306000E+01 -3.713546E-03  8295        9  2.114943E-03
 -6.305000E+01 -3.690052E-03  8296        9  2.097124E-03
 -6.304000E+01 -3.666558E-03  8297        9  2.079547E-03
 -6.303000E+01 -3.643064E-03  8298        9  2.062219E-03
 -6.302000E+01 -3.619569E-03  8299        9  2.045146E-03
 -6.301000E+01 -3.596688E-03  8300        9  2.028067E-03
 -6.300000E+01 -3.577514E-03  8301        9  2.012473E-03
 -6.299000E+01 -3.558339E-03  8302        9  1.997400E-03
 -6.298000E+01 -3.539164E-03  8303        9  1.982860E-03
 -6.297000E+01 -3.950124E-03  8304        8  1.641900E-03
 -6.296000E+01 -3.928051E-03  8305        8  1.629168E-03
 -6.295000E+01 -3.905271E-03  8306        8  1.616991E-03
 -6.294000E+01 -3.882579E-03  8307        8  1.605641E-03
 -6.293000E+01 -3.859887E-03  8308        8  1.595113E-03
 -6.292000E+01 -3.837195E-03  8309        8  1.585425E-03
 -6.291000E+01 -3.812675E-03  8310        8  1.579965E-03
 -6.290000E+01 -3.794584E-03  8311        8  1.587820E-03
 -6.289000E+01 -3.777933E-03  8312        8  1.596846E-03
 -6.288000E+01 -3.761283E-03  8313        8  1.606340E-03
 -6.287000E+01 -3.744632E-03  8314        8  1.616292E-03
 -6.286000E+01 -3.728002E-03  8315        8  1.626664E-03
 -6.285000E+01 -3.715596E-03  8316        8  1.641208E-03
 -6.284000E+01 -3.707258E-03  8317        8  1.660619E-03
 -6.283000E+01 -3.698920E-03  8318        8  1.681304E-03
 -6.282000E+01 -3.690582E-03  8319        8  1.703215E-03
 -6.281000E+01 -3.682243E-03  8320        8  1.726306E-03
 -6.280000E+01 -3.673905E-03  8321        8  1.750530E-03
 -6.279000E+01 -3.664775E-03  8322        8  1.775663E-03
 -6.278000E+01 -3.655434E-03  8323        8  1.801807E-03
 -6.277000E+01 -3.646094E-03  8324        8  1.828964E-03
 -6.276000E+01 -3.636753E-03  8325        8  1.857090E-03
 -6.275000E+01 -3.628242E-03  8326        8  1.885379E-03
 -6.274000E+01 -3.623451E-03  8327        8  1.915555E-03
 -6.273000E+01 -3.619257E-03  8328        8  1.946656E-03
 -6.272000E+01 -3.615064E-03  8329        8  1.978480E-03
 -6.271000E+01 -3.610870E-03  8330        8  2.010993E-03
 -6.270000E+01 -3.606821E-03  8331        8  2.043960E-03
 -6.269000E+01 -3.604207E-03  8332        8  2.075654E-03
 -6.268000E+01 -3.601610E-03  8333        8  2.108019E-03
 -6.267000E+01 -3.599014E-03  8334        8  2.140997E-03
 -6.266000E+01 -3.596417E-03  8335        8  2.174558E-03
 -6.265000E+01 -3.593751E-03  8336        8  2.208693E-03
 -6.264000E+01 -3.590109E-03  8337        8  2.243599E-03
 -6.263000E+01 -3.586574E-03  8338        8  2.279050E-03
 -6.262000E+01 -3.583168E-03  8339        8  2.315019E-03
 -6.261000E+01 -3.579762E-03  8340        8  2.351475E-03
 -6.260000E+01 -3.576357E-03  8341        8  2.388396E-03
 -6.259000E+01 -3.571284E-03  8342        8  2.428910E-03
 -6.258000E+01 -3.567710E-03  8343        8  2.470821E-03
 -6.257000E+01 -3.564467E-03  8344        8  2.513102E-03
 -6.256000E+01 -3.561225E-03  8345        8  2.555682E-03
 -6.255000E+01 -3.557983E-03  8346        8  2.598547E-03
 -6.254000E+01 -3.554309E-03  8347        8  2.640796E-03
 -6.253000E+01 -3.538113E-03  8348        8  2.657080E-03
 -6.252000E+01 -3.521918E-03  8349        8  2.673431E-03
 -6.251000E+01 -3.505722E-03  8350        8  2.689850E-03
 -6.250000E+01 -3.489527E-03  8351        8  2.706334E-03
 -6.249000E+01 -3.473333E-03  8352        8  2.722882E-03
 -6.248000E+01 -3.457879E-03  8353        8  2.739354E-03
 -6.247000E+01 -3.443215E-03  8354        8  2.755858E-03
 -6.246000E+01 -3.428551E-03  8355        8  2.772417E-03
 -6.245000E+01 -3.413886E-03  8356        8  2.789031E-03
 -6.244000E+01 -3.400412E-03  8357        8  2.804055E-03
 -6.243000E+01 -3.388993E-03  8358        8  2.814504E-03
 -6.242000E+01 -3.378847E-03  8359        8  2.825056E-03
 -6.241000E+01 -3.368701E-03  8360        8  2.835697E-03
 -6.240000E+01 -3.358555E-03  8361        8  2.846425E-03
 -6.239000E+01 -3.348409E-03  8362        8  2.857238E-03
 -6.238000E+01 -3.338893E-03  8363        8  2.867473E-03
 -6.237000E+01 -3.317773E-03  8364        8  2.852835E-03
 -6.236000E+01 -3.293176E-03  8365        8  2.831081E-03
 -6.235000E+01 -3.268580E-03  8366        8  2.809551E-03
 -6.234000E+01 -3.243983E-03  8367        8  2.788248E-03
 -6.233000E+01 -3.219458E-03  8368        8  2.767134E-03
 -6.232000E+01 -3.197221E-03  8369        8  2.745301E-03
 -6.231000E+01 -3.175321E-03  8370        8  2.723686E-03
 -6.230000E+01 -3.153422E-03  8371        8  2.702296E-03
 -6.229000E+01 -3.131522E-03  8372        8  2.681137E-03
 -6.228000E+01 -3.109606E-03  8373        8  2.660238E-03
 -6.227000E+01 -3.084974E-03  8374        8  2.638720E-03
 -6.226000E+01 -3.060106E-03  8375        8  2.617314E-03
 -6.225000E+01 -3.035238E-03  8376        8  2.596099E-03
 -6.224000E+01 -3.010371E-03  8377        8  2.575080E-03
 -6.223000E+01 -2.985465E-03  8378        8  2.554303E-03
 -6.222000E+01 -2.959818E-03  8379        8  2.534541E-03
 -6.221000E+01 -2.931473E-03  8380        8  2.509915E-03
 -6.220000E+01 -2.902852E-03  8381        8  2.485091E-03
 -6.219000E+01 -2.874230E-03  8382        8  2.460606E-03
 -6.218000E+01 -2.845608E-03  8383        8  2.436469E-03
 -6.217000E+01 -2.817595E-03  8384        8  2.412532E-03
 -6.216000E+01 -2.792372E-03  8385        8  2.389368E-03
 -6.215000E+01 -2.767149E-03  8386        8  2.366684E-03
 -6.214000E+01 -2.741926E-03  8387        8  2.344492E-03
 -6.213000E+01 -2.716704E-03  8388        8  2.322807E-03
 -6.212000E+01 -2.691769E-03  8389        8  2.300877E-03
 -6.211000E+01 -2.668113E-03  8390        8  2.278399E-03
 -6.210000E+01 -2.645536E-03  8391        8  2.257032E-03
 -6.209000E+01 -2.622959E-03  8392        8  2.236283E-03
 -6.208000E+01 -2.600382E-03  8393        8  2.216169E-03
 -6.207000E+01 -2.578764E-03  8394        8  2.195575E-03
 -6.206000E+01 -2.561236E-03  8395        8  2.179421E-03
 -6.205000E+01 -2.545833E-03  8396        8  2.166830E-03
 -6.204000E+01 -2.530430E-03  8397        8  2.154613E-03
 -6.203000E+01 -2.515026E-03  8398        8  2.142777E-03
 -6.202000E+01 -2.499623E-03  8399        8  2.131329E-03
 -6.201000E+01 -2.484725E-03  8400        8  2.120238E-03
 -6.200000E+01 -2.473956E-03  8401        8  2.111577E-03
 -6.199000E+01 -2.463186E-03  8402        8  2.103553E-03
 -6.198000E+01 -2.452417E-03  8403        8  2.096173E-03
 -6.197000E+01 -2.905170E-03  8404        7  1.808488E-03
 -6.196000E+01 -2.892288E-03  8405        7  1.803182E-03
 -6.195000E+01 -2.875550E-03  8406        7  1.796913E-03
 -6.194000E+01 -2.858122E-03  8407        7  1.791164E-03
 -6.193000E+01 -2.840693E-03  8408        7  1.786298E-03
 -6.192000E+01 -2.823264E-03  8409        7  1.782324E-03
 -6.191000E+01 -2.803680E-03  8410        7  1.783083E-03
 -6.190000E+01 -2.789745E-03  8411        7  1.796810E-03
 -6.189000E+01 -2.775810E-03  8412        7  1.810977E-03
 -6.188000E+01 -2.761874E-03  8413        7  1.825571E-03
 -6.187000E+01 -2.747939E-03  8414        7  1.840583E-03
 -6.186000E+01 -2.734134E-03  8415        7  1.855806E-03
 -6.185000E+01 -2.725657E-03  8416        7  1.875037E-03
 -6.184000E+01 -2.721772E-03  8417        7  1.899525E-03
 -6.183000E+01 -2.717886E-03  8418        7  1.925160E-03
 -6.182000E+01 -2.714001E-03  8419        7  1.951897E-03
 -6.181000E+01 -2.710115E-03  8420        7  1.979692E-03
 -6.180000E+01 -2.706229E-03  8421        7  2.008500E-03
 -6.179000E+01 -2.698923E-03  8422        7  2.036696E-03
 -6.178000E+01 -2.690902E-03  8423        7  2.065582E-03
 -6.177000E+01 -2.682882E-03  8424        7  2.095455E-03
 -6.176000E+01 -2.674862E-03  8425        7  2.126273E-03
 -6.175000E+01 -2.667963E-03  8426        7  2.156697E-03
 -6.174000E+01 -2.661441E-03  8427        7  2.187890E-03
 -6.173000E+01 -2.654919E-03  8428        7  2.219923E-03
 -6.172000E+01 -2.648397E-03  8429        7  2.252761E-03
 -6.171000E+01 -2.641874E-03  8430        7  2.286370E-03
 -6.170000E+01 -2.635466E-03  8431        7  2.320561E-03
 -6.169000E+01 -2.630421E-03  8432        7  2.353386E-03
 -6.168000E+01 -2.625320E-03  8433        7  2.386828E-03
 -6.167000E+01 -2.620218E-03  8434        7  2.420945E-03
 -6.166000E+01 -2.615117E-03  8435        7  2.455711E-03
 -6.165000E+01 -2.609906E-03  8436        7  2.491116E-03
 -6.164000E+01 -2.603576E-03  8437        7  2.527324E-03
 -6.163000E+01 -2.597589E-03  8438        7  2.564225E-03
 -6.162000E+01 -2.591965E-03  8439        7  2.601786E-03
 -6.161000E+01 -2.586340E-03  8440        7  2.639887E-03
 -6.160000E+01 -2.580716E-03  8441        7  2.678507E-03
 -6.159000E+01 -2.572835E-03  8442        7  2.720806E-03
 -6.158000E+01 -2.564653E-03  8443        7  2.764236E-03
 -6.157000E+01 -2.556471E-03  8444        7  2.808062E-03
 -6.156000E+01 -2.548290E-03  8445        7  2.852267E-03
 -6.155000E+01 -2.540108E-03  8446        7  2.896832E-03
 -6.154000E+01 -2.531485E-03  8447        7  2.940418E-03
 -6.153000E+01 -2.507933E-03  8448        7  2.954864E-03
 -6.152000E+01 -2.484381E-03  8449        7  2.969377E-03
 -6.151000E+01 -2.460830E-03  8450        7  2.983958E-03
 -6.150000E+01 -2.437278E-03  8451        7  2.998604E-03
 -6.149000E+01 -2.413735E-03  8452        7  3.013312E-03
 -6.148000E+01 -2.391162E-03  8453        7  3.028087E-03
 -6.147000E+01 -2.369571E-03  8454        7  3.043089E-03
 -6.146000E+01 -2.347979E-03  8455        7  3.058148E-03
 -6.145000E+01 -2.326387E-03  8456        7  3.073264E-03
 -6.144000E+01 -2.305678E-03  8457        7  3.087294E-03
 -6.143000E+01 -2.286612E-03  8458        7  3.097784E-03
 -6.142000E+01 -2.267024E-03  8459        7  3.108132E-03
 -6.141000E+01 -2.247436E-03  8460        7  3.118547E-03
 -6.140000E+01 -2.227849E-03  8461        7  3.129029E-03
 -6.139000E+01 -2.208261E-03  8462        7  3.139576E-03
 -6.138000E+01 -2.188972E-03  8463        7  3.149889E-03
 -6.137000E+01 -2.156957E-03  8464        7  3.134651E-03
 -6.136000E+01 -2.121263E-03  8465        7  3.112207E-03
 -6.135000E+01 -2.085570E-03  8466        7  3.089893E-03
 -6.134000E+01 -2.049877E-03  8467        7  3.067712E-03
 -6.133000E+01 -2.014339E-03  8468        7  3.045590E-03
 -6.132000E+01 -1.982887E-03  8469        7  3.022941E-03
 -6.131000E+01 -1.952132E-03  8470        7  3.000597E-03
 -6.130000E+01 -1.921377E-03  8471        7  2.978410E-03
 -6.129000E+01 -1.890622E-03  8472        7  2.956385E-03
 -6.128000E+01 -1.860859E-03  8473        7  2.933205E-03
 -6.127000E+01 -1.830959E-03  8474        7  2.909835E-03
 -6.126000E+01 -1.801052E-03  8475        7  2.886617E-03
 -6.125000E+01 -1.771144E-03  8476        7  2.863560E-03
 -6.124000E+01 -1.741236E-03  8477        7  2.840666E-03
 -6.123000E+01 -1.711310E-03  8478        7  2.817958E-03
 -6.122000E+01 -1.680791E-03  8479        7  2.796021E-03
 -6.121000E+01 -1.646599E-03  8480        7  2.767529E-03
 -6.120000E+01 -1.612053E-03  8481        7  2.738678E-03
 -6.119000E+01 -1.577506E-03  8482        7  2.710131E-03
 -6.118000E+01 -1.542960E-03  8483        7  2.681897E-03
 -6.117000E+01 -1.508853E-03  8484        7  2.654631E-03
 -6.116000E+01 -1.479931E-03  8485        7  2.629959E-03
 -6.115000E+01 -1.451009E-03  8486        7  2.605859E-03
 -6.114000E+01 -1.422088E-03  8487        7  2.582348E-03
 -6.113000E+01 -1.393166E-03  8488        7  2.559441E-03
 -6.112000E+01 -1.364364E-03  8489        7  2.536756E-03
 -6.111000E+01 -1.335215E-03  8490        7  2.513656E-03
 -6.110000E+01 -1.306065E-03  8491        7  2.491197E-03
 -6.109000E+01 -1.276915E-03  8492        7  2.469398E-03
 -6.108000E+01 -1.247766E-03  8493        7  2.448277E-03
 -6.107000E+01 -1.218970E-03  8494        7  2.427473E-03
 -6.106000E+01 -1.194023E-03  8495        7  2.412219E-03
 -6.105000E+01 -1.171330E-03  8496        7  2.400789E-03
 -6.104000E+01 -1.148637E-03  8497        7  2.389794E-03
 -6.103000E+01 -1.125944E-03  8498        7  2.379241E-03
 -6.102000E+01 -1.103251E-03  8499        7  2.369136E-03
 -6.101000E+01 -1.081786E-03  8500        7  2.359949E-03
 -6.100000E+01 -1.068129E-03  8501        7  2.356900E-03
 -6.099000E+01 -1.054472E-03  8502        7  2.354689E-03
 -6.098000E+01 -1.040815E-03  8503        7  2.353316E-03
 -6.097000E+01 -1.600787E-03  8504        6  2.038345E-03
 -6.096000E+01 -1.585836E-03  8505        6  2.039946E-03
 -6.095000E+01 -1.569892E-03  8506        6  2.042506E-03
 -6.094000E+01 -1.553948E-03  8507        6  2.046233E-03
 -6.093000E+01 -1.538004E-03  8508        6  2.051121E-03
 -6.092000E+01 -1.522059E-03  8509        6  2.057160E-03
 -6.091000E+01 -1.503669E-03  8510        6  2.068549E-03
 -6.090000E+01 -1.491601E-03  8511        6  2.094590E-03
 -6.089000E+01 -1.479533E-03  8512        6  2.121085E-03
 -6.088000E+01 -1.467465E-03  8513        6  2.148016E-03
 -6.087000E+01 -1.455397E-03  8514        6  2.175367E-03
 -6.086000E+01 -1.443270E-03  8515        6  2.203195E-03
 -6.085000E+01 -1.441554E-03  8516        6  2.241567E-03
 -6.084000E+01 -1.448640E-03  8517        6  2.289046E-03
 -6.083000E+01 -1.455725E-03  8518        6  2.337538E-03
 -6.082000E+01 -1.462810E-03  8519        6  2.386982E-03
 -6.081000E+01 -1.469896E-03  8520        6  2.437320E-03
 -6.080000E+01 -1.476981E-03  8521        6  2.488497E-03
 -6.079000E+01 -1.484066E-03  8522        6  2.540463E-03
 -6.078000E+01 -1.491151E-03  8523        6  2.593170E-03
 -6.077000E+01 -1.498237E-03  8524        6  2.646575E-03
 -6.076000E+01 -1.505322E-03  8525        6  2.700635E-03
 -6.075000E+01 -1.513219E-03  8526        6  2.754310E-03
 -6.074000E+01 -1.521347E-03  8527        6  2.808399E-03
 -6.073000E+01 -1.529475E-03  8528        6  2.863045E-03
 -6.072000E+01 -1.537602E-03  8529        6  2.918216E-03
 -6.071000E+01 -1.545730E-03  8530        6  2.973882E-03
 -6.070000E+01 -1.553991E-03  8531        6  3.029867E-03
 -6.069000E+01 -1.561446E-03  8532        6  3.082431E-03
 -6.068000E+01 -1.567723E-03  8533        6  3.134003E-03
 -6.067000E+01 -1.574000E-03  8534        6  3.185937E-03
 -6.066000E+01 -1.580276E-03  8535        6  3.238215E-03
 -6.065000E+01 -1.586447E-03  8536        6  3.290854E-03
 -6.064000E+01 -1.591673E-03  8537        6  3.344120E-03
 -6.063000E+01 -1.596899E-03  8538        6  3.397707E-03
 -6.062000E+01 -1.602124E-03  8539        6  3.451601E-03
 -6.061000E+01 -1.607350E-03  8540        6  3.505786E-03
 -6.060000E+01 -1.612576E-03  8541        6  3.560250E-03
 -6.059000E+01 -1.618055E-03  8542        6  3.616098E-03
 -6.058000E+01 -1.624668E-03  8543        6  3.672653E-03
 -6.057000E+01 -1.631282E-03  8544        6  3.729392E-03
 -6.056000E+01 -1.637895E-03  8545        6  3.786306E-03
 -6.055000E+01 -1.644509E-03  8546        6  3.843387E-03
 -6.054000E+01 -1.649361E-03  8547        6  3.896994E-03
 -6.053000E+01 -1.625166E-03  8548        6  3.913405E-03
 -6.052000E+01 -1.600971E-03  8549        6  3.929849E-03
 -6.051000E+01 -1.576776E-03  8550        6  3.946327E-03
 -6.050000E+01 -1.552580E-03  8551        6  3.962836E-03
 -6.049000E+01 -1.528438E-03  8552        6  3.979354E-03
 -6.048000E+01 -1.505619E-03  8553        6  3.995283E-03
 -6.047000E+01 -1.482801E-03  8554        6  4.011230E-03
 -6.046000E+01 -1.459983E-03  8555        6  4.027196E-03
 -6.045000E+01 -1.437164E-03  8556        6  4.043181E-03
 -6.044000E+01 -1.415789E-03  8557        6  4.057379E-03
 -6.043000E+01 -1.398658E-03  8558        6  4.065831E-03
 -6.042000E+01 -1.381337E-03  8559        6  4.074285E-03
 -6.041000E+01 -1.364015E-03  8560        6  4.082776E-03
 -6.040000E+01 -1.346694E-03  8561        6  4.091305E-03
 -6.039000E+01 -1.329373E-03  8562        6  4.099872E-03
 -6.038000E+01 -1.313888E-03  8563        6  4.106669E-03
 -6.037000E+01 -1.273871E-03  8564        6  4.081221E-03
 -6.036000E+01 -1.228139E-03  8565        6  4.048566E-03
 -6.035000E+01 -1.182408E-03  8566        6  4.015972E-03
 -6.034000E+01 -1.136676E-03  8567        6  3.983439E-03
 -6.033000E+01 -1.091179E-03  8568        6  3.950844E-03
 -6.032000E+01 -1.048408E-03  8569        6  3.916837E-03
 -6.031000E+01 -1.005637E-03  8570        6  3.882882E-03
 -6.030000E+01 -9.628655E-04  8571        6  3.848980E-03
 -6.029000E+01 -9.200945E-04  8572        6  3.815131E-03
 -6.028000E+01 -8.798166E-04  8573        6  3.778242E-03
 -6.027000E+01 -8.409417E-04  8574        6  3.741052E-03
 -6.026000E+01 -8.020866E-04  8575        6  3.703936E-03
 -6.025000E+01 -7.632315E-04  8576        6  3.666889E-03
 -6.024000E+01 -7.243764E-04  8577        6  3.629914E-03
 -6.023000E+01 -6.855821E-04  8578        6  3.592954E-03
 -6.022000E+01 -6.479180E-04  8579        6  3.554947E-03
 -6.021000E+01 -6.069082E-04  8580        6  3.512878E-03
 -6.020000E+01 -5.657158E-04  8581        6  3.470679E-03
 -6.019000E+01 -5.245234E-04  8582        6  3.428583E-03
 -6.018000E+01 -4.833310E-04  8583        6  3.386592E-03
 -6.017000E+01 -4.422452E-04  8584        6  3.344650E-03
 -6.016000E+01 -4.011781E-04  8585        6  3.302811E-03
 -6.015000E+01 -3.601109E-04  8586        6  3.261088E-03
 -6.014000E+01 -3.190438E-04  8587        6  3.219488E-03
 -6.013000E+01 -2.779767E-04  8588        6  3.178014E-03
 -6.012000E+01 -2.366003E-04  8589        6  3.136576E-03
 -6.011000E+01 -1.933331E-04  8590        6  3.094489E-03
 -6.010000E+01 -1.500659E-04  8591        6  3.052487E-03
 -6.009000E+01 -1.067987E-04  8592        6  3.010576E-03
 -6.008000E+01 -6.353152E-05  8593        6  2.968758E-03
 -6.007000E+01 -2.095132E-05  8594        6  2.926345E-03
 -6.006000E+01  1.193836E-05  8595        6  2.894087E-03
 -6.005000E+01  3.986130E-05  8596        6  2.867701E-03
 -6.004000E+01  6.778425E-05  8597        6  2.841345E-03
 -6.003000E+01  9.570719E-05  8598        6  2.815019E-03
 -6.002000E+01  1.236301E-04  8599        6  2.788725E-03
 -6.001000E+01  1.509676E-04  8600        6  2.762092E-03
 -6.000000E+01  1.780852E-04  8601        6  2.735347E-03
 -5.999000E+01  2.052028E-04  8602        6  2.708627E-03
 -5.998000E+01  2.323204E-04  8603        6  2.681934E-03
 -5.997000E+01 -4.066402E-04  8604        5  2.408024E-03
 -5.996000E+01 -3.718213E-04  8605        5  2.383733E-03
 -5.995000E+01 -3.355917E-04  8606        5  2.358976E-03
 -5.994000E+01 -2.993621E-04  8607        5  2.334236E-03
 -5.993000E+01 -2.631325E-04  8608        5  2.309515E-03
 -5.992000E+01 -2.269029E-04  8609        5  2.284813E-03
 -5.991000E+01 -1.893444E-04  8610        5  2.264594E-03
 -5.990000E+01 -1.662192E-04  8611        5  2.265480E-03
 -5.989000E+01 -1.430940E-04  8612        5  2.266395E-03
 -5.988000E+01 -1.199688E-04  8613        5  2.267339E-03
 -5.987000E+01 -9.684354E-05  8614        5  2.268311E-03
 -5.986000E+01 -7.351810E-05  8615        5  2.269514E-03
 -5.985000E+01 -4.950697E-05  8616        5  2.271438E-03
 -5.984000E+01 -2.549583E-05  8617        5  2.273390E-03
 -5.983000E+01 -1.484699E-06  8618        5  2.275369E-03
 -5.982000E+01  2.252644E-05  8619        5  2.277376E-03
 -5.981000E+01  4.653757E-05  8620        5  2.279410E-03
 -5.980000E+01  7.054870E-05  8621        5  2.281471E-03
 -5.979000E+01  9.455984E-05  8622        5  2.283560E-03
 -5.978000E+01  1.185710E-04  8623        5  2.285676E-03
 -5.977000E+01  1.425821E-04  8624        5  2.287819E-03
 -5.976000E+01  1.665932E-04  8625        5  2.289989E-03
 -5.975000E+01  1.925995E-04  8626        5  2.292541E-03
 -5.974000E+01  2.197534E-04  8627        5  2.294348E-03
 -5.973000E+01  2.469072E-04  8628        5  2.296170E-03
 -5.972000E+01  2.740610E-04  8629        5  2.298008E-03
 -5.971000E+01  3.012149E-04  8630        5  2.299862E-03
 -5.970000E+01  3.281662E-04  8631        5  2.301529E-03
 -5.969000E+01  3.534275E-04  8632        5  2.301520E-03
 -5.968000E+01  3.786887E-04  8633        5  2.301536E-03
 -5.967000E+01  4.039500E-04  8634        5  2.301578E-03
 -5.966000E+01  4.292112E-04  8635        5  2.301644E-03
 -5.965000E+01  4.547785E-04  8636        5  2.301675E-03
 -5.964000E+01  4.829269E-04  8637        5  2.301248E-03
 -5.963000E+01  5.110753E-04  8638        5  2.300893E-03
 -5.962000E+01  5.392237E-04  8639        5  2.300612E-03
 -5.961000E+01  5.673721E-04  8640        5  2.300403E-03
 -5.960000E+01  5.955205E-04  8641        5  2.300268E-03
 -5.959000E+01  6.259234E-04  8642        5  2.302733E-03
 -5.958000E+01  6.569557E-04  8643        5  2.305578E-03
 -5.957000E+01  6.879879E-04  8644        5  2.308500E-03
 -5.956000E+01  7.190202E-04  8645        5  2.311498E-03
 -5.955000E+01  7.500524E-04  8646        5  2.314572E-03
 -5.954000E+01  7.818343E-04  8647        5  2.318409E-03
 -5.953000E+01  8.139375E-04  8648        5  2.322603E-03
 -5.952000E+01  8.460407E-04  8649        5  2.326858E-03
 -5.951000E+01  8.781439E-04  8650        5  2.331173E-03
 -5.950000E+01  9.102471E-04  8651        5  2.335548E-03
 -5.949000E+01  9.423272E-04  8652        5  2.339983E-03
 -5.948000E+01  9.738917E-04  8653        5  2.344494E-03
 -5.947000E+01  1.005456E-03  8654        5  2.349054E-03
 -5.946000E+01  1.037021E-03  8655        5  2.353663E-03
 -5.945000E+01  1.068585E-03  8656        5  2.358322E-03
 -5.944000E+01  1.099141E-03  8657        5  2.361667E-03
 -5.943000E+01  1.130334E-03  8658        5  2.357379E-03
 -5.942000E+01  1.163254E-03  8659        5  2.351217E-03
 -5.941000E+01  1.196174E-03  8660        5  2.345090E-03
 -5.940000E+01  1.229094E-03  8661        5  2.338996E-03
 -5.939000E+01  1.262014E-03  8662        5  2.332936E-03
 -5.938000E+01  1.294379E-03  8663        5  2.326442E-03
 -5.937000E+01  1.326606E-03  8664        5  2.319870E-03
 -5.936000E+01  1.358833E-03  8665        5  2.313338E-03
 -5.935000E+01  1.391060E-03  8666        5  2.306845E-03
 -5.934000E+01  1.423287E-03  8667        5  2.300392E-03
 -5.933000E+01  1.455367E-03  8668        5  2.293966E-03
 -5.932000E+01  1.485838E-03  8669        5  2.287428E-03
 -5.931000E+01  1.516309E-03  8670        5  2.280908E-03
 -5.930000E+01  1.546781E-03  8671        5  2.274406E-03
 -5.929000E+01  1.577252E-03  8672        5  2.267921E-03
 -5.928000E+01  1.606982E-03  8673        5  2.260474E-03
 -5.927000E+01  1.636496E-03  8674        5  2.252983E-03
 -5.926000E+01  1.666011E-03  8675        5  2.245512E-03
 -5.925000E+01  1.695526E-03  8676        5  2.238060E-03
 -5.924000E+01  1.725041E-03  8677        5  2.230629E-03
 -5.923000E+01  1.754626E-03  8678        5  2.223273E-03
 -5.922000E+01  1.785251E-03  8679        5  2.216769E-03
 -5.921000E+01  1.815877E-03  8680        5  2.210283E-03
 -5.920000E+01  1.846503E-03  8681        5  2.203814E-03
 -5.919000E+01  1.877129E-03  8682        5  2.197363E-03
 -5.918000E+01  1.907755E-03  8683        5  2.190929E-03
 -5.917000E+01  1.938968E-03  8684        5  2.184616E-03
 -5.916000E+01  1.970281E-03  8685        5  2.178345E-03
 -5.915000E+01  2.001593E-03  8686        5  2.172101E-03
 -5.914000E+01  2.032906E-03  8687        5  2.165884E-03
 -5.913000E+01  2.064218E-03  8688        5  2.159694E-03
 -5.912000E+01  2.095785E-03  8689        5  2.152828E-03
 -5.911000E+01  2.129090E-03  8690        5  2.143204E-03
 -5.910000E+01  2.162395E-03  8691        5  2.133603E-03
 -5.909000E+01  2.195701E-03  8692        5  2.124026E-03
 -5.908000E+01  2.229006E-03  8693        5  2.114473E-03
 -5.907000E+01  2.261707E-03  8694        5  2.104468E-03
 -5.906000E+01  2.293902E-03  8695        5  2.094092E-03
 -5.905000E+01  2.326096E-03  8696        5  2.083746E-03
 -5.904000E+01  2.358291E-03  8697        5  2.073429E-03
 -5.903000E+01  2.390486E-03  8698        5  2.063141E-03
 -5.902000E+01  2.422681E-03  8699        5  2.052884E-03
 -5.901000E+01  2.453970E-03  8700        5  2.042398E-03
 -5.900000E+01  2.484927E-03  8701        5  2.031835E-03
 -5.899000E+01  2.515884E-03  8702        5  2.021286E-03
 -5.898000E+01  2.546842E-03  8703        5  2.010753E-03
 -5.897000E+01  1.946486E-03  8704        4  1.734475E-03
 -5.896000E+01  1.982762E-03  8705        4  1.725725E-03
 -5.895000E+01  2.020601E-03  8706        4  1.715454E-03
 -5.894000E+01  2.058440E-03  8707        4  1.705201E-03
 -5.893000E+01  2.096279E-03  8708        4  1.694964E-03
 -5.892000E+01  2.134118E-03  8709        4  1.684746E-03
 -5.891000E+01  2.174268E-03  8710        4  1.677371E-03
 -5.890000E+01  2.216923E-03  8711        4  1.673061E-03
 -5.889000E+01  2.259577E-03  8712        4  1.668752E-03
 -5.888000E+01  2.302232E-03  8713        4  1.664442E-03
 -5.887000E+01  2.344886E-03  8714        4  1.660133E-03
 -5.886000E+01  2.387282E-03  8715        4  1.655631E-03
 -5.885000E+01  2.428815E-03  8716        4  1.650489E-03
 -5.884000E+01  2.470348E-03  8717        4  1.645350E-03
 -5.883000E+01  2.511881E-03  8718        4  1.640214E-03
 -5.882000E+01  2.553414E-03  8719        4  1.635081E-03
 -5.881000E+01  2.594947E-03  8720        4  1.629950E-03
 -5.880000E+01  2.636481E-03  8721        4  1.624823E-03
 -5.879000E+01  2.678014E-03  8722        4  1.619699E-03
 -5.878000E+01  2.719547E-03  8723        4  1.614578E-03
 -5.877000E+01  2.761080E-03  8724        4  1.609460E-03
 -5.876000E+01  2.802613E-03  8725        4  1.604345E-03
 -5.875000E+01  2.843947E-03  8726        4  1.598985E-03
 -5.874000E+01  2.885249E-03  8727        4  1.593589E-03
 -5.873000E+01  2.926552E-03  8728        4  1.588196E-03
 -5.872000E+01  2.967854E-03  8729        4  1.582804E-03
 -5.871000E+01  3.009156E-03  8730        4  1.577416E-03
 -5.870000E+01  3.050153E-03  8731        4  1.571812E-03
 -5.869000E+01  3.088725E-03  8732        4  1.564500E-03
 -5.868000E+01  3.127298E-03  8733        4  1.557213E-03
 -5.867000E+01  3.165871E-03  8734        4  1.549953E-03
 -5.866000E+01  3.204444E-03  8735        4  1.542718E-03
 -5.865000E+01  3.243547E-03  8736        4  1.534987E-03
 -5.864000E+01  3.285858E-03  8737        4  1.524109E-03
 -5.863000E+01  3.328170E-03  8738        4  1.513266E-03
 -5.862000E+01  3.370481E-03  8739        4  1.502458E-03
 -5.861000E+01  3.412792E-03  8740        4  1.491687E-03
 -5.860000E+01  3.455104E-03  8741        4  1.480953E-03
 -5.859000E+01  3.498397E-03  8742        4  1.471542E-03
 -5.858000E+01  3.541867E-03  8743        4  1.462416E-03
 -5.857000E+01  3.585338E-03  8744        4  1.453345E-03
 -5.856000E+01  3.628808E-03  8745        4  1.444329E-03
 -5.855000E+01  3.672279E-03  8746        4  1.435369E-03
 -5.854000E+01  3.715378E-03  8747        4  1.426253E-03
 -5.853000E+01  3.758323E-03  8748        4  1.417116E-03
 -5.852000E+01  3.801268E-03  8749        4  1.408050E-03
 -5.851000E+01  3.844213E-03  8750        4  1.399058E-03
 -5.850000E+01  3.887158E-03  8751        4  1.390140E-03
 -5.849000E+01  3.929866E-03  8752        4  1.381527E-03
 -5.848000E+01  3.969791E-03  8753        4  1.375674E-03
 -5.847000E+01  4.009716E-03  8754        4  1.369887E-03
 -5.846000E+01  4.049641E-03  8755        4  1.364165E-03
 -5.845000E+01  4.089566E-03  8756        4  1.358510E-03
 -5.844000E+01  4.127978E-03  8757        4  1.350778E-03
 -5.843000E+01  4.162381E-03  8758        4  1.337394E-03
 -5.842000E+01  4.196784E-03  8759        4  1.324024E-03
 -5.841000E+01  4.231188E-03  8760        4  1.310667E-03
 -5.840000E+01  4.265591E-03  8761        4  1.297325E-03
 -5.839000E+01  4.299994E-03  8762        4  1.283998E-03
 -5.838000E+01  4.333444E-03  8763        4  1.270275E-03
 -5.837000E+01  4.366666E-03  8764        4  1.256485E-03
 -5.836000E+01  4.399888E-03  8765        4  1.242729E-03
 -5.835000E+01  4.433109E-03  8766        4  1.229008E-03
 -5.834000E+01  4.466331E-03  8767        4  1.215323E-03
 -5.833000E+01  4.498957E-03  8768        4  1.202213E-03
 -5.832000E+01  4.527301E-03  8769        4  1.193015E-03
 -5.831000E+01  4.555645E-03  8770        4  1.183837E-03
 -5.830000E+01  4.583989E-03  8771        4  1.174681E-03
 -5.829000E+01  4.612333E-03  8772        4  1.165547E-03
 -5.828000E+01  4.639139E-03  8773        4  1.154158E-03
 -5.827000E+01  4.665719E-03  8774        4  1.142447E-03
 -5.826000E+01  4.692299E-03  8775        4  1.130747E-03
 -5.825000E+01  4.718880E-03  8776        4  1.119060E-03
 -5.824000E+01  4.745460E-03  8777        4  1.107384E-03
 -5.823000E+01  4.772089E-03  8778        4  1.095737E-03
 -5.822000E+01  4.799390E-03  8779        4  1.084317E-03
 -5.821000E+01  4.826690E-03  8780        4  1.072903E-03
 -5.820000E+01  4.853991E-03  8781        4  1.061496E-03
 -5.819000E+01  4.881291E-03  8782        4  1.050095E-03
 -5.818000E+01  4.908592E-03  8783        4  1.038702E-03
 -5.817000E+01  4.935947E-03  8784        4  1.027320E-03
 -5.816000E+01  4.963303E-03  8785        4  1.015951E-03
 -5.815000E+01  4.990659E-03  8786        4  1.004589E-03
 -5.814000E+01  5.018015E-03  8787        4  9.932353E-04
 -5.813000E+01  5.045371E-03  8788        4  9.818891E-04
 -5.812000E+01  5.072612E-03  8789        4  9.703755E-04
 -5.811000E+01  5.099644E-03  8790        4  9.585535E-04
 -5.810000E+01  5.126676E-03  8791        4  9.467386E-04
 -5.809000E+01  5.153709E-03  8792        4  9.349312E-04
 -5.808000E+01  5.180741E-03  8793        4  9.231315E-04
 -5.807000E+01  5.206546E-03  8794        4  9.110309E-04
 -5.806000E+01  5.231343E-03  8795        4  8.987151E-04
 -5.805000E+01  5.256140E-03  8796        4  8.864485E-04
 -5.804000E+01  5.280937E-03  8797        4  8.742334E-04
 -5.803000E+01  5.305733E-03  8798        4  8.620717E-04
 -5.802000E+01  5.330530E-03  8799        4  8.499659E-04
 -5.801000E+01  5.353755E-03  8800        4  8.392468E-04
 -5.800000E+01  5.376511E-03  8801        4  8.289698E-04
 -5.799000E+01  5.399268E-03  8802        4  8.187384E-04
 -5.798000E+01  5.422024E-03  8803        4  8.085543E-04
 -5.797000E+01  5.022210E-03  8804        3  3.683782E-04
 -5.796000E+01  5.048848E-03  8805        3  3.569699E-04
 -5.795000E+01  5.075485E-03  8806        3  3.455623E-04
 -5.794000E+01  5.102122E-03  8807        3  3.341556E-04
 -5.793000E+01  5.128759E-03  8808        3  3.227499E-04
 -5.792000E+01  5.155396E-03  8809        3  3.113452E-04
 -5.791000E+01  5.186022E-03  8810        3  3.055353E-04
 -5.790000E+01  5.220882E-03  8811        3  3.056672E-04
 -5.789000E+01  5.255742E-03  8812        3  3.058016E-04
 -5.788000E+01  5.290602E-03  8813        3  3.059386E-04
 -5.787000E+01  5.325462E-03  8814        3  3.060780E-04
 -5.786000E+01  5.360164E-03  8815        3  3.063739E-04
 -5.785000E+01  5.394412E-03  8816        3  3.071087E-04
 -5.784000E+01  5.428660E-03  8817        3  3.078443E-04
 -5.783000E+01  5.462908E-03  8818        3  3.085807E-04
 -5.782000E+01  5.497156E-03  8819        3  3.093178E-04
 -5.781000E+01  5.531404E-03  8820        3  3.100557E-04
 -5.780000E+01  5.565652E-03  8821        3  3.107944E-04
 -5.779000E+01  5.599900E-03  8822        3  3.115339E-04
 -5.778000E+01  5.634147E-03  8823        3  3.122741E-04
 -5.777000E+01  5.668395E-03  8824        3  3.130150E-04
 -5.776000E+01  5.702643E-03  8825        3  3.137567E-04
 -5.775000E+01  5.738055E-03  8826        3  3.161310E-04
 -5.774000E+01  5.773645E-03  8827        3  3.187558E-04
 -5.773000E+01  5.809236E-03  8828        3  3.213808E-04
 -5.772000E+01  5.844826E-03  8829        3  3.240059E-04
 -5.771000E+01  5.880416E-03  8830        3  3.266312E-04
 -5.770000E+01  5.914969E-03  8831        3  3.299428E-04
 -5.769000E+01  5.943645E-03  8832        3  3.371853E-04
 -5.768000E+01  5.972321E-03  8833        3  3.444414E-04
 -5.767000E+01  6.000997E-03  8834        3  3.517102E-04
 -5.766000E+01  6.029673E-03  8835        3  3.589909E-04
 -5.765000E+01  6.058349E-03  8836        3  3.662829E-04
 -5.764000E+01  6.087024E-03  8837        3  3.735854E-04
 -5.763000E+01  6.115700E-03  8838        3  3.808979E-04
 -5.762000E+01  6.144376E-03  8839        3  3.882198E-04
 -5.761000E+01  6.173052E-03  8840        3  3.955506E-04
 -5.760000E+01  6.201728E-03  8841        3  4.028897E-04
 -5.759000E+01  6.231338E-03  8842        3  4.115539E-04
 -5.758000E+01  6.261110E-03  8843        3  4.204553E-04
 -5.757000E+01  6.290882E-03  8844        3  4.293646E-04
 -5.756000E+01  6.320654E-03  8845        3  4.382815E-04
 -5.755000E+01  6.350426E-03  8846        3  4.472053E-04
 -5.754000E+01  6.379975E-03  8847        3  4.562987E-04
 -5.753000E+01  6.409445E-03  8848        3  4.654549E-04
 -5.752000E+01  6.438915E-03  8849        3  4.746162E-04
 -5.751000E+01  6.468385E-03  8850        3  4.837823E-04
 -5.750000E+01  6.497855E-03  8851        3  4.929530E-04
 -5.749000E+01  6.527325E-03  8852        3  5.021279E-04
 -5.748000E+01  6.556795E-03  8853        3  5.113068E-04
 -5.747000E+01  6.586265E-03  8854        3  5.204896E-04
 -5.746000E+01  6.615735E-03  8855        3  5.296761E-04
 -5.745000E+01  6.645206E-03  8856        3  5.388660E-04
 -5.744000E+01  6.672809E-03  8857        3  5.454195E-04
 -5.743000E+01  6.695587E-03  8858        3  5.451543E-04
 -5.742000E+01  6.718365E-03  8859        3  5.448912E-04
 -5.741000E+01  6.741143E-03  8860        3  5.446301E-04
 -5.740000E+01  6.763921E-03  8861        3  5.443712E-04
 -5.739000E+01  6.786699E-03  8862        3  5.441144E-04
 -5.738000E+01  6.807021E-03  8863        3  5.455842E-04
 -5.737000E+01  6.826893E-03  8864        3  5.473779E-04
 -5.736000E+01  6.846766E-03  8865        3  5.491808E-04
 -5.735000E+01  6.866639E-03  8866        3  5.509928E-04
 -5.734000E+01  6.886512E-03  8867        3  5.528139E-04
 -5.733000E+01  6.906384E-03  8868        3  5.546440E-04
 -5.732000E+01  6.926257E-03  8869        3  5.564829E-04
 -5.731000E+01  6.946130E-03  8870        3  5.583306E-04
 -5.730000E+01  6.966003E-03  8871        3  5.601870E-04
 -5.729000E+01  6.985875E-03  8872        3  5.620520E-04
 -5.728000E+01  7.001992E-03  8873        3  5.586160E-04
 -5.727000E+01  7.017582E-03  8874        3  5.544452E-04
 -5.726000E+01  7.033172E-03  8875        3  5.502845E-04
 -5.725000E+01  7.048762E-03  8876        3  5.461342E-04
 -5.724000E+01  7.064353E-03  8877        3  5.419945E-04
 -5.723000E+01  7.079956E-03  8878        3  5.378563E-04
 -5.722000E+01  7.095675E-03  8879        3  5.336487E-04
 -5.721000E+01  7.111394E-03  8880        3  5.294527E-04
 -5.720000E+01  7.127112E-03  8881        3  5.252685E-04
 -5.719000E+01  7.142831E-03  8882        3  5.210965E-04
 -5.718000E+01  7.158550E-03  8883        3  5.169369E-04
 -5.717000E+01  7.174268E-03  8884        3  5.127901E-04
 -5.716000E+01  7.189987E-03  8885        3  5.086563E-04
 -5.715000E+01  7.205706E-03  8886        3  5.045359E-04
 -5.714000E+01  7.221425E-03  8887        3  5.004292E-04
 -5.713000E+01  7.237143E-03  8888        3  4.963366E-04
 -5.712000E+01  7.253721E-03  8889        3  4.934665E-04
 -5.711000E+01  7.271813E-03  8890        3  4.927381E-04
 -5.710000E+01  7.289905E-03  8891        3  4.920208E-04
 -5.709000E+01  7.307997E-03  8892        3  4.913147E-04
 -5.708000E+01  7.326089E-03  8893        3  4.906198E-04
 -5.707000E+01  7.341954E-03  8894        3  4.914006E-04
 -5.706000E+01  7.356236E-03  8895        3  4.932205E-04
 -5.705000E+01  7.370518E-03  8896        3  4.950413E-04
 -5.704000E+01  7.384801E-03  8897        3  4.968631E-04
 -5.703000E+01  7.399083E-03  8898        3  4.986858E-04
 -5.702000E+01  7.413365E-03  8899        3  5.005095E-04
 -5.701000E+01  7.427648E-03  8900        3  5.023340E-04
 -5.700000E+01  7.441930E-03  8901        3  5.041594E-04
 -5.699000E+01  7.456212E-03  8902        3  5.059857E-04
 -5.698000E+01  7.470495E-03  8903        3  5.078129E-04
 -5.697000E+01  7.127969E-03  8904        2  8.755375E-05
 -5.696000E+01  7.141037E-03  8905        2  8.866928E-05
 -5.695000E+01  7.154105E-03  8906        2  8.978482E-05
 -5.694000E+01  7.167173E-03  8907        2  9.090036E-05
 -5.693000E+01  7.180240E-03  8908        2  9.201590E-05
 -5.692000E+01  7.193308E-03  8909        2  9.313143E-05
 -5.691000E+01  7.215438E-03  8910        2  9.289514E-05
 -5.690000E+01  7.245843E-03  8911        2  9.158704E-05
 -5.689000E+01  7.276249E-03  8912        2  9.027893E-05
 -5.688000E+01  7.306654E-03  8913        2  8.897082E-05
 -5.687000E+01  7.337059E-03  8914        2  8.766272E-05
 -5.686000E+01  7.367465E-03  8915        2  8.635461E-05
 -5.685000E+01  7.397870E-03  8916        2  8.504651E-05
 -5.684000E+01  7.428275E-03  8917        2  8.373840E-05
 -5.683000E+01  7.458681E-03  8918        2  8.243029E-05
 -5.682000E+01  7.489086E-03  8919        2  8.112219E-05
 -5.681000E+01  7.519491E-03  8920        2  7.981408E-05
 -5.680000E+01  7.549896E-03  8921        2  7.850598E-05
 -5.679000E+01  7.580302E-03  8922        2  7.719787E-05
 -5.678000E+01  7.610707E-03  8923        2  7.588976E-05
 -5.677000E+01  7.641112E-03  8924        2  7.458166E-05
 -5.676000E+01  7.671518E-03  8925        2  7.327355E-05
 -5.675000E+01  7.716275E-03  8926        2  7.419577E-05
 -5.674000E+01  7.762570E-03  8927        2  7.544273E-05
 -5.673000E+01  7.808865E-03  8928        2  7.668968E-05
 -5.672000E+01  7.855161E-03  8929        2  7.793664E-05
 -5.671000E+01  7.901456E-03  8930        2  7.918360E-05
 -5.670000E+01  7.947752E-03  8931        2  8.043055E-05
 -5.669000E+01  7.994047E-03  8932        2  8.167751E-05
 -5.668000E+01  8.040342E-03  8933        2  8.292446E-05
 -5.667000E+01  8.086638E-03  8934        2  8.417142E-05
 -5.666000E+01  8.132933E-03  8935        2  8.541838E-05
 -5.665000E+01  8.179228E-03  8936        2  8.666533E-05
 -5.664000E+01  8.225524E-03  8937        2  8.791229E-05
 -5.663000E+01  8.271819E-03  8938        2  8.915924E-05
 -5.662000E+01  8.318114E-03  8939        2  9.040620E-05
 -5.661000E+01  8.364410E-03  8940        2  9.165316E-05
 -5.660000E+01  8.410705E-03  8941        2  9.290011E-05
 -5.659000E+01  8.451533E-03  8942        2  9.248819E-05
 -5.658000E+01  8.491667E-03  8943        2  9.183450E-05
 -5.657000E+01  8.531801E-03  8944        2  9.118080E-05
 -5.656000E+01  8.571935E-03  8945        2  9.052711E-05
 -5.655000E+01  8.612069E-03  8946        2  8.987341E-05
 -5.654000E+01  8.652204E-03  8947        2  8.921972E-05
 -5.653000E+01  8.692338E-03  8948        2  8.856602E-05
 -5.652000E+01  8.732472E-03  8949        2  8.791233E-05
 -5.651000E+01  8.772606E-03  8950        2  8.725863E-05
 -5.650000E+01  8.812740E-03  8951        2  8.660493E-05
 -5.649000E+01  8.852875E-03  8952        2  8.595124E-05
 -5.648000E+01  8.893009E-03  8953        2  8.529754E-05
 -5.647000E+01  8.933143E-03  8954        2  8.464385E-05
 -5.646000E+01  8.973277E-03  8955        2  8.399015E-05
 -5.645000E+01  9.013411E-03  8956        2  8.333646E-05
 -5.644000E+01  9.048447E-03  8957        2  8.301251E-05
 -5.643000E+01  9.072460E-03  8958        2  8.314723E-05
 -5.642000E+01  9.096473E-03  8959        2  8.328195E-05
 -5.641000E+01  9.120486E-03  8960        2  8.341668E-05
 -5.640000E+01  9.144499E-03  8961        2  8.355140E-05
 -5.639000E+01  9.168511E-03  8962        2  8.368612E-05
 -5.638000E+01  9.192524E-03  8963        2  8.382085E-05
 -5.637000E+01  9.216537E-03  8964        2  8.395557E-05
 -5.636000E+01  9.240550E-03  8965        2  8.409029E-05
 -5.635000E+01  9.264562E-03  8966        2  8.422501E-05
 -5.634000E+01  9.288575E-03  8967        2  8.435974E-05
 -5.633000E+01  9.312588E-03  8968        2  8.449446E-05
 -5.632000E+01  9.336601E-03  8969        2  8.462918E-05
 -5.631000E+01  9.360614E-03  8970        2  8.476390E-05
 -5.630000E+01  9.384626E-03  8971        2  8.489863E-05
 -5.629000E+01  9.408639E-03  8972        2  8.503335E-05
 -5.628000E+01  9.421158E-03  8973        2  8.392516E-05
 -5.627000E+01  9.432588E-03  8974        2  8.263118E-05
 -5.626000E+01  9.444017E-03  8975        2  8.133721E-05
 -5.625000E+01  9.455447E-03  8976        2  8.004323E-05
 -5.624000E+01  9.466877E-03  8977        2  7.874926E-05
 -5.623000E+01  9.478306E-03  8978        2  7.745528E-05
 -5.622000E+01  9.489736E-03  8979        2  7.616131E-05
 -5.621000E+01  9.501165E-03  8980        2  7.486733E-05
 -5.620000E+01  9.512595E-03  8981        2  7.357336E-05
 -5.619000E+01  9.524025E-03  8982        2  7.227938E-05
 -5.618000E+01  9.535454E-03  8983        2  7.098541E-05
 -5.617000E+01  9.546884E-03  8984        2  6.969143E-05
 -5.616000E+01  9.558313E-03  8985        2  6.839746E-05
 -5.615000E+01  9.569743E-03  8986        2  6.710348E-05
 -5.614000E+01  9.581173E-03  8987        2  6.580951E-05
 -5.613000E+01  9.592602E-03  8988        2  6.451553E-05
 -5.612000E+01  9.607547E-03  8989        2  6.364751E-05
 -5.611000E+01  9.627800E-03  8990        2  6.353167E-05
 -5.610000E+01  9.648053E-03  8991        2  6.341583E-05
 -5.609000E+01  9.668306E-03  8992        2  6.329998E-05
 -5.608000E+01  9.688559E-03  8993        2  6.318414E-05
 -5.607000E+01  9.708812E-03  8994        2  6.306830E-05
 -5.606000E+01  9.729065E-03  8995        2  6.295245E-05
 -5.605000E+01  9.749318E-03  8996        2  6.283661E-05
 -5.604000E+01  9.769571E-03  8997        2  6.272077E-05
 -5.603000E+01  9.789825E-03  8998        2  6.260493E-05
 -5.602000E+01  9.810078E-03  8999        2  6.248908E-05
 -5.601000E+01  9.830331E-03  9000        2  6.237324E-05
 -5.600000E+01  9.850584E-03  9001        2  6.225740E-05
 -5.599000E+01  9.870837E-03  9002        2  6.214155E-05
 -5.598000E+01  9.891090E-03  9003        2  6.202571E-05
# 
# Command line:  shiftavg -pct 553 578 580
# 
#       AvgMach   AvgCL_stab   AvgCD_stab    Avgh_nose  Avgh_nose_L  AvgDuration     AvgAlpha      AvgBeta
#   1.60000E+00 -1.76885E-03  8.68431E-02  2.06208E+01  1.16638E+00  9.00038E+01 -2.72308E-01  1.72577E-01
#         AvgPT         AvgP  AvgHumidavg  AvgConfig_P        AvgRe      AvgRe_L                          
#   2.29947E+03  5.40740E+02  2.55301E+02  1.01000E+02  6.44185E+00  4.37235E+00
#    CL_stabMin   CL_stabMax   CD_stabMin   CD_stabMax
#  -5.63000E-03  5.76000E-03  8.35500E-02  9.16300E-02
#      AlphaMin     AlphaMax      BetaMin      BetaMax
#  -2.79000E-01 -2.63000E-01  1.31000E-01  2.17000E-01
#      X_ramMin     X_ramMax    h_noseMin    h_noseMax
#  -4.45000E-03  2.40002E+01  2.05870E+01  2.06673E+01
#       MachMin      MachMax                          
#   1.60000E+00  1.60000E+00
# 
# SHIFTAVG:  Normal Termination.
# set title offset -5,0 "SEEB-MSA2, Runs 553_578-580, Mach 1.60, Seq 46, Duration 90.0\nRe 6.44, X_ram 12.46 [0.00:24.00], h_nose 20.62 [20.59:20.67], h_nose_L 1.17, L_ref 17.7\nAlpha -0.272 [-0.279:-0.263], Beta 0.173 [0.131:0.217], Roll 0.458 [0.140:0.810]\nCL -0.0018 [-0.0056:0.0058], CD 0.08684 [0.08355:0.09163], TT 114.15, T -80.211\nPT 2299.5, PT-Ref 0.37, P 540.7, P-Ref 0.09, Humid 255.3 [254.5:257.4], Humid-Ref 1.45"
