train_family,test_family,mode,model,seed,case,Re,parameters,epoch,training_seconds,inference_seconds,checkpoint_sha256,psi_rel_l2,velocity_rel_l2,interior_vorticity_rel_l2,divergence_core_rms,lid_derivative_rmse,primary_vortex_location_error
constant,constant,direct,coordinate_mlp,7,constant_test_0000,378.39963682209583,3457.0,300.0,3.1563516140013235,0.0002480931664952853,25eaec40a3d8ff6dfc8f8851e478eb6e21cade669c36ae48f4ebda2bd181a678,0.2236878880045489,0.43774890519860543,0.844794076243751,7.485733988232823e-08,0.5737167160978925,0.04166666666666663
constant,constant,direct,coordinate_mlp,7,constant_test_0001,275.5175743523432,3457.0,300.0,3.1563516140013235,0.0002480931664952853,25eaec40a3d8ff6dfc8f8851e478eb6e21cade669c36ae48f4ebda2bd181a678,0.2159967362527042,0.42080601568458864,0.8158350802358726,8.478417612423073e-08,0.5592375978235953,0.05892556509887899
constant,constant,direct,coordinate_mlp,7,constant_test_0002,205.77449124508615,3457.0,300.0,3.1563516140013235,0.0002480931664952853,25eaec40a3d8ff6dfc8f8851e478eb6e21cade669c36ae48f4ebda2bd181a678,0.217336919423858,0.4157394836866619,0.7962971960380119,7.923502209905564e-08,0.5496639891534965,0.04166666666666674
constant,constant,direct,coordinate_mlp,7,constant_test_0003,356.31307787809095,3457.0,300.0,3.1563516140013235,0.0002480931664952853,25eaec40a3d8ff6dfc8f8851e478eb6e21cade669c36ae48f4ebda2bd181a678,0.22079738951551267,0.4333600005405002,0.8387001812913771,8.580806110103367e-08,0.570581652703475,0.04166666666666663
constant,constant,direct,coordinate_mlp,7,constant_test_0004,364.9641357923895,3457.0,300.0,3.1563516140013235,0.0002480931664952853,25eaec40a3d8ff6dfc8f8851e478eb6e21cade669c36ae48f4ebda2bd181a678,0.22182661025462505,0.4350303633477067,0.841099971929533,7.572638338615434e-08,0.5718082236343875,0.04166666666666663
constant,constant,direct,coordinate_mlp,7,constant_test_0005,326.11288015095056,3457.0,300.0,3.1563516140013235,0.0002480931664952853,25eaec40a3d8ff6dfc8f8851e478eb6e21cade669c36ae48f4ebda2bd181a678,0.21809163644747748,0.4280082274357704,0.8302192435536292,7.908266752565396e-08,0.5663158836994963,0.05892556509887899
constant,diverse,direct,coordinate_mlp,7,diverse_test_0000,378.39963682209583,3457.0,300.0,3.1563516140013235,0.00017640533284672225,25eaec40a3d8ff6dfc8f8851e478eb6e21cade669c36ae48f4ebda2bd181a678,0.5126439493936498,0.5994226986157211,0.8176513483516843,8.64670326450323e-08,0.2853364535520869,0.05892556509887899
constant,diverse,direct,coordinate_mlp,7,diverse_test_0001,275.5175743523432,3457.0,300.0,3.1563516140013235,0.00017640533284672225,25eaec40a3d8ff6dfc8f8851e478eb6e21cade669c36ae48f4ebda2bd181a678,0.245108052907862,0.43158747572957823,0.8032836514068662,8.652865091107742e-08,0.4491424575543266,0.04166666666666674
constant,diverse,direct,coordinate_mlp,7,diverse_test_0002,205.77449124508615,3457.0,300.0,3.1563516140013235,0.00017640533284672225,25eaec40a3d8ff6dfc8f8851e478eb6e21cade669c36ae48f4ebda2bd181a678,0.4534837951731902,0.5462596837155235,0.7872508340783871,1.030056253625844e-07,0.3128136268832732,0.04166666666666674
constant,diverse,direct,coordinate_mlp,7,diverse_test_0003,356.31307787809095,3457.0,300.0,3.1563516140013235,0.00017640533284672225,25eaec40a3d8ff6dfc8f8851e478eb6e21cade669c36ae48f4ebda2bd181a678,0.27941978391608596,0.49096622146264085,0.8475368440498549,7.430660531326794e-08,0.43493758033242685,0.05892556509887899
constant,diverse,direct,coordinate_mlp,7,diverse_test_0004,364.9641357923895,3457.0,300.0,3.1563516140013235,0.00017640533284672225,25eaec40a3d8ff6dfc8f8851e478eb6e21cade669c36ae48f4ebda2bd181a678,1.0058889642457378,0.956533072364062,0.906678306558654,9.9320402568992e-08,0.4082915821830017,0.04166666666666674
constant,diverse,direct,coordinate_mlp,7,diverse_test_0005,326.11288015095056,3457.0,300.0,3.1563516140013235,0.00017640533284672225,25eaec40a3d8ff6dfc8f8851e478eb6e21cade669c36ae48f4ebda2bd181a678,0.7174911049421168,0.7307496530579096,0.8562707475870772,8.144680663235704e-08,0.3863611562970429,0.05892556509887899
constant,ood_shape,direct,coordinate_mlp,7,ood_shape_0000,322.0476102060863,3457.0,300.0,3.1563516140013235,0.00018294683347145715,25eaec40a3d8ff6dfc8f8851e478eb6e21cade669c36ae48f4ebda2bd181a678,0.7791448437447346,0.7746627337252108,0.8420412643026796,9.984619708802711e-08,0.2980561940180463,0.04166666666666674
constant,ood_shape,direct,coordinate_mlp,7,ood_shape_0001,236.44026808360903,3457.0,300.0,3.1563516140013235,0.00018294683347145715,25eaec40a3d8ff6dfc8f8851e478eb6e21cade669c36ae48f4ebda2bd181a678,1.4904253834999488,1.2862900361708625,0.9749339400787224,1.1283799494776758e-07,0.3376632432346474,0.18633899812498256
constant,ood_shape,direct,coordinate_mlp,7,ood_shape_0002,180.95100059158364,3457.0,300.0,3.1563516140013235,0.00018294683347145715,25eaec40a3d8ff6dfc8f8851e478eb6e21cade669c36ae48f4ebda2bd181a678,0.9139598613744856,0.8852196281014901,0.8478447619023641,1.0652821913481603e-07,0.17667862292677913,0.0931694990624913
constant,ood_shape,direct,coordinate_mlp,7,ood_shape_0003,208.6074759394159,3457.0,300.0,3.1563516140013235,0.00018294683347145715,25eaec40a3d8ff6dfc8f8851e478eb6e21cade669c36ae48f4ebda2bd181a678,1.258277867541298,1.1052013565621517,0.9088543597108336,1.071483879400148e-07,0.2972858006092672,0.15023130314433292
constant,ood_shape,direct,coordinate_mlp,7,ood_shape_0004,374.64532673286527,3457.0,300.0,3.1563516140013235,0.00018294683347145715,25eaec40a3d8ff6dfc8f8851e478eb6e21cade669c36ae48f4ebda2bd181a678,1.253039252106157,1.1874329709834284,0.9489889802030321,1.051916669325692e-07,0.3263189802756299,0.04166666666666674
constant,ood_shape,direct,coordinate_mlp,7,ood_shape_0005,145.49153445980784,3457.0,300.0,3.1563516140013235,0.00018294683347145715,25eaec40a3d8ff6dfc8f8851e478eb6e21cade669c36ae48f4ebda2bd181a678,0.7218336982424496,0.7019648280901136,0.7938685199153972,1.0059789445904244e-07,0.267082091875911,0.0931694990624913
constant,ood_re,direct,coordinate_mlp,7,ood_re_0000,566.4474875225259,3457.0,300.0,3.1563516140013235,0.00017321216607039483,25eaec40a3d8ff6dfc8f8851e478eb6e21cade669c36ae48f4ebda2bd181a678,0.5230289569207992,0.6079140393937568,0.8734993540306888,8.201746481972805e-08,0.4844798341995658,0.0
constant,ood_re,direct,coordinate_mlp,7,ood_re_0001,490.14181715065223,3457.0,300.0,3.1563516140013235,0.00017321216607039483,25eaec40a3d8ff6dfc8f8851e478eb6e21cade669c36ae48f4ebda2bd181a678,0.34878328684087195,0.506096141976174,0.8563364590888248,7.930741929840224e-08,0.4986456595253283,0.04166666666666663
constant,ood_re,direct,coordinate_mlp,7,ood_re_0002,533.202596381457,3457.0,300.0,3.1563516140013235,0.00017321216607039483,25eaec40a3d8ff6dfc8f8851e478eb6e21cade669c36ae48f4ebda2bd181a678,0.4252968552163781,0.5625492854935993,0.873378650271915,8.286904318310917e-08,0.4483775340846381,0.04166666666666663
constant,ood_re,direct,coordinate_mlp,7,ood_re_0003,592.5167238454294,3457.0,300.0,3.1563516140013235,0.00017321216607039483,25eaec40a3d8ff6dfc8f8851e478eb6e21cade669c36ae48f4ebda2bd181a678,1.0828803625530792,1.0157786832089069,0.9323931794638516,9.230006270399826e-08,0.3007693552867249,0.04166666666666674
constant,ood_re,direct,coordinate_mlp,7,ood_re_0004,489.1490754145391,3457.0,300.0,3.1563516140013235,0.00017321216607039483,25eaec40a3d8ff6dfc8f8851e478eb6e21cade669c36ae48f4ebda2bd181a678,0.5164084264219916,0.6298543663163827,0.8553360155313254,8.528649431127633e-08,0.3002940477256885,0.04166666666666663
constant,ood_re,direct,coordinate_mlp,7,ood_re_0005,561.89866888648,3457.0,300.0,3.1563516140013235,0.00017321216607039483,25eaec40a3d8ff6dfc8f8851e478eb6e21cade669c36ae48f4ebda2bd181a678,0.5137745349762223,0.6081847370868629,0.8579009665674753,7.187718154000322e-08,0.41240031292077933,0.04166666666666663
constant,constant,direct,pod_deeponet,7,constant_test_0000,378.39963682209583,3704.0,167.0,0.5153091440006392,2.3914166376926005e-05,16e19e57ec765966882551985b72952d47a0053f4ce811fd12aba1b1952d822f,0.03826482221009042,0.05132494712755182,0.057909366784318274,7.141029101376262e-08,0.3198972687557532,0.0
constant,constant,direct,pod_deeponet,7,constant_test_0001,275.5175743523432,3704.0,167.0,0.5153091440006392,2.3914166376926005e-05,16e19e57ec765966882551985b72952d47a0053f4ce811fd12aba1b1952d822f,0.010276292964242291,0.018233143440257702,0.025171188968274257,8.156379749379994e-08,0.2557691577542337,0.04166666666666663
constant,constant,direct,pod_deeponet,7,constant_test_0002,205.77449124508615,3704.0,167.0,0.5153091440006392,2.3914166376926005e-05,16e19e57ec765966882551985b72952d47a0053f4ce811fd12aba1b1952d822f,0.011913413961123283,0.02137916327250956,0.029475271595851078,8.909408677482133e-08,0.21320615459871636,0.0
constant,constant,direct,pod_deeponet,7,constant_test_0003,356.31307787809095,3704.0,167.0,0.5153091440006392,2.3914166376926005e-05,16e19e57ec765966882551985b72952d47a0053f4ce811fd12aba1b1952d822f,0.024397758066419657,0.03209984149983279,0.03768277735868305,8.167453557916815e-08,0.306247421553139,0.04166666666666674
constant,constant,direct,pod_deeponet,7,constant_test_0004,364.9641357923895,3704.0,167.0,0.5153091440006392,2.3914166376926005e-05,16e19e57ec765966882551985b72952d47a0053f4ce811fd12aba1b1952d822f,0.029561725139693646,0.03928678956619331,0.04529194394276312,8.2954976221572e-08,0.3116094433898423,0.04166666666666674
constant,constant,direct,pod_deeponet,7,constant_test_0005,326.11288015095056,3704.0,167.0,0.5153091440006392,2.3914166376926005e-05,16e19e57ec765966882551985b72952d47a0053f4ce811fd12aba1b1952d822f,0.009463518351922391,0.011564261326808347,0.01666325289848092,8.64453468807369e-08,0.2874156678041683,0.0
constant,diverse,direct,pod_deeponet,7,diverse_test_0000,378.39963682209583,3704.0,167.0,0.5153091440006392,2.0619333857515205e-05,16e19e57ec765966882551985b72952d47a0053f4ce811fd12aba1b1952d822f,0.11402352222725169,0.18637121334242085,0.5592662281040722,8.255589989403234e-08,0.23488473494639717,0.05892556509887899
constant,diverse,direct,pod_deeponet,7,diverse_test_0001,275.5175743523432,3704.0,167.0,0.5153091440006392,2.0619333857515205e-05,16e19e57ec765966882551985b72952d47a0053f4ce811fd12aba1b1952d822f,0.10407609270393924,0.12146513432969071,0.19159678412502648,7.16196240091449e-08,0.24155173056351265,0.04166666666666663
constant,diverse,direct,pod_deeponet,7,diverse_test_0002,205.77449124508615,3704.0,167.0,0.5153091440006392,2.0619333857515205e-05,16e19e57ec765966882551985b72952d47a0053f4ce811fd12aba1b1952d822f,0.10405403234680369,0.10786141423406302,0.2697346515183524,6.98383644248679e-08,0.08838509723863874,0.0
constant,diverse,direct,pod_deeponet,7,diverse_test_0003,356.31307787809095,3704.0,167.0,0.5153091440006392,2.0619333857515205e-05,16e19e57ec765966882551985b72952d47a0053f4ce811fd12aba1b1952d822f,0.17828893738329846,0.17622877030548265,0.1989497258329277,8.774863147209544e-08,0.1715164601129947,0.05892556509887899
constant,diverse,direct,pod_deeponet,7,diverse_test_0004,364.9641357923895,3704.0,167.0,0.5153091440006392,2.0619333857515205e-05,16e19e57ec765966882551985b72952d47a0053f4ce811fd12aba1b1952d822f,0.5304121080141123,0.5255613612105682,0.5495062619666181,8.590092903659752e-08,0.31955072752623886,0.0931694990624912
constant,diverse,direct,pod_deeponet,7,diverse_test_0005,326.11288015095056,3704.0,167.0,0.5153091440006392,2.0619333857515205e-05,16e19e57ec765966882551985b72952d47a0053f4ce811fd12aba1b1952d822f,0.23536172554340742,0.235852025010745,0.3395400865766647,9.115792920511012e-08,0.24146165031015904,0.04166666666666663
constant,ood_shape,direct,pod_deeponet,7,ood_shape_0000,322.0476102060863,3704.0,167.0,0.5153091440006392,1.9267332390882075e-05,16e19e57ec765966882551985b72952d47a0053f4ce811fd12aba1b1952d822f,0.2209214107658234,0.26068273325237873,0.5939003000340025,7.499153298340389e-08,0.23995768790475072,0.0
constant,ood_shape,direct,pod_deeponet,7,ood_shape_0001,236.44026808360903,3704.0,167.0,0.5153091440006392,1.9267332390882075e-05,16e19e57ec765966882551985b72952d47a0053f4ce811fd12aba1b1952d822f,0.862054581780982,0.7201840421953815,0.7598591157817243,8.862799205644478e-08,0.3033244079498962,0.1767766952966369
constant,ood_shape,direct,pod_deeponet,7,ood_shape_0002,180.95100059158364,3704.0,167.0,0.5153091440006392,1.9267332390882075e-05,16e19e57ec765966882551985b72952d47a0053f4ce811fd12aba1b1952d822f,0.3770750742391567,0.40753121104704754,0.7112970127704138,8.048984767583534e-08,0.24007108751884532,0.04166666666666674
constant,ood_shape,direct,pod_deeponet,7,ood_shape_0003,208.6074759394159,3704.0,167.0,0.5153091440006392,1.9267332390882075e-05,16e19e57ec765966882551985b72952d47a0053f4ce811fd12aba1b1952d822f,0.5108246805321587,0.45885535785529225,0.5582099891102617,9.050764049334248e-08,0.23103077169689465,0.0931694990624912
constant,ood_shape,direct,pod_deeponet,7,ood_shape_0004,374.64532673286527,3704.0,167.0,0.5153091440006392,1.9267332390882075e-05,16e19e57ec765966882551985b72952d47a0053f4ce811fd12aba1b1952d822f,0.7329381227556852,0.7441102106834142,0.8487671265809495,7.532202062066062e-08,0.2865037773031993,0.0931694990624912
constant,ood_shape,direct,pod_deeponet,7,ood_shape_0005,145.49153445980784,3704.0,167.0,0.5153091440006392,1.9267332390882075e-05,16e19e57ec765966882551985b72952d47a0053f4ce811fd12aba1b1952d822f,0.1945199045074356,0.28034280951175383,0.6151901134813568,7.682612590542703e-08,0.28344169214232495,0.04166666666666674
constant,ood_re,direct,pod_deeponet,7,ood_re_0000,566.4474875225259,3704.0,167.0,0.5153091440006392,1.7861833233231057e-05,16e19e57ec765966882551985b72952d47a0053f4ce811fd12aba1b1952d822f,0.1902269483425301,0.27638707908048354,0.3835257552485795,7.559646775234796e-08,0.38874619901396623,0.08333333333333337
constant,ood_re,direct,pod_deeponet,7,ood_re_0001,490.14181715065223,3704.0,167.0,0.5153091440006392,1.7861833233231057e-05,16e19e57ec765966882551985b72952d47a0053f4ce811fd12aba1b1952d822f,0.1264402684555272,0.19111038180917705,0.282332241053641,8.764683911977045e-08,0.3636743333412345,0.04166666666666663
constant,ood_re,direct,pod_deeponet,7,ood_re_0002,533.202596381457,3704.0,167.0,0.5153091440006392,1.7861833233231057e-05,16e19e57ec765966882551985b72952d47a0053f4ce811fd12aba1b1952d822f,0.21619936910996765,0.28578761644683504,0.35305908490824206,9.351553131864421e-08,0.3046178843643286,0.08333333333333337
constant,ood_re,direct,pod_deeponet,7,ood_re_0003,592.5167238454294,3704.0,167.0,0.5153091440006392,1.7861833233231057e-05,16e19e57ec765966882551985b72952d47a0053f4ce811fd12aba1b1952d822f,0.552793276471192,0.6206769515788234,0.735874703793938,8.528559902742927e-08,0.1737590348513107,0.1317615691736825
constant,ood_re,direct,pod_deeponet,7,ood_re_0004,489.1490754145391,3704.0,167.0,0.5153091440006392,1.7861833233231057e-05,16e19e57ec765966882551985b72952d47a0053f4ce811fd12aba1b1952d822f,0.20400148049610856,0.2856197749815414,0.5784214357445379,7.474012875263725e-08,0.21293917147623792,0.08333333333333337
constant,ood_re,direct,pod_deeponet,7,ood_re_0005,561.89866888648,3704.0,167.0,0.5153091440006392,1.7861833233231057e-05,16e19e57ec765966882551985b72952d47a0053f4ce811fd12aba1b1952d822f,0.18689878085831318,0.30782554834770304,0.5737509957297557,8.168799325858345e-08,0.381533095548499,0.08333333333333337
constant,constant,direct,unet,7,constant_test_0000,378.39963682209583,15013.0,299.0,4.742990128004749,0.00028757516580905457,fcbe84fd695f2a1be09e90ef2438db5bb9f2c2c773a5036efdb2166e0ea153c2,0.043069951910259655,0.11063612324687946,0.5552861999887502,8.11161839919805e-08,0.3684640632442422,0.0
constant,constant,direct,unet,7,constant_test_0001,275.5175743523432,15013.0,299.0,4.742990128004749,0.00028757516580905457,fcbe84fd695f2a1be09e90ef2438db5bb9f2c2c773a5036efdb2166e0ea153c2,0.029370638440018814,0.0733060386125914,0.4505043816051195,8.473428891875301e-08,0.3380305311347596,0.0
constant,constant,direct,unet,7,constant_test_0002,205.77449124508615,15013.0,299.0,4.742990128004749,0.00028757516580905457,fcbe84fd695f2a1be09e90ef2438db5bb9f2c2c773a5036efdb2166e0ea153c2,0.028459009333409373,0.06359307581847275,0.3920957729469541,8.06523274832216e-08,0.3224933490320196,0.0
constant,constant,direct,unet,7,constant_test_0003,356.31307787809095,15013.0,299.0,4.742990128004749,0.00028757516580905457,fcbe84fd695f2a1be09e90ef2438db5bb9f2c2c773a5036efdb2166e0ea153c2,0.037081155874379955,0.10002906172517848,0.5325202220598717,7.391875556095329e-08,0.3613316349587272,0.04166666666666674
constant,constant,direct,unet,7,constant_test_0004,364.9641357923895,15013.0,299.0,4.742990128004749,0.00028757516580905457,fcbe84fd695f2a1be09e90ef2438db5bb9f2c2c773a5036efdb2166e0ea153c2,0.03920603637210049,0.10401049341367566,0.5414583946533696,7.682434244316028e-08,0.3640931637895804,0.04166666666666674
constant,constant,direct,unet,7,constant_test_0005,326.11288015095056,15013.0,299.0,4.742990128004749,0.00028757516580905457,fcbe84fd695f2a1be09e90ef2438db5bb9f2c2c773a5036efdb2166e0ea153c2,0.03188987567434221,0.08786948540574765,0.5012971500636959,7.469410689964207e-08,0.35205675898902866,0.0
constant,diverse,direct,unet,7,diverse_test_0000,378.39963682209583,15013.0,299.0,4.742990128004749,0.0002489221660653129,fcbe84fd695f2a1be09e90ef2438db5bb9f2c2c773a5036efdb2166e0ea153c2,0.21265253470955275,0.3083903101304701,0.5234421013161008,7.861417117283054e-08,0.2175634481167194,0.04166666666666663
constant,diverse,direct,unet,7,diverse_test_0001,275.5175743523432,15013.0,299.0,4.742990128004749,0.0002489221660653129,fcbe84fd695f2a1be09e90ef2438db5bb9f2c2c773a5036efdb2166e0ea153c2,0.20801557288499017,0.2534266578658741,0.5066958416664974,7.64712879686158e-08,0.3195741201732095,0.04166666666666663
constant,diverse,direct,unet,7,diverse_test_0002,205.77449124508615,15013.0,299.0,4.742990128004749,0.0002489221660653129,fcbe84fd695f2a1be09e90ef2438db5bb9f2c2c773a5036efdb2166e0ea153c2,0.1596134153242578,0.19466913578806497,0.37641983935423545,9.053176341922153e-08,0.15541922764020383,0.04166666666666663
constant,diverse,direct,unet,7,diverse_test_0003,356.31307787809095,15013.0,299.0,4.742990128004749,0.0002489221660653129,fcbe84fd695f2a1be09e90ef2438db5bb9f2c2c773a5036efdb2166e0ea153c2,0.22649896028072242,0.25534457638852653,0.5787153294362987,8.23171149022528e-08,0.21564703297896068,0.0
constant,diverse,direct,unet,7,diverse_test_0004,364.9641357923895,15013.0,299.0,4.742990128004749,0.0002489221660653129,fcbe84fd695f2a1be09e90ef2438db5bb9f2c2c773a5036efdb2166e0ea153c2,0.8591668978486615,0.8753332849614143,0.8394296067318527,9.717118842900163e-08,0.46086915184183497,0.04166666666666674
constant,diverse,direct,unet,7,diverse_test_0005,326.11288015095056,15013.0,299.0,4.742990128004749,0.0002489221660653129,fcbe84fd695f2a1be09e90ef2438db5bb9f2c2c773a5036efdb2166e0ea153c2,0.38205289382393265,0.4170516292626082,0.5823906564268949,8.158118447454399e-08,0.32986529620480587,0.04166666666666674
constant,ood_shape,direct,unet,7,ood_shape_0000,322.0476102060863,15013.0,299.0,4.742990128004749,0.00022581750090466812,fcbe84fd695f2a1be09e90ef2438db5bb9f2c2c773a5036efdb2166e0ea153c2,0.4315183638187395,0.5071913722716267,0.6371496075342417,8.654239991301438e-08,0.32089182323021936,0.09316949906249125
constant,ood_shape,direct,unet,7,ood_shape_0001,236.44026808360903,15013.0,299.0,4.742990128004749,0.00022581750090466812,fcbe84fd695f2a1be09e90ef2438db5bb9f2c2c773a5036efdb2166e0ea153c2,1.392089402102901,1.239701003328815,0.9644967674613258,1.0271818240426e-07,0.5275538252010165,0.25
constant,ood_shape,direct,unet,7,ood_shape_0002,180.95100059158364,15013.0,299.0,4.742990128004749,0.00022581750090466812,fcbe84fd695f2a1be09e90ef2438db5bb9f2c2c773a5036efdb2166e0ea153c2,0.7190738657425041,0.8485356630005585,1.000865445483533,1.1074523342813336e-07,0.38299262952615604,0.08333333333333326
constant,ood_shape,direct,unet,7,ood_shape_0003,208.6074759394159,15013.0,299.0,4.742990128004749,0.00022581750090466812,fcbe84fd695f2a1be09e90ef2438db5bb9f2c2c773a5036efdb2166e0ea153c2,0.8415094780647637,0.8221113473960701,0.7561020123678281,9.020894253808365e-08,0.4146937800226069,0.16666666666666663
constant,ood_shape,direct,unet,7,ood_shape_0004,374.64532673286527,15013.0,299.0,4.742990128004749,0.00022581750090466812,fcbe84fd695f2a1be09e90ef2438db5bb9f2c2c773a5036efdb2166e0ea153c2,1.233932968375664,1.2189270439583668,1.0007958438018791,1.0422154161915387e-07,0.47607751005176613,0.05892556509887899
constant,ood_shape,direct,unet,7,ood_shape_0005,145.49153445980784,15013.0,299.0,4.742990128004749,0.00022581750090466812,fcbe84fd695f2a1be09e90ef2438db5bb9f2c2c773a5036efdb2166e0ea153c2,0.4304629060303405,0.6310701163953732,0.9502477835961148,1.0635896785515797e-07,0.4041949198946022,0.125
constant,ood_re,direct,unet,7,ood_re_0000,566.4474875225259,15013.0,299.0,4.742990128004749,0.00023225383241272843,fcbe84fd695f2a1be09e90ef2438db5bb9f2c2c773a5036efdb2166e0ea153c2,0.11626089366039524,0.22383201515918036,0.644285604869554,6.560505028119223e-08,0.37816767217443753,0.0
constant,ood_re,direct,unet,7,ood_re_0001,490.14181715065223,15013.0,299.0,4.742990128004749,0.00023225383241272843,fcbe84fd695f2a1be09e90ef2438db5bb9f2c2c773a5036efdb2166e0ea153c2,0.09535173979473675,0.1780602683248117,0.6058988302409651,6.679686492816472e-08,0.3562576521726029,0.0
constant,ood_re,direct,unet,7,ood_re_0002,533.202596381457,15013.0,299.0,4.742990128004749,0.00023225383241272843,fcbe84fd695f2a1be09e90ef2438db5bb9f2c2c773a5036efdb2166e0ea153c2,0.16629809923126881,0.24734819151301315,0.6544436735477689,6.652552286823266e-08,0.29683759773216556,0.0
constant,ood_re,direct,unet,7,ood_re_0003,592.5167238454294,15013.0,299.0,4.742990128004749,0.00023225383241272843,fcbe84fd695f2a1be09e90ef2438db5bb9f2c2c773a5036efdb2166e0ea153c2,0.5297502793720676,0.5314125208051974,0.7561825567328746,6.825915477293165e-08,0.20357590329798256,0.09316949906249125
constant,ood_re,direct,unet,7,ood_re_0004,489.1490754145391,15013.0,299.0,4.742990128004749,0.00023225383241272843,fcbe84fd695f2a1be09e90ef2438db5bb9f2c2c773a5036efdb2166e0ea153c2,0.2310919049577632,0.316507893033448,0.5944408773105956,7.407253121982649e-08,0.1625953331130842,0.04166666666666674
constant,ood_re,direct,unet,7,ood_re_0005,561.89866888648,15013.0,299.0,4.742990128004749,0.00023225383241272843,fcbe84fd695f2a1be09e90ef2438db5bb9f2c2c773a5036efdb2166e0ea153c2,0.15661157443725623,0.26158720413523323,0.6222387215489786,6.7648684876076e-08,0.3290976978575037,0.04166666666666674
constant,constant,direct,fno,7,constant_test_0000,378.39963682209583,12721.0,300.0,8.358338010002626,0.0006380860007387431,0c18b54d646fae171559e0c2515f5520addcf076840e16af6a28c2c4461a81de,0.05794038744475849,0.1214591881027312,0.497543844668358,6.66429258444623e-08,0.29105012867047564,0.04166666666666674
constant,constant,direct,fno,7,constant_test_0001,275.5175743523432,12721.0,300.0,8.358338010002626,0.0006380860007387431,0c18b54d646fae171559e0c2515f5520addcf076840e16af6a28c2c4461a81de,0.028056484884142363,0.07461556996960551,0.39593777671751246,6.560897247709363e-08,0.27107829465311023,0.04166666666666663
constant,constant,direct,fno,7,constant_test_0002,205.77449124508615,12721.0,300.0,8.358338010002626,0.0006380860007387431,0c18b54d646fae171559e0c2515f5520addcf076840e16af6a28c2c4461a81de,0.01765210275087926,0.05438373269504961,0.3451374420122314,8.715177557405696e-08,0.26001933120499765,0.0
constant,constant,direct,fno,7,constant_test_0003,356.31307787809095,12721.0,300.0,8.358338010002626,0.0006380860007387431,0c18b54d646fae171559e0c2515f5520addcf076840e16af6a28c2c4461a81de,0.049017582799763884,0.11108106494216079,0.47538179551316023,7.281570901795931e-08,0.2864097520277488,0.04166666666666674
constant,constant,direct,fno,7,constant_test_0004,364.9641357923895,12721.0,300.0,8.358338010002626,0.0006380860007387431,0c18b54d646fae171559e0c2515f5520addcf076840e16af6a28c2c4461a81de,0.05229241964304756,0.11509505038194714,0.4840903643805179,9.164003955675071e-08,0.2882050143999473,0.04166666666666674
constant,constant,direct,fno,7,constant_test_0005,326.11288015095056,12721.0,300.0,8.358338010002626,0.0006380860007387431,0c18b54d646fae171559e0c2515f5520addcf076840e16af6a28c2c4461a81de,0.03953071962528656,0.09735730266551405,0.44494298600471305,8.165658016423549e-08,0.28037152246842006,0.0
constant,diverse,direct,fno,7,diverse_test_0000,378.39963682209583,12721.0,300.0,8.358338010002626,0.0006172178339814612,0c18b54d646fae171559e0c2515f5520addcf076840e16af6a28c2c4461a81de,0.20651129863066178,0.3161172555570278,0.5200232687753933,7.755049580282503e-08,0.1929388848463363,0.13176156917368245
constant,diverse,direct,fno,7,diverse_test_0001,275.5175743523432,12721.0,300.0,8.358338010002626,0.0006172178339814612,0c18b54d646fae171559e0c2515f5520addcf076840e16af6a28c2c4461a81de,0.0726382583627053,0.14072096933937814,0.4358762660725916,7.423489023494767e-08,0.22329552490486895,0.058925565098878904
constant,diverse,direct,fno,7,diverse_test_0002,205.77449124508615,12721.0,300.0,8.358338010002626,0.0006172178339814612,0c18b54d646fae171559e0c2515f5520addcf076840e16af6a28c2c4461a81de,0.21084226984152724,0.25128370739102174,0.38538737594793465,7.744963426148388e-08,0.1504323424326842,0.04166666666666674
constant,diverse,direct,fno,7,diverse_test_0003,356.31307787809095,12721.0,300.0,8.358338010002626,0.0006172178339814612,0c18b54d646fae171559e0c2515f5520addcf076840e16af6a28c2c4461a81de,0.27960024677072187,0.30097081568180567,0.5239698239318877,8.518178873373472e-08,0.19857316518945042,0.04166666666666674
constant,diverse,direct,fno,7,diverse_test_0004,364.9641357923895,12721.0,300.0,8.358338010002626,0.0006172178339814612,0c18b54d646fae171559e0c2515f5520addcf076840e16af6a28c2c4461a81de,0.5560169165267941,0.6375995901516686,0.7183589477534058,7.859420492195568e-08,0.21716443086329967,0.04166666666666663
constant,diverse,direct,fno,7,diverse_test_0005,326.11288015095056,12721.0,300.0,8.358338010002626,0.0006172178339814612,0c18b54d646fae171559e0c2515f5520addcf076840e16af6a28c2c4461a81de,0.2678847833446805,0.3161650803800858,0.49125558331431823,8.469490353490983e-08,0.20144444424874083,0.0
constant,ood_shape,direct,fno,7,ood_shape_0000,322.0476102060863,12721.0,300.0,8.358338010002626,0.0006478806668989515,0c18b54d646fae171559e0c2515f5520addcf076840e16af6a28c2c4461a81de,0.21551461988020412,0.2875012974513201,0.50450102172317,6.86724774823233e-08,0.19842229795113364,0.058925565098878904
constant,ood_shape,direct,fno,7,ood_shape_0001,236.44026808360903,12721.0,300.0,8.358338010002626,0.0006478806668989515,0c18b54d646fae171559e0c2515f5520addcf076840e16af6a28c2c4461a81de,1.1698928291075372,1.0707283730329056,0.8021077533124747,1.0748333778565211e-07,0.14600214860855423,0.15023130314433292
constant,ood_shape,direct,fno,7,ood_shape_0002,180.95100059158364,12721.0,300.0,8.358338010002626,0.0006478806668989515,0c18b54d646fae171559e0c2515f5520addcf076840e16af6a28c2c4461a81de,0.42978524607661794,0.4991718861583729,0.7419785955097246,8.08915032735058e-08,0.246645252692603,0.1317615691736825
constant,ood_shape,direct,fno,7,ood_shape_0003,208.6074759394159,12721.0,300.0,8.358338010002626,0.0006478806668989515,0c18b54d646fae171559e0c2515f5520addcf076840e16af6a28c2c4461a81de,0.6673398788671082,0.6805892324756475,0.6184770894018037,9.302593895199607e-08,0.15122984697427333,0.0931694990624912
constant,ood_shape,direct,fno,7,ood_shape_0004,374.64532673286527,12721.0,300.0,8.358338010002626,0.0006478806668989515,0c18b54d646fae171559e0c2515f5520addcf076840e16af6a28c2c4461a81de,0.7534625669929806,0.8177303306211768,0.8056755828722612,9.264435618661082e-08,0.21296583377885558,0.058925565098878904
constant,ood_shape,direct,fno,7,ood_shape_0005,145.49153445980784,12721.0,300.0,8.358338010002626,0.0006478806668989515,0c18b54d646fae171559e0c2515f5520addcf076840e16af6a28c2c4461a81de,0.1834293625673907,0.3469687899828303,0.7242333088672348,7.536660007190221e-08,0.31979019780363116,0.08333333333333337
constant,ood_re,direct,fno,7,ood_re_0000,566.4474875225259,12721.0,300.0,8.358338010002626,0.0005744353341772997,0c18b54d646fae171559e0c2515f5520addcf076840e16af6a28c2c4461a81de,0.2038337107608295,0.25923337012698927,0.5927410673856883,7.752790764925521e-08,0.28327134541941446,0.058925565098878904
constant,ood_re,direct,fno,7,ood_re_0001,490.14181715065223,12721.0,300.0,8.358338010002626,0.0005744353341772997,0c18b54d646fae171559e0c2515f5520addcf076840e16af6a28c2c4461a81de,0.12019522316129382,0.19756319361467634,0.5565966401228072,7.26465998468484e-08,0.2656140540495837,0.05892556509887899
constant,ood_re,direct,fno,7,ood_re_0002,533.202596381457,12721.0,300.0,8.358338010002626,0.0005744353341772997,0c18b54d646fae171559e0c2515f5520addcf076840e16af6a28c2c4461a81de,0.2660699335331945,0.28768533484684494,0.5927028709601254,7.806819013467248e-08,0.2434544606700131,0.04166666666666663
constant,ood_re,direct,fno,7,ood_re_0003,592.5167238454294,12721.0,300.0,8.358338010002626,0.0005744353341772997,0c18b54d646fae171559e0c2515f5520addcf076840e16af6a28c2c4461a81de,0.731797533301037,0.7064042371609797,0.6892241899822805,9.95416797877624e-08,0.14095187624759276,0.05892556509887899
constant,ood_re,direct,fno,7,ood_re_0004,489.1490754145391,12721.0,300.0,8.358338010002626,0.0005744353341772997,0c18b54d646fae171559e0c2515f5520addcf076840e16af6a28c2c4461a81de,0.3188125277056108,0.38089215458783965,0.564030586854666,8.123088690581426e-08,0.15260288861240257,0.09316949906249115
constant,ood_re,direct,fno,7,ood_re_0005,561.89866888648,12721.0,300.0,8.358338010002626,0.0005744353341772997,0c18b54d646fae171559e0c2515f5520addcf076840e16af6a28c2c4461a81de,0.17328556636948386,0.2889108418163796,0.6034688853580462,7.460014472826515e-08,0.23999510447521613,0.0931694990624913
constant,constant,direct,fno_physics,7,constant_test_0000,378.39963682209583,12721.0,300.0,8.475745487005042,0.0006504425000457559,4913b96a3708c591fc4b325c8278813d2fe608e8edad5a4c650353e3081ef982,0.06857479341839591,0.16691510485617989,0.7109824520722023,7.477736829741843e-08,0.11109527130161365,0.04166666666666674
constant,constant,direct,fno_physics,7,constant_test_0001,275.5175743523432,12721.0,300.0,8.475745487005042,0.0006504425000457559,4913b96a3708c591fc4b325c8278813d2fe608e8edad5a4c650353e3081ef982,0.04765289060272185,0.12533341628753186,0.5827494454117714,8.722645361558534e-08,0.08955203588770254,0.0
constant,constant,direct,fno_physics,7,constant_test_0002,205.77449124508615,12721.0,300.0,8.475745487005042,0.0006504425000457559,4913b96a3708c591fc4b325c8278813d2fe608e8edad5a4c650353e3081ef982,0.03446619017829888,0.09597228218104058,0.4853641451902253,8.21637584635937e-08,0.08212188271851185,0.0
constant,constant,direct,fno_physics,7,constant_test_0003,356.31307787809095,12721.0,300.0,8.475745487005042,0.0006504425000457559,4913b96a3708c591fc4b325c8278813d2fe608e8edad5a4c650353e3081ef982,0.061913199023119064,0.15763770899337987,0.6858413785622671,6.611540470657928e-08,0.10540622565668725,0.04166666666666674
constant,constant,direct,fno_physics,7,constant_test_0004,364.9641357923895,12721.0,300.0,8.475745487005042,0.0006504425000457559,4913b96a3708c591fc4b325c8278813d2fe608e8edad5a4c650353e3081ef982,0.0642960122201547,0.16120079757762795,0.6958537115086696,8.620371261258697e-08,0.10756801146795161,0.04166666666666674
constant,constant,direct,fno_physics,7,constant_test_0005,326.11288015095056,12721.0,300.0,8.475745487005042,0.0006504425000457559,4913b96a3708c591fc4b325c8278813d2fe608e8edad5a4c650353e3081ef982,0.055417323904569965,0.14560918526245442,0.6492517380637537,9.20684541938499e-08,0.09855208353103181,0.0
constant,diverse,direct,fno_physics,7,diverse_test_0000,378.39963682209583,12721.0,300.0,8.475745487005042,0.00046827816671187367,4913b96a3708c591fc4b325c8278813d2fe608e8edad5a4c650353e3081ef982,0.21361173303331937,0.3640855561045231,0.8324558029125003,7.174391924991141e-08,0.18400646620421704,0.1717960677340692
constant,diverse,direct,fno_physics,7,diverse_test_0001,275.5175743523432,12721.0,300.0,8.475745487005042,0.00046827816671187367,4913b96a3708c591fc4b325c8278813d2fe608e8edad5a4c650353e3081ef982,0.09160421789917376,0.20391018886213966,0.666154959276088,7.582745098488886e-08,0.11355522663824079,0.04166666666666663
constant,diverse,direct,fno_physics,7,diverse_test_0002,205.77449124508615,12721.0,300.0,8.475745487005042,0.00046827816671187367,4913b96a3708c591fc4b325c8278813d2fe608e8edad5a4c650353e3081ef982,0.23094716150805422,0.2974276649450756,0.6149696817544171,8.527722172857466e-08,0.15254101860137104,0.0931694990624913
constant,diverse,direct,fno_physics,7,diverse_test_0003,356.31307787809095,12721.0,300.0,8.475745487005042,0.00046827816671187367,4913b96a3708c591fc4b325c8278813d2fe608e8edad5a4c650353e3081ef982,0.29788619125803206,0.3634132015145008,0.8025153403226039,8.38355163068627e-08,0.15473153244153376,0.08333333333333337
constant,diverse,direct,fno_physics,7,diverse_test_0004,364.9641357923895,12721.0,300.0,8.475745487005042,0.00046827816671187367,4913b96a3708c591fc4b325c8278813d2fe608e8edad5a4c650353e3081ef982,0.6174292289491229,0.7584698562637838,1.0525892955816174,8.210815138909311e-08,0.29318736106972915,0.04166666666666663
constant,diverse,direct,fno_physics,7,diverse_test_0005,326.11288015095056,12721.0,300.0,8.475745487005042,0.00046827816671187367,4913b96a3708c591fc4b325c8278813d2fe608e8edad5a4c650353e3081ef982,0.30296742447837455,0.4177619738835451,0.8084396088482216,8.98540903904177e-08,0.1947250716235427,0.0
constant,ood_shape,direct,fno_physics,7,ood_shape_0000,322.0476102060863,12721.0,300.0,8.475745487005042,0.0004629568332651009,4913b96a3708c591fc4b325c8278813d2fe608e8edad5a4c650353e3081ef982,0.24595915790172065,0.4256572318733694,0.8736655674239827,8.739281298630885e-08,0.2297209645805069,0.04166666666666663
constant,ood_shape,direct,fno_physics,7,ood_shape_0001,236.44026808360903,12721.0,300.0,8.475745487005042,0.0004629568332651009,4913b96a3708c591fc4b325c8278813d2fe608e8edad5a4c650353e3081ef982,1.2166134204374182,1.1414085000680203,1.1718856712032013,9.689853897043577e-08,0.4184647555974801,0.17179606773406925
constant,ood_shape,direct,fno_physics,7,ood_shape_0002,180.95100059158364,12721.0,300.0,8.475745487005042,0.0004629568332651009,4913b96a3708c591fc4b325c8278813d2fe608e8edad5a4c650353e3081ef982,0.4768050538209383,0.7105424418050617,1.261947614106015,1.0575611497642967e-07,0.3633361658304269,0.20833333333333337
constant,ood_shape,direct,fno_physics,7,ood_shape_0003,208.6074759394159,12721.0,300.0,8.475745487005042,0.0004629568332651009,4913b96a3708c591fc4b325c8278813d2fe608e8edad5a4c650353e3081ef982,0.7038812811965597,0.754537988396323,0.9402804267589717,1.0162484898046387e-07,0.30294593933362957,0.125
constant,ood_shape,direct,fno_physics,7,ood_shape_0004,374.64532673286527,12721.0,300.0,8.475745487005042,0.0004629568332651009,4913b96a3708c591fc4b325c8278813d2fe608e8edad5a4c650353e3081ef982,0.7862047034885865,0.9324925599547258,1.2473569373994693,7.655710021481354e-08,0.2994633782733421,0.058925565098878904
constant,ood_shape,direct,fno_physics,7,ood_shape_0005,145.49153445980784,12721.0,300.0,8.475745487005042,0.0004629568332651009,4913b96a3708c591fc4b325c8278813d2fe608e8edad5a4c650353e3081ef982,0.22477672812392596,0.47730803091529367,1.015648516355041,6.609364788801031e-08,0.32170921269493535,0.13176156917368245
constant,ood_re,direct,fno_physics,7,ood_re_0000,566.4474875225259,12721.0,300.0,8.475745487005042,0.00046983383435872383,4913b96a3708c591fc4b325c8278813d2fe608e8edad5a4c650353e3081ef982,0.18350973033911572,0.2637379673335637,0.8345503224102123,6.770552829493681e-08,0.1159241888411943,0.0
constant,ood_re,direct,fno_physics,7,ood_re_0001,490.14181715065223,12721.0,300.0,8.475745487005042,0.00046983383435872383,4913b96a3708c591fc4b325c8278813d2fe608e8edad5a4c650353e3081ef982,0.11303732638480725,0.2225792726190802,0.8021542614690838,6.749719716481195e-08,0.10390903894566882,0.04166666666666674
constant,ood_re,direct,fno_physics,7,ood_re_0002,533.202596381457,12721.0,300.0,8.475745487005042,0.00046983383435872383,4913b96a3708c591fc4b325c8278813d2fe608e8edad5a4c650353e3081ef982,0.252700351701212,0.30608754751352796,0.8525627382289581,8.120586869608815e-08,0.06415037941231178,0.04166666666666663
constant,ood_re,direct,fno_physics,7,ood_re_0003,592.5167238454294,12721.0,300.0,8.475745487005042,0.00046983383435872383,4913b96a3708c591fc4b325c8278813d2fe608e8edad5a4c650353e3081ef982,0.7327562122549652,0.7320050383714565,1.0172663967440803,7.853110872702018e-08,0.18976994276383005,0.09316949906249125
constant,ood_re,direct,fno_physics,7,ood_re_0004,489.1490754145391,12721.0,300.0,8.475745487005042,0.00046983383435872383,4913b96a3708c591fc4b325c8278813d2fe608e8edad5a4c650353e3081ef982,0.3161273452688348,0.43856295050741906,0.9242126357514548,9.162332759160563e-08,0.16415281593383071,0.1317615691736824
constant,ood_re,direct,fno_physics,7,ood_re_0005,561.89866888648,12721.0,300.0,8.475745487005042,0.00046983383435872383,4913b96a3708c591fc4b325c8278813d2fe608e8edad5a4c650353e3081ef982,0.15666584900446812,0.30589865666465055,0.8804444932293026,7.579909322430467e-08,0.12132110405198605,0.04166666666666663
constant,constant,direct,coordinate_mlp,17,constant_test_0000,378.39963682209583,3457.0,300.0,3.179918391004321,0.00023774716707218127,3690499ff80534f23158fdd890fd87c6fb12366eaa0be33240a118786dff42c9,0.19007227432113913,0.3912939955120614,0.7888731875549546,6.72189486294883e-08,0.49756640766746335,0.0931694990624913
constant,constant,direct,coordinate_mlp,17,constant_test_0001,275.5175743523432,3457.0,300.0,3.179918391004321,0.00023774716707218127,3690499ff80534f23158fdd890fd87c6fb12366eaa0be33240a118786dff42c9,0.1758052380735347,0.36737798205620104,0.7542384877464272,8.301594789372757e-08,0.467514149392353,0.08333333333333337
constant,constant,direct,coordinate_mlp,17,constant_test_0002,205.77449124508615,3457.0,300.0,3.179918391004321,0.00023774716707218127,3690499ff80534f23158fdd890fd87c6fb12366eaa0be33240a118786dff42c9,0.166188676981678,0.3471748897344921,0.7298636950466328,7.078934061155451e-08,0.4478100359135985,0.04166666666666674
constant,constant,direct,coordinate_mlp,17,constant_test_0003,356.31307787809095,3457.0,300.0,3.179918391004321,0.00023774716707218127,3690499ff80534f23158fdd890fd87c6fb12366eaa0be33240a118786dff42c9,0.1861225522068244,0.3863277519756008,0.7815287333890857,6.548832232056156e-08,0.4910676306290062,0.0931694990624913
constant,constant,direct,coordinate_mlp,17,constant_test_0004,364.9641357923895,3457.0,300.0,3.179918391004321,0.00023774716707218127,3690499ff80534f23158fdd890fd87c6fb12366eaa0be33240a118786dff42c9,0.1875616034109678,0.3882603200092192,0.7844122891140943,7.544095126377215e-08,0.4936121098381101,0.0931694990624913
constant,constant,direct,coordinate_mlp,17,constant_test_0005,326.11288015095056,3457.0,300.0,3.179918391004321,0.00023774716707218127,3690499ff80534f23158fdd890fd87c6fb12366eaa0be33240a118786dff42c9,0.18186994906476703,0.3795611747546088,0.7714025202177728,7.237238008883651e-08,0.48220748538586444,0.08333333333333337
constant,diverse,direct,coordinate_mlp,17,diverse_test_0000,378.39963682209583,3457.0,300.0,3.179918391004321,0.00023922266700537875,3690499ff80534f23158fdd890fd87c6fb12366eaa0be33240a118786dff42c9,0.5202369308994972,0.6957881544415846,0.8586942379482827,1.0181285858834599e-07,0.18967304730270856,0.08333333333333337
constant,diverse,direct,coordinate_mlp,17,diverse_test_0001,275.5175743523432,3457.0,300.0,3.179918391004321,0.00023922266700537875,3690499ff80534f23158fdd890fd87c6fb12366eaa0be33240a118786dff42c9,0.40996703383701255,0.523327306245563,0.7895329323826095,9.911551046570821e-08,0.33877592930747213,0.04166666666666674
constant,diverse,direct,coordinate_mlp,17,diverse_test_0002,205.77449124508615,3457.0,300.0,3.179918391004321,0.00023922266700537875,3690499ff80534f23158fdd890fd87c6fb12366eaa0be33240a118786dff42c9,0.4365823324974303,0.5835580223129765,0.7945287893589122,9.859495264663565e-08,0.18915731315370526,0.04166666666666674
constant,diverse,direct,coordinate_mlp,17,diverse_test_0003,356.31307787809095,3457.0,300.0,3.179918391004321,0.00023922266700537875,3690499ff80534f23158fdd890fd87c6fb12366eaa0be33240a118786dff42c9,0.40507109163591626,0.5592509366974844,0.8344274954416323,9.158989655588812e-08,0.2788866007261226,0.08333333333333337
constant,diverse,direct,coordinate_mlp,17,diverse_test_0004,364.9641357923895,3457.0,300.0,3.179918391004321,0.00023922266700537875,3690499ff80534f23158fdd890fd87c6fb12366eaa0be33240a118786dff42c9,1.6817059958593843,1.6161606255904906,1.100481072452028,1.1735342297924944e-07,0.4723636238821593,0.04166666666666674
constant,diverse,direct,coordinate_mlp,17,diverse_test_0005,326.11288015095056,3457.0,300.0,3.179918391004321,0.00023922266700537875,3690499ff80534f23158fdd890fd87c6fb12366eaa0be33240a118786dff42c9,0.8057582814345255,0.8927775284700051,0.9182098182341477,9.879616413854819e-08,0.3520613547525944,0.04166666666666674
constant,ood_shape,direct,coordinate_mlp,17,ood_shape_0000,322.0476102060863,3457.0,300.0,3.179918391004321,0.0002292494997770215,3690499ff80534f23158fdd890fd87c6fb12366eaa0be33240a118786dff42c9,0.9896248591771203,1.070005112384505,0.9779531665144531,1.2068214516602893e-07,0.30604133433235914,0.08333333333333337
constant,ood_shape,direct,coordinate_mlp,17,ood_shape_0001,236.44026808360903,3457.0,300.0,3.179918391004321,0.0002292494997770215,3690499ff80534f23158fdd890fd87c6fb12366eaa0be33240a118786dff42c9,2.6287409571726377,2.3014178753867154,1.338547709952694,1.6235362920724583e-07,0.4798619014258965,0.18633899812498256
constant,ood_shape,direct,coordinate_mlp,17,ood_shape_0002,180.95100059158364,3457.0,300.0,3.179918391004321,0.0002292494997770215,3690499ff80534f23158fdd890fd87c6fb12366eaa0be33240a118786dff42c9,1.6006506760131372,1.602213752754429,1.1911758411326163,1.8079852281971398e-07,0.30869353664560784,0.058925565098879064
constant,ood_shape,direct,coordinate_mlp,17,ood_shape_0003,208.6074759394159,3457.0,300.0,3.179918391004321,0.0002292494997770215,3690499ff80534f23158fdd890fd87c6fb12366eaa0be33240a118786dff42c9,1.6585826857978043,1.6050992681174137,1.1424074335567347,1.3579752078385354e-07,0.38469349537398806,0.1317615691736825
constant,ood_shape,direct,coordinate_mlp,17,ood_shape_0004,374.64532673286527,3457.0,300.0,3.179918391004321,0.0002292494997770215,3690499ff80534f23158fdd890fd87c6fb12366eaa0be33240a118786dff42c9,2.8774758221764083,2.6352403231979737,1.3787599030948277,1.4822535376879387e-07,0.5245122654134964,0.04166666666666674
constant,ood_shape,direct,coordinate_mlp,17,ood_shape_0005,145.49153445980784,3457.0,300.0,3.179918391004321,0.0002292494997770215,3690499ff80534f23158fdd890fd87c6fb12366eaa0be33240a118786dff42c9,0.728973974046119,0.8393075096990114,0.8808100148062467,1.1356203799550713e-07,0.2750341949124918,0.0
constant,ood_re,direct,coordinate_mlp,17,ood_re_0000,566.4474875225259,3457.0,300.0,3.179918391004321,0.00013357400045303317,3690499ff80534f23158fdd890fd87c6fb12366eaa0be33240a118786dff42c9,0.2582031561263158,0.44766220726738304,0.8115724652457306,6.581490907819898e-08,0.4517912349114562,0.0931694990624913
constant,ood_re,direct,coordinate_mlp,17,ood_re_0001,490.14181715065223,3457.0,300.0,3.179918391004321,0.00013357400045303317,3690499ff80534f23158fdd890fd87c6fb12366eaa0be33240a118786dff42c9,0.260223383714434,0.4399797642964634,0.8023121884003714,8.303504017703744e-08,0.4329755437908364,0.0931694990624913
constant,ood_re,direct,coordinate_mlp,17,ood_re_0002,533.202596381457,3457.0,300.0,3.179918391004321,0.00013357400045303317,3690499ff80534f23158fdd890fd87c6fb12366eaa0be33240a118786dff42c9,0.3283016874608573,0.4972911909329508,0.8274528878973294,8.377258353675643e-08,0.3578830662808615,0.0931694990624913
constant,ood_re,direct,coordinate_mlp,17,ood_re_0003,592.5167238454294,3457.0,300.0,3.179918391004321,0.00013357400045303317,3690499ff80534f23158fdd890fd87c6fb12366eaa0be33240a118786dff42c9,1.2073554836624398,1.2532500586192272,1.0340242781933209,1.0363932290147204e-07,0.2643151987878259,0.04166666666666674
constant,ood_re,direct,coordinate_mlp,17,ood_re_0004,489.1490754145391,3457.0,300.0,3.179918391004321,0.00013357400045303317,3690499ff80534f23158fdd890fd87c6fb12366eaa0be33240a118786dff42c9,0.5410400252665175,0.7179591610780839,0.8801371409464165,9.949179968771205e-08,0.16375325239330363,0.0931694990624913
constant,ood_re,direct,coordinate_mlp,17,ood_re_0005,561.89866888648,3457.0,300.0,3.179918391004321,0.00013357400045303317,3690499ff80534f23158fdd890fd87c6fb12366eaa0be33240a118786dff42c9,0.38706471561822914,0.5411822423783679,0.8142473077538768,7.802253776389989e-08,0.34744536812269877,0.0931694990624913
constant,constant,direct,pod_deeponet,17,constant_test_0000,378.39963682209583,3704.0,299.0,0.46632268500252394,6.213499970423679e-05,eaee633795305e45d995d32f24e8e8f6d3639d5a68a1633d7a56f2bf162c6313,0.030443153088273993,0.03663899225304269,0.04438311618796944,7.152507919272466e-08,0.31784478677788053,0.0
constant,constant,direct,pod_deeponet,17,constant_test_0001,275.5175743523432,3704.0,299.0,0.46632268500252394,6.213499970423679e-05,eaee633795305e45d995d32f24e8e8f6d3639d5a68a1633d7a56f2bf162c6313,0.006257378770731394,0.010847272812558387,0.016644004759264756,8.087425840130891e-08,0.2580098300935488,0.0
constant,constant,direct,pod_deeponet,17,constant_test_0002,205.77449124508615,3704.0,299.0,0.46632268500252394,6.213499970423679e-05,eaee633795305e45d995d32f24e8e8f6d3639d5a68a1633d7a56f2bf162c6313,0.00896697111326065,0.015737865405769127,0.02261842671824122,7.759444997645915e-08,0.2149615388505831,0.0
constant,constant,direct,pod_deeponet,17,constant_test_0003,356.31307787809095,3704.0,299.0,0.46632268500252394,6.213499970423679e-05,eaee633795305e45d995d32f24e8e8f6d3639d5a68a1633d7a56f2bf162c6313,0.01982634638216278,0.02363794220240832,0.029900135247396008,9.014846114041575e-08,0.3054107611256747,0.04166666666666674
constant,constant,direct,pod_deeponet,17,constant_test_0004,364.9641357923895,3704.0,299.0,0.46632268500252394,6.213499970423679e-05,eaee633795305e45d995d32f24e8e8f6d3639d5a68a1633d7a56f2bf162c6313,0.02376247463650952,0.028466004341703453,0.03533942938169725,7.187320960611032e-08,0.31030868536476297,0.0
constant,constant,direct,pod_deeponet,17,constant_test_0005,326.11288015095056,3704.0,299.0,0.46632268500252394,6.213499970423679e-05,eaee633795305e45d995d32f24e8e8f6d3639d5a68a1633d7a56f2bf162c6313,0.008427748865770902,0.00990169101745377,0.014528254315652342,7.479118835362897e-08,0.2880398220766866,0.0
constant,diverse,direct,pod_deeponet,17,diverse_test_0000,378.39963682209583,3704.0,299.0,0.46632268500252394,1.969116662318508e-05,eaee633795305e45d995d32f24e8e8f6d3639d5a68a1633d7a56f2bf162c6313,0.11833948940749688,0.16290849174899324,0.48247591889344127,8.224248659871591e-08,0.21534800394829443,0.04166666666666674
constant,diverse,direct,pod_deeponet,17,diverse_test_0001,275.5175743523432,3704.0,299.0,0.46632268500252394,1.969116662318508e-05,eaee633795305e45d995d32f24e8e8f6d3639d5a68a1633d7a56f2bf162c6313,0.10609434488253022,0.12252080459103669,0.19695075349703453,8.279803864752466e-08,0.24240604709027824,0.04166666666666663
constant,diverse,direct,pod_deeponet,17,diverse_test_0002,205.77449124508615,3704.0,299.0,0.46632268500252394,1.969116662318508e-05,eaee633795305e45d995d32f24e8e8f6d3639d5a68a1633d7a56f2bf162c6313,0.11112064240239322,0.11229187129816573,0.24958635673273946,7.797520140684355e-08,0.08380763838157143,0.0
constant,diverse,direct,pod_deeponet,17,diverse_test_0003,356.31307787809095,3704.0,299.0,0.46632268500252394,1.969116662318508e-05,eaee633795305e45d995d32f24e8e8f6d3639d5a68a1633d7a56f2bf162c6313,0.16370660857069844,0.16075680724156396,0.2011906855818608,6.577496236559455e-08,0.17465057679404133,0.04166666666666674
constant,diverse,direct,pod_deeponet,17,diverse_test_0004,364.9641357923895,3704.0,299.0,0.46632268500252394,1.969116662318508e-05,eaee633795305e45d995d32f24e8e8f6d3639d5a68a1633d7a56f2bf162c6313,0.4865250428665101,0.49549577361108565,0.5830637238507135,8.157994813018377e-08,0.327817272417053,0.0931694990624912
constant,diverse,direct,pod_deeponet,17,diverse_test_0005,326.11288015095056,3704.0,299.0,0.46632268500252394,1.969116662318508e-05,eaee633795305e45d995d32f24e8e8f6d3639d5a68a1633d7a56f2bf162c6313,0.21739257395358408,0.2250104317919591,0.34904791110661737,8.830541275983705e-08,0.2538545175980306,0.05892556509887899
constant,ood_shape,direct,pod_deeponet,17,ood_shape_0000,322.0476102060863,3704.0,299.0,0.46632268500252394,1.947599957929924e-05,eaee633795305e45d995d32f24e8e8f6d3639d5a68a1633d7a56f2bf162c6313,0.22370268502279636,0.25193328859636593,0.5281922408380242,5.799514113391524e-08,0.24444140692799216,0.04166666666666674
constant,ood_shape,direct,pod_deeponet,17,ood_shape_0001,236.44026808360903,3704.0,299.0,0.46632268500252394,1.947599957929924e-05,eaee633795305e45d995d32f24e8e8f6d3639d5a68a1633d7a56f2bf162c6313,0.8200500809570038,0.6893467094822676,0.7784739967791378,8.577489296612839e-08,0.27554222650391486,0.1767766952966369
constant,ood_shape,direct,pod_deeponet,17,ood_shape_0002,180.95100059158364,3704.0,299.0,0.46632268500252394,1.947599957929924e-05,eaee633795305e45d995d32f24e8e8f6d3639d5a68a1633d7a56f2bf162c6313,0.40021818238277246,0.4211192400302322,0.6923676179608791,8.561922726357807e-08,0.2556710003320442,0.04166666666666674
constant,ood_shape,direct,pod_deeponet,17,ood_shape_0003,208.6074759394159,3704.0,299.0,0.46632268500252394,1.947599957929924e-05,eaee633795305e45d995d32f24e8e8f6d3639d5a68a1633d7a56f2bf162c6313,0.4780623995610307,0.43643370866517645,0.5880993260092983,7.561699533198407e-08,0.21332912513817504,0.11785113019775789
constant,ood_shape,direct,pod_deeponet,17,ood_shape_0004,374.64532673286527,3704.0,299.0,0.46632268500252394,1.947599957929924e-05,eaee633795305e45d995d32f24e8e8f6d3639d5a68a1633d7a56f2bf162c6313,0.7098668071093653,0.7090330161706303,0.8125769599806176,6.961096232771524e-08,0.28984474742120364,0.0931694990624912
constant,ood_shape,direct,pod_deeponet,17,ood_shape_0005,145.49153445980784,3704.0,299.0,0.46632268500252394,1.947599957929924e-05,eaee633795305e45d995d32f24e8e8f6d3639d5a68a1633d7a56f2bf162c6313,0.19499163946591105,0.27596399207718564,0.5943644181304246,9.186814509121177e-08,0.28124056305702594,0.04166666666666674
constant,ood_re,direct,pod_deeponet,17,ood_re_0000,566.4474875225259,3704.0,299.0,0.46632268500252394,1.8252500012749806e-05,eaee633795305e45d995d32f24e8e8f6d3639d5a68a1633d7a56f2bf162c6313,0.14723615564706236,0.18711419262086149,0.29985542927562797,7.40508596663858e-08,0.3692627872378485,0.04166666666666663
constant,ood_re,direct,pod_deeponet,17,ood_re_0001,490.14181715065223,3704.0,299.0,0.46632268500252394,1.8252500012749806e-05,eaee633795305e45d995d32f24e8e8f6d3639d5a68a1633d7a56f2bf162c6313,0.09963419508733763,0.1307021958245253,0.21817634723335846,6.219076453817252e-08,0.3483081227948375,0.04166666666666663
constant,ood_re,direct,pod_deeponet,17,ood_re_0002,533.202596381457,3704.0,299.0,0.46632268500252394,1.8252500012749806e-05,eaee633795305e45d995d32f24e8e8f6d3639d5a68a1633d7a56f2bf162c6313,0.1771759353799671,0.20781140403789614,0.2865908194653566,8.508188642508685e-08,0.29030708145466305,0.04166666666666663
constant,ood_re,direct,pod_deeponet,17,ood_re_0003,592.5167238454294,3704.0,299.0,0.46632268500252394,1.8252500012749806e-05,eaee633795305e45d995d32f24e8e8f6d3639d5a68a1633d7a56f2bf162c6313,0.48612315100637676,0.5134428313442196,0.7009220637018987,7.899987508608319e-08,0.16703266601969607,0.0931694990624912
constant,ood_re,direct,pod_deeponet,17,ood_re_0004,489.1490754145391,3704.0,299.0,0.46632268500252394,1.8252500012749806e-05,eaee633795305e45d995d32f24e8e8f6d3639d5a68a1633d7a56f2bf162c6313,0.17926851310375091,0.2166185512186504,0.49965900335447466,7.245524358268085e-08,0.19422357850843147,0.04166666666666663
constant,ood_re,direct,pod_deeponet,17,ood_re_0005,561.89866888648,3704.0,299.0,0.46632268500252394,1.8252500012749806e-05,eaee633795305e45d995d32f24e8e8f6d3639d5a68a1633d7a56f2bf162c6313,0.14820200377533824,0.2116894559480158,0.4625649117978209,7.754344721888629e-08,0.3558457422762838,0.04166666666666663
constant,constant,direct,unet,17,constant_test_0000,378.39963682209583,15013.0,299.0,5.3909854520024965,0.000245455000064491,c06f072a3ae65b09ff1b02ac7e86eaef76c4a1043f33ab3718193190b38a45b1,0.05864127910154087,0.13487519265965422,0.6026961168845463,7.769097720711216e-08,0.43449164462768675,0.04166666666666674
constant,constant,direct,unet,17,constant_test_0001,275.5175743523432,15013.0,299.0,5.3909854520024965,0.000245455000064491,c06f072a3ae65b09ff1b02ac7e86eaef76c4a1043f33ab3718193190b38a45b1,0.04333718030477526,0.10416412802244397,0.5103748930771008,8.929855965789102e-08,0.39989506062065966,0.04166666666666663
constant,constant,direct,unet,17,constant_test_0002,205.77449124508615,15013.0,299.0,5.3909854520024965,0.000245455000064491,c06f072a3ae65b09ff1b02ac7e86eaef76c4a1043f33ab3718193190b38a45b1,0.04212772019554236,0.09789988078564857,0.4589416759083119,8.367042170220884e-08,0.3830791108421449,0.0
constant,constant,direct,unet,17,constant_test_0003,356.31307787809095,15013.0,299.0,5.3909854520024965,0.000245455000064491,c06f072a3ae65b09ff1b02ac7e86eaef76c4a1043f33ab3718193190b38a45b1,0.05268706323439801,0.12529596133405735,0.5826418368113474,8.749933755325401e-08,0.4261638945795597,0.04166666666666674
constant,constant,direct,unet,17,constant_test_0004,364.9641357923895,15013.0,299.0,5.3909854520024965,0.000245455000064491,c06f072a3ae65b09ff1b02ac7e86eaef76c4a1043f33ab3718193190b38a45b1,0.05483812126694844,0.1288269173200154,0.5905121160209529,7.804464274840939e-08,0.4293729892274244,0.04166666666666674
constant,constant,direct,unet,17,constant_test_0005,326.11288015095056,15013.0,299.0,5.3909854520024965,0.000245455000064491,c06f072a3ae65b09ff1b02ac7e86eaef76c4a1043f33ab3718193190b38a45b1,0.047088041812072434,0.11511477621630413,0.55516329697937,7.869493856560439e-08,0.4155333339870928,0.0
constant,diverse,direct,unet,17,diverse_test_0000,378.39963682209583,15013.0,299.0,5.3909854520024965,0.0002223953330637111,c06f072a3ae65b09ff1b02ac7e86eaef76c4a1043f33ab3718193190b38a45b1,0.13127482524327305,0.17384710350641955,0.44082395194067325,7.113753497378639e-08,0.2608716656709869,0.0
constant,diverse,direct,unet,17,diverse_test_0001,275.5175743523432,15013.0,299.0,5.3909854520024965,0.0002223953330637111,c06f072a3ae65b09ff1b02ac7e86eaef76c4a1043f33ab3718193190b38a45b1,0.14108061557701754,0.1763717722983603,0.5202347577991067,8.046906430081435e-08,0.36172414180084766,0.04166666666666663
constant,diverse,direct,unet,17,diverse_test_0002,205.77449124508615,15013.0,299.0,5.3909854520024965,0.0002223953330637111,c06f072a3ae65b09ff1b02ac7e86eaef76c4a1043f33ab3718193190b38a45b1,0.13703975616022723,0.15544357028958547,0.38421634231833324,9.135801093407281e-08,0.20394351244815076,0.0
constant,diverse,direct,unet,17,diverse_test_0003,356.31307787809095,15013.0,299.0,5.3909854520024965,0.0002223953330637111,c06f072a3ae65b09ff1b02ac7e86eaef76c4a1043f33ab3718193190b38a45b1,0.19243346016370078,0.22065724525561003,0.6070473417966344,7.460918993729138e-08,0.27538400327417484,0.0
constant,diverse,direct,unet,17,diverse_test_0004,364.9641357923895,15013.0,299.0,5.3909854520024965,0.0002223953330637111,c06f072a3ae65b09ff1b02ac7e86eaef76c4a1043f33ab3718193190b38a45b1,0.6142706886838601,0.5947445921003934,0.7267608233632958,7.527473400159579e-08,0.4022855558259333,0.04166666666666663
constant,diverse,direct,unet,17,diverse_test_0005,326.11288015095056,15013.0,299.0,5.3909854520024965,0.0002223953330637111,c06f072a3ae65b09ff1b02ac7e86eaef76c4a1043f33ab3718193190b38a45b1,0.29004696071257136,0.29987044503538823,0.5696855731904742,6.673680275071092e-08,0.35224765617136156,0.04166666666666663
constant,ood_shape,direct,unet,17,ood_shape_0000,322.0476102060863,15013.0,299.0,5.3909854520024965,0.00022528800036525354,c06f072a3ae65b09ff1b02ac7e86eaef76c4a1043f33ab3718193190b38a45b1,0.2930475163424398,0.30497172855657106,0.5032469415211107,8.625917047311304e-08,0.3157358110809783,0.0
constant,ood_shape,direct,unet,17,ood_shape_0001,236.44026808360903,15013.0,299.0,5.3909854520024965,0.00022528800036525354,c06f072a3ae65b09ff1b02ac7e86eaef76c4a1043f33ab3718193190b38a45b1,1.033492690812533,0.8382822416160896,0.7147246048367564,8.445444876770125e-08,0.297205996926845,0.15023130314433292
constant,ood_shape,direct,unet,17,ood_shape_0002,180.95100059158364,15013.0,299.0,5.3909854520024965,0.00022528800036525354,c06f072a3ae65b09ff1b02ac7e86eaef76c4a1043f33ab3718193190b38a45b1,0.5021248150605255,0.5186191337756826,0.6582837072936585,8.799612061238804e-08,0.2684897067040236,0.05892556509887899
constant,ood_shape,direct,unet,17,ood_shape_0003,208.6074759394159,15013.0,299.0,5.3909854520024965,0.00022528800036525354,c06f072a3ae65b09ff1b02ac7e86eaef76c4a1043f33ab3718193190b38a45b1,0.6382763826941725,0.5658399321519404,0.5947282404139312,9.10115147689794e-08,0.2815090770444315,0.0931694990624912
constant,ood_shape,direct,unet,17,ood_shape_0004,374.64532673286527,15013.0,299.0,5.3909854520024965,0.00022528800036525354,c06f072a3ae65b09ff1b02ac7e86eaef76c4a1043f33ab3718193190b38a45b1,0.8611163100071881,0.8168935427385645,0.7991256626053976,9.039661819087996e-08,0.35094470716596216,0.04166666666666663
constant,ood_shape,direct,unet,17,ood_shape_0005,145.49153445980784,15013.0,299.0,5.3909854520024965,0.00022528800036525354,c06f072a3ae65b09ff1b02ac7e86eaef76c4a1043f33ab3718193190b38a45b1,0.2629385865778183,0.35972392286883537,0.6391872291121032,9.534445410963599e-08,0.34069462976806836,0.05892556509887899
constant,ood_re,direct,unet,17,ood_re_0000,566.4474875225259,15013.0,299.0,5.3909854520024965,0.00025079983364169795,c06f072a3ae65b09ff1b02ac7e86eaef76c4a1043f33ab3718193190b38a45b1,0.15386958525372713,0.2652320379591913,0.6843164551392537,6.759817239299082e-08,0.46308614199346093,0.04166666666666674
constant,ood_re,direct,unet,17,ood_re_0001,490.14181715065223,15013.0,299.0,5.3909854520024965,0.00025079983364169795,c06f072a3ae65b09ff1b02ac7e86eaef76c4a1043f33ab3718193190b38a45b1,0.1113074983063809,0.20422367190288446,0.6389661972212004,6.333937818681079e-08,0.43556424108094416,0.04166666666666674
constant,ood_re,direct,unet,17,ood_re_0002,533.202596381457,15013.0,299.0,5.3909854520024965,0.00025079983364169795,c06f072a3ae65b09ff1b02ac7e86eaef76c4a1043f33ab3718193190b38a45b1,0.13962967817978325,0.25031287035198546,0.6867842560650803,6.793190721054998e-08,0.3848947320114241,0.04166666666666674
constant,ood_re,direct,unet,17,ood_re_0003,592.5167238454294,15013.0,299.0,5.3909854520024965,0.00025079983364169795,c06f072a3ae65b09ff1b02ac7e86eaef76c4a1043f33ab3718193190b38a45b1,0.34669598104342597,0.4368796961715146,0.7386136385863105,7.032742388446422e-08,0.2682573277014417,0.04166666666666663
constant,ood_re,direct,unet,17,ood_re_0004,489.1490754145391,15013.0,299.0,5.3909854520024965,0.00025079983364169795,c06f072a3ae65b09ff1b02ac7e86eaef76c4a1043f33ab3718193190b38a45b1,0.16807875827175708,0.24851982728052416,0.5755770116364209,6.087299198043183e-08,0.24823658966947534,0.04166666666666674
constant,ood_re,direct,unet,17,ood_re_0005,561.89866888648,15013.0,299.0,5.3909854520024965,0.00025079983364169795,c06f072a3ae65b09ff1b02ac7e86eaef76c4a1043f33ab3718193190b38a45b1,0.1761394736592693,0.28356207741825995,0.6315848813540167,6.400495777825199e-08,0.411456046655234,0.04166666666666674
constant,constant,direct,fno,17,constant_test_0000,378.39963682209583,12721.0,300.0,8.852397877002659,0.0006225364995771088,d83550af21b37ae94944795ef017bdf9de001e7123c8a41be9cc1afa4da5fbd1,0.0465770231870842,0.09194920655962802,0.47116496885745857,9.680961454705539e-08,0.3370821027670722,0.04166666666666674
constant,constant,direct,fno,17,constant_test_0001,275.5175743523432,12721.0,300.0,8.852397877002659,0.0006225364995771088,d83550af21b37ae94944795ef017bdf9de001e7123c8a41be9cc1afa4da5fbd1,0.02002004457628092,0.057757448233691035,0.3603175078072954,8.919187166611664e-08,0.2717912094050636,0.04166666666666663
constant,constant,direct,fno,17,constant_test_0002,205.77449124508615,12721.0,300.0,8.852397877002659,0.0006225364995771088,d83550af21b37ae94944795ef017bdf9de001e7123c8a41be9cc1afa4da5fbd1,0.0148907878450103,0.04506458162443487,0.30208046397023636,7.950740155138192e-08,0.23691505537718405,0.0
constant,constant,direct,fno,17,constant_test_0003,356.31307787809095,12721.0,300.0,8.852397877002659,0.0006225364995771088,d83550af21b37ae94944795ef017bdf9de001e7123c8a41be9cc1afa4da5fbd1,0.03536196116427177,0.0814679265573816,0.44708705954677336,7.704193905055945e-08,0.322118597096992,0.04166666666666674
constant,constant,direct,fno,17,constant_test_0004,364.9641357923895,12721.0,300.0,8.852397877002659,0.0006225364995771088,d83550af21b37ae94944795ef017bdf9de001e7123c8a41be9cc1afa4da5fbd1,0.0394039648025338,0.08530438569005566,0.45654557504450805,7.299660609305647e-08,0.3279342333912413,0.04166666666666674
constant,constant,direct,fno,17,constant_test_0005,326.11288015095056,12721.0,300.0,8.852397877002659,0.0006225364995771088,d83550af21b37ae94944795ef017bdf9de001e7123c8a41be9cc1afa4da5fbd1,0.02512143331971417,0.07048170823275512,0.41400982219974813,8.113503469076022e-08,0.30236812834857535,0.0
constant,diverse,direct,fno,17,diverse_test_0000,378.39963682209583,12721.0,300.0,8.852397877002659,0.0006552708340071453,d83550af21b37ae94944795ef017bdf9de001e7123c8a41be9cc1afa4da5fbd1,0.10407480116650836,0.1457906055625898,0.3549546869161857,7.21965847105821e-08,0.1986419304288703,0.05892556509887899
constant,diverse,direct,fno,17,diverse_test_0001,275.5175743523432,12721.0,300.0,8.852397877002659,0.0006552708340071453,d83550af21b37ae94944795ef017bdf9de001e7123c8a41be9cc1afa4da5fbd1,0.08464941117679296,0.11103080824202685,0.3569642262877468,8.149885388775147e-08,0.22503179301982662,0.04166666666666663
constant,diverse,direct,fno,17,diverse_test_0002,205.77449124508615,12721.0,300.0,8.852397877002659,0.0006552708340071453,d83550af21b37ae94944795ef017bdf9de001e7123c8a41be9cc1afa4da5fbd1,0.12918845410644314,0.13752767616572953,0.2954670456770875,8.601483614256722e-08,0.11040838762111234,0.0
constant,diverse,direct,fno,17,diverse_test_0003,356.31307787809095,12721.0,300.0,8.852397877002659,0.0006552708340071453,d83550af21b37ae94944795ef017bdf9de001e7123c8a41be9cc1afa4da5fbd1,0.20056055357638927,0.20399662335449642,0.4771754760609521,8.724906308543723e-08,0.21339089099112613,0.0
constant,diverse,direct,fno,17,diverse_test_0004,364.9641357923895,12721.0,300.0,8.852397877002659,0.0006552708340071453,d83550af21b37ae94944795ef017bdf9de001e7123c8a41be9cc1afa4da5fbd1,0.5095971615809025,0.5125317108439861,0.5684932971149909,7.87932421530968e-08,0.27169738847125513,0.08333333333333326
constant,diverse,direct,fno,17,diverse_test_0005,326.11288015095056,12721.0,300.0,8.852397877002659,0.0006552708340071453,d83550af21b37ae94944795ef017bdf9de001e7123c8a41be9cc1afa4da5fbd1,0.22778075870970405,0.2355595853773574,0.4070105752284622,9.54075645154262e-08,0.23487784483345062,0.04166666666666663
constant,ood_shape,direct,fno,17,ood_shape_0000,322.0476102060863,12721.0,300.0,8.852397877002659,0.0006039118331197338,d83550af21b37ae94944795ef017bdf9de001e7123c8a41be9cc1afa4da5fbd1,0.20280007845838183,0.22059003711513228,0.3678440204007529,7.542602276089383e-08,0.19988709719735637,0.04166666666666674
constant,ood_shape,direct,fno,17,ood_shape_0001,236.44026808360903,12721.0,300.0,8.852397877002659,0.0006039118331197338,d83550af21b37ae94944795ef017bdf9de001e7123c8a41be9cc1afa4da5fbd1,0.9402071398379611,0.7885946816071027,0.6422318193211078,8.37929334807086e-08,0.24163946192117294,0.1767766952966369
constant,ood_shape,direct,fno,17,ood_shape_0002,180.95100059158364,12721.0,300.0,8.852397877002659,0.0006039118331197338,d83550af21b37ae94944795ef017bdf9de001e7123c8a41be9cc1afa4da5fbd1,0.38960723459784574,0.4198523863394914,0.6227400199729256,7.999112483503268e-08,0.24233741415757076,0.04166666666666674
constant,ood_shape,direct,fno,17,ood_shape_0003,208.6074759394159,12721.0,300.0,8.852397877002659,0.0006039118331197338,d83550af21b37ae94944795ef017bdf9de001e7123c8a41be9cc1afa4da5fbd1,0.5363763432970714,0.49120123114689057,0.4998957299394175,7.635114229742612e-08,0.20476846846418512,0.0931694990624912
constant,ood_shape,direct,fno,17,ood_shape_0004,374.64532673286527,12721.0,300.0,8.852397877002659,0.0006039118331197338,d83550af21b37ae94944795ef017bdf9de001e7123c8a41be9cc1afa4da5fbd1,0.728972812875934,0.7261509331905199,0.6485025728029485,7.731955520284828e-08,0.21199549426655823,0.08333333333333326
constant,ood_shape,direct,fno,17,ood_shape_0005,145.49153445980784,12721.0,300.0,8.852397877002659,0.0006039118331197338,d83550af21b37ae94944795ef017bdf9de001e7123c8a41be9cc1afa4da5fbd1,0.1676878197309485,0.27082641519787687,0.6131144549115958,7.626474740618505e-08,0.30398982531632107,0.04166666666666674
constant,ood_re,direct,fno,17,ood_re_0000,566.4474875225259,12721.0,300.0,8.852397877002659,0.0006419040000764653,d83550af21b37ae94944795ef017bdf9de001e7123c8a41be9cc1afa4da5fbd1,0.17983002819382962,0.21805432857702045,0.5656784940040077,7.162861948017962e-08,0.4273175923270829,0.08333333333333337
constant,ood_re,direct,fno,17,ood_re_0001,490.14181715065223,12721.0,300.0,8.852397877002659,0.0006419040000764653,d83550af21b37ae94944795ef017bdf9de001e7123c8a41be9cc1afa4da5fbd1,0.11231305242275544,0.15403172262508918,0.5178316641453639,6.484150816277179e-08,0.37312726654944417,0.08333333333333337
constant,ood_re,direct,fno,17,ood_re_0002,533.202596381457,12721.0,300.0,8.852397877002659,0.0006419040000764653,d83550af21b37ae94944795ef017bdf9de001e7123c8a41be9cc1afa4da5fbd1,0.21573074393659475,0.23919862151959714,0.5726931769941593,6.214978753860123e-08,0.3558683860900377,0.08333333333333337
constant,ood_re,direct,fno,17,ood_re_0003,592.5167238454294,12721.0,300.0,8.852397877002659,0.0006419040000764653,d83550af21b37ae94944795ef017bdf9de001e7123c8a41be9cc1afa4da5fbd1,0.5644337221706555,0.5360311479415456,0.6355570473723602,7.118761402580276e-08,0.2628251196938233,0.1317615691736825
constant,ood_re,direct,fno,17,ood_re_0004,489.1490754145391,12721.0,300.0,8.852397877002659,0.0006419040000764653,d83550af21b37ae94944795ef017bdf9de001e7123c8a41be9cc1afa4da5fbd1,0.20213040969747056,0.22380797284713164,0.4701713929335489,6.556987131034475e-08,0.23726556963984508,0.08333333333333337
constant,ood_re,direct,fno,17,ood_re_0005,561.89866888648,12721.0,300.0,8.852397877002659,0.0006419040000764653,d83550af21b37ae94944795ef017bdf9de001e7123c8a41be9cc1afa4da5fbd1,0.14996567207381362,0.20186405830531323,0.5134723651073637,6.479743319687259e-08,0.3725965820582237,0.08333333333333337
constant,constant,direct,fno_physics,17,constant_test_0000,378.39963682209583,12721.0,300.0,8.73435825100023,0.0006575710006776111,73deea41ec54a0e17da4510ff3991ee74a51104662cea43f584d5f848561ca6a,0.06359409408225139,0.1515917277449076,0.7686457839099333,8.652030203393224e-08,0.12012585380618661,0.04166666666666674
constant,constant,direct,fno_physics,17,constant_test_0001,275.5175743523432,12721.0,300.0,8.73435825100023,0.0006575710006776111,73deea41ec54a0e17da4510ff3991ee74a51104662cea43f584d5f848561ca6a,0.04364039020014159,0.11951414443152888,0.6372660516363281,8.777649895819195e-08,0.0751984995076986,0.0
constant,constant,direct,fno_physics,17,constant_test_0002,205.77449124508615,12721.0,300.0,8.73435825100023,0.0006575710006776111,73deea41ec54a0e17da4510ff3991ee74a51104662cea43f584d5f848561ca6a,0.035432174706653725,0.09810330013795382,0.5368222682542704,7.879994257109502e-08,0.06040776454243524,0.0
constant,constant,direct,fno_physics,17,constant_test_0003,356.31307787809095,12721.0,300.0,8.73435825100023,0.0006575710006776111,73deea41ec54a0e17da4510ff3991ee74a51104662cea43f584d5f848561ca6a,0.05551962802952766,0.14310882091365698,0.7427591279640487,8.714464172498992e-08,0.10913482385115957,0.04166666666666674
constant,constant,direct,fno_physics,17,constant_test_0004,364.9641357923895,12721.0,300.0,8.73435825100023,0.0006575710006776111,73deea41ec54a0e17da4510ff3991ee74a51104662cea43f584d5f848561ca6a,0.058350929093890495,0.14625993780960397,0.7530598958280678,7.073148111658156e-08,0.11337658235542479,0.04166666666666674
constant,constant,direct,fno_physics,17,constant_test_0005,326.11288015095056,12721.0,300.0,8.73435825100023,0.0006575710006776111,73deea41ec54a0e17da4510ff3991ee74a51104662cea43f584d5f848561ca6a,0.04863771463152713,0.13345688706076458,0.7052169168140117,8.468041556852768e-08,0.09508599357792594,0.0
constant,diverse,direct,fno_physics,17,diverse_test_0000,378.39963682209583,12721.0,300.0,8.73435825100023,0.0005593368332483806,73deea41ec54a0e17da4510ff3991ee74a51104662cea43f584d5f848561ca6a,0.14155154375815215,0.22826862496130623,0.8690989854516119,7.263508905452909e-08,0.1563102730258897,0.05892556509887899
constant,diverse,direct,fno_physics,17,diverse_test_0001,275.5175743523432,12721.0,300.0,8.73435825100023,0.0005593368332483806,73deea41ec54a0e17da4510ff3991ee74a51104662cea43f584d5f848561ca6a,0.08927933466999897,0.165486654576682,0.6858048737347107,8.345520541297446e-08,0.09835352852533921,0.04166666666666663
constant,diverse,direct,fno_physics,17,diverse_test_0002,205.77449124508615,12721.0,300.0,8.73435825100023,0.0005593368332483806,73deea41ec54a0e17da4510ff3991ee74a51104662cea43f584d5f848561ca6a,0.1651188631314026,0.19833496048155766,0.6748972229229643,8.86552058432244e-08,0.1493028179810588,0.04166666666666674
constant,diverse,direct,fno_physics,17,diverse_test_0003,356.31307787809095,12721.0,300.0,8.73435825100023,0.0005593368332483806,73deea41ec54a0e17da4510ff3991ee74a51104662cea43f584d5f848561ca6a,0.2336585808583191,0.26638875209511265,0.8368846020185772,7.986636774148792e-08,0.1366145933526161,0.0
constant,diverse,direct,fno_physics,17,diverse_test_0004,364.9641357923895,12721.0,300.0,8.73435825100023,0.0005593368332483806,73deea41ec54a0e17da4510ff3991ee74a51104662cea43f584d5f848561ca6a,0.5073863954537423,0.5550891057027172,1.0046021856634835,8.066694334729618e-08,0.23140223501025498,0.04166666666666663
constant,diverse,direct,fno_physics,17,diverse_test_0005,326.11288015095056,12721.0,300.0,8.73435825100023,0.0005593368332483806,73deea41ec54a0e17da4510ff3991ee74a51104662cea43f584d5f848561ca6a,0.23849426154671635,0.28487519099368025,0.8298519886044768,8.57161026601716e-08,0.14029949511906714,0.05892556509887899
constant,ood_shape,direct,fno_physics,17,ood_shape_0000,322.0476102060863,12721.0,300.0,8.73435825100023,0.0005957866669632494,73deea41ec54a0e17da4510ff3991ee74a51104662cea43f584d5f848561ca6a,0.2186097989095699,0.2929188682380078,0.926236711034413,8.16346599208373e-08,0.1887550739046383,0.08333333333333337
constant,ood_shape,direct,fno_physics,17,ood_shape_0001,236.44026808360903,12721.0,300.0,8.73435825100023,0.0005957866669632494,73deea41ec54a0e17da4510ff3991ee74a51104662cea43f584d5f848561ca6a,1.0303034610472264,0.8910151654040996,1.183810877536537,1.0903012537255563e-07,0.43215090866838696,0.15023130314433292
constant,ood_shape,direct,fno_physics,17,ood_shape_0002,180.95100059158364,12721.0,300.0,8.73435825100023,0.0005957866669632494,73deea41ec54a0e17da4510ff3991ee74a51104662cea43f584d5f848561ca6a,0.42012044774508084,0.47464970073434337,1.0150417688704043,9.017288249424382e-08,0.35827135864441834,0.04166666666666674
constant,ood_shape,direct,fno_physics,17,ood_shape_0003,208.6074759394159,12721.0,300.0,8.73435825100023,0.0005957866669632494,73deea41ec54a0e17da4510ff3991ee74a51104662cea43f584d5f848561ca6a,0.5751867078945517,0.5489668161070526,0.9482696497478382,8.425323017036135e-08,0.3078603551438768,0.0931694990624912
constant,ood_shape,direct,fno_physics,17,ood_shape_0004,374.64532673286527,12721.0,300.0,8.73435825100023,0.0005957866669632494,73deea41ec54a0e17da4510ff3991ee74a51104662cea43f584d5f848561ca6a,0.7445580306957682,0.779134951015012,1.1696821414607843,8.972989462563419e-08,0.28352007749151503,0.04166666666666663
constant,ood_shape,direct,fno_physics,17,ood_shape_0005,145.49153445980784,12721.0,300.0,8.73435825100023,0.0005957866669632494,73deea41ec54a0e17da4510ff3991ee74a51104662cea43f584d5f848561ca6a,0.17871638843268997,0.3446640085033771,0.8924537996647228,1.0156475127587328e-07,0.32780616456092637,0.05892556509887899
constant,ood_re,direct,fno_physics,17,ood_re_0000,566.4474875225259,12721.0,300.0,8.73435825100023,0.000578130166104529,73deea41ec54a0e17da4510ff3991ee74a51104662cea43f584d5f848561ca6a,0.19089844818728557,0.2699842510973275,0.9415270399227434,8.529617900876474e-08,0.1972956388945507,0.058925565098878904
constant,ood_re,direct,fno_physics,17,ood_re_0001,490.14181715065223,12721.0,300.0,8.73435825100023,0.000578130166104529,73deea41ec54a0e17da4510ff3991ee74a51104662cea43f584d5f848561ca6a,0.12118116409425053,0.2100688416015504,0.8787198989254758,7.975662441594977e-08,0.14544983693337574,0.04166666666666663
constant,ood_re,direct,fno_physics,17,ood_re_0002,533.202596381457,12721.0,300.0,8.73435825100023,0.000578130166104529,73deea41ec54a0e17da4510ff3991ee74a51104662cea43f584d5f848561ca6a,0.23563141994244224,0.2879353225221572,0.936996498921589,7.161587944892744e-08,0.14045091246259434,0.04166666666666663
constant,ood_re,direct,fno_physics,17,ood_re_0003,592.5167238454294,12721.0,300.0,8.73435825100023,0.000578130166104529,73deea41ec54a0e17da4510ff3991ee74a51104662cea43f584d5f848561ca6a,0.6160168743909689,0.6183953668136292,1.12238811761778,8.300094833657568e-08,0.1723707838561095,0.11785113019775789
constant,ood_re,direct,fno_physics,17,ood_re_0004,489.1490754145391,12721.0,300.0,8.73435825100023,0.000578130166104529,73deea41ec54a0e17da4510ff3991ee74a51104662cea43f584d5f848561ca6a,0.2444015461978277,0.29951821804928025,0.9644011528702344,7.948148805780875e-08,0.1543836743718892,0.04166666666666663
constant,ood_re,direct,fno_physics,17,ood_re_0005,561.89866888648,12721.0,300.0,8.73435825100023,0.000578130166104529,73deea41ec54a0e17da4510ff3991ee74a51104662cea43f584d5f848561ca6a,0.15871850673660456,0.26399260333376656,0.9502837862442451,6.942060082337775e-08,0.16506564974870014,0.058925565098878904
constant,constant,direct,coordinate_mlp,27,constant_test_0000,378.39963682209583,3457.0,300.0,2.880107800003316,0.00012997850111181228,9410e234c95df05f958d237453f36c569bcab2e630535a869c6e21ab3e76797d,0.1952835197425592,0.4051444655618039,0.8096815972299282,7.56747908781108e-08,0.5108980268070666,0.0931694990624913
constant,constant,direct,coordinate_mlp,27,constant_test_0001,275.5175743523432,3457.0,300.0,2.880107800003316,0.00012997850111181228,9410e234c95df05f958d237453f36c569bcab2e630535a869c6e21ab3e76797d,0.1831703859055531,0.3800393772720602,0.775429511487091,7.808909430195854e-08,0.49101678774000507,0.08333333333333337
constant,constant,direct,coordinate_mlp,27,constant_test_0002,205.77449124508615,3457.0,300.0,2.880107800003316,0.00012997850111181228,9410e234c95df05f958d237453f36c569bcab2e630535a869c6e21ab3e76797d,0.1758703743656737,0.36137955723626536,0.7502521055893802,7.975371119073316e-08,0.47817156400834593,0.04166666666666674
constant,constant,direct,coordinate_mlp,27,constant_test_0003,356.31307787809095,3457.0,300.0,2.880107800003316,0.00012997850111181228,9410e234c95df05f958d237453f36c569bcab2e630535a869c6e21ab3e76797d,0.19223520759730275,0.3999914603790503,0.8026545062104138,7.073393959444729e-08,0.5065478936191822,0.0931694990624913
constant,constant,direct,coordinate_mlp,27,constant_test_0004,364.9641357923895,3457.0,300.0,2.880107800003316,0.00012997850111181228,9410e234c95df05f958d237453f36c569bcab2e630535a869c6e21ab3e76797d,0.1933751658032706,0.4020175894948003,0.8054301331873874,7.790026046450294e-08,0.5082468999459409,0.0931694990624913
constant,constant,direct,coordinate_mlp,27,constant_test_0005,326.11288015095056,3457.0,300.0,2.880107800003316,0.00012997850111181228,9410e234c95df05f958d237453f36c569bcab2e630535a869c6e21ab3e76797d,0.1886352672989154,0.39278536558675947,0.7927430087506627,7.531151169359873e-08,0.5006687597153212,0.08333333333333337
constant,diverse,direct,coordinate_mlp,27,diverse_test_0000,378.39963682209583,3457.0,300.0,2.880107800003316,0.00012896366630836079,9410e234c95df05f958d237453f36c569bcab2e630535a869c6e21ab3e76797d,0.6826420204814011,0.8015439725812454,0.887624489251178,9.099058928541126e-08,0.17842348703743693,0.04166666666666663
constant,diverse,direct,coordinate_mlp,27,diverse_test_0001,275.5175743523432,3457.0,300.0,2.880107800003316,0.00012896366630836079,9410e234c95df05f958d237453f36c569bcab2e630535a869c6e21ab3e76797d,0.4090172150621159,0.5241648631168473,0.7985494334935315,9.386599231220316e-08,0.3478316654763282,0.04166666666666674
constant,diverse,direct,coordinate_mlp,27,diverse_test_0002,205.77449124508615,3457.0,300.0,2.880107800003316,0.00012896366630836079,9410e234c95df05f958d237453f36c569bcab2e630535a869c6e21ab3e76797d,0.44420613456212976,0.557920765657148,0.7826738693440882,9.805162193288197e-08,0.22186690088619118,0.04166666666666674
constant,diverse,direct,coordinate_mlp,27,diverse_test_0003,356.31307787809095,3457.0,300.0,2.880107800003316,0.00012896366630836079,9410e234c95df05f958d237453f36c569bcab2e630535a869c6e21ab3e76797d,0.336408544786657,0.5057475897194929,0.8295354182084739,9.217984597853501e-08,0.3320226144026297,0.08333333333333337
constant,diverse,direct,coordinate_mlp,27,diverse_test_0004,364.9641357923895,3457.0,300.0,2.880107800003316,0.00012896366630836079,9410e234c95df05f958d237453f36c569bcab2e630535a869c6e21ab3e76797d,1.0777105681955355,1.0822344847147334,0.9470419024768749,9.202288708820561e-08,0.40555163354365054,0.04166666666666674
constant,diverse,direct,coordinate_mlp,27,diverse_test_0005,326.11288015095056,3457.0,300.0,2.880107800003316,0.00012896366630836079,9410e234c95df05f958d237453f36c569bcab2e630535a869c6e21ab3e76797d,0.5761380050347302,0.6820233748889607,0.8530300170770436,1.0477982215206794e-07,0.35468167612542567,0.04166666666666674
constant,ood_shape,direct,coordinate_mlp,27,ood_shape_0000,322.0476102060863,3457.0,300.0,2.880107800003316,0.0001241865005188932,9410e234c95df05f958d237453f36c569bcab2e630535a869c6e21ab3e76797d,0.989119784160108,1.0242866392803938,0.9323908655332604,1.1872499072751452e-07,0.26651872126949533,0.05892556509887899
constant,ood_shape,direct,coordinate_mlp,27,ood_shape_0001,236.44026808360903,3457.0,300.0,2.880107800003316,0.0001241865005188932,9410e234c95df05f958d237453f36c569bcab2e630535a869c6e21ab3e76797d,1.6771313089512134,1.5202592092115532,1.0759761319173056,1.147104171650426e-07,0.371200649142681,0.18633899812498256
constant,ood_shape,direct,coordinate_mlp,27,ood_shape_0002,180.95100059158364,3457.0,300.0,2.880107800003316,0.0001241865005188932,9410e234c95df05f958d237453f36c569bcab2e630535a869c6e21ab3e76797d,1.4734429518412129,1.4101030238480068,1.0565354325427538,1.2594210829774966e-07,0.22215779446284445,0.0931694990624913
constant,ood_shape,direct,coordinate_mlp,27,ood_shape_0003,208.6074759394159,3457.0,300.0,2.880107800003316,0.0001241865005188932,9410e234c95df05f958d237453f36c569bcab2e630535a869c6e21ab3e76797d,1.094562352361204,1.0831882864662867,0.942173968310008,1.078084537198265e-07,0.3048972230097014,0.1317615691736825
constant,ood_shape,direct,coordinate_mlp,27,ood_shape_0004,374.64532673286527,3457.0,300.0,2.880107800003316,0.0001241865005188932,9410e234c95df05f958d237453f36c569bcab2e630535a869c6e21ab3e76797d,1.97542536457708,1.8547695644237696,1.1297698649477228,1.1958239554132888e-07,0.39090966517866893,0.04166666666666674
constant,ood_shape,direct,coordinate_mlp,27,ood_shape_0005,145.49153445980784,3457.0,300.0,2.880107800003316,0.0001241865005188932,9410e234c95df05f958d237453f36c569bcab2e630535a869c6e21ab3e76797d,0.8806235667895791,0.8930112283756976,0.8688503438522582,1.1316413406348147e-07,0.24342029047459812,0.058925565098879064
constant,ood_re,direct,coordinate_mlp,27,ood_re_0000,566.4474875225259,3457.0,300.0,2.880107800003316,0.0001311318325557901,9410e234c95df05f958d237453f36c569bcab2e630535a869c6e21ab3e76797d,0.3094266257398898,0.5036766257199476,0.8453793324592311,8.182015420743483e-08,0.44380883011663247,0.0931694990624913
constant,ood_re,direct,coordinate_mlp,27,ood_re_0001,490.14181715065223,3457.0,300.0,2.880107800003316,0.0001311318325557901,9410e234c95df05f958d237453f36c569bcab2e630535a869c6e21ab3e76797d,0.3078383674288733,0.4931790840560205,0.835166994881069,8.149433483595203e-08,0.42807808406336384,0.0931694990624913
constant,ood_re,direct,coordinate_mlp,27,ood_re_0002,533.202596381457,3457.0,300.0,2.880107800003316,0.0001311318325557901,9410e234c95df05f958d237453f36c569bcab2e630535a869c6e21ab3e76797d,0.3491545968608631,0.5303155435870798,0.8538553564210482,9.447920490401884e-08,0.3773613569899618,0.0931694990624913
constant,ood_re,direct,coordinate_mlp,27,ood_re_0003,592.5167238454294,3457.0,300.0,2.880107800003316,0.0001311318325557901,9410e234c95df05f958d237453f36c569bcab2e630535a869c6e21ab3e76797d,0.9180376533311888,0.9956994078538746,0.9571122646791448,8.906922488449709e-08,0.25948514842148307,0.04166666666666674
constant,ood_re,direct,coordinate_mlp,27,ood_re_0004,489.1490754145391,3457.0,300.0,2.880107800003316,0.0001311318325557901,9410e234c95df05f958d237453f36c569bcab2e630535a869c6e21ab3e76797d,0.6364940501848084,0.7821428533776966,0.9004953362360253,9.188668315118775e-08,0.18489791512881393,0.0931694990624913
constant,ood_re,direct,coordinate_mlp,27,ood_re_0005,561.89866888648,3457.0,300.0,2.880107800003316,0.0001311318325557901,9410e234c95df05f958d237453f36c569bcab2e630535a869c6e21ab3e76797d,0.5400955553647635,0.6882731758262914,0.8746799971400983,8.703072751359286e-08,0.3240520567451873,0.0931694990624913
constant,constant,direct,pod_deeponet,27,constant_test_0000,378.39963682209583,3704.0,248.0,0.3857941230016877,1.8881832753929e-05,5bafaa5e242966644bf4f2f5e7977950f523589caa0b722b37b44e3312d48474,0.03790726206134051,0.0515249871248801,0.05875359431647167,7.580419492114743e-08,0.320240712221506,0.0
constant,constant,direct,pod_deeponet,27,constant_test_0001,275.5175743523432,3704.0,248.0,0.3857941230016877,1.8881832753929e-05,5bafaa5e242966644bf4f2f5e7977950f523589caa0b722b37b44e3312d48474,0.009872225483520581,0.017416908303640694,0.023964996588521238,7.54051967533087e-08,0.25623658607716404,0.04166666666666663
constant,constant,direct,pod_deeponet,27,constant_test_0002,205.77449124508615,3704.0,248.0,0.3857941230016877,1.8881832753929e-05,5bafaa5e242966644bf4f2f5e7977950f523589caa0b722b37b44e3312d48474,0.011583206614648647,0.020677693468388266,0.028432434074550542,8.503535298132192e-08,0.21368295147656508,0.0
constant,constant,direct,pod_deeponet,27,constant_test_0003,356.31307787809095,3704.0,248.0,0.3857941230016877,1.8881832753929e-05,5bafaa5e242966644bf4f2f5e7977950f523589caa0b722b37b44e3312d48474,0.024167322222519026,0.03231703202030902,0.03817094467996312,7.044586425308808e-08,0.306611178171841,0.04166666666666674
constant,constant,direct,pod_deeponet,27,constant_test_0004,364.9641357923895,3704.0,248.0,0.3857941230016877,1.8881832753929e-05,5bafaa5e242966644bf4f2f5e7977950f523589caa0b722b37b44e3312d48474,0.02928717180236948,0.03950274334785476,0.0459334108188594,6.460462032009673e-08,0.31196414733763433,0.04166666666666674
constant,constant,direct,pod_deeponet,27,constant_test_0005,326.11288015095056,3704.0,248.0,0.3857941230016877,1.8881832753929e-05,5bafaa5e242966644bf4f2f5e7977950f523589caa0b722b37b44e3312d48474,0.009261185582289477,0.011537661240165814,0.016160156580660355,8.856163447035215e-08,0.2878182266020035,0.0
constant,diverse,direct,pod_deeponet,27,diverse_test_0000,378.39963682209583,3704.0,248.0,0.3857941230016877,1.4598666894016787e-05,5bafaa5e242966644bf4f2f5e7977950f523589caa0b722b37b44e3312d48474,0.11092785597290403,0.19655799773821514,0.5989577269204157,8.356366265616089e-08,0.2425728594252655,0.05892556509887899
constant,diverse,direct,pod_deeponet,27,diverse_test_0001,275.5175743523432,3704.0,248.0,0.3857941230016877,1.4598666894016787e-05,5bafaa5e242966644bf4f2f5e7977950f523589caa0b722b37b44e3312d48474,0.10687792849508707,0.12235628627788629,0.20790450425308873,8.414991725658183e-08,0.24097511975324593,0.04166666666666663
constant,diverse,direct,pod_deeponet,27,diverse_test_0002,205.77449124508615,3704.0,248.0,0.3857941230016877,1.4598666894016787e-05,5bafaa5e242966644bf4f2f5e7977950f523589caa0b722b37b44e3312d48474,0.09385317895785533,0.11016877413007978,0.31180496253038026,8.604661871913777e-08,0.0980555054882163,0.0
constant,diverse,direct,pod_deeponet,27,diverse_test_0003,356.31307787809095,3704.0,248.0,0.3857941230016877,1.4598666894016787e-05,5bafaa5e242966644bf4f2f5e7977950f523589caa0b722b37b44e3312d48474,0.16958756203705028,0.1834124234750543,0.2621738428505674,7.465849449772577e-08,0.18318799287812038,0.05892556509887899
constant,diverse,direct,pod_deeponet,27,diverse_test_0004,364.9641357923895,3704.0,248.0,0.3857941230016877,1.4598666894016787e-05,5bafaa5e242966644bf4f2f5e7977950f523589caa0b722b37b44e3312d48474,0.5255195680129046,0.5234477051344884,0.5642916383650761,9.7662216091976e-08,0.32292882757881575,0.0931694990624912
constant,diverse,direct,pod_deeponet,27,diverse_test_0005,326.11288015095056,3704.0,248.0,0.3857941230016877,1.4598666894016787e-05,5bafaa5e242966644bf4f2f5e7977950f523589caa0b722b37b44e3312d48474,0.2290312276296511,0.23404130023422431,0.33251622595585417,7.8983617868289e-08,0.2465660320739799,0.04166666666666663
constant,ood_shape,direct,pod_deeponet,27,ood_shape_0000,322.0476102060863,3704.0,248.0,0.3857941230016877,1.33400001989988e-05,5bafaa5e242966644bf4f2f5e7977950f523589caa0b722b37b44e3312d48474,0.2168421868042514,0.2621428533273088,0.5783863842716931,8.249750038658021e-08,0.24730198501440656,0.04166666666666674
constant,ood_shape,direct,pod_deeponet,27,ood_shape_0001,236.44026808360903,3704.0,248.0,0.3857941230016877,1.33400001989988e-05,5bafaa5e242966644bf4f2f5e7977950f523589caa0b722b37b44e3312d48474,0.8099426366847916,0.6988839372629236,0.8905784441507199,7.016893022182558e-08,0.2683136307490782,0.1767766952966369
constant,ood_shape,direct,pod_deeponet,27,ood_shape_0002,180.95100059158364,3704.0,248.0,0.3857941230016877,1.33400001989988e-05,5bafaa5e242966644bf4f2f5e7977950f523589caa0b722b37b44e3312d48474,0.3614750128746126,0.4095790065649063,0.8199433940819858,8.014760055630177e-08,0.23430819176876613,0.04166666666666674
constant,ood_shape,direct,pod_deeponet,27,ood_shape_0003,208.6074759394159,3704.0,248.0,0.3857941230016877,1.33400001989988e-05,5bafaa5e242966644bf4f2f5e7977950f523589caa0b722b37b44e3312d48474,0.4860509625639515,0.44484161065638117,0.627070202943519,7.590522699274516e-08,0.21843944708932447,0.0931694990624912
constant,ood_shape,direct,pod_deeponet,27,ood_shape_0004,374.64532673286527,3704.0,248.0,0.3857941230016877,1.33400001989988e-05,5bafaa5e242966644bf4f2f5e7977950f523589caa0b722b37b44e3312d48474,0.7151439807150397,0.754190265803994,0.9123559472435983,7.051874462149499e-08,0.2924724714023271,0.1317615691736825
constant,ood_shape,direct,pod_deeponet,27,ood_shape_0005,145.49153445980784,3704.0,248.0,0.3857941230016877,1.33400001989988e-05,5bafaa5e242966644bf4f2f5e7977950f523589caa0b722b37b44e3312d48474,0.19826087933829947,0.2777381940371303,0.6234311367536884,8.640938631288009e-08,0.281050088213306,0.04166666666666674
constant,ood_re,direct,pod_deeponet,27,ood_re_0000,566.4474875225259,3704.0,248.0,0.3857941230016877,1.852616696851328e-05,5bafaa5e242966644bf4f2f5e7977950f523589caa0b722b37b44e3312d48474,0.1883544079147217,0.28714879066318816,0.4041219834559679,7.056178219499998e-08,0.3951337683757672,0.08333333333333337
constant,ood_re,direct,pod_deeponet,27,ood_re_0001,490.14181715065223,3704.0,248.0,0.3857941230016877,1.852616696851328e-05,5bafaa5e242966644bf4f2f5e7977950f523589caa0b722b37b44e3312d48474,0.1248205073983832,0.19308264774692152,0.288471808276546,7.704714732881257e-08,0.3654262605212111,0.04166666666666663
constant,ood_re,direct,pod_deeponet,27,ood_re_0002,533.202596381457,3704.0,248.0,0.3857941230016877,1.852616696851328e-05,5bafaa5e242966644bf4f2f5e7977950f523589caa0b722b37b44e3312d48474,0.21348923779090942,0.3016346246633825,0.39029864654383695,8.62788525068936e-08,0.31486155452506226,0.08333333333333337
constant,ood_re,direct,pod_deeponet,27,ood_re_0003,592.5167238454294,3704.0,248.0,0.3857941230016877,1.852616696851328e-05,5bafaa5e242966644bf4f2f5e7977950f523589caa0b722b37b44e3312d48474,0.5404643645476659,0.6581094359721819,0.8390122550270543,7.910686150580659e-08,0.19099811865423547,0.1317615691736825
constant,ood_re,direct,pod_deeponet,27,ood_re_0004,489.1490754145391,3704.0,248.0,0.3857941230016877,1.852616696851328e-05,5bafaa5e242966644bf4f2f5e7977950f523589caa0b722b37b44e3312d48474,0.19916807474543338,0.30985941725415167,0.6519711287674744,7.633604326429122e-08,0.2274831046420144,0.08333333333333337
constant,ood_re,direct,pod_deeponet,27,ood_re_0005,561.89866888648,3704.0,248.0,0.3857941230016877,1.852616696851328e-05,5bafaa5e242966644bf4f2f5e7977950f523589caa0b722b37b44e3312d48474,0.18512509356419785,0.3147427554059022,0.5891836608514895,7.01035176575715e-08,0.38565524961305264,0.08333333333333337
constant,constant,direct,unet,27,constant_test_0000,378.39963682209583,15013.0,298.0,5.546979888997157,0.0003905616661844154,16bf200ced324f8fddff8df604986b023049b2b915005d5e53e329ff74fdae52,0.044711924404722804,0.09652755956250497,0.5000369809524501,8.024319697597093e-08,0.3504471617089234,0.04166666666666674
constant,constant,direct,unet,27,constant_test_0001,275.5175743523432,15013.0,298.0,5.546979888997157,0.0003905616661844154,16bf200ced324f8fddff8df604986b023049b2b915005d5e53e329ff74fdae52,0.022523361646557893,0.06432838566704634,0.40261423302251836,8.324217048993887e-08,0.2852591595268308,0.04166666666666663
constant,constant,direct,unet,27,constant_test_0002,205.77449124508615,15013.0,298.0,5.546979888997157,0.0003905616661844154,16bf200ced324f8fddff8df604986b023049b2b915005d5e53e329ff74fdae52,0.02026275988444606,0.05674493178948816,0.3476353784059172,7.135907509336903e-08,0.24245822376775802,0.0
constant,constant,direct,unet,27,constant_test_0003,356.31307787809095,15013.0,298.0,5.546979888997157,0.0003905616661844154,16bf200ced324f8fddff8df604986b023049b2b915005d5e53e329ff74fdae52,0.03456703774973916,0.08555746140581026,0.4786834813543659,7.799054202450861e-08,0.33685651709986064,0.04166666666666674
constant,constant,direct,unet,27,constant_test_0004,364.9641357923895,15013.0,298.0,5.546979888997157,0.0003905616661844154,16bf200ced324f8fddff8df604986b023049b2b915005d5e53e329ff74fdae52,0.038201345528135214,0.08954972371901897,0.48704574054897765,7.234402943367968e-08,0.34221385734259147,0.04166666666666674
constant,constant,direct,unet,27,constant_test_0005,326.11288015095056,15013.0,298.0,5.546979888997157,0.0003905616661844154,16bf200ced324f8fddff8df604986b023049b2b915005d5e53e329ff74fdae52,0.025656073934834673,0.07455479275083558,0.44964443376251534,8.529809747415129e-08,0.31783557836608345,0.0
constant,diverse,direct,unet,27,diverse_test_0000,378.39963682209583,15013.0,298.0,5.546979888997157,0.0003858813324768562,16bf200ced324f8fddff8df604986b023049b2b915005d5e53e329ff74fdae52,0.20136683957527554,0.24512583385341835,0.4356270204516453,9.632667286041396e-08,0.21140064495291297,0.0
constant,diverse,direct,unet,27,diverse_test_0001,275.5175743523432,15013.0,298.0,5.546979888997157,0.0003858813324768562,16bf200ced324f8fddff8df604986b023049b2b915005d5e53e329ff74fdae52,0.1815456523418107,0.21354815841189062,0.44621986506129835,9.77456906525731e-08,0.26818791433589007,0.0
constant,diverse,direct,unet,27,diverse_test_0002,205.77449124508615,15013.0,298.0,5.546979888997157,0.0003858813324768562,16bf200ced324f8fddff8df604986b023049b2b915005d5e53e329ff74fdae52,0.17937447345375074,0.18076607946956,0.3410222432804344,8.21820904661763e-08,0.11530564009534179,0.0
constant,diverse,direct,unet,27,diverse_test_0003,356.31307787809095,15013.0,298.0,5.546979888997157,0.0003858813324768562,16bf200ced324f8fddff8df604986b023049b2b915005d5e53e329ff74fdae52,0.25447960168668227,0.2454455850629909,0.518842700038454,8.849356447626633e-08,0.18719235689409122,0.0
constant,diverse,direct,unet,27,diverse_test_0004,364.9641357923895,15013.0,298.0,5.546979888997157,0.0003858813324768562,16bf200ced324f8fddff8df604986b023049b2b915005d5e53e329ff74fdae52,0.8142707898140347,0.7755736841590268,0.7007505236629397,8.471363344142446e-08,0.37495626541649846,0.0
constant,diverse,direct,unet,27,diverse_test_0005,326.11288015095056,15013.0,298.0,5.546979888997157,0.0003858813324768562,16bf200ced324f8fddff8df604986b023049b2b915005d5e53e329ff74fdae52,0.37550275649522896,0.36922745772585014,0.4846096811678767,9.207590778714803e-08,0.26738670681309884,0.0
constant,ood_shape,direct,unet,27,ood_shape_0000,322.0476102060863,15013.0,298.0,5.546979888997157,0.0003817818336149988,16bf200ced324f8fddff8df604986b023049b2b915005d5e53e329ff74fdae52,0.39255469507739926,0.4174906233472814,0.49818095836976595,9.5856357518187e-08,0.2675676536139629,0.058925565098878904
constant,ood_shape,direct,unet,27,ood_shape_0001,236.44026808360903,15013.0,298.0,5.546979888997157,0.0003817818336149988,16bf200ced324f8fddff8df604986b023049b2b915005d5e53e329ff74fdae52,1.3184822970408263,1.0951145136399745,0.7858691743559661,1.0023358498756352e-07,0.4092705610305753,0.18633899812498256
constant,ood_shape,direct,unet,27,ood_shape_0002,180.95100059158364,15013.0,298.0,5.546979888997157,0.0003817818336149988,16bf200ced324f8fddff8df604986b023049b2b915005d5e53e329ff74fdae52,0.6199595074845351,0.6349136068501682,0.7761070146331933,1.07375363711526e-07,0.366972141756751,0.04166666666666663
constant,ood_shape,direct,unet,27,ood_shape_0003,208.6074759394159,15013.0,298.0,5.546979888997157,0.0003817818336149988,16bf200ced324f8fddff8df604986b023049b2b915005d5e53e329ff74fdae52,0.7994602690757346,0.72177177218265,0.6027753597351767,9.355708385783146e-08,0.32587794872788145,0.1317615691736825
constant,ood_shape,direct,unet,27,ood_shape_0004,374.64532673286527,15013.0,298.0,5.546979888997157,0.0003817818336149988,16bf200ced324f8fddff8df604986b023049b2b915005d5e53e329ff74fdae52,1.1600334329462785,1.0969045256598344,0.8538747649728745,1.025387845743353e-07,0.3890160526748975,0.0
constant,ood_shape,direct,unet,27,ood_shape_0005,145.49153445980784,15013.0,298.0,5.546979888997157,0.0003817818336149988,16bf200ced324f8fddff8df604986b023049b2b915005d5e53e329ff74fdae52,0.3278458929615912,0.40275600484230323,0.6652281380040134,1.0556513529991207e-07,0.3647278905105237,0.04166666666666663
constant,ood_re,direct,unet,27,ood_re_0000,566.4474875225259,15013.0,298.0,5.546979888997157,0.00037867383313520503,16bf200ced324f8fddff8df604986b023049b2b915005d5e53e329ff74fdae52,0.1941282481651963,0.2506380882166567,0.5719534940160701,8.167329212938057e-08,0.3976481656672592,0.04166666666666674
constant,ood_re,direct,unet,27,ood_re_0001,490.14181715065223,15013.0,298.0,5.546979888997157,0.00037867383313520503,16bf200ced324f8fddff8df604986b023049b2b915005d5e53e329ff74fdae52,0.14303513257418016,0.1870489780644643,0.5374495247791709,8.256261452288527e-08,0.3640174832322012,0.04166666666666674
constant,ood_re,direct,unet,27,ood_re_0002,533.202596381457,15013.0,298.0,5.546979888997157,0.00037867383313520503,16bf200ced324f8fddff8df604986b023049b2b915005d5e53e329ff74fdae52,0.24324394925498888,0.2751622076363345,0.5867950255122555,7.245895261576152e-08,0.30790588336782826,0.04166666666666674
constant,ood_re,direct,unet,27,ood_re_0003,592.5167238454294,15013.0,298.0,5.546979888997157,0.00037867383313520503,16bf200ced324f8fddff8df604986b023049b2b915005d5e53e329ff74fdae52,0.7195426586452704,0.6569546939751091,0.6764060762149181,9.13368793931113e-08,0.1940514144826616,0.05892556509887899
constant,ood_re,direct,unet,27,ood_re_0004,489.1490754145391,15013.0,298.0,5.546979888997157,0.00037867383313520503,16bf200ced324f8fddff8df604986b023049b2b915005d5e53e329ff74fdae52,0.28724182144689914,0.30552508139018936,0.5043376945842075,7.505996535428494e-08,0.17291032543834742,0.04166666666666674
constant,ood_re,direct,unet,27,ood_re_0005,561.89866888648,15013.0,298.0,5.546979888997157,0.00037867383313520503,16bf200ced324f8fddff8df604986b023049b2b915005d5e53e329ff74fdae52,0.23648298608735674,0.2870328481035254,0.5371016135221631,8.602418688496982e-08,0.3470666903543545,0.04166666666666674
constant,constant,direct,fno,27,constant_test_0000,378.39963682209583,12721.0,300.0,8.309365836001234,0.0009533914999337867,b42719a3a596ce172e055ed605feae7c6a7b804fa342547af4649249a014c136,0.049481107020045434,0.10107742684795809,0.4730318422677013,8.185853772602059e-08,0.3131468954325591,0.04166666666666674
constant,constant,direct,fno,27,constant_test_0001,275.5175743523432,12721.0,300.0,8.309365836001234,0.0009533914999337867,b42719a3a596ce172e055ed605feae7c6a7b804fa342547af4649249a014c136,0.021860453108749362,0.06432879131911692,0.3701123120952262,7.716843697380682e-08,0.2641458908597233,0.0
constant,constant,direct,fno,27,constant_test_0002,205.77449124508615,12721.0,300.0,8.309365836001234,0.0009533914999337867,b42719a3a596ce172e055ed605feae7c6a7b804fa342547af4649249a014c136,0.01578292614108454,0.049654344095726125,0.31836398634107727,8.267705453590679e-08,0.2390789375938367,0.0
constant,constant,direct,fno,27,constant_test_0003,356.31307787809095,12721.0,300.0,8.309365836001234,0.0009533914999337867,b42719a3a596ce172e055ed605feae7c6a7b804fa342547af4649249a014c136,0.03911543557759434,0.09105521823546522,0.45041180831260763,8.157015685128499e-08,0.30169319921372706,0.04166666666666674
constant,constant,direct,fno,27,constant_test_0004,364.9641357923895,12721.0,300.0,8.309365836001234,0.0009533914999337867,b42719a3a596ce172e055ed605feae7c6a7b804fa342547af4649249a014c136,0.042872562530117946,0.09478740395746259,0.45928376615299077,6.688966891488235e-08,0.30612927490008535,0.04166666666666674
constant,constant,direct,fno,27,constant_test_0005,326.11288015095056,12721.0,300.0,8.309365836001234,0.0009533914999337867,b42719a3a596ce172e055ed605feae7c6a7b804fa342547af4649249a014c136,0.029157945934632168,0.07967306967445541,0.41954350091383513,8.87497719759267e-08,0.28677591638296784,0.0
constant,diverse,direct,fno,27,diverse_test_0000,378.39963682209583,12721.0,300.0,8.309365836001234,0.0005981629995706802,b42719a3a596ce172e055ed605feae7c6a7b804fa342547af4649249a014c136,0.12999410847914306,0.173946582316578,0.37687812099508283,7.337182950095666e-08,0.1707464405217618,0.04166666666666674
constant,diverse,direct,fno,27,diverse_test_0001,275.5175743523432,12721.0,300.0,8.309365836001234,0.0005981629995706802,b42719a3a596ce172e055ed605feae7c6a7b804fa342547af4649249a014c136,0.08797979687949219,0.11501846181593742,0.380134806141259,7.879145158540268e-08,0.21908991871452993,0.04166666666666663
constant,diverse,direct,fno,27,diverse_test_0002,205.77449124508615,12721.0,300.0,8.309365836001234,0.0005981629995706802,b42719a3a596ce172e055ed605feae7c6a7b804fa342547af4649249a014c136,0.16434301303684995,0.17735461940066047,0.3165347884020709,7.359314224686386e-08,0.11817265059951283,0.0
constant,diverse,direct,fno,27,diverse_test_0003,356.31307787809095,12721.0,300.0,8.309365836001234,0.0005981629995706802,b42719a3a596ce172e055ed605feae7c6a7b804fa342547af4649249a014c136,0.24013206619347444,0.2387442828921377,0.489622677072277,8.190905020910577e-08,0.18092342275321005,0.0
constant,diverse,direct,fno,27,diverse_test_0004,364.9641357923895,12721.0,300.0,8.309365836001234,0.0005981629995706802,b42719a3a596ce172e055ed605feae7c6a7b804fa342547af4649249a014c136,0.5714389545181218,0.5645111715335523,0.5881440875704381,8.488701297437728e-08,0.25356521391076753,0.04166666666666663
constant,diverse,direct,fno,27,diverse_test_0005,326.11288015095056,12721.0,300.0,8.309365836001234,0.0005981629995706802,b42719a3a596ce172e055ed605feae7c6a7b804fa342547af4649249a014c136,0.26630838734111983,0.26911427808707855,0.4220009876112163,8.228722947478673e-08,0.20777569941647786,0.04166666666666663
constant,ood_shape,direct,fno,27,ood_shape_0000,322.0476102060863,12721.0,300.0,8.309365836001234,0.0005935694995666078,b42719a3a596ce172e055ed605feae7c6a7b804fa342547af4649249a014c136,0.23225102124759311,0.24574292695713046,0.3997507363871657,7.6590708886215e-08,0.18886930394780363,0.0
constant,ood_shape,direct,fno,27,ood_shape_0001,236.44026808360903,12721.0,300.0,8.309365836001234,0.0005935694995666078,b42719a3a596ce172e055ed605feae7c6a7b804fa342547af4649249a014c136,1.1221187152548053,0.9558880529737527,0.6912574508625459,1.0687266183140309e-07,0.2624124108943197,0.15023130314433292
constant,ood_shape,direct,fno,27,ood_shape_0002,180.95100059158364,12721.0,300.0,8.309365836001234,0.0005935694995666078,b42719a3a596ce172e055ed605feae7c6a7b804fa342547af4649249a014c136,0.42805999129036865,0.4544313563755172,0.6515033788180108,8.914321369957179e-08,0.27063746380988435,0.04166666666666674
constant,ood_shape,direct,fno,27,ood_shape_0003,208.6074759394159,12721.0,300.0,8.309365836001234,0.0005935694995666078,b42719a3a596ce172e055ed605feae7c6a7b804fa342547af4649249a014c136,0.6378298899114218,0.588600387053267,0.516294391403989,8.464554923648393e-08,0.2095253628648879,0.0931694990624912
constant,ood_shape,direct,fno,27,ood_shape_0004,374.64532673286527,12721.0,300.0,8.309365836001234,0.0005935694995666078,b42719a3a596ce172e055ed605feae7c6a7b804fa342547af4649249a014c136,0.8155320625919877,0.8039164432661022,0.7127317109174245,8.310467336514193e-08,0.24322402811616642,0.058925565098878904
constant,ood_shape,direct,fno,27,ood_shape_0005,145.49153445980784,12721.0,300.0,8.309365836001234,0.0005935694995666078,b42719a3a596ce172e055ed605feae7c6a7b804fa342547af4649249a014c136,0.172062222056908,0.26328613985937427,0.6094917177071116,7.374808319582371e-08,0.30862130633469514,0.04166666666666674
constant,ood_re,direct,fno,27,ood_re_0000,566.4474875225259,12721.0,300.0,8.309365836001234,0.0006595719993735353,b42719a3a596ce172e055ed605feae7c6a7b804fa342547af4649249a014c136,0.165957113767841,0.2001129039914571,0.5509064916258497,7.436361215695797e-08,0.36099985329392603,0.04166666666666663
constant,ood_re,direct,fno,27,ood_re_0001,490.14181715065223,12721.0,300.0,8.309365836001234,0.0006595719993735353,b42719a3a596ce172e055ed605feae7c6a7b804fa342547af4649249a014c136,0.10192680822487059,0.14565152013181967,0.5109702456389437,7.123703937850223e-08,0.3220520724845986,0.04166666666666663
constant,ood_re,direct,fno,27,ood_re_0002,533.202596381457,12721.0,300.0,8.309365836001234,0.0006595719993735353,b42719a3a596ce172e055ed605feae7c6a7b804fa342547af4649249a014c136,0.21866942087613547,0.2314390635910924,0.5644998474997384,7.643085098152369e-08,0.292662458699949,0.04166666666666663
constant,ood_re,direct,fno,27,ood_re_0003,592.5167238454294,12721.0,300.0,8.309365836001234,0.0006595719993735353,b42719a3a596ce172e055ed605feae7c6a7b804fa342547af4649249a014c136,0.6220794737815055,0.5678141569624908,0.6282614698238832,6.981881739420714e-08,0.18145175263853008,0.0931694990624912
constant,ood_re,direct,fno,27,ood_re_0004,489.1490754145391,12721.0,300.0,8.309365836001234,0.0006595719993735353,b42719a3a596ce172e055ed605feae7c6a7b804fa342547af4649249a014c136,0.22840658486998586,0.23930990865515608,0.4729434390681287,7.171757232526943e-08,0.1619036982202662,0.04166666666666663
constant,ood_re,direct,fno,27,ood_re_0005,561.89866888648,12721.0,300.0,8.309365836001234,0.0006595719993735353,b42719a3a596ce172e055ed605feae7c6a7b804fa342547af4649249a014c136,0.12568858196539182,0.16903374093139684,0.4973562476189769,6.811711017462585e-08,0.30370913761800433,0.04166666666666663
constant,constant,direct,fno_physics,27,constant_test_0000,378.39963682209583,12721.0,300.0,7.856496458996844,0.0006766324998655667,20a938c65067c4f9299cd184cd22a4f16b2ba08c6630ec64566a33253312dcf0,0.06636544873214521,0.1595275962543747,0.7564030587788008,7.854698225173706e-08,0.09992165832680759,0.04166666666666663
constant,constant,direct,fno_physics,27,constant_test_0001,275.5175743523432,12721.0,300.0,7.856496458996844,0.0006766324998655667,20a938c65067c4f9299cd184cd22a4f16b2ba08c6630ec64566a33253312dcf0,0.04532612991802707,0.12103294684832737,0.6219284417014899,8.1077288882625e-08,0.07187137493390436,0.0
constant,constant,direct,fno_physics,27,constant_test_0002,205.77449124508615,12721.0,300.0,7.856496458996844,0.0006766324998655667,20a938c65067c4f9299cd184cd22a4f16b2ba08c6630ec64566a33253312dcf0,0.034326832038333095,0.09559068114362555,0.5198590067556742,8.912137161587452e-08,0.06204258344784925,0.0
constant,constant,direct,fno_physics,27,constant_test_0003,356.31307787809095,12721.0,300.0,7.856496458996844,0.0006766324998655667,20a938c65067c4f9299cd184cd22a4f16b2ba08c6630ec64566a33253312dcf0,0.05872918054778802,0.14995779749246954,0.7297814296398591,7.90995358102009e-08,0.09284219110469007,0.04166666666666674
constant,constant,direct,fno_physics,27,constant_test_0004,364.9641357923895,12721.0,300.0,7.856496458996844,0.0006766324998655667,20a938c65067c4f9299cd184cd22a4f16b2ba08c6630ec64566a33253312dcf0,0.061431344174960496,0.1535663534851642,0.7403652745459939,7.740956675661437e-08,0.09555912548495021,0.04166666666666663
constant,constant,direct,fno_physics,27,constant_test_0005,326.11288015095056,12721.0,300.0,7.856496458996844,0.0006766324998655667,20a938c65067c4f9299cd184cd22a4f16b2ba08c6630ec64566a33253312dcf0,0.05180802004829669,0.13845857216528468,0.6912966236605766,8.41825169572985e-08,0.08399821059172714,0.0
constant,diverse,direct,fno_physics,27,diverse_test_0000,378.39963682209583,12721.0,300.0,7.856496458996844,0.0008477628337762629,20a938c65067c4f9299cd184cd22a4f16b2ba08c6630ec64566a33253312dcf0,0.1389412004725865,0.25761112558266486,0.8485649724569151,7.746614727466294e-08,0.1698094721343485,0.09316949906249125
constant,diverse,direct,fno_physics,27,diverse_test_0001,275.5175743523432,12721.0,300.0,7.856496458996844,0.0008477628337762629,20a938c65067c4f9299cd184cd22a4f16b2ba08c6630ec64566a33253312dcf0,0.11718595976047892,0.2036740350080338,0.712862077581194,9.059956340706776e-08,0.11709869351464809,0.04166666666666663
constant,diverse,direct,fno_physics,27,diverse_test_0002,205.77449124508615,12721.0,300.0,7.856496458996844,0.0008477628337762629,20a938c65067c4f9299cd184cd22a4f16b2ba08c6630ec64566a33253312dcf0,0.17585498006800399,0.21819413584854064,0.6142535566221813,8.429658748809743e-08,0.1577591325075559,0.04166666666666674
constant,diverse,direct,fno_physics,27,diverse_test_0003,356.31307787809095,12721.0,300.0,7.856496458996844,0.0008477628337762629,20a938c65067c4f9299cd184cd22a4f16b2ba08c6630ec64566a33253312dcf0,0.2819923775158298,0.3158011935712216,0.8553147609045901,7.391845713300427e-08,0.15197564250615775,0.08333333333333337
constant,diverse,direct,fno_physics,27,diverse_test_0004,364.9641357923895,12721.0,300.0,7.856496458996844,0.0008477628337762629,20a938c65067c4f9299cd184cd22a4f16b2ba08c6630ec64566a33253312dcf0,0.7192403883816383,0.7644266904286002,1.0334492970152798,8.940630635834168e-08,0.30058765538450527,0.04166666666666663
constant,diverse,direct,fno_physics,27,diverse_test_0005,326.11288015095056,12721.0,300.0,7.856496458996844,0.0008477628337762629,20a938c65067c4f9299cd184cd22a4f16b2ba08c6630ec64566a33253312dcf0,0.33171127485014046,0.3892225201607542,0.809446558779139,8.630917136542848e-08,0.18368813513661758,0.05892556509887899
constant,ood_shape,direct,fno_physics,27,ood_shape_0000,322.0476102060863,12721.0,300.0,7.856496458996844,0.0007012428335049966,20a938c65067c4f9299cd184cd22a4f16b2ba08c6630ec64566a33253312dcf0,0.2546517344519933,0.34659758278335784,0.843192734524868,8.655560890247216e-08,0.22357864021962684,0.0
constant,ood_shape,direct,fno_physics,27,ood_shape_0001,236.44026808360903,12721.0,300.0,7.856496458996844,0.0007012428335049966,20a938c65067c4f9299cd184cd22a4f16b2ba08c6630ec64566a33253312dcf0,1.2776214165913815,1.121672046230895,1.1426952529106273,9.451034799212721e-08,0.49219275281032443,0.2243818669639377
constant,ood_shape,direct,fno_physics,27,ood_shape_0002,180.95100059158364,12721.0,300.0,7.856496458996844,0.0007012428335049966,20a938c65067c4f9299cd184cd22a4f16b2ba08c6630ec64566a33253312dcf0,0.4469112057338043,0.5986965958128657,1.183918877215037,9.961934921420834e-08,0.37860293935349587,0.08333333333333326
constant,ood_shape,direct,fno_physics,27,ood_shape_0003,208.6074759394159,12721.0,300.0,7.856496458996844,0.0007012428335049966,20a938c65067c4f9299cd184cd22a4f16b2ba08c6630ec64566a33253312dcf0,0.7373961670996428,0.7342703884648348,0.9190901715265997,8.804720152966183e-08,0.35723145048985105,0.1717960677340692
constant,ood_shape,direct,fno_physics,27,ood_shape_0004,374.64532673286527,12721.0,300.0,7.856496458996844,0.0007012428335049966,20a938c65067c4f9299cd184cd22a4f16b2ba08c6630ec64566a33253312dcf0,0.9700062964607883,1.0228415525142296,1.2313923404093476,9.450780424913319e-08,0.35916672860426185,0.058925565098878904
constant,ood_shape,direct,fno_physics,27,ood_shape_0005,145.49153445980784,12721.0,300.0,7.856496458996844,0.0007012428335049966,20a938c65067c4f9299cd184cd22a4f16b2ba08c6630ec64566a33253312dcf0,0.17852625499476235,0.38204204150788806,0.964847486762541,7.253196088186087e-08,0.31654485961548273,0.1317615691736825
constant,ood_re,direct,fno_physics,27,ood_re_0000,566.4474875225259,12721.0,300.0,7.856496458996844,0.0006019588339161904,20a938c65067c4f9299cd184cd22a4f16b2ba08c6630ec64566a33253312dcf0,0.17228515340675435,0.2609391055817521,0.8928681617314248,6.489958082056546e-08,0.12946082159622224,0.058925565098878904
constant,ood_re,direct,fno_physics,27,ood_re_0001,490.14181715065223,12721.0,300.0,7.856496458996844,0.0006019588339161904,20a938c65067c4f9299cd184cd22a4f16b2ba08c6630ec64566a33253312dcf0,0.10945453960146014,0.21291302860354908,0.856999517657861,6.306365918362644e-08,0.09925486609001867,0.04166666666666663
constant,ood_re,direct,fno_physics,27,ood_re_0002,533.202596381457,12721.0,300.0,7.856496458996844,0.0006019588339161904,20a938c65067c4f9299cd184cd22a4f16b2ba08c6630ec64566a33253312dcf0,0.2353911677742521,0.29377498742049096,0.9201975288923391,7.633713750010429e-08,0.08404524836270386,0.058925565098878904
constant,ood_re,direct,fno_physics,27,ood_re_0003,592.5167238454294,12721.0,300.0,7.856496458996844,0.0006019588339161904,20a938c65067c4f9299cd184cd22a4f16b2ba08c6630ec64566a33253312dcf0,0.7149718268381173,0.6839789163092024,1.1110039934150089,8.025251219123675e-08,0.23137286390864142,0.11785113019775789
constant,ood_re,direct,fno_physics,27,ood_re_0004,489.1490754145391,12721.0,300.0,7.856496458996844,0.0006019588339161904,20a938c65067c4f9299cd184cd22a4f16b2ba08c6630ec64566a33253312dcf0,0.24938510452329588,0.33869893816169977,0.9769231252373987,6.624554060863375e-08,0.1612084252963453,0.09316949906249115
constant,ood_re,direct,fno_physics,27,ood_re_0005,561.89866888648,12721.0,300.0,7.856496458996844,0.0006019588339161904,20a938c65067c4f9299cd184cd22a4f16b2ba08c6630ec64566a33253312dcf0,0.13252608283730896,0.26258493548137696,0.9347126779896057,6.523224271859362e-08,0.120039615724986,0.04166666666666663
constant,constant,stokes_corrected,coordinate_mlp,7,constant_test_0000,378.39963682209583,3457.0,300.0,3.356929012996261,0.00018163099957746454,2d8435593abf6e01b95b2458160b06794728e544fb39ae504156279c3f5b5075,0.14312632173970286,0.3329377247487566,0.7193380957889473,9.976824344448687e-08,0.3496023148968507,0.04166666666666663
constant,constant,stokes_corrected,coordinate_mlp,7,constant_test_0001,275.5175743523432,3457.0,300.0,3.356929012996261,0.00018163099957746454,2d8435593abf6e01b95b2458160b06794728e544fb39ae504156279c3f5b5075,0.12371732745898224,0.2915076929655885,0.6292462100195512,1.0070528588812522e-07,0.32905763319450904,0.05892556509887899
constant,constant,stokes_corrected,coordinate_mlp,7,constant_test_0002,205.77449124508615,3457.0,300.0,3.356929012996261,0.00018163099957746454,2d8435593abf6e01b95b2458160b06794728e544fb39ae504156279c3f5b5075,0.11939942696273093,0.2684776965495035,0.5571305849246019,9.453527383129767e-08,0.3142775288927574,0.04166666666666674
constant,constant,stokes_corrected,coordinate_mlp,7,constant_test_0003,356.31307787809095,3457.0,300.0,3.356929012996261,0.00018163099957746454,2d8435593abf6e01b95b2458160b06794728e544fb39ae504156279c3f5b5075,0.13683609538227162,0.32284768403317404,0.7013544936978644,9.889950547403714e-08,0.3453320907021303,0.04166666666666663
constant,constant,stokes_corrected,coordinate_mlp,7,constant_test_0004,364.9641357923895,3457.0,300.0,3.356929012996261,0.00018163099957746454,2d8435593abf6e01b95b2458160b06794728e544fb39ae504156279c3f5b5075,0.13912497390065726,0.32669993516631557,0.7084808666415519,9.227628083863237e-08,0.34701430751013507,0.04166666666666663
constant,constant,stokes_corrected,coordinate_mlp,7,constant_test_0005,326.11288015095056,3457.0,300.0,3.356929012996261,0.00018163099957746454,2d8435593abf6e01b95b2458160b06794728e544fb39ae504156279c3f5b5075,0.13039490535001175,0.3102703176090964,0.6756144514063034,9.325065519760756e-08,0.3393652967146113,0.05892556509887899
constant,diverse,stokes_corrected,coordinate_mlp,7,diverse_test_0000,378.39963682209583,3457.0,300.0,3.356929012996261,0.00013404799998776676,2d8435593abf6e01b95b2458160b06794728e544fb39ae504156279c3f5b5075,0.35908951288532925,0.5438748875998939,0.7054447307668142,7.566298165784247e-08,0.3482203070693048,0.08333333333333337
constant,diverse,stokes_corrected,coordinate_mlp,7,diverse_test_0001,275.5175743523432,3457.0,300.0,3.356929012996261,0.00013404799998776676,2d8435593abf6e01b95b2458160b06794728e544fb39ae504156279c3f5b5075,0.1775827414741352,0.3230000873220189,0.6303074148659966,7.43550927495562e-08,0.34359264642473536,0.05892556509887899
constant,diverse,stokes_corrected,coordinate_mlp,7,diverse_test_0002,205.77449124508615,3457.0,300.0,3.356929012996261,0.00013404799998776676,2d8435593abf6e01b95b2458160b06794728e544fb39ae504156279c3f5b5075,0.2792229355157732,0.41225843093904835,0.558291972849017,7.82490445772055e-08,0.32450145411681397,0.0931694990624912
constant,diverse,stokes_corrected,coordinate_mlp,7,diverse_test_0003,356.31307787809095,3457.0,300.0,3.356929012996261,0.00013404799998776676,2d8435593abf6e01b95b2458160b06794728e544fb39ae504156279c3f5b5075,0.2661466690571354,0.42196819251161566,0.6948729232552651,7.265978041459675e-08,0.3468244815073367,0.0
constant,diverse,stokes_corrected,coordinate_mlp,7,diverse_test_0004,364.9641357923895,3457.0,300.0,3.356929012996261,0.00013404799998776676,2d8435593abf6e01b95b2458160b06794728e544fb39ae504156279c3f5b5075,0.6919175888669624,0.8999232247800101,0.8567394987615771,6.761126769561088e-08,0.3728314770983364,0.17179606773406914
constant,diverse,stokes_corrected,coordinate_mlp,7,diverse_test_0005,326.11288015095056,3457.0,300.0,3.356929012996261,0.00013404799998776676,2d8435593abf6e01b95b2458160b06794728e544fb39ae504156279c3f5b5075,0.42623536474250406,0.5969817813102707,0.736558833469542,7.912881017091422e-08,0.3630520487530571,0.125
constant,ood_shape,stokes_corrected,coordinate_mlp,7,ood_shape_0000,322.0476102060863,3457.0,300.0,3.356929012996261,0.00017669183337905756,2d8435593abf6e01b95b2458160b06794728e544fb39ae504156279c3f5b5075,0.4266559313458652,0.6187375282624343,0.7330897748709599,6.693920795441954e-08,0.34074471398237866,0.125
constant,ood_shape,stokes_corrected,coordinate_mlp,7,ood_shape_0001,236.44026808360903,3457.0,300.0,3.356929012996261,0.00017669183337905756,2d8435593abf6e01b95b2458160b06794728e544fb39ae504156279c3f5b5075,0.9519393679671083,1.1157786413822766,0.799796372850098,7.42775867479395e-08,0.3082210723253131,0.3435921354681384
constant,ood_shape,stokes_corrected,coordinate_mlp,7,ood_shape_0002,180.95100059158364,3457.0,300.0,3.356929012996261,0.00017669183337905756,2d8435593abf6e01b95b2458160b06794728e544fb39ae504156279c3f5b5075,0.608820750042057,0.818499290464543,0.7529556282902143,7.103082566572994e-08,0.3257976554477522,0.25
constant,ood_shape,stokes_corrected,coordinate_mlp,7,ood_shape_0003,208.6074759394159,3457.0,300.0,3.356929012996261,0.00017669183337905756,2d8435593abf6e01b95b2458160b06794728e544fb39ae504156279c3f5b5075,0.6748166763336949,0.8536161575591592,0.7146810433852658,7.371024679514449e-08,0.3266741992168972,0.21245914639969937
constant,ood_shape,stokes_corrected,coordinate_mlp,7,ood_shape_0004,374.64532673286527,3457.0,300.0,3.356929012996261,0.00017669183337905756,2d8435593abf6e01b95b2458160b06794728e544fb39ae504156279c3f5b5075,1.035101512876847,1.2760299904995303,0.9483544280406051,6.833499099911933e-08,0.3523963387254614,0.29462782549439476
constant,ood_shape,stokes_corrected,coordinate_mlp,7,ood_shape_0005,145.49153445980784,3457.0,300.0,3.356929012996261,0.00017669183337905756,2d8435593abf6e01b95b2458160b06794728e544fb39ae504156279c3f5b5075,0.34366305489264143,0.4941146956859421,0.5855199455772435,6.86281680373213e-08,0.3293141652656034,0.1717960677340693
constant,ood_re,stokes_corrected,coordinate_mlp,7,ood_re_0000,566.4474875225259,3457.0,300.0,3.356929012996261,0.00013330516594578512,2d8435593abf6e01b95b2458160b06794728e544fb39ae504156279c3f5b5075,0.34292542726258346,0.5628772734654358,0.835157162539319,7.420197789542726e-08,0.3827509539062207,0.05892556509887899
constant,ood_re,stokes_corrected,coordinate_mlp,7,ood_re_0001,490.14181715065223,3457.0,300.0,3.356929012996261,0.00013330516594578512,2d8435593abf6e01b95b2458160b06794728e544fb39ae504156279c3f5b5075,0.24283795540512637,0.4425316887732801,0.7845994083280409,7.905919119366445e-08,0.37560101716435135,0.04166666666666663
constant,ood_re,stokes_corrected,coordinate_mlp,7,ood_re_0002,533.202596381457,3457.0,300.0,3.356929012996261,0.00013330516594578512,2d8435593abf6e01b95b2458160b06794728e544fb39ae504156279c3f5b5075,0.3578949504958056,0.5558471281248121,0.808826744810772,7.775449262226175e-08,0.37447871614741784,0.05892556509887899
constant,ood_re,stokes_corrected,coordinate_mlp,7,ood_re_0003,592.5167238454294,3457.0,300.0,3.356929012996261,0.00013330516594578512,2d8435593abf6e01b95b2458160b06794728e544fb39ae504156279c3f5b5075,0.9003166495432754,1.1384012325952577,0.9521045917016665,7.660127465669575e-08,0.3516304925056085,0.25344843876242573
constant,ood_re,stokes_corrected,coordinate_mlp,7,ood_re_0004,489.1490754145391,3457.0,300.0,3.356929012996261,0.00013330516594578512,2d8435593abf6e01b95b2458160b06794728e544fb39ae504156279c3f5b5075,0.4604490198603421,0.6683047745661287,0.783641306955064,7.392809209250117e-08,0.35495159158455125,0.1317615691736825
constant,ood_re,stokes_corrected,coordinate_mlp,7,ood_re_0005,561.89866888648,3457.0,300.0,3.356929012996261,0.00013330516594578512,2d8435593abf6e01b95b2458160b06794728e544fb39ae504156279c3f5b5075,0.3827958817781021,0.6098256288571251,0.8350440421848151,7.52342614873669e-08,0.3801378613758053,0.0931694990624913
constant,constant,stokes_corrected,pod_deeponet,7,constant_test_0000,378.39963682209583,3655.0,293.0,0.393146998998418,1.832583317688356e-05,36b47336d517b46f07c0d1e654c12274911c62275eb329b45dec071d1446717d,0.03724413312615034,0.04907731622687767,0.054605151951590575,7.785468625343128e-08,0.3189540744532959,0.0
constant,constant,stokes_corrected,pod_deeponet,7,constant_test_0001,275.5175743523432,3655.0,293.0,0.393146998998418,1.832583317688356e-05,36b47336d517b46f07c0d1e654c12274911c62275eb329b45dec071d1446717d,0.008983314290920148,0.014949756471054051,0.019594875287022914,8.48365004912921e-08,0.25759293072625145,0.0
constant,constant,stokes_corrected,pod_deeponet,7,constant_test_0002,205.77449124508615,3655.0,293.0,0.393146998998418,1.832583317688356e-05,36b47336d517b46f07c0d1e654c12274911c62275eb329b45dec071d1446717d,0.010989899047908586,0.01895737280415566,0.025358565960170783,7.596406703669345e-08,0.2148634755890273,0.0
constant,constant,stokes_corrected,pod_deeponet,7,constant_test_0003,356.31307787809095,3655.0,293.0,0.393146998998418,1.832583317688356e-05,36b47336d517b46f07c0d1e654c12274911c62275eb329b45dec071d1446717d,0.023855731581686825,0.03135381157851938,0.03633578109201462,8.432918008338675e-08,0.30613200322152134,0.04166666666666674
constant,constant,stokes_corrected,pod_deeponet,7,constant_test_0004,364.9641357923895,3655.0,293.0,0.393146998998418,1.832583317688356e-05,36b47336d517b46f07c0d1e654c12274911c62275eb329b45dec071d1446717d,0.028850852173316312,0.03800066393840284,0.043270677231174046,8.900062908878681e-08,0.311181312406217,0.04166666666666674
constant,constant,stokes_corrected,pod_deeponet,7,constant_test_0005,326.11288015095056,3655.0,293.0,0.393146998998418,1.832583317688356e-05,36b47336d517b46f07c0d1e654c12274911c62275eb329b45dec071d1446717d,0.009135749845643203,0.01171273909577211,0.015677074714182396,8.278603047529032e-08,0.28825289080092714,0.0
constant,diverse,stokes_corrected,pod_deeponet,7,diverse_test_0000,378.39963682209583,3655.0,293.0,0.393146998998418,1.4253165621388083e-05,36b47336d517b46f07c0d1e654c12274911c62275eb329b45dec071d1446717d,0.13135661839020893,0.25147752189228745,0.5994657455156039,7.58565192882088e-08,0.3355748407138522,0.05892556509887899
constant,diverse,stokes_corrected,pod_deeponet,7,diverse_test_0001,275.5175743523432,3655.0,293.0,0.393146998998418,1.4253165621388083e-05,36b47336d517b46f07c0d1e654c12274911c62275eb329b45dec071d1446717d,0.08081365640047862,0.13034066495056773,0.20328792171152416,6.297900512208798e-08,0.27302949882125405,0.04166666666666663
constant,diverse,stokes_corrected,pod_deeponet,7,diverse_test_0002,205.77449124508615,3655.0,293.0,0.393146998998418,1.4253165621388083e-05,36b47336d517b46f07c0d1e654c12274911c62275eb329b45dec071d1446717d,0.07345754626739531,0.13717731833760943,0.27792694062661943,7.69811805412246e-08,0.21439388971372514,0.0
constant,diverse,stokes_corrected,pod_deeponet,7,diverse_test_0003,356.31307787809095,3655.0,293.0,0.393146998998418,1.4253165621388083e-05,36b47336d517b46f07c0d1e654c12274911c62275eb329b45dec071d1446717d,0.1441974980084977,0.2387849663735169,0.2561506723656497,8.419773678269848e-08,0.29920472883681404,0.0
constant,diverse,stokes_corrected,pod_deeponet,7,diverse_test_0004,364.9641357923895,3655.0,293.0,0.393146998998418,1.4253165621388083e-05,36b47336d517b46f07c0d1e654c12274911c62275eb329b45dec071d1446717d,0.33509375375056466,0.544696366305911,0.5267961988570766,6.567706378746152e-08,0.3356120616586709,0.09316949906249115
constant,diverse,stokes_corrected,pod_deeponet,7,diverse_test_0005,326.11288015095056,3655.0,293.0,0.393146998998418,1.4253165621388083e-05,36b47336d517b46f07c0d1e654c12274911c62275eb329b45dec071d1446717d,0.16352769933363068,0.2626393603451642,0.3211427744151454,7.629348885984655e-08,0.3037914257983578,0.058925565098878904
constant,ood_shape,stokes_corrected,pod_deeponet,7,ood_shape_0000,322.0476102060863,3655.0,293.0,0.393146998998418,1.3743832823820412e-05,36b47336d517b46f07c0d1e654c12274911c62275eb329b45dec071d1446717d,0.18067077727815697,0.3049283879595268,0.5823107480315362,5.8898688592989856e-08,0.3114876445521463,0.04166666666666663
constant,ood_shape,stokes_corrected,pod_deeponet,7,ood_shape_0001,236.44026808360903,3655.0,293.0,0.393146998998418,1.3743832823820412e-05,36b47336d517b46f07c0d1e654c12274911c62275eb329b45dec071d1446717d,0.46504098158533447,0.6673951934903676,0.6802863577601787,7.613994057464879e-08,0.2296043892812446,0.0931694990624913
constant,ood_shape,stokes_corrected,pod_deeponet,7,ood_shape_0002,180.95100059158364,3655.0,293.0,0.393146998998418,1.3743832823820412e-05,36b47336d517b46f07c0d1e654c12274911c62275eb329b45dec071d1446717d,0.20740377440734006,0.39146781337926184,0.7100712909289978,6.007650910078155e-08,0.22810220300363737,0.08333333333333337
constant,ood_shape,stokes_corrected,pod_deeponet,7,ood_shape_0003,208.6074759394159,3655.0,293.0,0.393146998998418,1.3743832823820412e-05,36b47336d517b46f07c0d1e654c12274911c62275eb329b45dec071d1446717d,0.2778171736606943,0.43043305369094753,0.49856188723289535,6.657369766571719e-08,0.2228927080375698,0.04166666666666674
constant,ood_shape,stokes_corrected,pod_deeponet,7,ood_shape_0004,374.64532673286527,3655.0,293.0,0.393146998998418,1.3743832823820412e-05,36b47336d517b46f07c0d1e654c12274911c62275eb329b45dec071d1446717d,0.47604852115259116,0.7805647295731905,0.8447975274894421,5.729669183551778e-08,0.3497791080426264,0.13176156917368245
constant,ood_shape,stokes_corrected,pod_deeponet,7,ood_shape_0005,145.49153445980784,3655.0,293.0,0.393146998998418,1.3743832823820412e-05,36b47336d517b46f07c0d1e654c12274911c62275eb329b45dec071d1446717d,0.1361262995408778,0.2439925976156898,0.49454351499030386,7.14109305022248e-08,0.21141170876199733,0.08333333333333337
constant,ood_re,stokes_corrected,pod_deeponet,7,ood_re_0000,566.4474875225259,3655.0,293.0,0.393146998998418,1.3443499483400956e-05,36b47336d517b46f07c0d1e654c12274911c62275eb329b45dec071d1446717d,0.17228618197924558,0.2613771554221381,0.36408279696222756,9.096119413243287e-08,0.42151845293292267,0.08333333333333337
constant,ood_re,stokes_corrected,pod_deeponet,7,ood_re_0001,490.14181715065223,3655.0,293.0,0.393146998998418,1.3443499483400956e-05,36b47336d517b46f07c0d1e654c12274911c62275eb329b45dec071d1446717d,0.10192669102614349,0.1839235905839815,0.2708584423824654,7.983228300645351e-08,0.38768201268907787,0.04166666666666663
constant,ood_re,stokes_corrected,pod_deeponet,7,ood_re_0002,533.202596381457,3655.0,293.0,0.393146998998418,1.3443499483400956e-05,36b47336d517b46f07c0d1e654c12274911c62275eb329b45dec071d1446717d,0.1881995972637155,0.3045218534982532,0.36329801597365097,8.747412039156188e-08,0.40050229416604044,0.08333333333333337
constant,ood_re,stokes_corrected,pod_deeponet,7,ood_re_0003,592.5167238454294,3655.0,293.0,0.393146998998418,1.3443499483400956e-05,36b47336d517b46f07c0d1e654c12274911c62275eb329b45dec071d1446717d,0.47630124691319714,0.7671304914742656,0.8125352223268213,7.25519981870093e-08,0.42754693635889146,0.125
constant,ood_re,stokes_corrected,pod_deeponet,7,ood_re_0004,489.1490754145391,3655.0,293.0,0.393146998998418,1.3443499483400956e-05,36b47336d517b46f07c0d1e654c12274911c62275eb329b45dec071d1446717d,0.1961393672849182,0.3701529734237479,0.6428314880885523,7.150101311026447e-08,0.38282149375660524,0.08333333333333337
constant,ood_re,stokes_corrected,pod_deeponet,7,ood_re_0005,561.89866888648,3655.0,293.0,0.393146998998418,1.3443499483400956e-05,36b47336d517b46f07c0d1e654c12274911c62275eb329b45dec071d1446717d,0.15682001907379162,0.3182983555401464,0.5705290094227964,7.360810627687897e-08,0.43025826471200307,0.08333333333333337
constant,constant,stokes_corrected,unet,7,constant_test_0000,378.39963682209583,15013.0,298.0,4.5059162080069655,0.0002314039993507322,e1190d51bf21fcfccf1b5b55d71fb061512c09a9446a0cb41d5a13f50bf0ce36,0.01745724099687305,0.04883420882289894,0.3428886957928325,6.496686921764194e-08,0.2945212834093388,0.0
constant,constant,stokes_corrected,unet,7,constant_test_0001,275.5175743523432,15013.0,298.0,4.5059162080069655,0.0002314039993507322,e1190d51bf21fcfccf1b5b55d71fb061512c09a9446a0cb41d5a13f50bf0ce36,0.01172781504414328,0.028588955490272613,0.22285684470213887,8.665517015060686e-08,0.24032187660028614,0.0
constant,constant,stokes_corrected,unet,7,constant_test_0002,205.77449124508615,15013.0,298.0,4.5059162080069655,0.0002314039993507322,e1190d51bf21fcfccf1b5b55d71fb061512c09a9446a0cb41d5a13f50bf0ce36,0.009918044391356632,0.02381103620140309,0.15211904541497231,8.356833092193483e-08,0.20712287603423132,0.0
constant,constant,stokes_corrected,unet,7,constant_test_0003,356.31307787809095,15013.0,298.0,4.5059162080069655,0.0002314039993507322,e1190d51bf21fcfccf1b5b55d71fb061512c09a9446a0cb41d5a13f50bf0ce36,0.014663116902164021,0.04236438122063815,0.31715598825616126,8.275065255247682e-08,0.28262618403687284,0.04166666666666674
constant,constant,stokes_corrected,unet,7,constant_test_0004,364.9641357923895,15013.0,298.0,4.5059162080069655,0.0002314039993507322,e1190d51bf21fcfccf1b5b55d71fb061512c09a9446a0cb41d5a13f50bf0ce36,0.01564835041858009,0.044766244326123285,0.3272745898124344,7.846958283153072e-08,0.2872781635848571,0.0
constant,constant,stokes_corrected,unet,7,constant_test_0005,326.11288015095056,15013.0,298.0,4.5059162080069655,0.0002314039993507322,e1190d51bf21fcfccf1b5b55d71fb061512c09a9446a0cb41d5a13f50bf0ce36,0.01242132199969555,0.035398453414930364,0.28162246228972904,7.507716759391769e-08,0.2665154242540293,0.0
constant,diverse,stokes_corrected,unet,7,diverse_test_0000,378.39963682209583,15013.0,298.0,4.5059162080069655,0.00024281116687537482,e1190d51bf21fcfccf1b5b55d71fb061512c09a9446a0cb41d5a13f50bf0ce36,0.05713785503708345,0.11068125834743262,0.22674244592729687,6.016131237629452e-08,0.2324243199147411,0.04166666666666674
constant,diverse,stokes_corrected,unet,7,diverse_test_0001,275.5175743523432,15013.0,298.0,4.5059162080069655,0.00024281116687537482,e1190d51bf21fcfccf1b5b55d71fb061512c09a9446a0cb41d5a13f50bf0ce36,0.04259971926576733,0.06262609173999928,0.20654169361373798,7.834239568182966e-08,0.211338829475875,0.0
constant,diverse,stokes_corrected,unet,7,diverse_test_0002,205.77449124508615,15013.0,298.0,4.5059162080069655,0.00024281116687537482,e1190d51bf21fcfccf1b5b55d71fb061512c09a9446a0cb41d5a13f50bf0ce36,0.0753770379594079,0.08348721040474806,0.12339766838643931,7.180479144608398e-08,0.13340269275416605,0.0
constant,diverse,stokes_corrected,unet,7,diverse_test_0003,356.31307787809095,15013.0,298.0,4.5059162080069655,0.00024281116687537482,e1190d51bf21fcfccf1b5b55d71fb061512c09a9446a0cb41d5a13f50bf0ce36,0.09747416142026344,0.12089716404786105,0.32766782242733405,7.229493093063866e-08,0.1957740886640954,0.0
constant,diverse,stokes_corrected,unet,7,diverse_test_0004,364.9641357923895,15013.0,298.0,4.5059162080069655,0.00024281116687537482,e1190d51bf21fcfccf1b5b55d71fb061512c09a9446a0cb41d5a13f50bf0ce36,0.19786693048752477,0.2675077514878114,0.37990589024359683,5.63410686993393e-08,0.2096814458548125,0.04166666666666663
constant,diverse,stokes_corrected,unet,7,diverse_test_0005,326.11288015095056,15013.0,298.0,4.5059162080069655,0.00024281116687537482,e1190d51bf21fcfccf1b5b55d71fb061512c09a9446a0cb41d5a13f50bf0ce36,0.09899863407404211,0.1423156033814068,0.27549761659323,7.736075247066765e-08,0.202299763296632,0.04166666666666663
constant,ood_shape,stokes_corrected,unet,7,ood_shape_0000,322.0476102060863,15013.0,298.0,4.5059162080069655,0.00022599766695445092,e1190d51bf21fcfccf1b5b55d71fb061512c09a9446a0cb41d5a13f50bf0ce36,0.08686956657253117,0.14988320760958834,0.25352472257525316,6.505838001658049e-08,0.208370614324358,0.058925565098878904
constant,ood_shape,stokes_corrected,unet,7,ood_shape_0001,236.44026808360903,15013.0,298.0,4.5059162080069655,0.00022599766695445092,e1190d51bf21fcfccf1b5b55d71fb061512c09a9446a0cb41d5a13f50bf0ce36,0.5318782467740537,0.46691917325666116,0.29356903617769803,7.03429137161038e-08,0.08841961527862265,0.09316949906249125
constant,ood_shape,stokes_corrected,unet,7,ood_shape_0002,180.95100059158364,15013.0,298.0,4.5059162080069655,0.00022599766695445092,e1190d51bf21fcfccf1b5b55d71fb061512c09a9446a0cb41d5a13f50bf0ce36,0.17930750170712859,0.22643928521444578,0.28122581410235575,6.930081752898332e-08,0.13137950071613821,0.04166666666666674
constant,ood_shape,stokes_corrected,unet,7,ood_shape_0003,208.6074759394159,15013.0,298.0,4.5059162080069655,0.00022599766695445092,e1190d51bf21fcfccf1b5b55d71fb061512c09a9446a0cb41d5a13f50bf0ce36,0.2824127701414864,0.279747766658791,0.22278344064803532,9.011682067239235e-08,0.10490832567203343,0.04166666666666663
constant,ood_shape,stokes_corrected,unet,7,ood_shape_0004,374.64532673286527,15013.0,298.0,4.5059162080069655,0.00022599766695445092,e1190d51bf21fcfccf1b5b55d71fb061512c09a9446a0cb41d5a13f50bf0ce36,0.24766036790485624,0.31526735732497363,0.4201378987457545,6.285704756692212e-08,0.16927008996456125,0.08333333333333326
constant,ood_shape,stokes_corrected,unet,7,ood_shape_0005,145.49153445980784,15013.0,298.0,4.5059162080069655,0.00022599766695445092,e1190d51bf21fcfccf1b5b55d71fb061512c09a9446a0cb41d5a13f50bf0ce36,0.062037201840870096,0.12689331540468368,0.22340656890575433,7.243384203547976e-08,0.15862705243589834,0.04166666666666674
constant,ood_re,stokes_corrected,unet,7,ood_re_0000,566.4474875225259,15013.0,298.0,4.5059162080069655,0.00022944116669047313,e1190d51bf21fcfccf1b5b55d71fb061512c09a9446a0cb41d5a13f50bf0ce36,0.07177929923913173,0.12968712077306907,0.4575578817655345,6.583162814877141e-08,0.3782319940441176,0.0
constant,ood_re,stokes_corrected,unet,7,ood_re_0001,490.14181715065223,15013.0,298.0,4.5059162080069655,0.00022944116669047313,e1190d51bf21fcfccf1b5b55d71fb061512c09a9446a0cb41d5a13f50bf0ce36,0.05414289177675922,0.08966216063466048,0.39989372578816,6.227351434517914e-08,0.33799352057166215,0.0
constant,ood_re,stokes_corrected,unet,7,ood_re_0002,533.202596381457,15013.0,298.0,4.5059162080069655,0.00022944116669047313,e1190d51bf21fcfccf1b5b55d71fb061512c09a9446a0cb41d5a13f50bf0ce36,0.05506449202710661,0.11866111599730546,0.44899043753378265,6.472347280350732e-08,0.3232576405474704,0.0
constant,ood_re,stokes_corrected,unet,7,ood_re_0003,592.5167238454294,15013.0,298.0,4.5059162080069655,0.00022944116669047313,e1190d51bf21fcfccf1b5b55d71fb061512c09a9446a0cb41d5a13f50bf0ce36,0.10744561042527379,0.218481634533509,0.49344744992673667,6.528969720420719e-08,0.24247203657505678,0.04166666666666663
constant,ood_re,stokes_corrected,unet,7,ood_re_0004,489.1490754145391,15013.0,298.0,4.5059162080069655,0.00022944116669047313,e1190d51bf21fcfccf1b5b55d71fb061512c09a9446a0cb41d5a13f50bf0ce36,0.06663243300932191,0.14008832793020154,0.35727967371166547,6.111420702836767e-08,0.26439193051408255,0.0
constant,ood_re,stokes_corrected,unet,7,ood_re_0005,561.89866888648,15013.0,298.0,4.5059162080069655,0.00022944116669047313,e1190d51bf21fcfccf1b5b55d71fb061512c09a9446a0cb41d5a13f50bf0ce36,0.11467716687505435,0.15267174852473378,0.4035096121006018,5.8424447502147814e-08,0.3553530839515715,0.04166666666666663
constant,constant,stokes_corrected,fno,7,constant_test_0000,378.39963682209583,12721.0,300.0,7.726550015002431,0.0004871799998606245,8aad4911333f6ba8f0cb75cea0833a50092e2b7bc855b873f30d9a5fa8d8c8c6,0.03931548102478863,0.08659327533609347,0.45039019168760186,7.28821234474708e-08,0.29749662494844137,0.04166666666666663
constant,constant,stokes_corrected,fno,7,constant_test_0001,275.5175743523432,12721.0,300.0,7.726550015002431,0.0004871799998606245,8aad4911333f6ba8f0cb75cea0833a50092e2b7bc855b873f30d9a5fa8d8c8c6,0.01413020630591898,0.04301379864990149,0.3080166627335026,7.457975215174883e-08,0.2532164688268561,0.0
constant,constant,stokes_corrected,fno,7,constant_test_0002,205.77449124508615,12721.0,300.0,7.726550015002431,0.0004871799998606245,8aad4911333f6ba8f0cb75cea0833a50092e2b7bc855b873f30d9a5fa8d8c8c6,0.012267196773117436,0.034439203255642335,0.22249460357026418,7.994437822844702e-08,0.2262602996655733,0.0
constant,constant,stokes_corrected,fno,7,constant_test_0003,356.31307787809095,12721.0,300.0,7.726550015002431,0.0004871799998606245,8aad4911333f6ba8f0cb75cea0833a50092e2b7bc855b873f30d9a5fa8d8c8c6,0.02844950690628411,0.07147401958281369,0.419441830414095,7.700175785885222e-08,0.2879115600102396,0.04166666666666674
constant,constant,stokes_corrected,fno,7,constant_test_0004,364.9641357923895,12721.0,300.0,7.726550015002431,0.0004871799998606245,8aad4911333f6ba8f0cb75cea0833a50092e2b7bc855b873f30d9a5fa8d8c8c6,0.032425225421915185,0.07704165089447786,0.4315849787229922,7.719253147797644e-08,0.291675933597996,0.04166666666666663
constant,constant,stokes_corrected,fno,7,constant_test_0005,326.11288015095056,12721.0,300.0,7.726550015002431,0.0004871799998606245,8aad4911333f6ba8f0cb75cea0833a50092e2b7bc855b873f30d9a5fa8d8c8c6,0.017945221431337477,0.05592139958054558,0.3771042306745836,7.347727404294346e-08,0.2747562623710243,0.0
constant,diverse,stokes_corrected,fno,7,diverse_test_0000,378.39963682209583,12721.0,300.0,7.726550015002431,0.000497345167483824,8aad4911333f6ba8f0cb75cea0833a50092e2b7bc855b873f30d9a5fa8d8c8c6,0.10833050577972454,0.2082858243489219,0.3467566538200826,6.584906486750697e-08,0.2503866156543942,0.09316949906249125
constant,diverse,stokes_corrected,fno,7,diverse_test_0001,275.5175743523432,12721.0,300.0,7.726550015002431,0.000497345167483824,8aad4911333f6ba8f0cb75cea0833a50092e2b7bc855b873f30d9a5fa8d8c8c6,0.08567038488091228,0.11511030508846976,0.2926747504865097,5.884539078238049e-08,0.2463124290417415,0.05892556509887899
constant,diverse,stokes_corrected,fno,7,diverse_test_0002,205.77449124508615,12721.0,300.0,7.726550015002431,0.000497345167483824,8aad4911333f6ba8f0cb75cea0833a50092e2b7bc855b873f30d9a5fa8d8c8c6,0.0756623016878872,0.13732336136287576,0.22964604865275218,7.877913787979196e-08,0.18011415719507246,0.0
constant,diverse,stokes_corrected,fno,7,diverse_test_0003,356.31307787809095,12721.0,300.0,7.726550015002431,0.000497345167483824,8aad4911333f6ba8f0cb75cea0833a50092e2b7bc855b873f30d9a5fa8d8c8c6,0.15483346603706086,0.25020249561880326,0.4721696018286849,6.359742599215679e-08,0.258638960678808,0.0
constant,diverse,stokes_corrected,fno,7,diverse_test_0004,364.9641357923895,12721.0,300.0,7.726550015002431,0.000497345167483824,8aad4911333f6ba8f0cb75cea0833a50092e2b7bc855b873f30d9a5fa8d8c8c6,0.36169081329352315,0.5569986677851068,0.6464201544602254,5.2425640717501665e-08,0.27086558708141145,0.13176156917368245
constant,diverse,stokes_corrected,fno,7,diverse_test_0005,326.11288015095056,12721.0,300.0,7.726550015002431,0.000497345167483824,8aad4911333f6ba8f0cb75cea0833a50092e2b7bc855b873f30d9a5fa8d8c8c6,0.17024384769281234,0.27990655602724185,0.44638098742801197,7.451137662428664e-08,0.2531108263303841,0.09316949906249115
constant,ood_shape,stokes_corrected,fno,7,ood_shape_0000,322.0476102060863,12721.0,300.0,7.726550015002431,0.0004864588324077583,8aad4911333f6ba8f0cb75cea0833a50092e2b7bc855b873f30d9a5fa8d8c8c6,0.13860754150799487,0.25301589574692346,0.44385565626578916,7.058994100361815e-08,0.23147120224438938,0.09316949906249115
constant,ood_shape,stokes_corrected,fno,7,ood_shape_0001,236.44026808360903,12721.0,300.0,7.726550015002431,0.0004864588324077583,8aad4911333f6ba8f0cb75cea0833a50092e2b7bc855b873f30d9a5fa8d8c8c6,0.4930633124555478,0.6355161432453225,0.5363219411050052,8.087004488288585e-08,0.15883621007747573,0.05892556509887899
constant,ood_shape,stokes_corrected,fno,7,ood_shape_0002,180.95100059158364,12721.0,300.0,7.726550015002431,0.0004864588324077583,8aad4911333f6ba8f0cb75cea0833a50092e2b7bc855b873f30d9a5fa8d8c8c6,0.14240428407412445,0.33072825513632387,0.538800062548122,5.5349872241095e-08,0.17010498720471073,0.11785113019775798
constant,ood_shape,stokes_corrected,fno,7,ood_shape_0003,208.6074759394159,12721.0,300.0,7.726550015002431,0.0004864588324077583,8aad4911333f6ba8f0cb75cea0833a50092e2b7bc855b873f30d9a5fa8d8c8c6,0.28323436024053,0.41358707882092877,0.40205553312284886,6.400369301218234e-08,0.17747812765572601,0.04166666666666674
constant,ood_shape,stokes_corrected,fno,7,ood_shape_0004,374.64532673286527,12721.0,300.0,7.726550015002431,0.0004864588324077583,8aad4911333f6ba8f0cb75cea0833a50092e2b7bc855b873f30d9a5fa8d8c8c6,0.40985339151497235,0.6229776558939717,0.7151724643063015,5.137438208180356e-08,0.26201640191419023,0.17179606773406914
constant,ood_shape,stokes_corrected,fno,7,ood_shape_0005,145.49153445980784,12721.0,300.0,7.726550015002431,0.0004864588324077583,8aad4911333f6ba8f0cb75cea0833a50092e2b7bc855b873f30d9a5fa8d8c8c6,0.09840409567594499,0.21765870868491088,0.3935235598139126,7.210317676253908e-08,0.17411645646440843,0.04166666666666674
constant,ood_re,stokes_corrected,fno,7,ood_re_0000,566.4474875225259,12721.0,300.0,7.726550015002431,0.0004711458338230538,8aad4911333f6ba8f0cb75cea0833a50092e2b7bc855b873f30d9a5fa8d8c8c6,0.14792085829808999,0.24207602105912887,0.5966740617472038,7.068535268217602e-08,0.3425074603943469,0.08333333333333337
constant,ood_re,stokes_corrected,fno,7,ood_re_0001,490.14181715065223,12721.0,300.0,7.726550015002431,0.0004711458338230538,8aad4911333f6ba8f0cb75cea0833a50092e2b7bc855b873f30d9a5fa8d8c8c6,0.08427641926915379,0.16354800530022445,0.5257776408672252,6.026163390515649e-08,0.3274410692453388,0.058925565098878904
constant,ood_re,stokes_corrected,fno,7,ood_re_0002,533.202596381457,12721.0,300.0,7.726550015002431,0.0004711458338230538,8aad4911333f6ba8f0cb75cea0833a50092e2b7bc855b873f30d9a5fa8d8c8c6,0.17605072200783436,0.2876357381961393,0.5946918299995668,6.8132770536522e-08,0.32740549571669875,0.04166666666666663
constant,ood_re,stokes_corrected,fno,7,ood_re_0003,592.5167238454294,12721.0,300.0,7.726550015002431,0.0004711458338230538,8aad4911333f6ba8f0cb75cea0833a50092e2b7bc855b873f30d9a5fa8d8c8c6,0.48700223858340735,0.6927470231603293,0.7412301726300699,7.191346895751849e-08,0.30206138572289426,0.08333333333333326
constant,ood_re,stokes_corrected,fno,7,ood_re_0004,489.1490754145391,12721.0,300.0,7.726550015002431,0.0004711458338230538,8aad4911333f6ba8f0cb75cea0833a50092e2b7bc855b873f30d9a5fa8d8c8c6,0.1702246706086715,0.3195666820306947,0.5198764223299399,6.518482820183635e-08,0.28786889535528715,0.058925565098878904
constant,ood_re,stokes_corrected,fno,7,ood_re_0005,561.89866888648,12721.0,300.0,7.726550015002431,0.0004711458338230538,8aad4911333f6ba8f0cb75cea0833a50092e2b7bc855b873f30d9a5fa8d8c8c6,0.12725305698443642,0.23252006142579426,0.5263437743842307,6.320623668898406e-08,0.3355535229399779,0.09316949906249125
constant,constant,stokes_corrected,fno_physics,7,constant_test_0000,378.39963682209583,12721.0,300.0,8.60963473499578,0.0005674869995952273,f8f3be9dfc3f6f3244b2eaf2e4e93427a1f25a084122d7879c4ed6682cd929b0,0.05636963556303956,0.14344072888505596,0.8740442107081731,7.845417826501944e-08,0.06610343694650435,0.0
constant,constant,stokes_corrected,fno_physics,7,constant_test_0001,275.5175743523432,12721.0,300.0,8.60963473499578,0.0005674869995952273,f8f3be9dfc3f6f3244b2eaf2e4e93427a1f25a084122d7879c4ed6682cd929b0,0.041604869499666686,0.11358441066092255,0.6860110926075607,1.0079271106633314e-07,0.04470367819653261,0.0
constant,constant,stokes_corrected,fno_physics,7,constant_test_0002,205.77449124508615,12721.0,300.0,8.60963473499578,0.0005674869995952273,f8f3be9dfc3f6f3244b2eaf2e4e93427a1f25a084122d7879c4ed6682cd929b0,0.035125348996604744,0.09567898206545634,0.5440442287640228,9.360756081377986e-08,0.0436962421311237,0.0
constant,constant,stokes_corrected,fno_physics,7,constant_test_0003,356.31307787809095,12721.0,300.0,8.60963473499578,0.0005674869995952273,f8f3be9dfc3f6f3244b2eaf2e4e93427a1f25a084122d7879c4ed6682cd929b0,0.049919190389111294,0.13450396203067813,0.8368662351248716,8.241825355526089e-08,0.059280890330842835,0.0
constant,constant,stokes_corrected,fno_physics,7,constant_test_0004,364.9641357923895,12721.0,300.0,8.60963473499578,0.0005674869995952273,f8f3be9dfc3f6f3244b2eaf2e4e93427a1f25a084122d7879c4ed6682cd929b0,0.05215217212123665,0.1377726739979121,0.8516687840609334,7.66546079944419e-08,0.06182161925068347,0.0
constant,constant,stokes_corrected,fno_physics,7,constant_test_0005,326.11288015095056,12721.0,300.0,8.60963473499578,0.0005674869995952273,f8f3be9dfc3f6f3244b2eaf2e4e93427a1f25a084122d7879c4ed6682cd929b0,0.044749613119689155,0.12509493916740244,0.7829349489019499,8.157682884757378e-08,0.05185153489425256,0.0
constant,diverse,stokes_corrected,fno_physics,7,diverse_test_0000,378.39963682209583,12721.0,300.0,8.60963473499578,0.0005651618339470588,f8f3be9dfc3f6f3244b2eaf2e4e93427a1f25a084122d7879c4ed6682cd929b0,0.11322886667983051,0.22767951319159987,0.6779207341885011,6.320818357608005e-08,0.06494989400412289,0.125
constant,diverse,stokes_corrected,fno_physics,7,diverse_test_0001,275.5175743523432,12721.0,300.0,8.60963473499578,0.0005651618339470588,f8f3be9dfc3f6f3244b2eaf2e4e93427a1f25a084122d7879c4ed6682cd929b0,0.08868325059478388,0.16681558384077108,0.6931174877916725,6.041165079295752e-08,0.04432764238712067,0.0931694990624912
constant,diverse,stokes_corrected,fno_physics,7,diverse_test_0002,205.77449124508615,12721.0,300.0,8.60963473499578,0.0005651618339470588,f8f3be9dfc3f6f3244b2eaf2e4e93427a1f25a084122d7879c4ed6682cd929b0,0.07608633614425239,0.15711500753327018,0.44211574834188494,6.788394557588617e-08,0.0391507313165882,0.058925565098879064
constant,diverse,stokes_corrected,fno_physics,7,diverse_test_0003,356.31307787809095,12721.0,300.0,8.60963473499578,0.0005651618339470588,f8f3be9dfc3f6f3244b2eaf2e4e93427a1f25a084122d7879c4ed6682cd929b0,0.13686897914606572,0.27542011548598627,0.8198334401987483,6.400761520808373e-08,0.07818666918319585,0.04166666666666663
constant,diverse,stokes_corrected,fno_physics,7,diverse_test_0004,364.9641357923895,12721.0,300.0,8.60963473499578,0.0005651618339470588,f8f3be9dfc3f6f3244b2eaf2e4e93427a1f25a084122d7879c4ed6682cd929b0,0.3229344165274193,0.5828724015839329,1.1342332096052534,6.135649499583451e-08,0.06784037957395703,0.09316949906249115
constant,diverse,stokes_corrected,fno_physics,7,diverse_test_0005,326.11288015095056,12721.0,300.0,8.60963473499578,0.0005651618339470588,f8f3be9dfc3f6f3244b2eaf2e4e93427a1f25a084122d7879c4ed6682cd929b0,0.14739520637880874,0.29714766848999125,0.8799810343266495,5.504571731762553e-08,0.05585059966169742,0.058925565098878904
constant,ood_shape,stokes_corrected,fno_physics,7,ood_shape_0000,322.0476102060863,12721.0,300.0,8.60963473499578,0.000629421666720494,f8f3be9dfc3f6f3244b2eaf2e4e93427a1f25a084122d7879c4ed6682cd929b0,0.14558479195063406,0.3192413119614317,0.8264246627276455,6.397719687356584e-08,0.057437375750758676,0.058925565098878904
constant,ood_shape,stokes_corrected,fno_physics,7,ood_shape_0001,236.44026808360903,12721.0,300.0,8.60963473499578,0.000629421666720494,f8f3be9dfc3f6f3244b2eaf2e4e93427a1f25a084122d7879c4ed6682cd929b0,0.4384270754847012,0.6228586940562886,0.7182749090108543,8.556751396326945e-08,0.05980104900534529,0.08333333333333337
constant,ood_shape,stokes_corrected,fno_physics,7,ood_shape_0002,180.95100059158364,12721.0,300.0,8.60963473499578,0.000629421666720494,f8f3be9dfc3f6f3244b2eaf2e4e93427a1f25a084122d7879c4ed6682cd929b0,0.1304647354499746,0.33389947548294296,0.643907903808321,5.373374634132233e-08,0.06282981355110662,0.15023130314433292
constant,ood_shape,stokes_corrected,fno_physics,7,ood_shape_0003,208.6074759394159,12721.0,300.0,8.60963473499578,0.000629421666720494,f8f3be9dfc3f6f3244b2eaf2e4e93427a1f25a084122d7879c4ed6682cd929b0,0.24383087319989213,0.3928833159296588,0.653402412337709,6.31680379115096e-08,0.050858083236709865,0.0
constant,ood_shape,stokes_corrected,fno_physics,7,ood_shape_0004,374.64532673286527,12721.0,300.0,8.60963473499578,0.000629421666720494,f8f3be9dfc3f6f3244b2eaf2e4e93427a1f25a084122d7879c4ed6682cd929b0,0.3683853147228783,0.6788422287125099,1.1161458697956295,5.7360526994898464e-08,0.08211811699494176,0.16666666666666663
constant,ood_shape,stokes_corrected,fno_physics,7,ood_shape_0005,145.49153445980784,12721.0,300.0,8.60963473499578,0.000629421666720494,f8f3be9dfc3f6f3244b2eaf2e4e93427a1f25a084122d7879c4ed6682cd929b0,0.10347031566423803,0.2394280455558319,0.5902974486156339,6.784168959939052e-08,0.0891057357758265,0.11785113019775798
constant,ood_re,stokes_corrected,fno_physics,7,ood_re_0000,566.4474875225259,12721.0,300.0,8.60963473499578,0.000737053332462286,f8f3be9dfc3f6f3244b2eaf2e4e93427a1f25a084122d7879c4ed6682cd929b0,0.13909331535258768,0.25613415513368576,1.0399339017500497,6.56565717349622e-08,0.14892356676635238,0.04166666666666663
constant,ood_re,stokes_corrected,fno_physics,7,ood_re_0001,490.14181715065223,12721.0,300.0,8.60963473499578,0.000737053332462286,f8f3be9dfc3f6f3244b2eaf2e4e93427a1f25a084122d7879c4ed6682cd929b0,0.08417547677809156,0.19732466868539406,0.9849480649468267,7.28965190432973e-08,0.10691640879065928,0.04166666666666663
constant,ood_re,stokes_corrected,fno_physics,7,ood_re_0002,533.202596381457,12721.0,300.0,8.60963473499578,0.000737053332462286,f8f3be9dfc3f6f3244b2eaf2e4e93427a1f25a084122d7879c4ed6682cd929b0,0.1395349068818322,0.25839734396417136,0.9773581393873543,5.79916452636553e-08,0.14488619658894086,0.058925565098878904
constant,ood_re,stokes_corrected,fno_physics,7,ood_re_0003,592.5167238454294,12721.0,300.0,8.60963473499578,0.000737053332462286,f8f3be9dfc3f6f3244b2eaf2e4e93427a1f25a084122d7879c4ed6682cd929b0,0.34504340240957926,0.5751086187698009,1.0636291974142134,6.536740215778991e-08,0.18221103540166,0.0
constant,ood_re,stokes_corrected,fno_physics,7,ood_re_0004,489.1490754145391,12721.0,300.0,8.60963473499578,0.000737053332462286,f8f3be9dfc3f6f3244b2eaf2e4e93427a1f25a084122d7879c4ed6682cd929b0,0.14038855818524318,0.3203453319923431,0.8439793313520936,6.935337637514749e-08,0.12818511181921285,0.04166666666666663
constant,ood_re,stokes_corrected,fno_physics,7,ood_re_0005,561.89866888648,12721.0,300.0,8.60963473499578,0.000737053332462286,f8f3be9dfc3f6f3244b2eaf2e4e93427a1f25a084122d7879c4ed6682cd929b0,0.11565493291468448,0.26375598277524104,0.99759348662524,5.332194419338521e-08,0.1387155636718798,0.09316949906249125
constant,constant,stokes_corrected,coordinate_mlp,17,constant_test_0000,378.39963682209583,3457.0,300.0,3.3357746680048876,0.0001843116660893429,3848c85afd3fc6024a1763477d7fbc14fbdc5b03c5ca14b9bd4cbba26efd9ad1,0.15088705846830722,0.3571987600421438,0.7221401761331216,9.772718811973391e-08,0.27340656615038267,0.0
constant,constant,stokes_corrected,coordinate_mlp,17,constant_test_0001,275.5175743523432,3457.0,300.0,3.3357746680048876,0.0001843116660893429,3848c85afd3fc6024a1763477d7fbc14fbdc5b03c5ca14b9bd4cbba26efd9ad1,0.13094569041088197,0.3087934539812432,0.6232662884863115,9.119376898070186e-08,0.2657682432608823,0.05892556509887899
constant,constant,stokes_corrected,coordinate_mlp,17,constant_test_0002,205.77449124508615,3457.0,300.0,3.3357746680048876,0.0001843116660893429,3848c85afd3fc6024a1763477d7fbc14fbdc5b03c5ca14b9bd4cbba26efd9ad1,0.12402993718739008,0.27979968207220235,0.5439712995362962,9.346622675820981e-08,0.2598826880818974,0.04166666666666674
constant,constant,stokes_corrected,coordinate_mlp,17,constant_test_0003,356.31307787809095,3457.0,300.0,3.3357746680048876,0.0001843116660893429,3848c85afd3fc6024a1763477d7fbc14fbdc5b03c5ca14b9bd4cbba26efd9ad1,0.14500896276340713,0.3459752912755283,0.7025117665050118,8.624378722288384e-08,0.2718675241191777,0.0
constant,constant,stokes_corrected,coordinate_mlp,17,constant_test_0004,364.9641357923895,3457.0,300.0,3.3357746680048876,0.0001843116660893429,3848c85afd3fc6024a1763477d7fbc14fbdc5b03c5ca14b9bd4cbba26efd9ad1,0.14717385003442146,0.35030089793261643,0.7102984256979674,8.921375638237805e-08,0.27247671499027015,0.0
constant,constant,stokes_corrected,coordinate_mlp,17,constant_test_0005,326.11288015095056,3457.0,300.0,3.3357746680048876,0.0001843116660893429,3848c85afd3fc6024a1763477d7fbc14fbdc5b03c5ca14b9bd4cbba26efd9ad1,0.13863082044757116,0.3314808131129222,0.674305113608874,8.495904779692864e-08,0.2696753554830932,0.05892556509887899
constant,diverse,stokes_corrected,coordinate_mlp,17,diverse_test_0000,378.39963682209583,3457.0,300.0,3.3357746680048876,0.0001282458336694011,3848c85afd3fc6024a1763477d7fbc14fbdc5b03c5ca14b9bd4cbba26efd9ad1,0.3295335618994585,0.5556314013926258,0.7415821023114226,7.083986020006705e-08,0.23587142770872507,0.08333333333333337
constant,diverse,stokes_corrected,coordinate_mlp,17,diverse_test_0001,275.5175743523432,3457.0,300.0,3.3357746680048876,0.0001282458336694011,3848c85afd3fc6024a1763477d7fbc14fbdc5b03c5ca14b9bd4cbba26efd9ad1,0.23992183452433835,0.4185575838832406,0.6528302769576819,7.085812114837609e-08,0.2555788142128691,0.0931694990624912
constant,diverse,stokes_corrected,coordinate_mlp,17,diverse_test_0002,205.77449124508615,3457.0,300.0,3.3357746680048876,0.0001282458336694011,3848c85afd3fc6024a1763477d7fbc14fbdc5b03c5ca14b9bd4cbba26efd9ad1,0.21102862276422965,0.36206852213825,0.5322578597028944,8.266077600183053e-08,0.2340886615242908,0.0931694990624912
constant,diverse,stokes_corrected,coordinate_mlp,17,diverse_test_0003,356.31307787809095,3457.0,300.0,3.3357746680048876,0.0001282458336694011,3848c85afd3fc6024a1763477d7fbc14fbdc5b03c5ca14b9bd4cbba26efd9ad1,0.2533469075768361,0.43750386752088466,0.7004988818282434,7.113580124951113e-08,0.25128006065233194,0.04166666666666663
constant,diverse,stokes_corrected,coordinate_mlp,17,diverse_test_0004,364.9641357923895,3457.0,300.0,3.3357746680048876,0.0001282458336694011,3848c85afd3fc6024a1763477d7fbc14fbdc5b03c5ca14b9bd4cbba26efd9ad1,0.5768057289898548,0.8589485516185893,0.8793245553262148,6.236133032189173e-08,0.22728258560640296,0.20833333333333326
constant,diverse,stokes_corrected,coordinate_mlp,17,diverse_test_0005,326.11288015095056,3457.0,300.0,3.3357746680048876,0.0001282458336694011,3848c85afd3fc6024a1763477d7fbc14fbdc5b03c5ca14b9bd4cbba26efd9ad1,0.3136932053371863,0.5228576389034356,0.7264227675992273,7.464210227681178e-08,0.23863922486471434,0.125
constant,ood_shape,stokes_corrected,coordinate_mlp,17,ood_shape_0000,322.0476102060863,3457.0,300.0,3.3357746680048876,0.00014222016640511961,3848c85afd3fc6024a1763477d7fbc14fbdc5b03c5ca14b9bd4cbba26efd9ad1,0.4100211687794729,0.6612670363172918,0.782992749510705,6.178439804216396e-08,0.21816131858791588,0.125
constant,ood_shape,stokes_corrected,coordinate_mlp,17,ood_shape_0001,236.44026808360903,3457.0,300.0,3.3357746680048876,0.00014222016640511961,3848c85afd3fc6024a1763477d7fbc14fbdc5b03c5ca14b9bd4cbba26efd9ad1,0.7399776051058493,0.9459619932584374,0.7924253506842089,7.218310571488473e-08,0.18768779968555882,0.3033379120533549
constant,ood_shape,stokes_corrected,coordinate_mlp,17,ood_shape_0002,180.95100059158364,3457.0,300.0,3.3357746680048876,0.00014222016640511961,3848c85afd3fc6024a1763477d7fbc14fbdc5b03c5ca14b9bd4cbba26efd9ad1,0.5185242513776767,0.7570938733366904,0.7706156036350472,6.751782422043107e-08,0.2071844177008785,0.25
constant,ood_shape,stokes_corrected,coordinate_mlp,17,ood_shape_0003,208.6074759394159,3457.0,300.0,3.3357746680048876,0.00014222016640511961,3848c85afd3fc6024a1763477d7fbc14fbdc5b03c5ca14b9bd4cbba26efd9ad1,0.5086913661513989,0.7032733744961803,0.6819287429905844,7.790761458181805e-08,0.20327133116587895,0.22438186696393767
constant,ood_shape,stokes_corrected,coordinate_mlp,17,ood_shape_0004,374.64532673286527,3457.0,300.0,3.3357746680048876,0.00014222016640511961,3848c85afd3fc6024a1763477d7fbc14fbdc5b03c5ca14b9bd4cbba26efd9ad1,0.8401264618260315,1.1485178271076688,0.9653496921437642,5.630656829680447e-08,0.2056690915140472,0.29462782549439476
constant,ood_shape,stokes_corrected,coordinate_mlp,17,ood_shape_0005,145.49153445980784,3457.0,300.0,3.3357746680048876,0.00014222016640511961,3848c85afd3fc6024a1763477d7fbc14fbdc5b03c5ca14b9bd4cbba26efd9ad1,0.34658555151752823,0.5225541793894712,0.6085182203613725,6.16441724332617e-08,0.2264659698764298,0.1717960677340693
constant,ood_re,stokes_corrected,coordinate_mlp,17,ood_re_0000,566.4474875225259,3457.0,300.0,3.3357746680048876,0.00013744983273985176,3848c85afd3fc6024a1763477d7fbc14fbdc5b03c5ca14b9bd4cbba26efd9ad1,0.2508161806260593,0.4989271537379595,0.8357221901074231,7.259966849915145e-08,0.26988727544985275,0.04166666666666663
constant,ood_re,stokes_corrected,coordinate_mlp,17,ood_re_0001,490.14181715065223,3457.0,300.0,3.3357746680048876,0.00013744983273985176,3848c85afd3fc6024a1763477d7fbc14fbdc5b03c5ca14b9bd4cbba26efd9ad1,0.2131723397858632,0.45789348679745473,0.801181020447064,8.745373492047293e-08,0.2699818307486564,0.04166666666666663
constant,ood_re,stokes_corrected,coordinate_mlp,17,ood_re_0002,533.202596381457,3457.0,300.0,3.3357746680048876,0.00013744983273985176,3848c85afd3fc6024a1763477d7fbc14fbdc5b03c5ca14b9bd4cbba26efd9ad1,0.27516724228723694,0.5144885228775438,0.8174555831124348,7.262859469392424e-08,0.2622082820445409,0.05892556509887899
constant,ood_re,stokes_corrected,coordinate_mlp,17,ood_re_0003,592.5167238454294,3457.0,300.0,3.3357746680048876,0.00013744983273985176,3848c85afd3fc6024a1763477d7fbc14fbdc5b03c5ca14b9bd4cbba26efd9ad1,0.6411289692852028,0.9460730439267212,0.95063773982785,7.205727570180898e-08,0.22266893840777927,0.2124591463996993
constant,ood_re,stokes_corrected,coordinate_mlp,17,ood_re_0004,489.1490754145391,3457.0,300.0,3.3357746680048876,0.00013744983273985176,3848c85afd3fc6024a1763477d7fbc14fbdc5b03c5ca14b9bd4cbba26efd9ad1,0.380074745807073,0.6354464423177124,0.8132367128030586,7.259544076987368e-08,0.23816515148384254,0.0931694990624913
constant,ood_re,stokes_corrected,coordinate_mlp,17,ood_re_0005,561.89866888648,3457.0,300.0,3.3357746680048876,0.00013744983273985176,3848c85afd3fc6024a1763477d7fbc14fbdc5b03c5ca14b9bd4cbba26efd9ad1,0.3270845498251849,0.6172892806661952,0.8703840690837357,7.22565971500444e-08,0.2583608290233576,0.0931694990624913
constant,constant,stokes_corrected,pod_deeponet,17,constant_test_0000,378.39963682209583,3655.0,300.0,0.60356157500064,2.577533329410168e-05,7912431e5fa558870086db6616486a500c78ef49b6c0582b3fff5485b889e03d,0.031360297352834784,0.040023708678728294,0.043160736845093535,7.41297938589014e-08,0.32038924713684735,0.0
constant,constant,stokes_corrected,pod_deeponet,17,constant_test_0001,275.5175743523432,3655.0,300.0,0.60356157500064,2.577533329410168e-05,7912431e5fa558870086db6616486a500c78ef49b6c0582b3fff5485b889e03d,0.006219452700343933,0.00753790827704553,0.008790673667843078,8.123726757958138e-08,0.26097758768229823,0.0
constant,constant,stokes_corrected,pod_deeponet,17,constant_test_0002,205.77449124508615,3655.0,300.0,0.60356157500064,2.577533329410168e-05,7912431e5fa558870086db6616486a500c78ef49b6c0582b3fff5485b889e03d,0.008371112367440299,0.01231072521459015,0.015876019846455154,8.840296317202956e-08,0.21791456789609895,0.0
constant,constant,stokes_corrected,pod_deeponet,17,constant_test_0003,356.31307787809095,3655.0,300.0,0.60356157500064,2.577533329410168e-05,7912431e5fa558870086db6616486a500c78ef49b6c0582b3fff5485b889e03d,0.020061659139630747,0.026325664423348993,0.029330794826845533,7.03735310025877e-08,0.3081511546090421,0.0
constant,constant,stokes_corrected,pod_deeponet,17,constant_test_0004,364.9641357923895,3655.0,300.0,0.60356157500064,2.577533329410168e-05,7912431e5fa558870086db6616486a500c78ef49b6c0582b3fff5485b889e03d,0.02426341624660053,0.03144466402510739,0.0345832590306103,7.059163920075662e-08,0.3129807787630539,0.0
constant,constant,stokes_corrected,pod_deeponet,17,constant_test_0005,326.11288015095056,3655.0,300.0,0.60356157500064,2.577533329410168e-05,7912431e5fa558870086db6616486a500c78ef49b6c0582b3fff5485b889e03d,0.007637129633509745,0.010971323292820048,0.01287476796402517,6.974617150490303e-08,0.29094065310278705,0.0
constant,diverse,stokes_corrected,pod_deeponet,17,diverse_test_0000,378.39963682209583,3655.0,300.0,0.60356157500064,1.7998667317442596e-05,7912431e5fa558870086db6616486a500c78ef49b6c0582b3fff5485b889e03d,0.10010673548455304,0.20173873574709605,0.5013873474200445,6.357513626653599e-08,0.30879952351971524,0.05892556509887899
constant,diverse,stokes_corrected,pod_deeponet,17,diverse_test_0001,275.5175743523432,3655.0,300.0,0.60356157500064,1.7998667317442596e-05,7912431e5fa558870086db6616486a500c78ef49b6c0582b3fff5485b889e03d,0.07983004610470301,0.13113395270622158,0.2013658854664637,5.985953066556249e-08,0.2720564645046029,0.04166666666666663
constant,diverse,stokes_corrected,pod_deeponet,17,diverse_test_0002,205.77449124508615,3655.0,300.0,0.60356157500064,1.7998667317442596e-05,7912431e5fa558870086db6616486a500c78ef49b6c0582b3fff5485b889e03d,0.06882809638768418,0.13153622329556522,0.2620411644259266,8.44035454861114e-08,0.20819938135065116,0.0
constant,diverse,stokes_corrected,pod_deeponet,17,diverse_test_0003,356.31307787809095,3655.0,300.0,0.60356157500064,1.7998667317442596e-05,7912431e5fa558870086db6616486a500c78ef49b6c0582b3fff5485b889e03d,0.14336576607111187,0.24093788857934412,0.2810996730285007,6.413035436025893e-08,0.3137103882201844,0.0
constant,diverse,stokes_corrected,pod_deeponet,17,diverse_test_0004,364.9641357923895,3655.0,300.0,0.60356157500064,1.7998667317442596e-05,7912431e5fa558870086db6616486a500c78ef49b6c0582b3fff5485b889e03d,0.36503028252388076,0.5875129608810845,0.6256158753023692,5.117475154747808e-08,0.36521523286961305,0.13176156917368245
constant,diverse,stokes_corrected,pod_deeponet,17,diverse_test_0005,326.11288015095056,3655.0,300.0,0.60356157500064,1.7998667317442596e-05,7912431e5fa558870086db6616486a500c78ef49b6c0582b3fff5485b889e03d,0.1805487886965473,0.28911232872517406,0.3823622485597384,6.558245502219506e-08,0.32127393637936563,0.08333333333333326
constant,ood_shape,stokes_corrected,pod_deeponet,17,ood_shape_0000,322.0476102060863,3655.0,300.0,0.60356157500064,1.7704999966857333e-05,7912431e5fa558870086db6616486a500c78ef49b6c0582b3fff5485b889e03d,0.1645788241155123,0.2821957282576498,0.5486559241050613,6.757023385262073e-08,0.30273032019401336,0.04166666666666663
constant,ood_shape,stokes_corrected,pod_deeponet,17,ood_shape_0001,236.44026808360903,3655.0,300.0,0.60356157500064,1.7704999966857333e-05,7912431e5fa558870086db6616486a500c78ef49b6c0582b3fff5485b889e03d,0.48347653066623786,0.7164749944300312,0.8168710748984505,7.479443553393139e-08,0.26825325680389145,0.08333333333333337
constant,ood_shape,stokes_corrected,pod_deeponet,17,ood_shape_0002,180.95100059158364,3655.0,300.0,0.60356157500064,1.7704999966857333e-05,7912431e5fa558870086db6616486a500c78ef49b6c0582b3fff5485b889e03d,0.17626651880974611,0.34648122942181675,0.6120387828267694,5.505736666577832e-08,0.19975514852343992,0.08333333333333337
constant,ood_shape,stokes_corrected,pod_deeponet,17,ood_shape_0003,208.6074759394159,3655.0,300.0,0.60356157500064,1.7704999966857333e-05,7912431e5fa558870086db6616486a500c78ef49b6c0582b3fff5485b889e03d,0.30522264215605466,0.48420644575841537,0.6348312124173451,6.357259252354197e-08,0.2585176883449661,0.04166666666666674
constant,ood_shape,stokes_corrected,pod_deeponet,17,ood_shape_0004,374.64532673286527,3655.0,300.0,0.60356157500064,1.7704999966857333e-05,7912431e5fa558870086db6616486a500c78ef49b6c0582b3fff5485b889e03d,0.4748786233552374,0.7775719281792218,0.8652957445711211,6.288837539614178e-08,0.35409167461926755,0.13176156917368245
constant,ood_shape,stokes_corrected,pod_deeponet,17,ood_shape_0005,145.49153445980784,3655.0,300.0,0.60356157500064,1.7704999966857333e-05,7912431e5fa558870086db6616486a500c78ef49b6c0582b3fff5485b889e03d,0.11478944032089539,0.20997266849976962,0.4354787171320529,6.105494776420528e-08,0.19520830838797545,0.04166666666666674
constant,ood_re,stokes_corrected,pod_deeponet,17,ood_re_0000,566.4474875225259,3655.0,300.0,0.60356157500064,1.704900084102216e-05,7912431e5fa558870086db6616486a500c78ef49b6c0582b3fff5485b889e03d,0.1419122290465874,0.19629925433495268,0.2914679221306994,6.659656293095395e-08,0.4047522704963449,0.04166666666666663
constant,ood_re,stokes_corrected,pod_deeponet,17,ood_re_0001,490.14181715065223,3655.0,300.0,0.60356157500064,1.704900084102216e-05,7912431e5fa558870086db6616486a500c78ef49b6c0582b3fff5485b889e03d,0.07829790911712853,0.13661217408583362,0.21692150868143673,7.034454796439604e-08,0.375302747375419,0.04166666666666663
constant,ood_re,stokes_corrected,pod_deeponet,17,ood_re_0002,533.202596381457,3655.0,300.0,0.60356157500064,1.704900084102216e-05,7912431e5fa558870086db6616486a500c78ef49b6c0582b3fff5485b889e03d,0.15574630978277568,0.24943655256850722,0.3143923598768469,7.002969226732603e-08,0.3922775612470214,0.04166666666666663
constant,ood_re,stokes_corrected,pod_deeponet,17,ood_re_0003,592.5167238454294,3655.0,300.0,0.60356157500064,1.704900084102216e-05,7912431e5fa558870086db6616486a500c78ef49b6c0582b3fff5485b889e03d,0.4297690670361725,0.6918394889221585,0.7760384280545042,6.809139563301869e-08,0.4246575234908206,0.125
constant,ood_re,stokes_corrected,pod_deeponet,17,ood_re_0004,489.1490754145391,3655.0,300.0,0.60356157500064,1.704900084102216e-05,7912431e5fa558870086db6616486a500c78ef49b6c0582b3fff5485b889e03d,0.16161612349832644,0.3096186048390165,0.5680526574053519,6.112577466410585e-08,0.365457580382902,0.04166666666666663
constant,ood_re,stokes_corrected,pod_deeponet,17,ood_re_0005,561.89866888648,3655.0,300.0,0.60356157500064,1.704900084102216e-05,7912431e5fa558870086db6616486a500c78ef49b6c0582b3fff5485b889e03d,0.11260143719502051,0.23432752643460358,0.46051750626822546,6.540849284419892e-08,0.4032154675615375,0.09316949906249125
constant,constant,stokes_corrected,unet,17,constant_test_0000,378.39963682209583,15013.0,286.0,5.685983160998148,0.00048301533388439566,d691b63e05873c1d0f77700b110b11b6886d0e1820425c5212f15005c9d3f08e,0.03238201688073793,0.07888122976971122,0.45808578546824974,7.765080312083228e-08,0.30481455884944586,0.04166666666666674
constant,constant,stokes_corrected,unet,17,constant_test_0001,275.5175743523432,15013.0,286.0,5.685983160998148,0.00048301533388439566,d691b63e05873c1d0f77700b110b11b6886d0e1820425c5212f15005c9d3f08e,0.03852351149864716,0.07018417275064694,0.3301477718225739,8.067428325375658e-08,0.24732909457406207,0.04166666666666663
constant,constant,stokes_corrected,unet,17,constant_test_0002,205.77449124508615,15013.0,286.0,5.685983160998148,0.00048301533388439566,d691b63e05873c1d0f77700b110b11b6886d0e1820425c5212f15005c9d3f08e,0.04070718941985754,0.06216269654515622,0.23816550137236234,8.40651921407698e-08,0.2146434740466248,0.0
constant,constant,stokes_corrected,unet,17,constant_test_0003,356.31307787809095,15013.0,286.0,5.685983160998148,0.00048301533388439566,d691b63e05873c1d0f77700b110b11b6886d0e1820425c5212f15005c9d3f08e,0.027839845122655835,0.07313498306832643,0.4317070795470807,7.950426095248986e-08,0.29189628557827385,0.04166666666666674
constant,constant,stokes_corrected,unet,17,constant_test_0004,364.9641357923895,15013.0,286.0,5.685983160998148,0.00048301533388439566,d691b63e05873c1d0f77700b110b11b6886d0e1820425c5212f15005c9d3f08e,0.028967012529847288,0.07496122080497722,0.4421150397685892,8.827976927250347e-08,0.2969302494916007,0.04166666666666674
constant,constant,stokes_corrected,unet,17,constant_test_0005,326.11288015095056,15013.0,286.0,5.685983160998148,0.00048301533388439566,d691b63e05873c1d0f77700b110b11b6886d0e1820425c5212f15005c9d3f08e,0.02943785879456752,0.07014540918356198,0.3946349472016504,6.875981739540293e-08,0.2746474368552682,0.0
constant,diverse,stokes_corrected,unet,17,diverse_test_0000,378.39963682209583,15013.0,286.0,5.685983160998148,0.00042685600055847317,d691b63e05873c1d0f77700b110b11b6886d0e1820425c5212f15005c9d3f08e,0.07474026608533318,0.1408648608919345,0.33107352207050594,6.45300488599787e-08,0.2297508901795041,0.04166666666666674
constant,diverse,stokes_corrected,unet,17,diverse_test_0001,275.5175743523432,15013.0,286.0,5.685983160998148,0.00042685600055847317,d691b63e05873c1d0f77700b110b11b6886d0e1820425c5212f15005c9d3f08e,0.06783720027068971,0.10946256006239537,0.3087268492667457,7.530174173098203e-08,0.22210505848024376,0.0
constant,diverse,stokes_corrected,unet,17,diverse_test_0002,205.77449124508615,15013.0,286.0,5.685983160998148,0.00042685600055847317,d691b63e05873c1d0f77700b110b11b6886d0e1820425c5212f15005c9d3f08e,0.06202200145237098,0.1045803630539653,0.20391777384705823,7.887791753091733e-08,0.13071694656121266,0.0
constant,diverse,stokes_corrected,unet,17,diverse_test_0003,356.31307787809095,15013.0,286.0,5.685983160998148,0.00042685600055847317,d691b63e05873c1d0f77700b110b11b6886d0e1820425c5212f15005c9d3f08e,0.07192948021957882,0.1064184834420269,0.44350837321329317,5.862592544758627e-08,0.18830491297081772,0.0
constant,diverse,stokes_corrected,unet,17,diverse_test_0004,364.9641357923895,15013.0,286.0,5.685983160998148,0.00042685600055847317,d691b63e05873c1d0f77700b110b11b6886d0e1820425c5212f15005c9d3f08e,0.13839937802335442,0.22560516641681796,0.478904152270515,5.760467658433299e-08,0.22295467975609404,0.05892556509887899
constant,diverse,stokes_corrected,unet,17,diverse_test_0005,326.11288015095056,15013.0,286.0,5.685983160998148,0.00042685600055847317,d691b63e05873c1d0f77700b110b11b6886d0e1820425c5212f15005c9d3f08e,0.07658703961645699,0.14350771535320125,0.38111509846267927,6.833560917129944e-08,0.21611832095062028,0.0
constant,ood_shape,stokes_corrected,unet,17,ood_shape_0000,322.0476102060863,15013.0,286.0,5.685983160998148,0.00048251633415929973,d691b63e05873c1d0f77700b110b11b6886d0e1820425c5212f15005c9d3f08e,0.0891516282566197,0.16763577365178092,0.33231101985277606,6.071575597843548e-08,0.21850840182551487,0.04166666666666663
constant,ood_shape,stokes_corrected,unet,17,ood_shape_0001,236.44026808360903,15013.0,286.0,5.685983160998148,0.00048251633415929973,d691b63e05873c1d0f77700b110b11b6886d0e1820425c5212f15005c9d3f08e,0.31768155949180943,0.32679112063369375,0.3369853571513961,6.880612346549242e-08,0.0936691146497083,0.04166666666666674
constant,ood_shape,stokes_corrected,unet,17,ood_shape_0002,180.95100059158364,15013.0,286.0,5.685983160998148,0.00048251633415929973,d691b63e05873c1d0f77700b110b11b6886d0e1820425c5212f15005c9d3f08e,0.11448238268542188,0.20068514803313475,0.2839450345520484,6.259396911900694e-08,0.1098848597383753,0.04166666666666674
constant,ood_shape,stokes_corrected,unet,17,ood_shape_0003,208.6074759394159,15013.0,286.0,5.685983160998148,0.00048251633415929973,d691b63e05873c1d0f77700b110b11b6886d0e1820425c5212f15005c9d3f08e,0.15627076590801153,0.20690980910480153,0.27792818198464736,8.508494175885062e-08,0.11262368004657068,0.04166666666666663
constant,ood_shape,stokes_corrected,unet,17,ood_shape_0004,374.64532673286527,15013.0,286.0,5.685983160998148,0.00048251633415929973,d691b63e05873c1d0f77700b110b11b6886d0e1820425c5212f15005c9d3f08e,0.14096891255682087,0.24136515360303884,0.4903929150467328,5.348683984607305e-08,0.16636255278642675,0.05892556509887899
constant,ood_shape,stokes_corrected,unet,17,ood_shape_0005,145.49153445980784,15013.0,286.0,5.685983160998148,0.00048251633415929973,d691b63e05873c1d0f77700b110b11b6886d0e1820425c5212f15005c9d3f08e,0.1031404820673904,0.16938496891885418,0.2539675912676,7.678910662889393e-08,0.15201512231953004,0.04166666666666674
constant,ood_re,stokes_corrected,unet,17,ood_re_0000,566.4474875225259,15013.0,286.0,5.685983160998148,0.0004504480008714988,d691b63e05873c1d0f77700b110b11b6886d0e1820425c5212f15005c9d3f08e,0.12206914363457055,0.20468449624013452,0.5766277843321648,6.993209922256938e-08,0.4018346471084718,0.05892556509887899
constant,ood_re,stokes_corrected,unet,17,ood_re_0001,490.14181715065223,15013.0,286.0,5.685983160998148,0.0004504480008714988,d691b63e05873c1d0f77700b110b11b6886d0e1820425c5212f15005c9d3f08e,0.06556716620581364,0.1299037217963806,0.5186364455269665,6.374647654183718e-08,0.35634247355000354,0.04166666666666674
constant,ood_re,stokes_corrected,unet,17,ood_re_0002,533.202596381457,15013.0,286.0,5.685983160998148,0.0004504480008714988,d691b63e05873c1d0f77700b110b11b6886d0e1820425c5212f15005c9d3f08e,0.12101460838996714,0.18866677268817053,0.5707958678037327,6.520241413454642e-08,0.33870715821722497,0.05892556509887899
constant,ood_re,stokes_corrected,unet,17,ood_re_0003,592.5167238454294,15013.0,286.0,5.685983160998148,0.0004504480008714988,d691b63e05873c1d0f77700b110b11b6886d0e1820425c5212f15005c9d3f08e,0.19614283338861527,0.27654527358724684,0.6127944088023787,5.769025790414162e-08,0.2577264499329206,0.04166666666666663
constant,ood_re,stokes_corrected,unet,17,ood_re_0004,489.1490754145391,15013.0,286.0,5.685983160998148,0.0004504480008714988,d691b63e05873c1d0f77700b110b11b6886d0e1820425c5212f15005c9d3f08e,0.06609054035119602,0.14281412546790834,0.4625590908133359,6.35621972833178e-08,0.26128413906564985,0.04166666666666674
constant,ood_re,stokes_corrected,unet,17,ood_re_0005,561.89866888648,15013.0,286.0,5.685983160998148,0.0004504480008714988,d691b63e05873c1d0f77700b110b11b6886d0e1820425c5212f15005c9d3f08e,0.07927141863261497,0.17209843732207153,0.5255303576536389,7.118968881059118e-08,0.3787617412690036,0.04166666666666663
constant,constant,stokes_corrected,fno,17,constant_test_0000,378.39963682209583,12721.0,300.0,10.262343505994068,0.0006548300007125363,97f95e05ffa8de81d56e0532e4c005478a022121ba7b6e014a13de6c14071e43,0.02797827170746028,0.06790403282141891,0.4239965528572817,7.664622359015993e-08,0.31312392107019016,0.0
constant,constant,stokes_corrected,fno,17,constant_test_0001,275.5175743523432,12721.0,300.0,10.262343505994068,0.0006548300007125363,97f95e05ffa8de81d56e0532e4c005478a022121ba7b6e014a13de6c14071e43,0.011682670304377587,0.037244592470124384,0.29109334303740736,8.465380574307346e-08,0.26897984547171244,0.0
constant,constant,stokes_corrected,fno,17,constant_test_0002,205.77449124508615,12721.0,300.0,10.262343505994068,0.0006548300007125363,97f95e05ffa8de81d56e0532e4c005478a022121ba7b6e014a13de6c14071e43,0.009746731463050235,0.029843529066626937,0.20774585675850776,7.947330260549279e-08,0.23682460185601603,0.0
constant,constant,stokes_corrected,fno,17,constant_test_0003,356.31307787809095,12721.0,300.0,10.262343505994068,0.0006548300007125363,97f95e05ffa8de81d56e0532e4c005478a022121ba7b6e014a13de6c14071e43,0.021599630056731045,0.058174516226183665,0.3958321322270727,6.605846181173547e-08,0.30431138808262326,0.04166666666666674
constant,constant,stokes_corrected,fno,17,constant_test_0004,364.9641357923895,12721.0,300.0,10.262343505994068,0.0006548300007125363,97f95e05ffa8de81d56e0532e4c005478a022121ba7b6e014a13de6c14071e43,0.023935725094820032,0.06179312862997942,0.4069263450332195,8.027042497360526e-08,0.3078194480106159,0.04166666666666674
constant,constant,stokes_corrected,fno,17,constant_test_0005,326.11288015095056,12721.0,300.0,10.262343505994068,0.0006548300007125363,97f95e05ffa8de81d56e0532e4c005478a022121ba7b6e014a13de6c14071e43,0.015286099348891054,0.04761211116215114,0.3566690392125396,8.157480380077686e-08,0.29157188485249924,0.0
constant,diverse,stokes_corrected,fno,17,diverse_test_0000,378.39963682209583,12721.0,300.0,10.262343505994068,0.000652022333573162,97f95e05ffa8de81d56e0532e4c005478a022121ba7b6e014a13de6c14071e43,0.09672936352299097,0.18292061152972564,0.3367363117622841,6.787761464011055e-08,0.27510135080252623,0.09316949906249125
constant,diverse,stokes_corrected,fno,17,diverse_test_0001,275.5175743523432,12721.0,300.0,10.262343505994068,0.000652022333573162,97f95e05ffa8de81d56e0532e4c005478a022121ba7b6e014a13de6c14071e43,0.06787439258141872,0.10255885296027963,0.2814953258315665,7.024823389656376e-08,0.2558039154971757,0.05892556509887899
constant,diverse,stokes_corrected,fno,17,diverse_test_0002,205.77449124508615,12721.0,300.0,10.262343505994068,0.000652022333573162,97f95e05ffa8de81d56e0532e4c005478a022121ba7b6e014a13de6c14071e43,0.05885611986027115,0.10666920906939503,0.21005807380741354,9.236067910478596e-08,0.20253377549119939,0.0
constant,diverse,stokes_corrected,fno,17,diverse_test_0003,356.31307787809095,12721.0,300.0,10.262343505994068,0.000652022333573162,97f95e05ffa8de81d56e0532e4c005478a022121ba7b6e014a13de6c14071e43,0.12248882217116734,0.21488054134905327,0.45182287469179744,7.011904301634786e-08,0.27626703400710134,0.0
constant,diverse,stokes_corrected,fno,17,diverse_test_0004,364.9641357923895,12721.0,300.0,10.262343505994068,0.000652022333573162,97f95e05ffa8de81d56e0532e4c005478a022121ba7b6e014a13de6c14071e43,0.28889212362219074,0.5105331905663923,0.6176582072435428,4.650302543041107e-08,0.2762930714428693,0.13176156917368245
constant,diverse,stokes_corrected,fno,17,diverse_test_0005,326.11288015095056,12721.0,300.0,10.262343505994068,0.000652022333573162,97f95e05ffa8de81d56e0532e4c005478a022121ba7b6e014a13de6c14071e43,0.1407415183545759,0.26357284406806375,0.4323225002867432,6.1232299231051e-08,0.26755826897660434,0.09316949906249115
constant,ood_shape,stokes_corrected,fno,17,ood_shape_0000,322.0476102060863,12721.0,300.0,10.262343505994068,0.0007075523341579052,97f95e05ffa8de81d56e0532e4c005478a022121ba7b6e014a13de6c14071e43,0.13127764509586118,0.2909839349529833,0.49896570319312133,6.453520029481297e-08,0.25131114704937124,0.1717960677340692
constant,ood_shape,stokes_corrected,fno,17,ood_shape_0001,236.44026808360903,12721.0,300.0,10.262343505994068,0.0007075523341579052,97f95e05ffa8de81d56e0532e4c005478a022121ba7b6e014a13de6c14071e43,0.3952557786619415,0.5217633063701397,0.48984864028301645,5.973836181283332e-08,0.18337502132225533,0.05892556509887899
constant,ood_shape,stokes_corrected,fno,17,ood_shape_0002,180.95100059158364,12721.0,300.0,10.262343505994068,0.0007075523341579052,97f95e05ffa8de81d56e0532e4c005478a022121ba7b6e014a13de6c14071e43,0.12883886747745568,0.3125142665108948,0.5634156245971905,6.251486439623477e-08,0.18494056157761546,0.0931694990624913
constant,ood_shape,stokes_corrected,fno,17,ood_shape_0003,208.6074759394159,12721.0,300.0,10.262343505994068,0.0007075523341579052,97f95e05ffa8de81d56e0532e4c005478a022121ba7b6e014a13de6c14071e43,0.22096535249989652,0.3360548994004173,0.35561921464793,7.78286732838751e-08,0.18910064923241388,0.04166666666666674
constant,ood_shape,stokes_corrected,fno,17,ood_shape_0004,374.64532673286527,12721.0,300.0,10.262343505994068,0.0007075523341579052,97f95e05ffa8de81d56e0532e4c005478a022121ba7b6e014a13de6c14071e43,0.3149008830858201,0.5543774168582812,0.6975891438059274,3.999455699954524e-08,0.26425050707331527,0.15023130314433286
constant,ood_shape,stokes_corrected,fno,17,ood_shape_0005,145.49153445980784,12721.0,300.0,10.262343505994068,0.0007075523341579052,97f95e05ffa8de81d56e0532e4c005478a022121ba7b6e014a13de6c14071e43,0.07071097174750562,0.19049511395294275,0.407198740483057,7.104932109314177e-08,0.18125464457195264,0.0
constant,ood_re,stokes_corrected,fno,17,ood_re_0000,566.4474875225259,12721.0,300.0,10.262343505994068,0.000655662833499567,97f95e05ffa8de81d56e0532e4c005478a022121ba7b6e014a13de6c14071e43,0.07956910876759031,0.157863819969397,0.5457027007029415,6.727028534214696e-08,0.34635952658308083,0.09316949906249115
constant,ood_re,stokes_corrected,fno,17,ood_re_0001,490.14181715065223,12721.0,300.0,10.262343505994068,0.000655662833499567,97f95e05ffa8de81d56e0532e4c005478a022121ba7b6e014a13de6c14071e43,0.06434475303464268,0.1258651201204344,0.48779110966089784,5.822598581062266e-08,0.3364990876877385,0.058925565098878904
constant,ood_re,stokes_corrected,fno,17,ood_re_0002,533.202596381457,12721.0,300.0,10.262343505994068,0.000655662833499567,97f95e05ffa8de81d56e0532e4c005478a022121ba7b6e014a13de6c14071e43,0.08016436576143374,0.1611695621397483,0.541062266337442,6.863838564186153e-08,0.33164148636195495,0.058925565098878904
constant,ood_re,stokes_corrected,fno,17,ood_re_0003,592.5167238454294,12721.0,300.0,10.262343505994068,0.000655662833499567,97f95e05ffa8de81d56e0532e4c005478a022121ba7b6e014a13de6c14071e43,0.23075622215845593,0.38157182665820205,0.6271896000566681,5.6741203735555246e-08,0.29239782718999824,0.0931694990624912
constant,ood_re,stokes_corrected,fno,17,ood_re_0004,489.1490754145391,12721.0,300.0,10.262343505994068,0.000655662833499567,97f95e05ffa8de81d56e0532e4c005478a022121ba7b6e014a13de6c14071e43,0.11499980185803767,0.23470884434695077,0.4810440638476016,6.438099831029831e-08,0.2999571530831551,0.058925565098878904
constant,ood_re,stokes_corrected,fno,17,ood_re_0005,561.89866888648,12721.0,300.0,10.262343505994068,0.000655662833499567,97f95e05ffa8de81d56e0532e4c005478a022121ba7b6e014a13de6c14071e43,0.12957487646602753,0.20680933488339023,0.49408665285008524,5.317068030308292e-08,0.333979433978504,0.09316949906249115
constant,constant,stokes_corrected,fno_physics,17,constant_test_0000,378.39963682209583,12721.0,300.0,8.4605542720019,0.0004905968332119907,f87cacd7c8e222a9069c913bcba247eafe8ce783292958403fe56374e80bd969,0.05307022721550816,0.13898544730710785,0.8321553089176777,7.323109940671202e-08,0.06724399436221815,0.04166666666666674
constant,constant,stokes_corrected,fno_physics,17,constant_test_0001,275.5175743523432,12721.0,300.0,8.4605542720019,0.0004905968332119907,f87cacd7c8e222a9069c913bcba247eafe8ce783292958403fe56374e80bd969,0.0428824513164188,0.11396398106099338,0.6795822698502574,8.325979194978572e-08,0.045530151117301645,0.04166666666666663
constant,constant,stokes_corrected,fno_physics,17,constant_test_0002,205.77449124508615,12721.0,300.0,8.4605542720019,0.0004905968332119907,f87cacd7c8e222a9069c913bcba247eafe8ce783292958403fe56374e80bd969,0.037189822137027886,0.0976050908676336,0.551007265482202,9.4343100442984e-08,0.041214397064982554,0.0
constant,constant,stokes_corrected,fno_physics,17,constant_test_0003,356.31307787809095,12721.0,300.0,8.4605542720019,0.0004905968332119907,f87cacd7c8e222a9069c913bcba247eafe8ce783292958403fe56374e80bd969,0.04841222928911313,0.13190125487655716,0.8036630348184159,8.594365397129877e-08,0.0612209121177517,0.04166666666666674
constant,constant,stokes_corrected,fno_physics,17,constant_test_0004,364.9641357923895,12721.0,300.0,8.4605542720019,0.0004905968332119907,f87cacd7c8e222a9069c913bcba247eafe8ce783292958403fe56374e80bd969,0.050002161437626765,0.1345222954581908,0.8151107711886004,8.12597207300314e-08,0.06350711142783293,0.04166666666666674
constant,constant,stokes_corrected,fno_physics,17,constant_test_0005,326.11288015095056,12721.0,300.0,8.4605542720019,0.0004905968332119907,f87cacd7c8e222a9069c913bcba247eafe8ce783292958403fe56374e80bd969,0.04487352108493014,0.12410103090496455,0.7608357296128251,8.513810456634019e-08,0.05408565413221209,0.0
constant,diverse,stokes_corrected,fno_physics,17,diverse_test_0000,378.39963682209583,12721.0,300.0,8.4605542720019,0.000498503499936002,f87cacd7c8e222a9069c913bcba247eafe8ce783292958403fe56374e80bd969,0.09949827212869337,0.21967425856942024,0.6170976526184827,6.647197636766577e-08,0.06816891264349316,0.08333333333333337
constant,diverse,stokes_corrected,fno_physics,17,diverse_test_0001,275.5175743523432,12721.0,300.0,8.4605542720019,0.000498503499936002,f87cacd7c8e222a9069c913bcba247eafe8ce783292958403fe56374e80bd969,0.07872454101435004,0.15400372177611457,0.6482701489550363,6.864798507422165e-08,0.05064752403694457,0.04166666666666663
constant,diverse,stokes_corrected,fno_physics,17,diverse_test_0002,205.77449124508615,12721.0,300.0,8.4605542720019,0.000498503499936002,f87cacd7c8e222a9069c913bcba247eafe8ce783292958403fe56374e80bd969,0.07521756157694122,0.15486419638776663,0.44114875564662803,6.601083413215747e-08,0.03669196420046083,0.04166666666666674
constant,diverse,stokes_corrected,fno_physics,17,diverse_test_0003,356.31307787809095,12721.0,300.0,8.4605542720019,0.000498503499936002,f87cacd7c8e222a9069c913bcba247eafe8ce783292958403fe56374e80bd969,0.12752257164306352,0.26227922613851484,0.7576338716404782,6.464021140573095e-08,0.07052045940685872,0.05892556509887899
constant,diverse,stokes_corrected,fno_physics,17,diverse_test_0004,364.9641357923895,12721.0,300.0,8.4605542720019,0.000498503499936002,f87cacd7c8e222a9069c913bcba247eafe8ce783292958403fe56374e80bd969,0.29533440846035003,0.5750689756261088,1.0504696040407466,6.314220257763736e-08,0.06556310872633785,0.18633899812498245
constant,diverse,stokes_corrected,fno_physics,17,diverse_test_0005,326.11288015095056,12721.0,300.0,8.4605542720019,0.000498503499936002,f87cacd7c8e222a9069c913bcba247eafe8ce783292958403fe56374e80bd969,0.14308128998557934,0.309833395873873,0.8461676110023202,8.230967551980939e-08,0.0542421588592892,0.058925565098878904
constant,ood_shape,stokes_corrected,fno_physics,17,ood_shape_0000,322.0476102060863,12721.0,300.0,8.4605542720019,0.0005303146657145893,f87cacd7c8e222a9069c913bcba247eafe8ce783292958403fe56374e80bd969,0.14069230636062893,0.3379893316343388,0.8173913441132757,7.512663557918131e-08,0.06164606867696627,0.058925565098878904
constant,ood_shape,stokes_corrected,fno_physics,17,ood_shape_0001,236.44026808360903,12721.0,300.0,8.4605542720019,0.0005303146657145893,f87cacd7c8e222a9069c913bcba247eafe8ce783292958403fe56374e80bd969,0.42736079106484576,0.6055836013472742,0.6819103122748418,7.363684062511311e-08,0.05972719611822132,0.08333333333333337
constant,ood_shape,stokes_corrected,fno_physics,17,ood_shape_0002,180.95100059158364,12721.0,300.0,8.4605542720019,0.0005303146657145893,f87cacd7c8e222a9069c913bcba247eafe8ce783292958403fe56374e80bd969,0.17382105126197755,0.4344545432643209,0.7675243254248112,5.263313695991201e-08,0.0665598010203023,0.08333333333333337
constant,ood_shape,stokes_corrected,fno_physics,17,ood_shape_0003,208.6074759394159,12721.0,300.0,8.4605542720019,0.0005303146657145893,f87cacd7c8e222a9069c913bcba247eafe8ce783292958403fe56374e80bd969,0.24825978458234169,0.4181733237644279,0.6383798951292635,6.984582512359339e-08,0.042362964813645126,0.04166666666666663
constant,ood_shape,stokes_corrected,fno_physics,17,ood_shape_0004,374.64532673286527,12721.0,300.0,8.4605542720019,0.0005303146657145893,f87cacd7c8e222a9069c913bcba247eafe8ce783292958403fe56374e80bd969,0.3305441498614082,0.6383366492066396,0.989283044100684,5.326106489178528e-08,0.09090257599121715,0.2243818669639376
constant,ood_shape,stokes_corrected,fno_physics,17,ood_shape_0005,145.49153445980784,12721.0,300.0,8.4605542720019,0.0005303146657145893,f87cacd7c8e222a9069c913bcba247eafe8ce783292958403fe56374e80bd969,0.11920821199207944,0.30019503087847466,0.577799105250027,6.754642356554541e-08,0.07868161295667654,0.0931694990624913
constant,ood_re,stokes_corrected,fno_physics,17,ood_re_0000,566.4474875225259,12721.0,300.0,8.4605542720019,0.0005153773333101223,f87cacd7c8e222a9069c913bcba247eafe8ce783292958403fe56374e80bd969,0.1191749083415904,0.20992462064254938,0.9117330480706509,6.445472422456078e-08,0.11917295645678071,0.04166666666666663
constant,ood_re,stokes_corrected,fno_physics,17,ood_re_0001,490.14181715065223,12721.0,300.0,8.4605542720019,0.0005153773333101223,f87cacd7c8e222a9069c913bcba247eafe8ce783292958403fe56374e80bd969,0.07554146777923244,0.1748204654715219,0.8775755311667429,6.939500707403568e-08,0.10040242269752606,0.04166666666666663
constant,ood_re,stokes_corrected,fno_physics,17,ood_re_0002,533.202596381457,12721.0,300.0,8.4605542720019,0.0005153773333101223,f87cacd7c8e222a9069c913bcba247eafe8ce783292958403fe56374e80bd969,0.11864066751147098,0.2297389122996235,0.8646893680132666,6.52575025128499e-08,0.11254626675603885,0.04166666666666663
constant,ood_re,stokes_corrected,fno_physics,17,ood_re_0003,592.5167238454294,12721.0,300.0,8.4605542720019,0.0005153773333101223,f87cacd7c8e222a9069c913bcba247eafe8ce783292958403fe56374e80bd969,0.27161391167971577,0.4756503163907058,0.8676222785095901,6.105947392143207e-08,0.113765164078675,0.04166666666666663
constant,ood_re,stokes_corrected,fno_physics,17,ood_re_0004,489.1490754145391,12721.0,300.0,8.4605542720019,0.0005153773333101223,f87cacd7c8e222a9069c913bcba247eafe8ce783292958403fe56374e80bd969,0.12041614161368014,0.2848060931587312,0.7356461470215966,5.964479754538843e-08,0.10046715922021136,0.04166666666666663
constant,ood_re,stokes_corrected,fno_physics,17,ood_re_0005,561.89866888648,12721.0,300.0,8.4605542720019,0.0005153773333101223,f87cacd7c8e222a9069c913bcba247eafe8ce783292958403fe56374e80bd969,0.09688737088551704,0.21517180506608893,0.834249883022277,6.23576141833837e-08,0.11757753130499862,0.04166666666666663
constant,constant,stokes_corrected,coordinate_mlp,27,constant_test_0000,378.39963682209583,3457.0,299.0,3.246879953003372,0.00013683049958975366,4ce574327a5a462028deeceddc6fb85d0f217d9d5cef9b1a6fe08bf86bb88726,0.14201383229065873,0.33137710838802426,0.7152531167339584,9.447412452345816e-08,0.3344784366863252,0.04166666666666663
constant,constant,stokes_corrected,coordinate_mlp,27,constant_test_0001,275.5175743523432,3457.0,299.0,3.246879953003372,0.00013683049958975366,4ce574327a5a462028deeceddc6fb85d0f217d9d5cef9b1a6fe08bf86bb88726,0.12209111375420457,0.28832126470434594,0.6231617797231647,9.622081620364042e-08,0.3166435738769777,0.05892556509887899
constant,constant,stokes_corrected,coordinate_mlp,27,constant_test_0002,205.77449124508615,3457.0,299.0,3.246879953003372,0.00013683049958975366,4ce574327a5a462028deeceddc6fb85d0f217d9d5cef9b1a6fe08bf86bb88726,0.11687929405429683,0.26406749586535655,0.5497364564890262,1.0034730024699456e-07,0.30358532475342376,0.04166666666666674
constant,constant,stokes_corrected,coordinate_mlp,27,constant_test_0003,356.31307787809095,3457.0,299.0,3.246879953003372,0.00013683049958975366,4ce574327a5a462028deeceddc6fb85d0f217d9d5cef9b1a6fe08bf86bb88726,0.13567095318900668,0.3209200265908961,0.696835009347435,9.060111949565908e-08,0.3308003228236373,0.04166666666666663
constant,constant,stokes_corrected,coordinate_mlp,27,constant_test_0004,364.9641357923895,3457.0,299.0,3.246879953003372,0.00013683049958975366,4ce574327a5a462028deeceddc6fb85d0f217d9d5cef9b1a6fe08bf86bb88726,0.13798330283182836,0.3249135752488011,0.7041312033140771,8.367788950636168e-08,0.3322510125302379,0.04166666666666663
constant,constant,stokes_corrected,coordinate_mlp,27,constant_test_0005,326.11288015095056,3457.0,299.0,3.246879953003372,0.00013683049958975366,4ce574327a5a462028deeceddc6fb85d0f217d9d5cef9b1a6fe08bf86bb88726,0.1291140176642106,0.30786724664898096,0.6705054853484425,1.0131967798088226e-07,0.32563611171289203,0.05892556509887899
constant,diverse,stokes_corrected,coordinate_mlp,27,diverse_test_0000,378.39963682209583,3457.0,299.0,3.246879953003372,0.00013156249891229285,4ce574327a5a462028deeceddc6fb85d0f217d9d5cef9b1a6fe08bf86bb88726,0.31396254701450316,0.5028237161791491,0.6886437671661021,7.064367224529633e-08,0.29840841226226206,0.08333333333333337
constant,diverse,stokes_corrected,coordinate_mlp,27,diverse_test_0001,275.5175743523432,3457.0,299.0,3.246879953003372,0.00013156249891229285,4ce574327a5a462028deeceddc6fb85d0f217d9d5cef9b1a6fe08bf86bb88726,0.19974754044867535,0.3431377892261225,0.626804900048032,6.759290727131884e-08,0.3277589928652338,0.05892556509887899
constant,diverse,stokes_corrected,coordinate_mlp,27,diverse_test_0002,205.77449124508615,3457.0,299.0,3.246879953003372,0.00013156249891229285,4ce574327a5a462028deeceddc6fb85d0f217d9d5cef9b1a6fe08bf86bb88726,0.2421599746475608,0.3668955578847206,0.5312566626336747,8.78005721460795e-08,0.28589456645026207,0.04166666666666663
constant,diverse,stokes_corrected,coordinate_mlp,27,diverse_test_0003,356.31307787809095,3457.0,299.0,3.246879953003372,0.00013156249891229285,4ce574327a5a462028deeceddc6fb85d0f217d9d5cef9b1a6fe08bf86bb88726,0.2882569647431565,0.44497252021213607,0.6937602746052357,8.438890120032738e-08,0.3299462315695417,0.0
constant,diverse,stokes_corrected,coordinate_mlp,27,diverse_test_0004,364.9641357923895,3457.0,299.0,3.246879953003372,0.00013156249891229285,4ce574327a5a462028deeceddc6fb85d0f217d9d5cef9b1a6fe08bf86bb88726,0.566447628183105,0.7685242099982061,0.8206699438060323,6.553796083608177e-08,0.3335132860573317,0.13176156917368245
constant,diverse,stokes_corrected,coordinate_mlp,27,diverse_test_0005,326.11288015095056,3457.0,299.0,3.246879953003372,0.00013156249891229285,4ce574327a5a462028deeceddc6fb85d0f217d9d5cef9b1a6fe08bf86bb88726,0.30131834812503083,0.4665966790058162,0.6980588898698483,7.676738533746175e-08,0.3209425087467903,0.08333333333333326
constant,ood_shape,stokes_corrected,coordinate_mlp,27,ood_shape_0000,322.0476102060863,3457.0,299.0,3.246879953003372,0.0001406511667786011,4ce574327a5a462028deeceddc6fb85d0f217d9d5cef9b1a6fe08bf86bb88726,0.36765782774037603,0.5584965208584267,0.7086830345628499,5.990173690406664e-08,0.3009121034197925,0.08333333333333337
constant,ood_shape,stokes_corrected,coordinate_mlp,27,ood_shape_0001,236.44026808360903,3457.0,299.0,3.246879953003372,0.0001406511667786011,4ce574327a5a462028deeceddc6fb85d0f217d9d5cef9b1a6fe08bf86bb88726,0.854531382493197,1.0048230988993663,0.7530358183478568,8.594955147600558e-08,0.25072601771799463,0.26352313834736496
constant,ood_shape,stokes_corrected,coordinate_mlp,27,ood_shape_0002,180.95100059158364,3457.0,299.0,3.246879953003372,0.0001406511667786011,4ce574327a5a462028deeceddc6fb85d0f217d9d5cef9b1a6fe08bf86bb88726,0.531144406750504,0.7093241628699621,0.6840725687161132,7.197791518365193e-08,0.24882633460574485,0.20833333333333337
constant,ood_shape,stokes_corrected,coordinate_mlp,27,ood_shape_0003,208.6074759394159,3457.0,299.0,3.246879953003372,0.0001406511667786011,4ce574327a5a462028deeceddc6fb85d0f217d9d5cef9b1a6fe08bf86bb88726,0.5457543286854549,0.712274976174944,0.652473232922313,6.228306403954775e-08,0.2821574348082902,0.17179606773406925
constant,ood_shape,stokes_corrected,coordinate_mlp,27,ood_shape_0004,374.64532673286527,3457.0,299.0,3.246879953003372,0.0001406511667786011,4ce574327a5a462028deeceddc6fb85d0f217d9d5cef9b1a6fe08bf86bb88726,0.7694473931685654,1.0224008476867352,0.8723185383709908,6.344163949734138e-08,0.28602087359815465,0.2124591463996993
constant,ood_shape,stokes_corrected,coordinate_mlp,27,ood_shape_0005,145.49153445980784,3457.0,299.0,3.246879953003372,0.0001406511667786011,4ce574327a5a462028deeceddc6fb85d0f217d9d5cef9b1a6fe08bf86bb88726,0.3505892688687094,0.5030678052054925,0.5788756850309008,7.428865700376264e-08,0.3005134312803447,0.1717960677340693
constant,ood_re,stokes_corrected,coordinate_mlp,27,ood_re_0000,566.4474875225259,3457.0,299.0,3.246879953003372,0.0001287734994548373,4ce574327a5a462028deeceddc6fb85d0f217d9d5cef9b1a6fe08bf86bb88726,0.2929728449109121,0.498953442169378,0.8179222185717127,8.381793037415264e-08,0.3411757192686854,0.04166666666666674
constant,ood_re,stokes_corrected,coordinate_mlp,27,ood_re_0001,490.14181715065223,3457.0,299.0,3.246879953003372,0.0001287734994548373,4ce574327a5a462028deeceddc6fb85d0f217d9d5cef9b1a6fe08bf86bb88726,0.22145372859816628,0.4251445241512534,0.7787272466373616,7.730184847787314e-08,0.3429563110486982,0.0
constant,ood_re,stokes_corrected,coordinate_mlp,27,ood_re_0002,533.202596381457,3457.0,299.0,3.246879953003372,0.0001287734994548373,4ce574327a5a462028deeceddc6fb85d0f217d9d5cef9b1a6fe08bf86bb88726,0.3274030146419524,0.5269542662334389,0.8018325452773181,7.791744138785361e-08,0.340194528819581,0.05892556509887899
constant,ood_re,stokes_corrected,coordinate_mlp,27,ood_re_0003,592.5167238454294,3457.0,299.0,3.246879953003372,0.0001287734994548373,4ce574327a5a462028deeceddc6fb85d0f217d9d5cef9b1a6fe08bf86bb88726,0.7624133583393784,1.011091613800066,0.9224101068092426,7.254123346456254e-08,0.304101676687541,0.2124591463996993
constant,ood_re,stokes_corrected,coordinate_mlp,27,ood_re_0004,489.1490754145391,3457.0,299.0,3.246879953003372,0.0001287734994548373,4ce574327a5a462028deeceddc6fb85d0f217d9d5cef9b1a6fe08bf86bb88726,0.4252654810482877,0.6408018551213346,0.7777334699045533,6.76720972592193e-08,0.30705491941184193,0.0931694990624913
constant,ood_re,stokes_corrected,coordinate_mlp,27,ood_re_0005,561.89866888648,3457.0,299.0,3.246879953003372,0.0001287734994548373,4ce574327a5a462028deeceddc6fb85d0f217d9d5cef9b1a6fe08bf86bb88726,0.3312191650218172,0.5656690023735932,0.8245622927219926,6.870413926662877e-08,0.3353241080880313,0.0931694990624913
constant,constant,stokes_corrected,pod_deeponet,27,constant_test_0000,378.39963682209583,3655.0,300.0,0.41706307599815773,2.452516613023666e-05,96f019eea9afdd3e5e1855cf7c3f9593d195dcbe7b294f5f3e248f92f81c1854,0.03695940931134676,0.05132640983115192,0.0602891681341315,8.73531718070808e-08,0.3226735927985002,0.0
constant,constant,stokes_corrected,pod_deeponet,27,constant_test_0001,275.5175743523432,3655.0,300.0,0.41706307599815773,2.452516613023666e-05,96f019eea9afdd3e5e1855cf7c3f9593d195dcbe7b294f5f3e248f92f81c1854,0.008143708084998806,0.011071338344113958,0.014215459914012773,7.480235098000776e-08,0.2601342607298497,0.0
constant,constant,stokes_corrected,pod_deeponet,27,constant_test_0002,205.77449124508615,3655.0,300.0,0.41706307599815773,2.452516613023666e-05,96f019eea9afdd3e5e1855cf7c3f9593d195dcbe7b294f5f3e248f92f81c1854,0.010201678805705681,0.015718079818670877,0.021162298290368663,9.252464394648996e-08,0.2172275259129171,0.0
constant,constant,stokes_corrected,pod_deeponet,27,constant_test_0003,356.31307787809095,3655.0,300.0,0.41706307599815773,2.452516613023666e-05,96f019eea9afdd3e5e1855cf7c3f9593d195dcbe7b294f5f3e248f92f81c1854,0.02360389780062252,0.03359357339802254,0.040428382977771696,6.910777727853201e-08,0.3095628829298109,0.04166666666666674
constant,constant,stokes_corrected,pod_deeponet,27,constant_test_0004,364.9641357923895,3655.0,300.0,0.41706307599815773,2.452516613023666e-05,96f019eea9afdd3e5e1855cf7c3f9593d195dcbe7b294f5f3e248f92f81c1854,0.028595441884260237,0.04026638017158842,0.0480087540934768,7.09355774120013e-08,0.31472541363355827,0.0
constant,constant,stokes_corrected,pod_deeponet,27,constant_test_0005,326.11288015095056,3655.0,300.0,0.41706307599815773,2.452516613023666e-05,96f019eea9afdd3e5e1855cf7c3f9593d195dcbe7b294f5f3e248f92f81c1854,0.008641416307626269,0.01321069669402127,0.01640783600311407,6.170529331939179e-08,0.2913011485845706,0.0
constant,diverse,stokes_corrected,pod_deeponet,27,diverse_test_0000,378.39963682209583,3655.0,300.0,0.41706307599815773,1.4563667112573361e-05,96f019eea9afdd3e5e1855cf7c3f9593d195dcbe7b294f5f3e248f92f81c1854,0.13753274998236487,0.2621472719528726,0.627598258012057,6.825269593946359e-08,0.3435578325156672,0.05892556509887899
constant,diverse,stokes_corrected,pod_deeponet,27,diverse_test_0001,275.5175743523432,3655.0,300.0,0.41706307599815773,1.4563667112573361e-05,96f019eea9afdd3e5e1855cf7c3f9593d195dcbe7b294f5f3e248f92f81c1854,0.07349838185210447,0.1217398540291659,0.18745730701927152,7.194861950665654e-08,0.2675371722382929,0.04166666666666663
constant,diverse,stokes_corrected,pod_deeponet,27,diverse_test_0002,205.77449124508615,3655.0,300.0,0.41706307599815773,1.4563667112573361e-05,96f019eea9afdd3e5e1855cf7c3f9593d195dcbe7b294f5f3e248f92f81c1854,0.0906871852996883,0.16543586719685963,0.34060938388416157,8.979993992852542e-08,0.23366309226883297,0.04166666666666663
constant,diverse,stokes_corrected,pod_deeponet,27,diverse_test_0003,356.31307787809095,3655.0,300.0,0.41706307599815773,1.4563667112573361e-05,96f019eea9afdd3e5e1855cf7c3f9593d195dcbe7b294f5f3e248f92f81c1854,0.16009403910557396,0.26977785060372206,0.32174490842232734,6.451561063158806e-08,0.32470428559085074,0.04166666666666663
constant,diverse,stokes_corrected,pod_deeponet,27,diverse_test_0004,364.9641357923895,3655.0,300.0,0.41706307599815773,1.4563667112573361e-05,96f019eea9afdd3e5e1855cf7c3f9593d195dcbe7b294f5f3e248f92f81c1854,0.33087646465743253,0.5494147018000977,0.5524214699148946,5.572661265773604e-08,0.3363447852865565,0.09316949906249115
constant,diverse,stokes_corrected,pod_deeponet,27,diverse_test_0005,326.11288015095056,3655.0,300.0,0.41706307599815773,1.4563667112573361e-05,96f019eea9afdd3e5e1855cf7c3f9593d195dcbe7b294f5f3e248f92f81c1854,0.16512990339619435,0.27004420147675023,0.3426358340216679,7.002626745133966e-08,0.308000386356274,0.058925565098878904
constant,ood_shape,stokes_corrected,pod_deeponet,27,ood_shape_0000,322.0476102060863,3655.0,300.0,0.41706307599815773,1.3972666541424891e-05,96f019eea9afdd3e5e1855cf7c3f9593d195dcbe7b294f5f3e248f92f81c1854,0.17224939006383308,0.2968036400415628,0.5720455070256416,6.373344518806334e-08,0.3077387431879819,0.04166666666666663
constant,ood_shape,stokes_corrected,pod_deeponet,27,ood_shape_0001,236.44026808360903,3655.0,300.0,0.41706307599815773,1.3972666541424891e-05,96f019eea9afdd3e5e1855cf7c3f9593d195dcbe7b294f5f3e248f92f81c1854,0.5107413467293925,0.7583114796236032,0.8827618453094086,7.323758666188951e-08,0.2854132079365406,0.1317615691736825
constant,ood_shape,stokes_corrected,pod_deeponet,27,ood_shape_0002,180.95100059158364,3655.0,300.0,0.41706307599815773,1.3972666541424891e-05,96f019eea9afdd3e5e1855cf7c3f9593d195dcbe7b294f5f3e248f92f81c1854,0.2235094091306659,0.4213350185057473,0.7759760661020662,7.0102395000049e-08,0.2423203239888221,0.08333333333333337
constant,ood_shape,stokes_corrected,pod_deeponet,27,ood_shape_0003,208.6074759394159,3655.0,300.0,0.41706307599815773,1.3972666541424891e-05,96f019eea9afdd3e5e1855cf7c3f9593d195dcbe7b294f5f3e248f92f81c1854,0.30030253745457214,0.4732878866522775,0.6096926489123438,7.221581910243913e-08,0.2528898366736895,0.04166666666666674
constant,ood_shape,stokes_corrected,pod_deeponet,27,ood_shape_0004,374.64532673286527,3655.0,300.0,0.41706307599815773,1.3972666541424891e-05,96f019eea9afdd3e5e1855cf7c3f9593d195dcbe7b294f5f3e248f92f81c1854,0.4862687954522674,0.8153981669462151,0.90889348721083,5.6011792537447036e-08,0.35796460122340606,0.13176156917368245
constant,ood_shape,stokes_corrected,pod_deeponet,27,ood_shape_0005,145.49153445980784,3655.0,300.0,0.41706307599815773,1.3972666541424891e-05,96f019eea9afdd3e5e1855cf7c3f9593d195dcbe7b294f5f3e248f92f81c1854,0.12175369698740635,0.2199490909671465,0.4568521052348114,6.511749006676837e-08,0.2024494156939107,0.04166666666666674
constant,ood_re,stokes_corrected,pod_deeponet,27,ood_re_0000,566.4474875225259,3655.0,300.0,0.41706307599815773,1.370049964558954e-05,96f019eea9afdd3e5e1855cf7c3f9593d195dcbe7b294f5f3e248f92f81c1854,0.1705993818269408,0.2612737866362732,0.3863816612085489,7.539193802585942e-08,0.4282952921281769,0.04166666666666663
constant,ood_re,stokes_corrected,pod_deeponet,27,ood_re_0001,490.14181715065223,3655.0,300.0,0.41706307599815773,1.370049964558954e-05,96f019eea9afdd3e5e1855cf7c3f9593d195dcbe7b294f5f3e248f92f81c1854,0.10016231273666298,0.181146461746868,0.280277737749847,7.577732930030834e-08,0.3898348342901113,0.04166666666666663
constant,ood_re,stokes_corrected,pod_deeponet,27,ood_re_0002,533.202596381457,3655.0,300.0,0.41706307599815773,1.370049964558954e-05,96f019eea9afdd3e5e1855cf7c3f9593d195dcbe7b294f5f3e248f92f81c1854,0.19211174602377065,0.31864623619393523,0.41129561927732644,7.486576691917435e-08,0.41510612457694435,0.04166666666666663
constant,ood_re,stokes_corrected,pod_deeponet,27,ood_re_0003,592.5167238454294,3655.0,300.0,0.41706307599815773,1.370049964558954e-05,96f019eea9afdd3e5e1855cf7c3f9593d195dcbe7b294f5f3e248f92f81c1854,0.4930615434561192,0.8022347713928363,0.915419973406057,8.58327595665287e-08,0.4516298755497184,0.125
constant,ood_re,stokes_corrected,pod_deeponet,27,ood_re_0004,489.1490754145391,3655.0,300.0,0.41706307599815773,1.370049964558954e-05,96f019eea9afdd3e5e1855cf7c3f9593d195dcbe7b294f5f3e248f92f81c1854,0.21123576277807332,0.39768655131542835,0.7178809713544879,6.66061907850235e-08,0.40322039613105076,0.08333333333333337
constant,ood_re,stokes_corrected,pod_deeponet,27,ood_re_0005,561.89866888648,3655.0,300.0,0.41706307599815773,1.370049964558954e-05,96f019eea9afdd3e5e1855cf7c3f9593d195dcbe7b294f5f3e248f92f81c1854,0.15021045467019103,0.30856425478002963,0.5761936749614781,6.982128297750023e-08,0.43084754870939207,0.09316949906249125
constant,constant,stokes_corrected,unet,27,constant_test_0000,378.39963682209583,15013.0,299.0,5.731084906998149,0.00034333216778274317,be41017213832d526cb6614e82c1793dc9914d9275b0eec05810d541d1d25ac0,0.024549517825371285,0.0648826746647309,0.3844526687571542,8.260838058049558e-08,0.28476000963144643,0.04166666666666674
constant,constant,stokes_corrected,unet,27,constant_test_0001,275.5175743523432,15013.0,299.0,5.731084906998149,0.00034333216778274317,be41017213832d526cb6614e82c1793dc9914d9275b0eec05810d541d1d25ac0,0.014246962384033368,0.03752388577887222,0.26014097774251355,6.738878965961703e-08,0.23898870610649103,0.0
constant,constant,stokes_corrected,unet,27,constant_test_0002,205.77449124508615,15013.0,299.0,5.731084906998149,0.00034333216778274317,be41017213832d526cb6614e82c1793dc9914d9275b0eec05810d541d1d25ac0,0.010573876590031896,0.02844636483245536,0.18049507060489214,7.562014303630349e-08,0.21163925726122568,0.0
constant,constant,stokes_corrected,unet,27,constant_test_0003,356.31307787809095,15013.0,299.0,5.731084906998149,0.00034333216778274317,be41017213832d526cb6614e82c1793dc9914d9275b0eec05810d541d1d25ac0,0.02106901076907361,0.056916525647167156,0.35801469431597105,7.445236605008176e-08,0.27453147451725646,0.04166666666666674
constant,constant,stokes_corrected,unet,27,constant_test_0004,364.9641357923895,15013.0,299.0,5.731084906998149,0.00034333216778274317,be41017213832d526cb6614e82c1793dc9914d9275b0eec05810d541d1d25ac0,0.022326182775286856,0.059859531970679794,0.36840057574387214,7.662782053330375e-08,0.27851785303419996,0.04166666666666674
constant,constant,stokes_corrected,unet,27,constant_test_0005,326.11288015095056,15013.0,299.0,5.731084906998149,0.00034333216778274317,be41017213832d526cb6614e82c1793dc9914d9275b0eec05810d541d1d25ac0,0.017620840245523874,0.04817291511953066,0.3215131385851449,7.804846546832778e-08,0.2608548852514991,0.0
constant,diverse,stokes_corrected,unet,27,diverse_test_0000,378.39963682209583,15013.0,299.0,5.731084906998149,0.000585388833618102,be41017213832d526cb6614e82c1793dc9914d9275b0eec05810d541d1d25ac0,0.041692359743078306,0.08988603695507896,0.24388916634254496,6.41234549902947e-08,0.2236412689945101,0.0
constant,diverse,stokes_corrected,unet,27,diverse_test_0001,275.5175743523432,15013.0,299.0,5.731084906998149,0.000585388833618102,be41017213832d526cb6614e82c1793dc9914d9275b0eec05810d541d1d25ac0,0.04548782496200909,0.06367740748216541,0.24001900105004145,9.625033925431126e-08,0.2124795393698999,0.0
constant,diverse,stokes_corrected,unet,27,diverse_test_0002,205.77449124508615,15013.0,299.0,5.731084906998149,0.000585388833618102,be41017213832d526cb6614e82c1793dc9914d9275b0eec05810d541d1d25ac0,0.06452770569324935,0.07342566546217319,0.14079891651164234,7.374871557885854e-08,0.14534111004567082,0.0
constant,diverse,stokes_corrected,unet,27,diverse_test_0003,356.31307787809095,15013.0,299.0,5.731084906998149,0.000585388833618102,be41017213832d526cb6614e82c1793dc9914d9275b0eec05810d541d1d25ac0,0.08194859209667892,0.11343750715538263,0.3628393138138285,7.398208623499158e-08,0.19926579430512645,0.0
constant,diverse,stokes_corrected,unet,27,diverse_test_0004,364.9641357923895,15013.0,299.0,5.731084906998149,0.000585388833618102,be41017213832d526cb6614e82c1793dc9914d9275b0eec05810d541d1d25ac0,0.19073071544308187,0.21556109971027856,0.39389318113811345,5.8829147775441015e-08,0.22231497232146966,0.04166666666666663
constant,diverse,stokes_corrected,unet,27,diverse_test_0005,326.11288015095056,15013.0,299.0,5.731084906998149,0.000585388833618102,be41017213832d526cb6614e82c1793dc9914d9275b0eec05810d541d1d25ac0,0.0870419042716345,0.10700592569940595,0.2938264220664303,6.736279090091557e-08,0.21021433343734108,0.04166666666666663
constant,ood_shape,stokes_corrected,unet,27,ood_shape_0000,322.0476102060863,15013.0,299.0,5.731084906998149,0.0003187768343195785,be41017213832d526cb6614e82c1793dc9914d9275b0eec05810d541d1d25ac0,0.08986644049641317,0.1211545116666796,0.24206027912204373,6.304859567762833e-08,0.20953456555063993,0.0
constant,ood_shape,stokes_corrected,unet,27,ood_shape_0001,236.44026808360903,15013.0,299.0,5.731084906998149,0.0003187768343195785,be41017213832d526cb6614e82c1793dc9914d9275b0eec05810d541d1d25ac0,0.47493593653069044,0.4062325686551219,0.3146945480603702,7.569344973035186e-08,0.11353943399741204,0.05892556509887899
constant,ood_shape,stokes_corrected,unet,27,ood_shape_0002,180.95100059158364,15013.0,299.0,5.731084906998149,0.0003187768343195785,be41017213832d526cb6614e82c1793dc9914d9275b0eec05810d541d1d25ac0,0.20111269078472635,0.22304954992354808,0.2704406555785649,7.608665697489414e-08,0.1415414403212362,0.04166666666666674
constant,ood_shape,stokes_corrected,unet,27,ood_shape_0003,208.6074759394159,15013.0,299.0,5.731084906998149,0.0003187768343195785,be41017213832d526cb6614e82c1793dc9914d9275b0eec05810d541d1d25ac0,0.2590289263917715,0.24795920635442859,0.24296046387277032,6.504680527541495e-08,0.12757506987587441,0.04166666666666663
constant,ood_shape,stokes_corrected,unet,27,ood_shape_0004,374.64532673286527,15013.0,299.0,5.731084906998149,0.0003187768343195785,be41017213832d526cb6614e82c1793dc9914d9275b0eec05810d541d1d25ac0,0.2771571598048118,0.31413301948452743,0.42747297393393763,5.456481133592206e-08,0.17719786871443693,0.0
constant,ood_shape,stokes_corrected,unet,27,ood_shape_0005,145.49153445980784,15013.0,299.0,5.731084906998149,0.0003187768343195785,be41017213832d526cb6614e82c1793dc9914d9275b0eec05810d541d1d25ac0,0.07663969036349107,0.11777728289699387,0.1955378115466517,7.716662508983063e-08,0.16860285499047936,0.04166666666666663
constant,ood_re,stokes_corrected,unet,27,ood_re_0000,566.4474875225259,15013.0,299.0,5.731084906998149,0.0003168240000377409,be41017213832d526cb6614e82c1793dc9914d9275b0eec05810d541d1d25ac0,0.07380661159794516,0.1862072575166372,0.5205745170186334,6.381203832006577e-08,0.3594495064846303,0.04166666666666663
constant,ood_re,stokes_corrected,unet,27,ood_re_0001,490.14181715065223,15013.0,299.0,5.731084906998149,0.0003168240000377409,be41017213832d526cb6614e82c1793dc9914d9275b0eec05810d541d1d25ac0,0.04640019054641044,0.11607620048730978,0.4505543899913607,7.66839534094288e-08,0.3218873478509565,0.0
constant,ood_re,stokes_corrected,unet,27,ood_re_0002,533.202596381457,15013.0,299.0,5.731084906998149,0.0003168240000377409,be41017213832d526cb6614e82c1793dc9914d9275b0eec05810d541d1d25ac0,0.07334685107546757,0.16561972240477207,0.5026643633500818,5.9181871847613365e-08,0.3092342487200417,0.04166666666666663
constant,ood_re,stokes_corrected,unet,27,ood_re_0003,592.5167238454294,15013.0,299.0,5.731084906998149,0.0003168240000377409,be41017213832d526cb6614e82c1793dc9914d9275b0eec05810d541d1d25ac0,0.14696719426530488,0.2603860831888281,0.5333605437388532,5.3583509185273215e-08,0.23643649690893218,0.05892556509887899
constant,ood_re,stokes_corrected,unet,27,ood_re_0004,489.1490754145391,15013.0,299.0,5.731084906998149,0.0003168240000377409,be41017213832d526cb6614e82c1793dc9914d9275b0eec05810d541d1d25ac0,0.07123041468835577,0.14585868673988708,0.38607997681253,6.991843548576071e-08,0.24965065281274923,0.04166666666666674
constant,ood_re,stokes_corrected,unet,27,ood_re_0005,561.89866888648,15013.0,299.0,5.731084906998149,0.0003168240000377409,be41017213832d526cb6614e82c1793dc9914d9275b0eec05810d541d1d25ac0,0.08389829760409284,0.17474366133488164,0.4646804707042416,5.410921488646636e-08,0.3362444633164472,0.058925565098878904
constant,constant,stokes_corrected,fno,27,constant_test_0000,378.39963682209583,12721.0,300.0,7.315062253001088,0.0004573981665695707,fe842ee5f1f30d91e9562b633b0e699b5505138438071cf7405c529caac4ba66,0.031940220039631415,0.07606165127014179,0.4110984560400657,7.482433517225218e-08,0.3039344066467396,0.04166666666666674
constant,constant,stokes_corrected,fno,27,constant_test_0001,275.5175743523432,12721.0,300.0,7.315062253001088,0.0004573981665695707,fe842ee5f1f30d91e9562b633b0e699b5505138438071cf7405c529caac4ba66,0.01238245168223078,0.03898368068434436,0.2900677858923824,7.656234402020345e-08,0.27139925159529266,0.0
constant,constant,stokes_corrected,fno,27,constant_test_0002,205.77449124508615,12721.0,300.0,7.315062253001088,0.0004573981665695707,fe842ee5f1f30d91e9562b633b0e699b5505138438071cf7405c529caac4ba66,0.011223646174952103,0.033271500027698665,0.21775450851369896,8.525632466671595e-08,0.2458419244366372,0.0
constant,constant,stokes_corrected,fno,27,constant_test_0003,356.31307787809095,12721.0,300.0,7.315062253001088,0.0004573981665695707,fe842ee5f1f30d91e9562b633b0e699b5505138438071cf7405c529caac4ba66,0.024157489315503055,0.06403175461946642,0.38464324903660446,6.826152798566909e-08,0.2976971242810406,0.04166666666666674
constant,constant,stokes_corrected,fno,27,constant_test_0004,364.9641357923895,12721.0,300.0,7.315062253001088,0.0004573981665695707,fe842ee5f1f30d91e9562b633b0e699b5505138438071cf7405c529caac4ba66,0.027033241076541953,0.06852054132496481,0.3950020645483107,7.931665635396712e-08,0.30019490597501,0.04166666666666674
constant,constant,stokes_corrected,fno,27,constant_test_0005,326.11288015095056,12721.0,300.0,7.315062253001088,0.0004573981665695707,fe842ee5f1f30d91e9562b633b0e699b5505138438071cf7405c529caac4ba66,0.016250681046377852,0.050934142359917466,0.3486476536257494,8.692720854241998e-08,0.2884546820034465,0.0
constant,diverse,stokes_corrected,fno,27,diverse_test_0000,378.39963682209583,12721.0,300.0,7.315062253001088,0.000493407165777171,fe842ee5f1f30d91e9562b633b0e699b5505138438071cf7405c529caac4ba66,0.11915780723521925,0.23243758066905154,0.3846005719535897,6.446805400628364e-08,0.26655611242564925,0.09316949906249125
constant,diverse,stokes_corrected,fno,27,diverse_test_0001,275.5175743523432,12721.0,300.0,7.315062253001088,0.000493407165777171,fe842ee5f1f30d91e9562b633b0e699b5505138438071cf7405c529caac4ba66,0.08158312524454857,0.12446686954120606,0.2888145618969698,6.639568539412721e-08,0.2639993645412667,0.05892556509887899
constant,diverse,stokes_corrected,fno,27,diverse_test_0002,205.77449124508615,12721.0,300.0,7.315062253001088,0.000493407165777171,fe842ee5f1f30d91e9562b633b0e699b5505138438071cf7405c529caac4ba66,0.0793412373558717,0.15539266301608673,0.26018712535456573,7.400348067676532e-08,0.2020519169441254,0.04166666666666674
constant,diverse,stokes_corrected,fno,27,diverse_test_0003,356.31307787809095,12721.0,300.0,7.315062253001088,0.000493407165777171,fe842ee5f1f30d91e9562b633b0e699b5505138438071cf7405c529caac4ba66,0.14671989095287724,0.24446933899424786,0.45013104954768807,7.432867477064065e-08,0.26254756682400193,0.04166666666666674
constant,diverse,stokes_corrected,fno,27,diverse_test_0004,364.9641357923895,12721.0,300.0,7.315062253001088,0.000493407165777171,fe842ee5f1f30d91e9562b633b0e699b5505138438071cf7405c529caac4ba66,0.34255960060218044,0.5904211382477763,0.6481725041786137,7.405700586105013e-08,0.2894593208697941,0.13176156917368245
constant,diverse,stokes_corrected,fno,27,diverse_test_0005,326.11288015095056,12721.0,300.0,7.315062253001088,0.000493407165777171,fe842ee5f1f30d91e9562b633b0e699b5505138438071cf7405c529caac4ba66,0.1601411876558521,0.29381053926007183,0.4407113217176234,6.865908375175422e-08,0.27523555936316935,0.09316949906249115
constant,ood_shape,stokes_corrected,fno,27,ood_shape_0000,322.0476102060863,12721.0,300.0,7.315062253001088,0.00047415183265305433,fe842ee5f1f30d91e9562b633b0e699b5505138438071cf7405c529caac4ba66,0.13082464703244287,0.277669084853737,0.46337520444052643,6.475568881114668e-08,0.26732800273693663,0.08333333333333326
constant,ood_shape,stokes_corrected,fno,27,ood_shape_0001,236.44026808360903,12721.0,300.0,7.315062253001088,0.00047415183265305433,fe842ee5f1f30d91e9562b633b0e699b5505138438071cf7405c529caac4ba66,0.5052981575977588,0.6694388374533649,0.5858092375352837,8.24323294068563e-08,0.1778963214493005,0.04166666666666674
constant,ood_shape,stokes_corrected,fno,27,ood_shape_0002,180.95100059158364,12721.0,300.0,7.315062253001088,0.00047415183265305433,fe842ee5f1f30d91e9562b633b0e699b5505138438071cf7405c529caac4ba66,0.1602886226609499,0.38497453499999834,0.6652626524227124,6.837343136112395e-08,0.21580461684442082,0.0931694990624913
constant,ood_shape,stokes_corrected,fno,27,ood_shape_0003,208.6074759394159,12721.0,300.0,7.315062253001088,0.00047415183265305433,fe842ee5f1f30d91e9562b633b0e699b5505138438071cf7405c529caac4ba66,0.29423841761681985,0.4509156414994871,0.4633625894468902,9.027137082284753e-08,0.20334455698174225,0.0
constant,ood_shape,stokes_corrected,fno,27,ood_shape_0004,374.64532673286527,12721.0,300.0,7.315062253001088,0.00047415183265305433,fe842ee5f1f30d91e9562b633b0e699b5505138438071cf7405c529caac4ba66,0.3739330561988908,0.6268232269632552,0.7407859771436057,5.545090786540641e-08,0.2778688268041028,0.16666666666666663
constant,ood_shape,stokes_corrected,fno,27,ood_shape_0005,145.49153445980784,12721.0,300.0,7.315062253001088,0.00047415183265305433,fe842ee5f1f30d91e9562b633b0e699b5505138438071cf7405c529caac4ba66,0.12349037164796174,0.2996480994099288,0.5697002571168844,8.983064248013761e-08,0.2181648163651174,0.04166666666666674
constant,ood_re,stokes_corrected,fno,27,ood_re_0000,566.4474875225259,12721.0,300.0,7.315062253001088,0.0004537276666572628,fe842ee5f1f30d91e9562b633b0e699b5505138438071cf7405c529caac4ba66,0.10541078737126051,0.20928890580795165,0.5707459190307892,7.18411712341549e-08,0.3208030660879743,0.04166666666666674
constant,ood_re,stokes_corrected,fno,27,ood_re_0001,490.14181715065223,12721.0,300.0,7.315062253001088,0.0004537276666572628,fe842ee5f1f30d91e9562b633b0e699b5505138438071cf7405c529caac4ba66,0.05963533191714838,0.1408555166780299,0.48846258581778684,7.300759818917868e-08,0.31752520283089125,0.0
constant,ood_re,stokes_corrected,fno,27,ood_re_0002,533.202596381457,12721.0,300.0,7.315062253001088,0.0004537276666572628,fe842ee5f1f30d91e9562b633b0e699b5505138438071cf7405c529caac4ba66,0.11139597879305109,0.21845636208010719,0.5623847373977612,6.665010943152083e-08,0.3046973376373793,0.0
constant,ood_re,stokes_corrected,fno,27,ood_re_0003,592.5167238454294,12721.0,300.0,7.315062253001088,0.0004537276666572628,fe842ee5f1f30d91e9562b633b0e699b5505138438071cf7405c529caac4ba66,0.32100565613649196,0.5204080355286924,0.6972346980954276,7.724718642521111e-08,0.26848022336929495,0.04166666666666663
constant,ood_re,stokes_corrected,fno,27,ood_re_0004,489.1490754145391,12721.0,300.0,7.315062253001088,0.0004537276666572628,fe842ee5f1f30d91e9562b633b0e699b5505138438071cf7405c529caac4ba66,0.14224059347134482,0.2934264775179551,0.5348170337972393,6.61570140891854e-08,0.27979782516934987,0.04166666666666663
constant,ood_re,stokes_corrected,fno,27,ood_re_0005,561.89866888648,12721.0,300.0,7.315062253001088,0.0004537276666572628,fe842ee5f1f30d91e9562b633b0e699b5505138438071cf7405c529caac4ba66,0.11854134314218827,0.2244892081744385,0.5436109478805857,7.381361655234286e-08,0.315694615980479,0.04166666666666663
constant,constant,stokes_corrected,fno_physics,27,constant_test_0000,378.39963682209583,12721.0,300.0,7.2106896709956345,0.0004583029998078321,26960202a4f3b9dedeb90e0376350aec8980a012ac8ac9b8b83c2d0bd98b4777,0.05738246507252901,0.1450841420399518,0.8431725471438668,7.23949042935601e-08,0.06461874563899708,0.04166666666666674
constant,constant,stokes_corrected,fno_physics,27,constant_test_0001,275.5175743523432,12721.0,300.0,7.2106896709956345,0.0004583029998078321,26960202a4f3b9dedeb90e0376350aec8980a012ac8ac9b8b83c2d0bd98b4777,0.03998650143301428,0.1123975191370154,0.6786468663582704,9.0273168495969e-08,0.05169066357648375,0.0
constant,constant,stokes_corrected,fno_physics,27,constant_test_0002,205.77449124508615,12721.0,300.0,7.2106896709956345,0.0004583029998078321,26960202a4f3b9dedeb90e0376350aec8980a012ac8ac9b8b83c2d0bd98b4777,0.035030346371978736,0.09614928833424845,0.552663524035983,9.242450715873929e-08,0.045026000474779934,0.0
constant,constant,stokes_corrected,fno_physics,27,constant_test_0003,356.31307787809095,12721.0,300.0,7.2106896709956345,0.0004583029998078321,26960202a4f3b9dedeb90e0376350aec8980a012ac8ac9b8b83c2d0bd98b4777,0.05006287662243138,0.13537209893114516,0.8104981258867505,8.357228864497301e-08,0.06197677204198583,0.04166666666666674
constant,constant,stokes_corrected,fno_physics,27,constant_test_0004,364.9641357923895,12721.0,300.0,7.2106896709956345,0.0004583029998078321,26960202a4f3b9dedeb90e0376350aec8980a012ac8ac9b8b83c2d0bd98b4777,0.052648624340464446,0.13895428625901085,0.8234914674793548,8.010484009446373e-08,0.06303455301788577,0.04166666666666674
constant,constant,stokes_corrected,fno_physics,27,constant_test_0005,326.11288015095056,12721.0,300.0,7.2106896709956345,0.0004583029998078321,26960202a4f3b9dedeb90e0376350aec8980a012ac8ac9b8b83c2d0bd98b4777,0.04376136284604462,0.12489332248582129,0.7633087637429881,8.273767093669449e-08,0.05812636734215096,0.0
constant,diverse,stokes_corrected,fno_physics,27,diverse_test_0000,378.39963682209583,12721.0,300.0,7.2106896709956345,0.0004855538330351313,26960202a4f3b9dedeb90e0376350aec8980a012ac8ac9b8b83c2d0bd98b4777,0.12354177304331279,0.24785285098153653,0.6709880574096078,5.9163898669112314e-08,0.05154720876989146,0.08333333333333337
constant,diverse,stokes_corrected,fno_physics,27,diverse_test_0001,275.5175743523432,12721.0,300.0,7.2106896709956345,0.0004855538330351313,26960202a4f3b9dedeb90e0376350aec8980a012ac8ac9b8b83c2d0bd98b4777,0.07755330781897239,0.16183612029978378,0.6771451198867497,6.843720967708578e-08,0.04864409185367671,0.05892556509887899
constant,diverse,stokes_corrected,fno_physics,27,diverse_test_0002,205.77449124508615,12721.0,300.0,7.2106896709956345,0.0004855538330351313,26960202a4f3b9dedeb90e0376350aec8980a012ac8ac9b8b83c2d0bd98b4777,0.07620172765571498,0.17169318955335924,0.4496799443647318,7.221051845363036e-08,0.046370251394805787,0.04166666666666674
constant,diverse,stokes_corrected,fno_physics,27,diverse_test_0003,356.31307787809095,12721.0,300.0,7.2106896709956345,0.0004855538330351313,26960202a4f3b9dedeb90e0376350aec8980a012ac8ac9b8b83c2d0bd98b4777,0.11868565031185273,0.26048687683915056,0.77180173451549,6.452370371334837e-08,0.0789822110823895,0.05892556509887899
constant,diverse,stokes_corrected,fno_physics,27,diverse_test_0004,364.9641357923895,12721.0,300.0,7.2106896709956345,0.0004855538330351313,26960202a4f3b9dedeb90e0376350aec8980a012ac8ac9b8b83c2d0bd98b4777,0.3071147116064603,0.6188533757400421,1.0814841524901813,6.911962913136449e-08,0.07712582023097261,0.11785113019775781
constant,diverse,stokes_corrected,fno_physics,27,diverse_test_0005,326.11288015095056,12721.0,300.0,7.2106896709956345,0.0004855538330351313,26960202a4f3b9dedeb90e0376350aec8980a012ac8ac9b8b83c2d0bd98b4777,0.15196398014850487,0.34102498277245935,0.8606375939489167,7.138915947280111e-08,0.06905079203622316,0.09316949906249115
constant,ood_shape,stokes_corrected,fno_physics,27,ood_shape_0000,322.0476102060863,12721.0,300.0,7.2106896709956345,0.00045448066642469104,26960202a4f3b9dedeb90e0376350aec8980a012ac8ac9b8b83c2d0bd98b4777,0.16335859385773208,0.39744270908680057,0.8461458648298154,9.446914361888048e-08,0.07878928384077681,0.09316949906249115
constant,ood_shape,stokes_corrected,fno_physics,27,ood_shape_0001,236.44026808360903,12721.0,300.0,7.2106896709956345,0.00045448066642469104,26960202a4f3b9dedeb90e0376350aec8980a012ac8ac9b8b83c2d0bd98b4777,0.41253803461181154,0.6104992957039451,0.7007757581351278,7.071650287571174e-08,0.07543342546899366,0.13176156917368245
constant,ood_shape,stokes_corrected,fno_physics,27,ood_shape_0002,180.95100059158364,12721.0,300.0,7.2106896709956345,0.00045448066642469104,26960202a4f3b9dedeb90e0376350aec8980a012ac8ac9b8b83c2d0bd98b4777,0.18134765684681753,0.4735161973593011,0.8536361508996053,5.449141227131804e-08,0.08115330672568638,0.0931694990624913
constant,ood_shape,stokes_corrected,fno_physics,27,ood_shape_0003,208.6074759394159,12721.0,300.0,7.2106896709956345,0.00045448066642469104,26960202a4f3b9dedeb90e0376350aec8980a012ac8ac9b8b83c2d0bd98b4777,0.25291278814871604,0.4384551486679066,0.702764225004684,7.516752020819695e-08,0.05767161243045279,0.05892556509887899
constant,ood_shape,stokes_corrected,fno_physics,27,ood_shape_0004,374.64532673286527,12721.0,300.0,7.2106896709956345,0.00045448066642469104,26960202a4f3b9dedeb90e0376350aec8980a012ac8ac9b8b83c2d0bd98b4777,0.30893239333523587,0.6480573969530741,1.0009600342509684,6.405873875792167e-08,0.10130015159165477,0.13176156917368245
constant,ood_shape,stokes_corrected,fno_physics,27,ood_shape_0005,145.49153445980784,12721.0,300.0,7.2106896709956345,0.00045448066642469104,26960202a4f3b9dedeb90e0376350aec8980a012ac8ac9b8b83c2d0bd98b4777,0.13477063387735633,0.36907461656055396,0.8146529196758636,8.827230857377799e-08,0.10961272187264126,0.1317615691736825
constant,ood_re,stokes_corrected,fno_physics,27,ood_re_0000,566.4474875225259,12721.0,300.0,7.2106896709956345,0.00047419683323823847,26960202a4f3b9dedeb90e0376350aec8980a012ac8ac9b8b83c2d0bd98b4777,0.13009805838844996,0.2838853209209333,0.9813856919327226,6.039481093012e-08,0.0766777417804616,0.04166666666666674
constant,ood_re,stokes_corrected,fno_physics,27,ood_re_0001,490.14181715065223,12721.0,300.0,7.2106896709956345,0.00047419683323823847,26960202a4f3b9dedeb90e0376350aec8980a012ac8ac9b8b83c2d0bd98b4777,0.08411618689644326,0.2091663052212831,0.9319303770101768,7.573558491458243e-08,0.06691924905703742,0.04166666666666663
constant,ood_re,stokes_corrected,fno_physics,27,ood_re_0002,533.202596381457,12721.0,300.0,7.2106896709956345,0.00047419683323823847,26960202a4f3b9dedeb90e0376350aec8980a012ac8ac9b8b83c2d0bd98b4777,0.12137745450005663,0.2627340828806826,0.9094306342386139,6.932444307494734e-08,0.07446798228796359,0.0
constant,ood_re,stokes_corrected,fno_physics,27,ood_re_0003,592.5167238454294,12721.0,300.0,7.2106896709956345,0.00047419683323823847,26960202a4f3b9dedeb90e0376350aec8980a012ac8ac9b8b83c2d0bd98b4777,0.25090879768646646,0.5019871081919255,0.9383912182273273,6.69068711545151e-08,0.09742466826393921,0.0
constant,ood_re,stokes_corrected,fno_physics,27,ood_re_0004,489.1490754145391,12721.0,300.0,7.2106896709956345,0.00047419683323823847,26960202a4f3b9dedeb90e0376350aec8980a012ac8ac9b8b83c2d0bd98b4777,0.1349017419534145,0.3210721199694323,0.8050798227525184,6.305526767391711e-08,0.06572878105031303,0.04166666666666663
constant,ood_re,stokes_corrected,fno_physics,27,ood_re_0005,561.89866888648,12721.0,300.0,7.2106896709956345,0.00047419683323823847,26960202a4f3b9dedeb90e0376350aec8980a012ac8ac9b8b83c2d0bd98b4777,0.11615805525481222,0.28730229492156995,0.9758917885036588,8.120116490317741e-08,0.05938891260250372,0.04166666666666663
diverse,constant,direct,coordinate_mlp,7,constant_test_0000,378.39963682209583,3457.0,300.0,2.708244819994434,0.0002555103334695256,787e6acf08f5255f06e2490d65c8676ed5c35fedc9d47ede15cd6d4b46cc06a2,0.2453730775085573,0.44862493807238424,0.8577138804468638,6.622060055860857e-08,0.6359450399441494,0.04166666666666663
diverse,constant,direct,coordinate_mlp,7,constant_test_0001,275.5175743523432,3457.0,300.0,2.708244819994434,0.0002555103334695256,787e6acf08f5255f06e2490d65c8676ed5c35fedc9d47ede15cd6d4b46cc06a2,0.25397820299819945,0.4439207610345648,0.8328019183906163,6.562102328189212e-08,0.6236875176759037,0.05892556509887899
diverse,constant,direct,coordinate_mlp,7,constant_test_0002,205.77449124508615,3457.0,300.0,2.708244819994434,0.0002555103334695256,787e6acf08f5255f06e2490d65c8676ed5c35fedc9d47ede15cd6d4b46cc06a2,0.2594851072519552,0.44579835236813714,0.8164702280787758,7.19177748464972e-08,0.615673956486121,0.04166666666666674
diverse,constant,direct,coordinate_mlp,7,constant_test_0003,356.31307787809095,3457.0,300.0,2.708244819994434,0.0002555103334695256,787e6acf08f5255f06e2490d65c8676ed5c35fedc9d47ede15cd6d4b46cc06a2,0.24710669228707652,0.44700447804697857,0.8524092173905936,6.105821626078978e-08,0.6332749537146939,0.04166666666666663
diverse,constant,direct,coordinate_mlp,7,constant_test_0004,364.9641357923895,3457.0,300.0,2.708244819994434,0.0002555103334695256,787e6acf08f5255f06e2490d65c8676ed5c35fedc9d47ede15cd6d4b46cc06a2,0.24640668886272374,0.4476000299496839,0.8544946713923204,7.358666209711373e-08,0.6343184773672547,0.04166666666666663
diverse,constant,direct,coordinate_mlp,7,constant_test_0005,326.11288015095056,3457.0,300.0,2.708244819994434,0.0002555103334695256,787e6acf08f5255f06e2490d65c8676ed5c35fedc9d47ede15cd6d4b46cc06a2,0.24966828935471744,0.44531474977159763,0.8450794325166532,6.421010567692065e-08,0.6296566629026018,0.05892556509887899
diverse,diverse,direct,coordinate_mlp,7,diverse_test_0000,378.39963682209583,3457.0,300.0,2.708244819994434,0.00024066299981010766,787e6acf08f5255f06e2490d65c8676ed5c35fedc9d47ede15cd6d4b46cc06a2,0.2285588465839783,0.42782907738713355,0.8020437742680656,6.737411695212359e-08,0.4082336530158095,0.05892556509887899
diverse,diverse,direct,coordinate_mlp,7,diverse_test_0001,275.5175743523432,3457.0,300.0,2.708244819994434,0.00024066299981010766,787e6acf08f5255f06e2490d65c8676ed5c35fedc9d47ede15cd6d4b46cc06a2,0.22272162608716017,0.41922385557873276,0.8162367076177879,6.566393295770467e-08,0.5195757073564299,0.04166666666666674
diverse,diverse,direct,coordinate_mlp,7,diverse_test_0002,205.77449124508615,3457.0,300.0,2.708244819994434,0.00024066299981010766,787e6acf08f5255f06e2490d65c8676ed5c35fedc9d47ede15cd6d4b46cc06a2,0.24159326018451183,0.44029609799593245,0.7871484457802814,6.887430714641596e-08,0.43786913794313376,0.04166666666666674
diverse,diverse,direct,coordinate_mlp,7,diverse_test_0003,356.31307787809095,3457.0,300.0,2.708244819994434,0.00024066299981010766,787e6acf08f5255f06e2490d65c8676ed5c35fedc9d47ede15cd6d4b46cc06a2,0.27282815101033386,0.47332238319536246,0.8563057609699816,5.650044698768397e-08,0.5172836142224752,0.05892556509887899
diverse,diverse,direct,coordinate_mlp,7,diverse_test_0004,364.9641357923895,3457.0,300.0,2.708244819994434,0.00024066299981010766,787e6acf08f5255f06e2490d65c8676ed5c35fedc9d47ede15cd6d4b46cc06a2,0.32170430781516113,0.5321695146448664,0.8710488707846219,6.30700185411115e-08,0.4821619143355285,0.04166666666666674
diverse,diverse,direct,coordinate_mlp,7,diverse_test_0005,326.11288015095056,3457.0,300.0,2.708244819994434,0.00024066299981010766,787e6acf08f5255f06e2490d65c8676ed5c35fedc9d47ede15cd6d4b46cc06a2,0.2504980824841997,0.46215461040859124,0.8376475047208598,6.211661229826859e-08,0.4927339496376754,0.04166666666666674
diverse,ood_shape,direct,coordinate_mlp,7,ood_shape_0000,322.0476102060863,3457.0,300.0,2.708244819994434,0.00026682383274116245,787e6acf08f5255f06e2490d65c8676ed5c35fedc9d47ede15cd6d4b46cc06a2,0.24607248005463558,0.43955322061700863,0.8034827221670151,6.19164310933229e-08,0.4134245900557126,0.05892556509887899
diverse,ood_shape,direct,coordinate_mlp,7,ood_shape_0001,236.44026808360903,3457.0,300.0,2.708244819994434,0.00026682383274116245,787e6acf08f5255f06e2490d65c8676ed5c35fedc9d47ede15cd6d4b46cc06a2,0.5164987576516404,0.7099479624828019,0.8841190893131121,6.793571571961365e-08,0.3891690527952342,0.18633899812498256
diverse,ood_shape,direct,coordinate_mlp,7,ood_shape_0002,180.95100059158364,3457.0,300.0,2.708244819994434,0.00026682383274116245,787e6acf08f5255f06e2490d65c8676ed5c35fedc9d47ede15cd6d4b46cc06a2,0.35812421862276184,0.5018137916257998,0.7717928601741917,7.338748275742546e-08,0.2747100692377953,0.058925565098879064
diverse,ood_shape,direct,coordinate_mlp,7,ood_shape_0003,208.6074759394159,3457.0,300.0,2.708244819994434,0.00026682383274116245,787e6acf08f5255f06e2490d65c8676ed5c35fedc9d47ede15cd6d4b46cc06a2,0.4138836933848106,0.5789306592222329,0.8313568534784157,6.926352114078327e-08,0.3795916116419369,0.1317615691736825
diverse,ood_shape,direct,coordinate_mlp,7,ood_shape_0004,374.64532673286527,3457.0,300.0,2.708244819994434,0.00026682383274116245,787e6acf08f5255f06e2490d65c8676ed5c35fedc9d47ede15cd6d4b46cc06a2,0.39649375471342974,0.6093162474093938,0.8771919628187521,6.05220407123852e-08,0.3804140536065699,0.04166666666666674
diverse,ood_shape,direct,coordinate_mlp,7,ood_shape_0005,145.49153445980784,3457.0,300.0,2.708244819994434,0.00026682383274116245,787e6acf08f5255f06e2490d65c8676ed5c35fedc9d47ede15cd6d4b46cc06a2,0.37532178209648426,0.47368072931642075,0.762045725560003,8.684779118084407e-08,0.3521079935220288,0.0931694990624913
diverse,ood_re,direct,coordinate_mlp,7,ood_re_0000,566.4474875225259,3457.0,300.0,2.708244819994434,0.00024294316729841134,787e6acf08f5255f06e2490d65c8676ed5c35fedc9d47ede15cd6d4b46cc06a2,0.25545223343970463,0.4696237960291694,0.872497757185842,6.649305817063578e-08,0.5882444930180609,0.04166666666666663
diverse,ood_re,direct,coordinate_mlp,7,ood_re_0001,490.14181715065223,3457.0,300.0,2.708244819994434,0.00024294316729841134,787e6acf08f5255f06e2490d65c8676ed5c35fedc9d47ede15cd6d4b46cc06a2,0.23032376328532803,0.44781947264464644,0.8622281388945165,6.956810238989419e-08,0.5817070056116,0.04166666666666663
diverse,ood_re,direct,coordinate_mlp,7,ood_re_0002,533.202596381457,3457.0,300.0,2.708244819994434,0.00024294316729841134,787e6acf08f5255f06e2490d65c8676ed5c35fedc9d47ede15cd6d4b46cc06a2,0.24636802083243906,0.4701106427371251,0.8756393169972223,6.375984895612419e-08,0.5456205348881337,0.04166666666666663
diverse,ood_re,direct,coordinate_mlp,7,ood_re_0003,592.5167238454294,3457.0,300.0,2.708244819994434,0.00024294316729841134,787e6acf08f5255f06e2490d65c8676ed5c35fedc9d47ede15cd6d4b46cc06a2,0.3392401893906186,0.5633138798298132,0.8931280771980004,5.990298745928158e-08,0.42445222105185965,0.04166666666666674
diverse,ood_re,direct,coordinate_mlp,7,ood_re_0004,489.1490754145391,3457.0,300.0,2.708244819994434,0.00024294316729841134,787e6acf08f5255f06e2490d65c8676ed5c35fedc9d47ede15cd6d4b46cc06a2,0.2510823890438463,0.4667956238016472,0.8429313290865765,5.6239738199792555e-08,0.4233518067424795,0.04166666666666663
diverse,ood_re,direct,coordinate_mlp,7,ood_re_0005,561.89866888648,3457.0,300.0,2.708244819994434,0.00024294316729841134,787e6acf08f5255f06e2490d65c8676ed5c35fedc9d47ede15cd6d4b46cc06a2,0.24255361314493332,0.45296302930832993,0.8520560181460488,6.921380446556213e-08,0.5132918918484867,0.04166666666666663
diverse,constant,direct,pod_deeponet,7,constant_test_0000,378.39963682209583,3900.0,299.0,0.49758662800013553,2.3121333166879292e-05,2ea9f4d481b8ec28659be8b62cf89ea92347fb89bcab90ebb7ebb35a5b4d19b8,0.057769988734037075,0.06892984720138451,0.09016071531399551,7.457537520849655e-08,0.3066754114163668,0.04166666666666674
diverse,constant,direct,pod_deeponet,7,constant_test_0001,275.5175743523432,3900.0,299.0,0.49758662800013553,2.3121333166879292e-05,2ea9f4d481b8ec28659be8b62cf89ea92347fb89bcab90ebb7ebb35a5b4d19b8,0.008465694075561223,0.01588866134970652,0.026523560225380143,7.02422440213013e-08,0.25729883346714794,0.0
diverse,constant,direct,pod_deeponet,7,constant_test_0002,205.77449124508615,3900.0,299.0,0.49758662800013553,2.3121333166879292e-05,2ea9f4d481b8ec28659be8b62cf89ea92347fb89bcab90ebb7ebb35a5b4d19b8,0.01626331930417966,0.01861872018838375,0.027987558005721426,9.534383593745588e-08,0.22525542932040624,0.0
diverse,constant,direct,pod_deeponet,7,constant_test_0003,356.31307787809095,3900.0,299.0,0.49758662800013553,2.3121333166879292e-05,2ea9f4d481b8ec28659be8b62cf89ea92347fb89bcab90ebb7ebb35a5b4d19b8,0.041745637464743385,0.05050576381815645,0.07136877766699039,7.710239913194528e-08,0.2959453140498838,0.04166666666666674
diverse,constant,direct,pod_deeponet,7,constant_test_0004,364.9641357923895,3900.0,299.0,0.49758662800013553,2.3121333166879292e-05,2ea9f4d481b8ec28659be8b62cf89ea92347fb89bcab90ebb7ebb35a5b4d19b8,0.04776255079387345,0.05737729398430584,0.07850224612539967,7.252292988368936e-08,0.3001425646550259,0.04166666666666674
diverse,constant,direct,pod_deeponet,7,constant_test_0005,326.11288015095056,3900.0,299.0,0.49758662800013553,2.3121333166879292e-05,2ea9f4d481b8ec28659be8b62cf89ea92347fb89bcab90ebb7ebb35a5b4d19b8,0.023507583069788864,0.0304108590942074,0.04925099407929278,8.204689549984323e-08,0.28136590069723083,0.0
diverse,diverse,direct,pod_deeponet,7,diverse_test_0000,378.39963682209583,3900.0,299.0,0.49758662800013553,1.9425833064209048e-05,2ea9f4d481b8ec28659be8b62cf89ea92347fb89bcab90ebb7ebb35a5b4d19b8,0.024585133417734117,0.04335864897595707,0.08376542065486403,6.878961045231335e-08,0.22282306912452235,0.0
diverse,diverse,direct,pod_deeponet,7,diverse_test_0001,275.5175743523432,3900.0,299.0,0.49758662800013553,1.9425833064209048e-05,2ea9f4d481b8ec28659be8b62cf89ea92347fb89bcab90ebb7ebb35a5b4d19b8,0.010110310443241287,0.01667601408167851,0.025140379906876575,6.420306419840927e-08,0.23272106724282274,0.0
diverse,diverse,direct,pod_deeponet,7,diverse_test_0002,205.77449124508615,3900.0,299.0,0.49758662800013553,1.9425833064209048e-05,2ea9f4d481b8ec28659be8b62cf89ea92347fb89bcab90ebb7ebb35a5b4d19b8,0.013773438841955457,0.025844849013253582,0.04710622529279215,8.949721319595483e-08,0.1355086543744665,0.0
diverse,diverse,direct,pod_deeponet,7,diverse_test_0003,356.31307787809095,3900.0,299.0,0.49758662800013553,1.9425833064209048e-05,2ea9f4d481b8ec28659be8b62cf89ea92347fb89bcab90ebb7ebb35a5b4d19b8,0.02540563567493205,0.0438247741471209,0.06591771096388682,7.84478331183891e-08,0.22549306519441037,0.0
diverse,diverse,direct,pod_deeponet,7,diverse_test_0004,364.9641357923895,3900.0,299.0,0.49758662800013553,1.9425833064209048e-05,2ea9f4d481b8ec28659be8b62cf89ea92347fb89bcab90ebb7ebb35a5b4d19b8,0.06125195834950366,0.09311367695896988,0.10914755337224387,5.212174514213075e-08,0.2632309514314145,0.04166666666666663
diverse,diverse,direct,pod_deeponet,7,diverse_test_0005,326.11288015095056,3900.0,299.0,0.49758662800013553,1.9425833064209048e-05,2ea9f4d481b8ec28659be8b62cf89ea92347fb89bcab90ebb7ebb35a5b4d19b8,0.020379513382683317,0.030340009042707398,0.03963003979567776,6.97280952977053e-08,0.23711802277507177,0.04166666666666663
diverse,ood_shape,direct,pod_deeponet,7,ood_shape_0000,322.0476102060863,3900.0,299.0,0.49758662800013553,2.037566567499501e-05,2ea9f4d481b8ec28659be8b62cf89ea92347fb89bcab90ebb7ebb35a5b4d19b8,0.02603709784808162,0.041957036765444565,0.08679374348335314,6.430254728684304e-08,0.20971826639559693,0.0
diverse,ood_shape,direct,pod_deeponet,7,ood_shape_0001,236.44026808360903,3900.0,299.0,0.49758662800013553,2.037566567499501e-05,2ea9f4d481b8ec28659be8b62cf89ea92347fb89bcab90ebb7ebb35a5b4d19b8,0.12505184549653323,0.1279200392342677,0.1532481104127129,5.147540349526025e-08,0.14882170562338692,0.05892556509887899
diverse,ood_shape,direct,pod_deeponet,7,ood_shape_0002,180.95100059158364,3900.0,299.0,0.49758662800013553,2.037566567499501e-05,2ea9f4d481b8ec28659be8b62cf89ea92347fb89bcab90ebb7ebb35a5b4d19b8,0.060486081756497105,0.09034600492147807,0.2323588176778703,7.696695547565469e-08,0.1352617515582206,0.04166666666666663
diverse,ood_shape,direct,pod_deeponet,7,ood_shape_0003,208.6074759394159,3900.0,299.0,0.49758662800013553,2.037566567499501e-05,2ea9f4d481b8ec28659be8b62cf89ea92347fb89bcab90ebb7ebb35a5b4d19b8,0.04613719348207022,0.057527095617208965,0.09443753454442508,5.777833322895276e-08,0.13925989962943697,0.04166666666666663
diverse,ood_shape,direct,pod_deeponet,7,ood_shape_0004,374.64532673286527,3900.0,299.0,0.49758662800013553,2.037566567499501e-05,2ea9f4d481b8ec28659be8b62cf89ea92347fb89bcab90ebb7ebb35a5b4d19b8,0.08108998117164519,0.11220066019531816,0.16105176257805648,5.074852538200503e-08,0.19764243628211994,0.04166666666666663
diverse,ood_shape,direct,pod_deeponet,7,ood_shape_0005,145.49153445980784,3900.0,299.0,0.49758662800013553,2.037566567499501e-05,2ea9f4d481b8ec28659be8b62cf89ea92347fb89bcab90ebb7ebb35a5b4d19b8,0.03552587159351442,0.09184745093775017,0.2670308264412234,7.616085184736221e-08,0.18317611580621765,0.0
diverse,ood_re,direct,pod_deeponet,7,ood_re_0000,566.4474875225259,3900.0,299.0,0.49758662800013553,1.9147000178539503e-05,2ea9f4d481b8ec28659be8b62cf89ea92347fb89bcab90ebb7ebb35a5b4d19b8,0.2255800134702389,0.28147594205596616,0.29719766265011294,9.01938008723846e-08,0.365451329877797,0.08333333333333337
diverse,ood_re,direct,pod_deeponet,7,ood_re_0001,490.14181715065223,3900.0,299.0,0.49758662800013553,1.9147000178539503e-05,2ea9f4d481b8ec28659be8b62cf89ea92347fb89bcab90ebb7ebb35a5b4d19b8,0.1373967386244039,0.17571935167343558,0.19732506432644362,8.568213871740227e-08,0.34000123592329956,0.04166666666666663
diverse,ood_re,direct,pod_deeponet,7,ood_re_0002,533.202596381457,3900.0,299.0,0.49758662800013553,1.9147000178539503e-05,2ea9f4d481b8ec28659be8b62cf89ea92347fb89bcab90ebb7ebb35a5b4d19b8,0.17522976386969907,0.23399689939571644,0.24041008316918538,7.516282352071357e-08,0.3241670539087353,0.04166666666666663
diverse,ood_re,direct,pod_deeponet,7,ood_re_0003,592.5167238454294,3900.0,299.0,0.49758662800013553,1.9147000178539503e-05,2ea9f4d481b8ec28659be8b62cf89ea92347fb89bcab90ebb7ebb35a5b4d19b8,0.23076557705656955,0.34865727827474136,0.3513796508917035,6.544240704897675e-08,0.2616591850161494,0.08333333333333326
diverse,ood_re,direct,pod_deeponet,7,ood_re_0004,489.1490754145391,3900.0,299.0,0.49758662800013553,1.9147000178539503e-05,2ea9f4d481b8ec28659be8b62cf89ea92347fb89bcab90ebb7ebb35a5b4d19b8,0.08773596546146883,0.14489682967492742,0.20124290834787623,7.125161261001267e-08,0.25721974814402526,0.04166666666666663
diverse,ood_re,direct,pod_deeponet,7,ood_re_0005,561.89866888648,3900.0,299.0,0.49758662800013553,1.9147000178539503e-05,2ea9f4d481b8ec28659be8b62cf89ea92347fb89bcab90ebb7ebb35a5b4d19b8,0.1713970284569024,0.24543562653157858,0.31597442120403757,7.244246802429188e-08,0.3484309368152992,0.08333333333333337
diverse,constant,direct,unet,7,constant_test_0000,378.39963682209583,15013.0,299.0,5.219094096006302,0.00037912266755787033,6751a989e3295f5dcac85d9263fa6890fb25ea7514dffcdd281bf45f257ba0db,0.09396115563817294,0.16617806324571302,0.6164233212865659,8.295363329580141e-08,0.39271110413747906,0.04166666666666674
diverse,constant,direct,unet,7,constant_test_0001,275.5175743523432,15013.0,299.0,5.219094096006302,0.00037912266755787033,6751a989e3295f5dcac85d9263fa6890fb25ea7514dffcdd281bf45f257ba0db,0.052732336817541726,0.11263029150018215,0.5151598297995817,9.003073841995501e-08,0.3755844373703481,0.0
diverse,constant,direct,unet,7,constant_test_0002,205.77449124508615,15013.0,299.0,5.219094096006302,0.00037912266755787033,6751a989e3295f5dcac85d9263fa6890fb25ea7514dffcdd281bf45f257ba0db,0.04953045232869632,0.09339849847044553,0.45412506998421104,9.773294351589357e-08,0.36356291766561094,0.0
diverse,constant,direct,unet,7,constant_test_0003,356.31307787809095,15013.0,299.0,5.219094096006302,0.00037912266755787033,6751a989e3295f5dcac85d9263fa6890fb25ea7514dffcdd281bf45f257ba0db,0.07824899327898298,0.15166321012024184,0.5947856380795685,7.821802228136221e-08,0.38911964683669176,0.04166666666666674
diverse,constant,direct,unet,7,constant_test_0004,364.9641357923895,15013.0,299.0,5.219094096006302,0.00037912266755787033,6751a989e3295f5dcac85d9263fa6890fb25ea7514dffcdd281bf45f257ba0db,0.08389859438328169,0.15708781459041637,0.6032930749735953,6.968280530372795e-08,0.3905328431562394,0.04166666666666674
diverse,constant,direct,unet,7,constant_test_0005,326.11288015095056,15013.0,299.0,5.219094096006302,0.00037912266755787033,6751a989e3295f5dcac85d9263fa6890fb25ea7514dffcdd281bf45f257ba0db,0.0634762001017218,0.13495382610365148,0.5648820935850144,7.02694933352177e-08,0.38412652754948984,0.0
diverse,diverse,direct,unet,7,diverse_test_0000,378.39963682209583,15013.0,299.0,5.219094096006302,0.00023011566615120196,6751a989e3295f5dcac85d9263fa6890fb25ea7514dffcdd281bf45f257ba0db,0.05481348584362783,0.1253966677582528,0.46306985113423327,6.567542953916927e-08,0.24921311452661787,0.04166666666666674
diverse,diverse,direct,unet,7,diverse_test_0001,275.5175743523432,15013.0,299.0,5.219094096006302,0.00023011566615120196,6751a989e3295f5dcac85d9263fa6890fb25ea7514dffcdd281bf45f257ba0db,0.04842752782763492,0.10542991365948491,0.5114617356433558,6.936772223298249e-08,0.32907581126005725,0.0
diverse,diverse,direct,unet,7,diverse_test_0002,205.77449124508615,15013.0,299.0,5.219094096006302,0.00023011566615120196,6751a989e3295f5dcac85d9263fa6890fb25ea7514dffcdd281bf45f257ba0db,0.04510348976071529,0.08607017037445844,0.36702542562882023,9.299108683080703e-08,0.22746410677211895,0.04166666666666663
diverse,diverse,direct,unet,7,diverse_test_0003,356.31307787809095,15013.0,299.0,5.219094096006302,0.00023011566615120196,6751a989e3295f5dcac85d9263fa6890fb25ea7514dffcdd281bf45f257ba0db,0.08480931659151375,0.16493244477712138,0.613919925637247,7.482213248977132e-08,0.28112161424837573,0.058925565098878904
diverse,diverse,direct,unet,7,diverse_test_0004,364.9641357923895,15013.0,299.0,5.219094096006302,0.00023011566615120196,6751a989e3295f5dcac85d9263fa6890fb25ea7514dffcdd281bf45f257ba0db,0.08457062457855628,0.18866473968401465,0.6790093055386562,4.8806640506882104e-08,0.3289004356955678,0.0
diverse,diverse,direct,unet,7,diverse_test_0005,326.11288015095056,15013.0,299.0,5.219094096006302,0.00023011566615120196,6751a989e3295f5dcac85d9263fa6890fb25ea7514dffcdd281bf45f257ba0db,0.061670762834979825,0.13951935950578392,0.5596669464264205,6.333672075697905e-08,0.3169729375045273,0.0
diverse,ood_shape,direct,unet,7,ood_shape_0000,322.0476102060863,15013.0,299.0,5.219094096006302,0.00044008933279352885,6751a989e3295f5dcac85d9263fa6890fb25ea7514dffcdd281bf45f257ba0db,0.08151098519445485,0.1671566231306278,0.5014111457104888,6.452178524796182e-08,0.2683333976361826,0.04166666666666663
diverse,ood_shape,direct,unet,7,ood_shape_0001,236.44026808360903,15013.0,299.0,5.219094096006302,0.00044008933279352885,6751a989e3295f5dcac85d9263fa6890fb25ea7514dffcdd281bf45f257ba0db,0.16931127962107692,0.21300609553800584,0.5506471171715988,5.0934030326743596e-08,0.18000245592691844,0.0
diverse,ood_shape,direct,unet,7,ood_shape_0002,180.95100059158364,15013.0,299.0,5.219094096006302,0.00044008933279352885,6751a989e3295f5dcac85d9263fa6890fb25ea7514dffcdd281bf45f257ba0db,0.11882081432631646,0.2585839874642917,0.574008902054927,7.173323268716558e-08,0.18946210116919698,0.04166666666666663
diverse,ood_shape,direct,unet,7,ood_shape_0003,208.6074759394159,15013.0,299.0,5.219094096006302,0.00044008933279352885,6751a989e3295f5dcac85d9263fa6890fb25ea7514dffcdd281bf45f257ba0db,0.06172270111049082,0.1538592502650993,0.48662994082730077,4.9818250857924795e-08,0.205709355562912,0.04166666666666663
diverse,ood_shape,direct,unet,7,ood_shape_0004,374.64532673286527,15013.0,299.0,5.219094096006302,0.00044008933279352885,6751a989e3295f5dcac85d9263fa6890fb25ea7514dffcdd281bf45f257ba0db,0.14797761459890166,0.2466117531300295,0.7230663650289608,4.747080240008472e-08,0.26497884168730634,0.0
diverse,ood_shape,direct,unet,7,ood_shape_0005,145.49153445980784,15013.0,299.0,5.219094096006302,0.00044008933279352885,6751a989e3295f5dcac85d9263fa6890fb25ea7514dffcdd281bf45f257ba0db,0.12425973658794497,0.24588703038807289,0.5407630928717196,8.259405603894265e-08,0.2861118385610849,0.04166666666666663
diverse,ood_re,direct,unet,7,ood_re_0000,566.4474875225259,15013.0,299.0,5.219094096006302,0.0002983163334041213,6751a989e3295f5dcac85d9263fa6890fb25ea7514dffcdd281bf45f257ba0db,0.30792380613886244,0.32301327778164846,0.6945115229231676,7.221310482918852e-08,0.37543055987284263,0.04166666666666663
diverse,ood_re,direct,unet,7,ood_re_0001,490.14181715065223,15013.0,299.0,5.219094096006302,0.0002983163334041213,6751a989e3295f5dcac85d9263fa6890fb25ea7514dffcdd281bf45f257ba0db,0.17820301128459173,0.2212616881870054,0.6562843369704152,6.569656818555814e-08,0.37184680127796177,0.04166666666666663
diverse,ood_re,direct,unet,7,ood_re_0002,533.202596381457,15013.0,299.0,5.219094096006302,0.0002983163334041213,6751a989e3295f5dcac85d9263fa6890fb25ea7514dffcdd281bf45f257ba0db,0.25786387498083685,0.2829249579023793,0.700312904769797,7.355872355674364e-08,0.32972501713257885,0.04166666666666674
diverse,ood_re,direct,unet,7,ood_re_0003,592.5167238454294,15013.0,299.0,5.219094096006302,0.0002983163334041213,6751a989e3295f5dcac85d9263fa6890fb25ea7514dffcdd281bf45f257ba0db,0.3353756830930465,0.3382727593678928,0.7381217035071279,5.213363962752737e-08,0.22899337566185016,0.04166666666666663
diverse,ood_re,direct,unet,7,ood_re_0004,489.1490754145391,15013.0,299.0,5.219094096006302,0.0002983163334041213,6751a989e3295f5dcac85d9263fa6890fb25ea7514dffcdd281bf45f257ba0db,0.1437805800250752,0.18693453347260414,0.5936341732669985,6.593366919105392e-08,0.23115491128335386,0.0
diverse,ood_re,direct,unet,7,ood_re_0005,561.89866888648,15013.0,299.0,5.219094096006302,0.0002983163334041213,6751a989e3295f5dcac85d9263fa6890fb25ea7514dffcdd281bf45f257ba0db,0.23686410835361707,0.2593950201078315,0.644832015095029,6.244058425863841e-08,0.3355853432833004,0.04166666666666663
diverse,constant,direct,fno,7,constant_test_0000,378.39963682209583,12721.0,300.0,7.985399757999403,0.000639246666347996,ab4386853147bb00e0300a31c58062b0ed7f0c8444ef652356b9c6eb70936829,0.07869899373539457,0.13540389422176205,0.523204430290005,7.146258695911456e-08,0.3797520468143405,0.0
diverse,constant,direct,fno,7,constant_test_0001,275.5175743523432,12721.0,300.0,7.985399757999403,0.000639246666347996,ab4386853147bb00e0300a31c58062b0ed7f0c8444ef652356b9c6eb70936829,0.09832063959877829,0.12588938127962074,0.43001851788394446,7.574969629331463e-08,0.3484316117797486,0.04166666666666663
diverse,constant,direct,fno,7,constant_test_0002,205.77449124508615,12721.0,300.0,7.985399757999403,0.000639246666347996,ab4386853147bb00e0300a31c58062b0ed7f0c8444ef652356b9c6eb70936829,0.09735757766720768,0.11406355300263399,0.37761524506324384,8.197088163797162e-08,0.3295690362865835,0.0
diverse,constant,direct,fno,7,constant_test_0003,356.31307787809095,12721.0,300.0,7.985399757999403,0.000639246666347996,ab4386853147bb00e0300a31c58062b0ed7f0c8444ef652356b9c6eb70936829,0.08399099112073422,0.1335384573490497,0.5030722409243945,6.084965775698947e-08,0.37273886348642243,0.0
diverse,constant,direct,fno,7,constant_test_0004,364.9641357923895,12721.0,300.0,7.985399757999403,0.000639246666347996,ab4386853147bb00e0300a31c58062b0ed7f0c8444ef652356b9c6eb70936829,0.08191410871529033,0.1342254251747577,0.5109828325505182,5.728253427150776e-08,0.37546958558736265,0.0
diverse,constant,direct,fno,7,constant_test_0005,326.11288015095056,12721.0,300.0,7.985399757999403,0.000639246666347996,ab4386853147bb00e0300a31c58062b0ed7f0c8444ef652356b9c6eb70936829,0.0907546292017393,0.13121894571168025,0.4753693618867709,6.073674541084984e-08,0.3633860421834308,0.04166666666666674
diverse,diverse,direct,fno,7,diverse_test_0000,378.39963682209583,12721.0,300.0,7.985399757999403,0.0005808119991949449,ab4386853147bb00e0300a31c58062b0ed7f0c8444ef652356b9c6eb70936829,0.08037884636050141,0.13933709107661824,0.3943862983609276,7.342842422985996e-08,0.2773267169176096,0.04166666666666674
diverse,diverse,direct,fno,7,diverse_test_0001,275.5175743523432,12721.0,300.0,7.985399757999403,0.0005808119991949449,ab4386853147bb00e0300a31c58062b0ed7f0c8444ef652356b9c6eb70936829,0.052338618268236436,0.10124770045918084,0.4092805525522003,6.66927988390853e-08,0.27550105431843186,0.0
diverse,diverse,direct,fno,7,diverse_test_0002,205.77449124508615,12721.0,300.0,7.985399757999403,0.0005808119991949449,ab4386853147bb00e0300a31c58062b0ed7f0c8444ef652356b9c6eb70936829,0.0373782213529365,0.07722762294000325,0.3082236141044949,8.38865972241365e-08,0.2176034769489531,0.0
diverse,diverse,direct,fno,7,diverse_test_0003,356.31307787809095,12721.0,300.0,7.985399757999403,0.0005808119991949449,ab4386853147bb00e0300a31c58062b0ed7f0c8444ef652356b9c6eb70936829,0.06819687896333901,0.14309907949317383,0.5228125326771201,6.367545779539796e-08,0.2710450733123237,0.0
diverse,diverse,direct,fno,7,diverse_test_0004,364.9641357923895,12721.0,300.0,7.985399757999403,0.0005808119991949449,ab4386853147bb00e0300a31c58062b0ed7f0c8444ef652356b9c6eb70936829,0.10797842452412695,0.2236927457471573,0.6151117277946873,4.40000746948499e-08,0.2683697591772791,0.058925565098878904
diverse,diverse,direct,fno,7,diverse_test_0005,326.11288015095056,12721.0,300.0,7.985399757999403,0.0005808119991949449,ab4386853147bb00e0300a31c58062b0ed7f0c8444ef652356b9c6eb70936829,0.04186099564161807,0.1127940996913844,0.44448721567036314,5.5926022923813434e-08,0.24830721506071549,0.04166666666666663
diverse,ood_shape,direct,fno,7,ood_shape_0000,322.0476102060863,12721.0,300.0,7.985399757999403,0.0006036596666187203,ab4386853147bb00e0300a31c58062b0ed7f0c8444ef652356b9c6eb70936829,0.13075177075687622,0.1851631564557218,0.42131077648466153,6.396399498953542e-08,0.23978737631946803,0.0
diverse,ood_shape,direct,fno,7,ood_shape_0001,236.44026808360903,12721.0,300.0,7.985399757999403,0.0006036596666187203,ab4386853147bb00e0300a31c58062b0ed7f0c8444ef652356b9c6eb70936829,0.31726933271816,0.33894541681033563,0.6024334221091279,5.669726732548952e-08,0.22523118574746995,0.0
diverse,ood_shape,direct,fno,7,ood_shape_0002,180.95100059158364,12721.0,300.0,7.985399757999403,0.0006036596666187203,ab4386853147bb00e0300a31c58062b0ed7f0c8444ef652356b9c6eb70936829,0.2472759688819524,0.28876769274964303,0.48264034000644956,7.308653948712163e-08,0.18880821068535358,0.04166666666666674
diverse,ood_shape,direct,fno,7,ood_shape_0003,208.6074759394159,12721.0,300.0,7.985399757999403,0.0006036596666187203,ab4386853147bb00e0300a31c58062b0ed7f0c8444ef652356b9c6eb70936829,0.1651318148821527,0.1803021361700204,0.3988453234573751,5.996482599357478e-08,0.15542758092686165,0.0
diverse,ood_shape,direct,fno,7,ood_shape_0004,374.64532673286527,12721.0,300.0,7.985399757999403,0.0006036596666187203,ab4386853147bb00e0300a31c58062b0ed7f0c8444ef652356b9c6eb70936829,0.20339816487821294,0.30071458274549356,0.6797786659004866,4.521055174677713e-08,0.22636797454946245,0.04166666666666663
diverse,ood_shape,direct,fno,7,ood_shape_0005,145.49153445980784,12721.0,300.0,7.985399757999403,0.0006036596666187203,ab4386853147bb00e0300a31c58062b0ed7f0c8444ef652356b9c6eb70936829,0.13681757700387545,0.2437126689946344,0.5390312436967023,9.09193431652966e-08,0.30464480582816006,0.04166666666666674
diverse,ood_re,direct,fno,7,ood_re_0000,566.4474875225259,12721.0,300.0,7.985399757999403,0.0006274136661280257,ab4386853147bb00e0300a31c58062b0ed7f0c8444ef652356b9c6eb70936829,0.11786803176244005,0.1863329019846306,0.6018139395016845,7.040814153924657e-08,0.42732356912552183,0.04166666666666663
diverse,ood_re,direct,fno,7,ood_re_0001,490.14181715065223,12721.0,300.0,7.985399757999403,0.0006274136661280257,ab4386853147bb00e0300a31c58062b0ed7f0c8444ef652356b9c6eb70936829,0.0677148507906252,0.14250998957778496,0.5570797314098604,6.914011407843645e-08,0.38394580530269906,0.04166666666666663
diverse,ood_re,direct,fno,7,ood_re_0002,533.202596381457,12721.0,300.0,7.985399757999403,0.0006274136661280257,ab4386853147bb00e0300a31c58062b0ed7f0c8444ef652356b9c6eb70936829,0.09994453223576256,0.17365974830873124,0.5989910292491317,6.0716004668393e-08,0.36131497702115284,0.05892556509887899
diverse,ood_re,direct,fno,7,ood_re_0003,592.5167238454294,12721.0,300.0,7.985399757999403,0.0006274136661280257,ab4386853147bb00e0300a31c58062b0ed7f0c8444ef652356b9c6eb70936829,0.17688157689562858,0.2897234882829958,0.663005636721894,4.6179962964743027e-08,0.2601519488473588,0.08333333333333326
diverse,ood_re,direct,fno,7,ood_re_0004,489.1490754145391,12721.0,300.0,7.985399757999403,0.0006274136661280257,ab4386853147bb00e0300a31c58062b0ed7f0c8444ef652356b9c6eb70936829,0.09696049789968156,0.15564191056377377,0.48768831969204457,6.211154612856262e-08,0.27442780061650446,0.04166666666666663
diverse,ood_re,direct,fno,7,ood_re_0005,561.89866888648,12721.0,300.0,7.985399757999403,0.0006274136661280257,ab4386853147bb00e0300a31c58062b0ed7f0c8444ef652356b9c6eb70936829,0.12451637715023482,0.19194822085450838,0.5555867914559217,7.108780408771054e-08,0.37504877935411274,0.04166666666666663
diverse,constant,direct,fno_physics,7,constant_test_0000,378.39963682209583,12721.0,300.0,7.897693206003169,0.0005875484991217187,545be4475510446ace86d82fc93275c90ab9355e35c1e25f7c2b0d52f63086e6,0.09399625948499651,0.18486664627680016,0.6603369643608262,6.884175718369079e-08,0.20432898574479857,0.04166666666666674
diverse,constant,direct,fno_physics,7,constant_test_0001,275.5175743523432,12721.0,300.0,7.897693206003169,0.0005875484991217187,545be4475510446ace86d82fc93275c90ab9355e35c1e25f7c2b0d52f63086e6,0.11341807698997854,0.15832341211999845,0.5281692267297229,7.386125844277558e-08,0.18220722101799405,0.04166666666666663
diverse,constant,direct,fno_physics,7,constant_test_0002,205.77449124508615,12721.0,300.0,7.897693206003169,0.0005875484991217187,545be4475510446ace86d82fc93275c90ab9355e35c1e25f7c2b0d52f63086e6,0.11606899246467066,0.13841748620477623,0.42482469800002415,8.042141530495428e-08,0.1698942523931729,0.0
diverse,constant,direct,fno_physics,7,constant_test_0003,356.31307787809095,12721.0,300.0,7.897693206003169,0.0005875484991217187,545be4475510446ace86d82fc93275c90ab9355e35c1e25f7c2b0d52f63086e6,0.09859887369060455,0.1794011742789447,0.6345765764845649,6.697899124219475e-08,0.19919034282304002,0.04166666666666674
diverse,constant,direct,fno_physics,7,constant_test_0004,364.9641357923895,12721.0,300.0,7.897693206003169,0.0005875484991217187,545be4475510446ace86d82fc93275c90ab9355e35c1e25f7c2b0d52f63086e6,0.09674666705459255,0.18152755647669233,0.644838399335311,6.338961355822903e-08,0.2011782877382735,0.04166666666666674
diverse,constant,direct,fno_physics,7,constant_test_0005,326.11288015095056,12721.0,300.0,7.897693206003169,0.0005875484991217187,545be4475510446ace86d82fc93275c90ab9355e35c1e25f7c2b0d52f63086e6,0.10502451313039665,0.17192027412244126,0.5970069385432127,6.597871049507376e-08,0.19250515492308326,0.04166666666666663
diverse,diverse,direct,fno_physics,7,diverse_test_0000,378.39963682209583,12721.0,300.0,7.897693206003169,0.0005622821663564537,545be4475510446ace86d82fc93275c90ab9355e35c1e25f7c2b0d52f63086e6,0.11572598224501811,0.19414112077177115,0.6314391032924611,7.573778049163593e-08,0.09857899047115666,0.0
diverse,diverse,direct,fno_physics,7,diverse_test_0001,275.5175743523432,12721.0,300.0,7.897693206003169,0.0005622821663564537,545be4475510446ace86d82fc93275c90ab9355e35c1e25f7c2b0d52f63086e6,0.06456763729733185,0.13864294616461123,0.5428575134728559,7.934598045267194e-08,0.11580815609732788,0.0
diverse,diverse,direct,fno_physics,7,diverse_test_0002,205.77449124508615,12721.0,300.0,7.897693206003169,0.0005622821663564537,545be4475510446ace86d82fc93275c90ab9355e35c1e25f7c2b0d52f63086e6,0.03591017932296144,0.09269995929221894,0.44326691824468956,8.035936360784035e-08,0.06367572517283179,0.0
diverse,diverse,direct,fno_physics,7,diverse_test_0003,356.31307787809095,12721.0,300.0,7.897693206003169,0.0005622821663564537,545be4475510446ace86d82fc93275c90ab9355e35c1e25f7c2b0d52f63086e6,0.08093955806191683,0.18072684359903118,0.6446518256346383,7.278627123241677e-08,0.12835342520817755,0.058925565098878904
diverse,diverse,direct,fno_physics,7,diverse_test_0004,364.9641357923895,12721.0,300.0,7.897693206003169,0.0005622821663564537,545be4475510446ace86d82fc93275c90ab9355e35c1e25f7c2b0d52f63086e6,0.17711664269127292,0.2786734329895158,0.7481510884507288,5.543049041989434e-08,0.14365390154197347,0.04166666666666663
diverse,diverse,direct,fno_physics,7,diverse_test_0005,326.11288015095056,12721.0,300.0,7.897693206003169,0.0005622821663564537,545be4475510446ace86d82fc93275c90ab9355e35c1e25f7c2b0d52f63086e6,0.07753273332556229,0.16934798595810788,0.618409833983122,6.741917246699813e-08,0.10906048797868673,0.0
diverse,ood_shape,direct,fno_physics,7,ood_shape_0000,322.0476102060863,12721.0,300.0,7.897693206003169,0.000623879665605879,545be4475510446ace86d82fc93275c90ab9355e35c1e25f7c2b0d52f63086e6,0.16366756405006685,0.23235235813399108,0.6614126112257906,7.717627426018225e-08,0.12412360509283787,0.0
diverse,ood_shape,direct,fno_physics,7,ood_shape_0001,236.44026808360903,12721.0,300.0,7.897693206003169,0.000623879665605879,545be4475510446ace86d82fc93275c90ab9355e35c1e25f7c2b0d52f63086e6,0.39363188837095237,0.36079453401572226,0.6663097012804916,5.441808781370128e-08,0.22022497309953504,0.05892556509887899
diverse,ood_shape,direct,fno_physics,7,ood_shape_0002,180.95100059158364,12721.0,300.0,7.897693206003169,0.000623879665605879,545be4475510446ace86d82fc93275c90ab9355e35c1e25f7c2b0d52f63086e6,0.2541053970851871,0.2991626150326641,0.6791941831186068,7.692791825775203e-08,0.20651083806916604,0.04166666666666663
diverse,ood_shape,direct,fno_physics,7,ood_shape_0003,208.6074759394159,12721.0,300.0,7.897693206003169,0.000623879665605879,545be4475510446ace86d82fc93275c90ab9355e35c1e25f7c2b0d52f63086e6,0.20873800054544317,0.22142381802763036,0.5543046086977044,6.773853300501287e-08,0.13947658111611422,0.05892556509887899
diverse,ood_shape,direct,fno_physics,7,ood_shape_0004,374.64532673286527,12721.0,300.0,7.897693206003169,0.000623879665605879,545be4475510446ace86d82fc93275c90ab9355e35c1e25f7c2b0d52f63086e6,0.32179550789677847,0.3937223163024694,0.8272436742460428,5.304595163124759e-08,0.17803736313707616,0.04166666666666663
diverse,ood_shape,direct,fno_physics,7,ood_shape_0005,145.49153445980784,12721.0,300.0,7.897693206003169,0.000623879665605879,545be4475510446ace86d82fc93275c90ab9355e35c1e25f7c2b0d52f63086e6,0.14131117283935304,0.24389808510110247,0.616867482360579,8.960597597251763e-08,0.21579031051163827,0.04166666666666674
diverse,ood_re,direct,fno_physics,7,ood_re_0000,566.4474875225259,12721.0,300.0,7.897693206003169,0.0019288610007303457,545be4475510446ace86d82fc93275c90ab9355e35c1e25f7c2b0d52f63086e6,0.1617137156337382,0.2577585872211095,0.7893628726122354,7.18286869982876e-08,0.207180211605357,0.04166666666666674
diverse,ood_re,direct,fno_physics,7,ood_re_0001,490.14181715065223,12721.0,300.0,7.897693206003169,0.0019288610007303457,545be4475510446ace86d82fc93275c90ab9355e35c1e25f7c2b0d52f63086e6,0.10307581421616457,0.21288596786586722,0.7438923980693316,7.585925487774148e-08,0.18077948009934136,0.04166666666666674
diverse,ood_re,direct,fno_physics,7,ood_re_0002,533.202596381457,12721.0,300.0,7.897693206003169,0.0019288610007303457,545be4475510446ace86d82fc93275c90ab9355e35c1e25f7c2b0d52f63086e6,0.14087420269761972,0.24314876613008024,0.7718619585863842,6.19801809875753e-08,0.16234013683757806,0.08333333333333337
diverse,ood_re,direct,fno_physics,7,ood_re_0003,592.5167238454294,12721.0,300.0,7.897693206003169,0.0019288610007303457,545be4475510446ace86d82fc93275c90ab9355e35c1e25f7c2b0d52f63086e6,0.2916935985727742,0.3677932678823684,0.8327977788671976,6.808274122249713e-08,0.08764580810478596,0.058925565098878904
diverse,ood_re,direct,fno_physics,7,ood_re_0004,489.1490754145391,12721.0,300.0,7.897693206003169,0.0019288610007303457,545be4475510446ace86d82fc93275c90ab9355e35c1e25f7c2b0d52f63086e6,0.1528231044305962,0.23689530317624813,0.7121875947701286,6.305827326968938e-08,0.08114295617393015,0.08333333333333337
diverse,ood_re,direct,fno_physics,7,ood_re_0005,561.89866888648,12721.0,300.0,7.897693206003169,0.0019288610007303457,545be4475510446ace86d82fc93275c90ab9355e35c1e25f7c2b0d52f63086e6,0.17400884104696274,0.2652034428496175,0.7829568012924562,6.404708585705521e-08,0.1601466264548985,0.04166666666666674
diverse,constant,direct,coordinate_mlp,17,constant_test_0000,378.39963682209583,3457.0,264.0,2.742403229996853,0.000141423999593826,60515314bde2b41f4473fbc6490cf79fc08401006a869dbd0774a0b84472945a,0.23943568719942035,0.4343730836836494,0.8369629327199233,5.167838779129852e-08,0.6173699900439311,0.04166666666666663
diverse,constant,direct,coordinate_mlp,17,constant_test_0001,275.5175743523432,3457.0,264.0,2.742403229996853,0.000141423999593826,60515314bde2b41f4473fbc6490cf79fc08401006a869dbd0774a0b84472945a,0.24700801394024097,0.42481221250665097,0.8078454045085628,6.240372130150718e-08,0.5998328205551733,0.05892556509887899
diverse,constant,direct,coordinate_mlp,17,constant_test_0002,205.77449124508615,3457.0,264.0,2.742403229996853,0.000141423999593826,60515314bde2b41f4473fbc6490cf79fc08401006a869dbd0774a0b84472945a,0.24928521100613796,0.4192571124595558,0.787767190041421,6.892518911172374e-08,0.5880745671317698,0.04166666666666674
diverse,constant,direct,coordinate_mlp,17,constant_test_0003,356.31307787809095,3457.0,264.0,2.742403229996853,0.000141423999593826,60515314bde2b41f4473fbc6490cf79fc08401006a869dbd0774a0b84472945a,0.2408702691516736,0.43201818666223774,0.8308271785729825,5.680401216068276e-08,0.6136107664359514,0.04166666666666663
diverse,constant,direct,coordinate_mlp,17,constant_test_0004,364.9641357923895,3457.0,264.0,2.742403229996853,0.000141423999593826,60515314bde2b41f4473fbc6490cf79fc08401006a869dbd0774a0b84472945a,0.24026130128234144,0.4329085852119348,0.8332411123225654,5.801760138979262e-08,0.615084507455842,0.04166666666666663
diverse,constant,direct,coordinate_mlp,17,constant_test_0005,326.11288015095056,3457.0,264.0,2.742403229996853,0.000141423999593826,60515314bde2b41f4473fbc6490cf79fc08401006a869dbd0774a0b84472945a,0.2432457869314899,0.42915054833597854,0.8223118869984481,6.585187861674058e-08,0.6084584015165487,0.05892556509887899
diverse,diverse,direct,coordinate_mlp,17,diverse_test_0000,378.39963682209583,3457.0,264.0,2.742403229996853,0.0001372260000304474,60515314bde2b41f4473fbc6490cf79fc08401006a869dbd0774a0b84472945a,0.20402788460843235,0.4019214399312131,0.7722608651996219,8.060611378368776e-08,0.3681838689706226,0.05892556509887899
diverse,diverse,direct,coordinate_mlp,17,diverse_test_0001,275.5175743523432,3457.0,264.0,2.742403229996853,0.0001372260000304474,60515314bde2b41f4473fbc6490cf79fc08401006a869dbd0774a0b84472945a,0.20305609136773325,0.38359577683457513,0.7850765929041794,6.576077282716142e-08,0.4940626169738513,0.04166666666666674
diverse,diverse,direct,coordinate_mlp,17,diverse_test_0002,205.77449124508615,3457.0,264.0,2.742403229996853,0.0001372260000304474,60515314bde2b41f4473fbc6490cf79fc08401006a869dbd0774a0b84472945a,0.20114483474057848,0.3899488351511832,0.7506445685974764,6.537141672424696e-08,0.3912228800308306,0.04166666666666674
diverse,diverse,direct,coordinate_mlp,17,diverse_test_0003,356.31307787809095,3457.0,264.0,2.742403229996853,0.0001372260000304474,60515314bde2b41f4473fbc6490cf79fc08401006a869dbd0774a0b84472945a,0.24247201136101632,0.436580899009912,0.8295917440575538,5.476774589396882e-08,0.49190832049767463,0.0931694990624913
diverse,diverse,direct,coordinate_mlp,17,diverse_test_0004,364.9641357923895,3457.0,264.0,2.742403229996853,0.0001372260000304474,60515314bde2b41f4473fbc6490cf79fc08401006a869dbd0774a0b84472945a,0.2685236906396819,0.47962295109928604,0.8441676762476282,6.188414403140996e-08,0.46053926030734194,0.058925565098879064
diverse,diverse,direct,coordinate_mlp,17,diverse_test_0005,326.11288015095056,3457.0,264.0,2.742403229996853,0.0001372260000304474,60515314bde2b41f4473fbc6490cf79fc08401006a869dbd0774a0b84472945a,0.2093227404780093,0.41900900147999487,0.8081023289204936,6.758317283583892e-08,0.46081259469312413,0.058925565098879064
diverse,ood_shape,direct,coordinate_mlp,17,ood_shape_0000,322.0476102060863,3457.0,264.0,2.742403229996853,0.00013262249922263436,60515314bde2b41f4473fbc6490cf79fc08401006a869dbd0774a0b84472945a,0.2564761604735669,0.4304928086427884,0.7777759985832334,6.560615162243266e-08,0.3625692403747684,0.05892556509887899
diverse,ood_shape,direct,coordinate_mlp,17,ood_shape_0001,236.44026808360903,3457.0,264.0,2.742403229996853,0.00013262249922263436,60515314bde2b41f4473fbc6490cf79fc08401006a869dbd0774a0b84472945a,0.5150118836645275,0.700019908631406,0.8696750793387606,6.350505543650797e-08,0.3583981449060761,0.13176156917368245
diverse,ood_shape,direct,coordinate_mlp,17,ood_shape_0002,180.95100059158364,3457.0,264.0,2.742403229996853,0.00013262249922263436,60515314bde2b41f4473fbc6490cf79fc08401006a869dbd0774a0b84472945a,0.35860153037225206,0.5071022981136315,0.756194601904238,8.657955419266727e-08,0.23166288638416074,0.058925565098879064
diverse,ood_shape,direct,coordinate_mlp,17,ood_shape_0003,208.6074759394159,3457.0,264.0,2.742403229996853,0.00013262249922263436,60515314bde2b41f4473fbc6490cf79fc08401006a869dbd0774a0b84472945a,0.329106811097751,0.5259716263181234,0.8052778219158931,7.006442359624998e-08,0.35448049314346075,0.125
diverse,ood_shape,direct,coordinate_mlp,17,ood_shape_0004,374.64532673286527,3457.0,264.0,2.742403229996853,0.00013262249922263436,60515314bde2b41f4473fbc6490cf79fc08401006a869dbd0774a0b84472945a,0.5174782195934731,0.6733439416899359,0.86712041379957,6.44451674247648e-08,0.3419345541661098,0.058925565098879064
diverse,ood_shape,direct,coordinate_mlp,17,ood_shape_0005,145.49153445980784,3457.0,264.0,2.742403229996853,0.00013262249922263436,60515314bde2b41f4473fbc6490cf79fc08401006a869dbd0774a0b84472945a,0.2270471778365485,0.37271167512374787,0.7157462679642346,7.830794857000001e-08,0.3668285757728628,0.04166666666666674
diverse,ood_re,direct,coordinate_mlp,17,ood_re_0000,566.4474875225259,3457.0,264.0,2.742403229996853,0.0001405193337025897,60515314bde2b41f4473fbc6490cf79fc08401006a869dbd0774a0b84472945a,0.24103156395498646,0.44584402806609275,0.8494180607561482,5.779633482916324e-08,0.5642257552917528,0.04166666666666663
diverse,ood_re,direct,coordinate_mlp,17,ood_re_0001,490.14181715065223,3457.0,264.0,2.742403229996853,0.0001405193337025897,60515314bde2b41f4473fbc6490cf79fc08401006a869dbd0774a0b84472945a,0.21594486915361993,0.42499433196763253,0.8389110019479241,4.972390499347057e-08,0.5607793683508993,0.04166666666666663
diverse,ood_re,direct,coordinate_mlp,17,ood_re_0002,533.202596381457,3457.0,264.0,2.742403229996853,0.0001405193337025897,60515314bde2b41f4473fbc6490cf79fc08401006a869dbd0774a0b84472945a,0.22684459182753758,0.4418362271142265,0.8526154491902194,6.212599856780798e-08,0.5237566251468211,0.04166666666666663
diverse,ood_re,direct,coordinate_mlp,17,ood_re_0003,592.5167238454294,3457.0,264.0,2.742403229996853,0.0001405193337025897,60515314bde2b41f4473fbc6490cf79fc08401006a869dbd0774a0b84472945a,0.28013741461183306,0.5033842664358805,0.8650160010873791,5.504535849354397e-08,0.39393853934385903,0.058925565098879064
diverse,ood_re,direct,coordinate_mlp,17,ood_re_0004,489.1490754145391,3457.0,264.0,2.742403229996853,0.0001405193337025897,60515314bde2b41f4473fbc6490cf79fc08401006a869dbd0774a0b84472945a,0.21990856482398277,0.4313540958896171,0.8129767034446997,5.571946815052797e-08,0.38928130620453655,0.08333333333333337
diverse,ood_re,direct,coordinate_mlp,17,ood_re_0005,561.89866888648,3457.0,264.0,2.742403229996853,0.0001405193337025897,60515314bde2b41f4473fbc6490cf79fc08401006a869dbd0774a0b84472945a,0.21323247718831867,0.42158771488001245,0.8246832783418311,5.211751030742562e-08,0.48902524348424203,0.04166666666666663
diverse,constant,direct,pod_deeponet,17,constant_test_0000,378.39963682209583,3900.0,299.0,0.5509892859990941,2.336516627110541e-05,0aff7606bd1a7866c2ba66af558cfa103a6918893d664c2dc07aee228316e573,0.055178399560479076,0.06314171060578631,0.09819001740549284,8.551077002039165e-08,0.3047817634089368,0.04166666666666674
diverse,constant,direct,pod_deeponet,17,constant_test_0001,275.5175743523432,3900.0,299.0,0.5509892859990941,2.336516627110541e-05,0aff7606bd1a7866c2ba66af558cfa103a6918893d664c2dc07aee228316e573,0.010749409024235405,0.021444948439336274,0.05255912021827848,8.080070301730302e-08,0.2560357128689502,0.0
diverse,constant,direct,pod_deeponet,17,constant_test_0002,205.77449124508615,3900.0,299.0,0.5509892859990941,2.336516627110541e-05,0aff7606bd1a7866c2ba66af558cfa103a6918893d664c2dc07aee228316e573,0.017486679702879676,0.022659638827266685,0.03999282789175144,7.805914492564625e-08,0.2241141309278174,0.0
diverse,constant,direct,pod_deeponet,17,constant_test_0003,356.31307787809095,3900.0,299.0,0.5509892859990941,2.336516627110541e-05,0aff7606bd1a7866c2ba66af558cfa103a6918893d664c2dc07aee228316e573,0.03965225175608447,0.04612719765310566,0.08344572105331172,7.738901786069619e-08,0.29424866638859065,0.04166666666666674
diverse,constant,direct,pod_deeponet,17,constant_test_0004,364.9641357923895,3900.0,299.0,0.5509892859990941,2.336516627110541e-05,0aff7606bd1a7866c2ba66af558cfa103a6918893d664c2dc07aee228316e573,0.045467082095444214,0.05240926635342734,0.08893227596566149,8.684187235985519e-08,0.2983734657654154,0.04166666666666674
diverse,constant,direct,pod_deeponet,17,constant_test_0005,326.11288015095056,3900.0,299.0,0.5509892859990941,2.336516627110541e-05,0aff7606bd1a7866c2ba66af558cfa103a6918893d664c2dc07aee228316e573,0.02231841224588311,0.02887178805942768,0.06757501258728811,8.93262637191583e-08,0.2798787652239671,0.0
diverse,diverse,direct,pod_deeponet,17,diverse_test_0000,378.39963682209583,3900.0,299.0,0.5509892859990941,1.8514499970478937e-05,0aff7606bd1a7866c2ba66af558cfa103a6918893d664c2dc07aee228316e573,0.02526955250511467,0.04471490654130303,0.08567501531986582,6.522564177657841e-08,0.22360166201208734,0.0
diverse,diverse,direct,pod_deeponet,17,diverse_test_0001,275.5175743523432,3900.0,299.0,0.5509892859990941,1.8514499970478937e-05,0aff7606bd1a7866c2ba66af558cfa103a6918893d664c2dc07aee228316e573,0.010625052511156441,0.018500730271102328,0.030924658645555544,6.972393151727374e-08,0.23256042473571362,0.0
diverse,diverse,direct,pod_deeponet,17,diverse_test_0002,205.77449124508615,3900.0,299.0,0.5509892859990941,1.8514499970478937e-05,0aff7606bd1a7866c2ba66af558cfa103a6918893d664c2dc07aee228316e573,0.012413761185958692,0.022913346138985907,0.03608979782695666,7.155649228707261e-08,0.13554357298267483,0.0
diverse,diverse,direct,pod_deeponet,17,diverse_test_0003,356.31307787809095,3900.0,299.0,0.5509892859990941,1.8514499970478937e-05,0aff7606bd1a7866c2ba66af558cfa103a6918893d664c2dc07aee228316e573,0.02379250811303076,0.04096781997787596,0.08105080797267544,6.21046112314616e-08,0.22561227490655075,0.0
diverse,diverse,direct,pod_deeponet,17,diverse_test_0004,364.9641357923895,3900.0,299.0,0.5509892859990941,1.8514499970478937e-05,0aff7606bd1a7866c2ba66af558cfa103a6918893d664c2dc07aee228316e573,0.05997995053684976,0.09164290605921578,0.104414091409911,6.13884054700975e-08,0.2609084112914391,0.04166666666666663
diverse,diverse,direct,pod_deeponet,17,diverse_test_0005,326.11288015095056,3900.0,299.0,0.5509892859990941,1.8514499970478937e-05,0aff7606bd1a7866c2ba66af558cfa103a6918893d664c2dc07aee228316e573,0.0216651905874938,0.03330905016904184,0.04681686192348702,6.179034528486227e-08,0.23736536548323436,0.04166666666666663
diverse,ood_shape,direct,pod_deeponet,17,ood_shape_0000,322.0476102060863,3900.0,299.0,0.5509892859990941,2.234516675040747e-05,0aff7606bd1a7866c2ba66af558cfa103a6918893d664c2dc07aee228316e573,0.019220853309840177,0.03975934380939107,0.11015077597720942,6.093249282912439e-08,0.2072875622581416,0.0
diverse,ood_shape,direct,pod_deeponet,17,ood_shape_0001,236.44026808360903,3900.0,299.0,0.5509892859990941,2.234516675040747e-05,0aff7606bd1a7866c2ba66af558cfa103a6918893d664c2dc07aee228316e573,0.13162822970707874,0.12810723445680822,0.13651875724305695,4.9405400659452425e-08,0.1413274063247717,0.05892556509887899
diverse,ood_shape,direct,pod_deeponet,17,ood_shape_0002,180.95100059158364,3900.0,299.0,0.5509892859990941,2.234516675040747e-05,0aff7606bd1a7866c2ba66af558cfa103a6918893d664c2dc07aee228316e573,0.09886920696764126,0.11556647080958342,0.20006623904446955,6.243048744636326e-08,0.14873270566884847,0.04166666666666674
diverse,ood_shape,direct,pod_deeponet,17,ood_shape_0003,208.6074759394159,3900.0,299.0,0.5509892859990941,2.234516675040747e-05,0aff7606bd1a7866c2ba66af558cfa103a6918893d664c2dc07aee228316e573,0.04166915270623385,0.05456693175959664,0.09480937540424311,6.739055180560172e-08,0.14516019737422103,0.04166666666666663
diverse,ood_shape,direct,pod_deeponet,17,ood_shape_0004,374.64532673286527,3900.0,299.0,0.5509892859990941,2.234516675040747e-05,0aff7606bd1a7866c2ba66af558cfa103a6918893d664c2dc07aee228316e573,0.12729216215998554,0.16065137832058568,0.18947201154578822,5.539030922818711e-08,0.18709003604792207,0.04166666666666663
diverse,ood_shape,direct,pod_deeponet,17,ood_shape_0005,145.49153445980784,3900.0,299.0,0.5509892859990941,2.234516675040747e-05,0aff7606bd1a7866c2ba66af558cfa103a6918893d664c2dc07aee228316e573,0.03049828970654057,0.07633539620163293,0.22756845022367428,7.621775921506924e-08,0.19092589686202202,0.0
diverse,ood_re,direct,pod_deeponet,17,ood_re_0000,566.4474875225259,3900.0,299.0,0.5509892859990941,1.7818500055000186e-05,0aff7606bd1a7866c2ba66af558cfa103a6918893d664c2dc07aee228316e573,0.21818819700557432,0.2649348700609321,0.2678326114166189,8.266152207170308e-08,0.3613555212278568,0.04166666666666663
diverse,ood_re,direct,pod_deeponet,17,ood_re_0001,490.14181715065223,3900.0,299.0,0.5509892859990941,1.7818500055000186e-05,0aff7606bd1a7866c2ba66af558cfa103a6918893d664c2dc07aee228316e573,0.13328379648066016,0.16486053515933505,0.17848870888611787,7.046236305541242e-08,0.33667820485076005,0.04166666666666663
diverse,ood_re,direct,pod_deeponet,17,ood_re_0002,533.202596381457,3900.0,299.0,0.5509892859990941,1.7818500055000186e-05,0aff7606bd1a7866c2ba66af558cfa103a6918893d664c2dc07aee228316e573,0.16810377960459033,0.21751423729104302,0.21686726801611106,7.522930900449865e-08,0.32112755695278794,0.04166666666666663
diverse,ood_re,direct,pod_deeponet,17,ood_re_0003,592.5167238454294,3900.0,299.0,0.5509892859990941,1.7818500055000186e-05,0aff7606bd1a7866c2ba66af558cfa103a6918893d664c2dc07aee228316e573,0.21606065711575595,0.31733417003930964,0.31603397572525505,5.520204737763379e-08,0.2586635686271211,0.08333333333333326
diverse,ood_re,direct,pod_deeponet,17,ood_re_0004,489.1490754145391,3900.0,299.0,0.5509892859990941,1.7818500055000186e-05,0aff7606bd1a7866c2ba66af558cfa103a6918893d664c2dc07aee228316e573,0.08228708453494812,0.13219478138716606,0.16419948983014998,7.178341832059232e-08,0.257771284943268,0.05892556509887899
diverse,ood_re,direct,pod_deeponet,17,ood_re_0005,561.89866888648,3900.0,299.0,0.5509892859990941,1.7818500055000186e-05,0aff7606bd1a7866c2ba66af558cfa103a6918893d664c2dc07aee228316e573,0.1662535737076339,0.22700242731597892,0.2604490218768745,8.165853415675883e-08,0.3446303076203222,0.04166666666666663
diverse,constant,direct,unet,17,constant_test_0000,378.39963682209583,15013.0,300.0,5.192174489995523,0.0004054153335649365,c348560a5a8392ab6ff1ff1cdbfa749ba1e709ddce5663ae650f5d7372803de3,0.0785719158524177,0.1788092886971741,0.638036571323331,8.389755379312192e-08,0.43419321710272735,0.04166666666666674
diverse,constant,direct,unet,17,constant_test_0001,275.5175743523432,15013.0,300.0,5.192174489995523,0.0004054153335649365,c348560a5a8392ab6ff1ff1cdbfa749ba1e709ddce5663ae650f5d7372803de3,0.054874773702351554,0.14125899304404935,0.5520031684607795,7.975449278774249e-08,0.41196118285489575,0.04166666666666663
diverse,constant,direct,unet,17,constant_test_0002,205.77449124508615,15013.0,300.0,5.192174489995523,0.0004054153335649365,c348560a5a8392ab6ff1ff1cdbfa749ba1e709ddce5663ae650f5d7372803de3,0.06235878282779337,0.1343956511489929,0.5006113892445763,6.546546416075216e-08,0.4002589620466169,0.0
diverse,constant,direct,unet,17,constant_test_0003,356.31307787809095,15013.0,300.0,5.192174489995523,0.0004054153335649365,c348560a5a8392ab6ff1ff1cdbfa749ba1e709ddce5663ae650f5d7372803de3,0.06825602660996931,0.16712419857610836,0.6195096544077806,7.51713500335427e-08,0.42887134817005695,0.04166666666666674
diverse,constant,direct,unet,17,constant_test_0004,364.9641357923895,15013.0,300.0,5.192174489995523,0.0004054153335649365,c348560a5a8392ab6ff1ff1cdbfa749ba1e709ddce5663ae650f5d7372803de3,0.07202533392875193,0.17146602988359247,0.626787944165653,8.60886615328127e-08,0.43091839628690787,0.04166666666666674
diverse,constant,direct,unet,17,constant_test_0005,326.11288015095056,15013.0,300.0,5.192174489995523,0.0004054153335649365,c348560a5a8392ab6ff1ff1cdbfa749ba1e709ddce5663ae650f5d7372803de3,0.058475350296778146,0.15443763789994153,0.5940175718259242,7.806881541227995e-08,0.42209419865556236,0.0
diverse,diverse,direct,unet,17,diverse_test_0000,378.39963682209583,15013.0,300.0,5.192174489995523,0.000383402166335145,c348560a5a8392ab6ff1ff1cdbfa749ba1e709ddce5663ae650f5d7372803de3,0.06655897229674537,0.14387585382717336,0.4643572036467282,6.772649641106909e-08,0.2869091106819422,0.0
diverse,diverse,direct,unet,17,diverse_test_0001,275.5175743523432,15013.0,300.0,5.192174489995523,0.000383402166335145,c348560a5a8392ab6ff1ff1cdbfa749ba1e709ddce5663ae650f5d7372803de3,0.050593187508572654,0.13185973536923473,0.5366570014660595,6.929457896376334e-08,0.36850561901830436,0.0
diverse,diverse,direct,unet,17,diverse_test_0002,205.77449124508615,15013.0,300.0,5.192174489995523,0.000383402166335145,c348560a5a8392ab6ff1ff1cdbfa749ba1e709ddce5663ae650f5d7372803de3,0.05401481444862652,0.11087775377011944,0.40527340709069515,7.07587233250706e-08,0.25304096743893184,0.04166666666666663
diverse,diverse,direct,unet,17,diverse_test_0003,356.31307787809095,15013.0,300.0,5.192174489995523,0.000383402166335145,c348560a5a8392ab6ff1ff1cdbfa749ba1e709ddce5663ae650f5d7372803de3,0.11334133844584068,0.2240559585913201,0.6469642407682442,7.354137210313638e-08,0.31325457183850897,0.04166666666666663
diverse,diverse,direct,unet,17,diverse_test_0004,364.9641357923895,15013.0,300.0,5.192174489995523,0.000383402166335145,c348560a5a8392ab6ff1ff1cdbfa749ba1e709ddce5663ae650f5d7372803de3,0.17511929512660462,0.3078731728489668,0.716358254723934,5.327077801098312e-08,0.37971686120979736,0.08333333333333326
diverse,diverse,direct,unet,17,diverse_test_0005,326.11288015095056,15013.0,300.0,5.192174489995523,0.000383402166335145,c348560a5a8392ab6ff1ff1cdbfa749ba1e709ddce5663ae650f5d7372803de3,0.07210097043100334,0.1790874449085562,0.5908373190848529,7.356047149187361e-08,0.36132593608081476,0.04166666666666663
diverse,ood_shape,direct,unet,17,ood_shape_0000,322.0476102060863,15013.0,300.0,5.192174489995523,0.00038099200052480836,c348560a5a8392ab6ff1ff1cdbfa749ba1e709ddce5663ae650f5d7372803de3,0.06571711365613193,0.1525990383707296,0.49321372273342196,6.929610663064523e-08,0.3151821604124661,0.08333333333333337
diverse,ood_shape,direct,unet,17,ood_shape_0001,236.44026808360903,15013.0,300.0,5.192174489995523,0.00038099200052480836,c348560a5a8392ab6ff1ff1cdbfa749ba1e709ddce5663ae650f5d7372803de3,0.2909244118875903,0.346375236232193,0.6191383066683273,5.991974916241816e-08,0.2114394169401866,0.05892556509887899
diverse,ood_shape,direct,unet,17,ood_shape_0002,180.95100059158364,15013.0,300.0,5.192174489995523,0.00038099200052480836,c348560a5a8392ab6ff1ff1cdbfa749ba1e709ddce5663ae650f5d7372803de3,0.10686924280342153,0.21373322365481978,0.4865028909374921,6.448243539125542e-08,0.227484510512161,0.0
diverse,ood_shape,direct,unet,17,ood_shape_0003,208.6074759394159,15013.0,300.0,5.192174489995523,0.00038099200052480836,c348560a5a8392ab6ff1ff1cdbfa749ba1e709ddce5663ae650f5d7372803de3,0.10758032460458745,0.19289192633024743,0.5264038801301102,6.939748686818348e-08,0.24218814669301073,0.0
diverse,ood_shape,direct,unet,17,ood_shape_0004,374.64532673286527,15013.0,300.0,5.192174489995523,0.00038099200052480836,c348560a5a8392ab6ff1ff1cdbfa749ba1e709ddce5663ae650f5d7372803de3,0.21258253564783852,0.29519432573076265,0.717937619363487,5.2749307144495106e-08,0.31202276510070337,0.04166666666666663
diverse,ood_shape,direct,unet,17,ood_shape_0005,145.49153445980784,15013.0,300.0,5.192174489995523,0.00038099200052480836,c348560a5a8392ab6ff1ff1cdbfa749ba1e709ddce5663ae650f5d7372803de3,0.10990322951624733,0.21137405407707707,0.4817655750879591,7.27059585869938e-08,0.31114424087010406,0.04166666666666663
diverse,ood_re,direct,unet,17,ood_re_0000,566.4474875225259,15013.0,300.0,5.192174489995523,0.00037942783334680524,c348560a5a8392ab6ff1ff1cdbfa749ba1e709ddce5663ae650f5d7372803de3,0.1598252103240794,0.296814152122744,0.707525247719151,7.322164918832641e-08,0.4498238455856896,0.08333333333333337
diverse,ood_re,direct,unet,17,ood_re_0001,490.14181715065223,15013.0,300.0,5.192174489995523,0.00037942783334680524,c348560a5a8392ab6ff1ff1cdbfa749ba1e709ddce5663ae650f5d7372803de3,0.11530727388456204,0.22724616874440684,0.6663548814775145,6.252410855722701e-08,0.42809171119346945,0.04166666666666674
diverse,ood_re,direct,unet,17,ood_re_0002,533.202596381457,15013.0,300.0,5.192174489995523,0.00037942783334680524,c348560a5a8392ab6ff1ff1cdbfa749ba1e709ddce5663ae650f5d7372803de3,0.16979612224284327,0.3003521738415742,0.7158780826263038,6.76284415135342e-08,0.3926063091402572,0.08333333333333337
diverse,ood_re,direct,unet,17,ood_re_0003,592.5167238454294,15013.0,300.0,5.192174489995523,0.00037942783334680524,c348560a5a8392ab6ff1ff1cdbfa749ba1e709ddce5663ae650f5d7372803de3,0.2935801976423068,0.466905541772054,0.7760734478036767,6.313304368177342e-08,0.30630616143615486,0.09316949906249115
diverse,ood_re,direct,unet,17,ood_re_0004,489.1490754145391,15013.0,300.0,5.192174489995523,0.00037942783334680524,c348560a5a8392ab6ff1ff1cdbfa749ba1e709ddce5663ae650f5d7372803de3,0.15437735617446818,0.2665335912729605,0.6092164420612174,5.83719454994025e-08,0.28465472699492567,0.08333333333333337
diverse,ood_re,direct,unet,17,ood_re_0005,561.89866888648,15013.0,300.0,5.192174489995523,0.00037942783334680524,c348560a5a8392ab6ff1ff1cdbfa749ba1e709ddce5663ae650f5d7372803de3,0.14890031187051325,0.2744526203744044,0.6519535158826023,5.7485866733486546e-08,0.40532979155740556,0.04166666666666674
diverse,constant,direct,fno,17,constant_test_0000,378.39963682209583,12721.0,300.0,7.843177268005093,0.000477979165831736,ceef091fa2020d990693c98c5b98e5101e811a79308171c77351733b6f2e8704,0.08028372209445102,0.12676597921859448,0.5095733795711492,7.391888345864572e-08,0.35939015512565187,0.04166666666666674
diverse,constant,direct,fno,17,constant_test_0001,275.5175743523432,12721.0,300.0,7.843177268005093,0.000477979165831736,ceef091fa2020d990693c98c5b98e5101e811a79308171c77351733b6f2e8704,0.09532242889530536,0.12380250450112099,0.40753569783814997,9.274334189512956e-08,0.31479391419184793,0.04166666666666663
diverse,constant,direct,fno,17,constant_test_0002,205.77449124508615,12721.0,300.0,7.843177268005093,0.000477979165831736,ceef091fa2020d990693c98c5b98e5101e811a79308171c77351733b6f2e8704,0.0865270240395714,0.10625866109111747,0.34283506162572147,7.786140088228422e-08,0.28977103841602436,0.0
diverse,constant,direct,fno,17,constant_test_0003,356.31307787809095,12721.0,300.0,7.843177268005093,0.000477979165831736,ceef091fa2020d990693c98c5b98e5101e811a79308171c77351733b6f2e8704,0.08508057491046139,0.1268551359534083,0.4880342951234235,7.370736909706466e-08,0.34916862236832436,0.05892556509887899
diverse,constant,direct,fno,17,constant_test_0004,364.9641357923895,12721.0,300.0,7.843177268005093,0.000477979165831736,ceef091fa2020d990693c98c5b98e5101e811a79308171c77351733b6f2e8704,0.08323138483190604,0.12678674362082704,0.49651790329091156,7.167979987343642e-08,0.3531353772981908,0.04166666666666674
diverse,constant,direct,fno,17,constant_test_0005,326.11288015095056,12721.0,300.0,7.843177268005093,0.000477979165831736,ceef091fa2020d990693c98c5b98e5101e811a79308171c77351733b6f2e8704,0.09073778210270184,0.1269225514246105,0.4580610458476897,6.879312763885537e-08,0.3357253237280378,0.04166666666666663
diverse,diverse,direct,fno,17,diverse_test_0000,378.39963682209583,12721.0,300.0,7.843177268005093,0.0006725078334663218,ceef091fa2020d990693c98c5b98e5101e811a79308171c77351733b6f2e8704,0.0512462199599308,0.08544305001023243,0.3359319034092075,7.518833911035472e-08,0.25314651897096074,0.05892556509887899
diverse,diverse,direct,fno,17,diverse_test_0001,275.5175743523432,12721.0,300.0,7.843177268005093,0.0006725078334663218,ceef091fa2020d990693c98c5b98e5101e811a79308171c77351733b6f2e8704,0.053294903803805554,0.08876928516640938,0.37544573902928313,5.911785549983506e-08,0.2605813186175034,0.0
diverse,diverse,direct,fno,17,diverse_test_0002,205.77449124508615,12721.0,300.0,7.843177268005093,0.0006725078334663218,ceef091fa2020d990693c98c5b98e5101e811a79308171c77351733b6f2e8704,0.04193122471217729,0.0670206425137333,0.2621486659082037,7.966042403495521e-08,0.17339811702042437,0.0
diverse,diverse,direct,fno,17,diverse_test_0003,356.31307787809095,12721.0,300.0,7.843177268005093,0.0006725078334663218,ceef091fa2020d990693c98c5b98e5101e811a79308171c77351733b6f2e8704,0.08109877586944343,0.13623594367865163,0.5072827438027527,6.23998133164605e-08,0.25691080324366644,0.04166666666666663
diverse,diverse,direct,fno,17,diverse_test_0004,364.9641357923895,12721.0,300.0,7.843177268005093,0.0006725078334663218,ceef091fa2020d990693c98c5b98e5101e811a79308171c77351733b6f2e8704,0.1370336041864023,0.19837648193330462,0.5591650600866271,5.465443564389716e-08,0.24762174133030082,0.04166666666666663
diverse,diverse,direct,fno,17,diverse_test_0005,326.11288015095056,12721.0,300.0,7.843177268005093,0.0006725078334663218,ceef091fa2020d990693c98c5b98e5101e811a79308171c77351733b6f2e8704,0.05510493851370601,0.11044587802735836,0.43330989686830357,6.604751945360476e-08,0.2367315661600501,0.04166666666666663
diverse,ood_shape,direct,fno,17,ood_shape_0000,322.0476102060863,12721.0,300.0,7.843177268005093,0.0004923258335717643,ceef091fa2020d990693c98c5b98e5101e811a79308171c77351733b6f2e8704,0.18175376272704322,0.24533046847414813,0.4440991973157219,7.217836639483721e-08,0.2250228944806801,0.04166666666666663
diverse,ood_shape,direct,fno,17,ood_shape_0001,236.44026808360903,12721.0,300.0,7.843177268005093,0.0004923258335717643,ceef091fa2020d990693c98c5b98e5101e811a79308171c77351733b6f2e8704,0.3271171808157484,0.2859507730121318,0.510316635735411,5.3988809867178134e-08,0.20481008010880505,0.05892556509887899
diverse,ood_shape,direct,fno,17,ood_shape_0002,180.95100059158364,12721.0,300.0,7.843177268005093,0.0004923258335717643,ceef091fa2020d990693c98c5b98e5101e811a79308171c77351733b6f2e8704,0.19341468352001723,0.21288498733401873,0.3666107340910998,7.047425754080905e-08,0.18665791974229837,0.04166666666666674
diverse,ood_shape,direct,fno,17,ood_shape_0003,208.6074759394159,12721.0,300.0,7.843177268005093,0.0004923258335717643,ceef091fa2020d990693c98c5b98e5101e811a79308171c77351733b6f2e8704,0.19176828331375925,0.19742175740296058,0.3799274896750776,6.264164653657645e-08,0.13318880210726397,0.0931694990624912
diverse,ood_shape,direct,fno,17,ood_shape_0004,374.64532673286527,12721.0,300.0,7.843177268005093,0.0004923258335717643,ceef091fa2020d990693c98c5b98e5101e811a79308171c77351733b6f2e8704,0.2616578605264135,0.3105243244232507,0.574522778852037,5.041711048647812e-08,0.20780390100264917,0.04166666666666663
diverse,ood_shape,direct,fno,17,ood_shape_0005,145.49153445980784,12721.0,300.0,7.843177268005093,0.0004923258335717643,ceef091fa2020d990693c98c5b98e5101e811a79308171c77351733b6f2e8704,0.18324151997938212,0.2775988087809831,0.5189033677284881,8.159960174225489e-08,0.2969653677662835,0.058925565098879064
diverse,ood_re,direct,fno,17,ood_re_0000,566.4474875225259,12721.0,300.0,7.843177268005093,0.000523654500284465,ceef091fa2020d990693c98c5b98e5101e811a79308171c77351733b6f2e8704,0.13077176155155104,0.18934478855920092,0.5931523212719017,6.901301219386369e-08,0.4255176943799554,0.05892556509887899
diverse,ood_re,direct,fno,17,ood_re_0001,490.14181715065223,12721.0,300.0,7.843177268005093,0.000523654500284465,ceef091fa2020d990693c98c5b98e5101e811a79308171c77351733b6f2e8704,0.066613841525669,0.12938455433031246,0.545559694486838,7.882513131107771e-08,0.3808316311059984,0.05892556509887899
diverse,ood_re,direct,fno,17,ood_re_0002,533.202596381457,12721.0,300.0,7.843177268005093,0.000523654500284465,ceef091fa2020d990693c98c5b98e5101e811a79308171c77351733b6f2e8704,0.0985446398506493,0.15567018344604602,0.589541330039844,6.723847434386698e-08,0.36940048985067003,0.05892556509887899
diverse,ood_re,direct,fno,17,ood_re_0003,592.5167238454294,12721.0,300.0,7.843177268005093,0.000523654500284465,ceef091fa2020d990693c98c5b98e5101e811a79308171c77351733b6f2e8704,0.22011238357693977,0.25331831213137307,0.623382164160059,5.274683800848834e-08,0.293594440305007,0.08333333333333326
diverse,ood_re,direct,fno,17,ood_re_0004,489.1490754145391,12721.0,300.0,7.843177268005093,0.000523654500284465,ceef091fa2020d990693c98c5b98e5101e811a79308171c77351733b6f2e8704,0.06547777583345318,0.1114161759216308,0.4655502967550951,5.765038579852444e-08,0.2788534937931864,0.05892556509887899
diverse,ood_re,direct,fno,17,ood_re_0005,561.89866888648,12721.0,300.0,7.843177268005093,0.000523654500284465,ceef091fa2020d990693c98c5b98e5101e811a79308171c77351733b6f2e8704,0.10343188449299998,0.1666100355914284,0.5332582967124225,6.211632808117429e-08,0.3790358208005949,0.05892556509887899
diverse,constant,direct,fno_physics,17,constant_test_0000,378.39963682209583,12721.0,300.0,7.46447973499744,0.0005300356666945542,7b32e41076e41d67dfaf8845001ecfe62cc3ea69bb30c54f67625eed2b0926e9,0.08467543073582413,0.16442075269172762,0.6971593412317513,8.220478520115648e-08,0.20423721650466803,0.04166666666666674
diverse,constant,direct,fno_physics,17,constant_test_0001,275.5175743523432,12721.0,300.0,7.46447973499744,0.0005300356666945542,7b32e41076e41d67dfaf8845001ecfe62cc3ea69bb30c54f67625eed2b0926e9,0.09904346977008262,0.15203267505776039,0.5726336758094613,8.353325853249771e-08,0.1595834907245507,0.04166666666666663
diverse,constant,direct,fno_physics,17,constant_test_0002,205.77449124508615,12721.0,300.0,7.46447973499744,0.0005300356666945542,7b32e41076e41d67dfaf8845001ecfe62cc3ea69bb30c54f67625eed2b0926e9,0.09206618099006472,0.12891615733520212,0.4702315226065852,8.344903079660071e-08,0.1348758629162417,0.0
diverse,constant,direct,fno_physics,17,constant_test_0003,356.31307787809095,12721.0,300.0,7.46447973499744,0.0005300356666945542,7b32e41076e41d67dfaf8845001ecfe62cc3ea69bb30c54f67625eed2b0926e9,0.08888790102924767,0.16251245238331308,0.6731975663146801,7.049269612480202e-08,0.1940306621261281,0.04166666666666674
diverse,constant,direct,fno_physics,17,constant_test_0004,364.9641357923895,12721.0,300.0,7.46447973499744,0.0005300356666945542,7b32e41076e41d67dfaf8845001ecfe62cc3ea69bb30c54f67625eed2b0926e9,0.08723695043410994,0.1632469741800845,0.6827606403569404,7.29031057744578e-08,0.19799462886091085,0.04166666666666674
diverse,constant,direct,fno_physics,17,constant_test_0005,326.11288015095056,12721.0,300.0,7.46447973499744,0.0005300356666945542,7b32e41076e41d67dfaf8845001ecfe62cc3ea69bb30c54f67625eed2b0926e9,0.09415831170130723,0.15970454617772387,0.637997013108461,7.120846845509732e-08,0.18057088870242807,0.04166666666666663
diverse,diverse,direct,fno_physics,17,diverse_test_0000,378.39963682209583,12721.0,300.0,7.46447973499744,0.0005760348334054773,7b32e41076e41d67dfaf8845001ecfe62cc3ea69bb30c54f67625eed2b0926e9,0.06698260584244077,0.1369874805678566,0.6373668470619293,7.222402587103716e-08,0.056386503076709026,0.04166666666666674
diverse,diverse,direct,fno_physics,17,diverse_test_0001,275.5175743523432,12721.0,300.0,7.46447973499744,0.0005760348334054773,7b32e41076e41d67dfaf8845001ecfe62cc3ea69bb30c54f67625eed2b0926e9,0.061405102779945965,0.12777441498351694,0.5736973389372294,6.320365741885325e-08,0.09090457986228297,0.0
diverse,diverse,direct,fno_physics,17,diverse_test_0002,205.77449124508615,12721.0,300.0,7.46447973499744,0.0005760348334054773,7b32e41076e41d67dfaf8845001ecfe62cc3ea69bb30c54f67625eed2b0926e9,0.04672959693625886,0.09523838036771184,0.4833966159474941,8.172270327122533e-08,0.0348852229440343,0.0
diverse,diverse,direct,fno_physics,17,diverse_test_0003,356.31307787809095,12721.0,300.0,7.46447973499744,0.0005760348334054773,7b32e41076e41d67dfaf8845001ecfe62cc3ea69bb30c54f67625eed2b0926e9,0.08193270511861608,0.15808250450226627,0.6577279602302215,6.401130292488233e-08,0.13459900198746563,0.04166666666666663
diverse,diverse,direct,fno_physics,17,diverse_test_0004,364.9641357923895,12721.0,300.0,7.46447973499744,0.0005760348334054773,7b32e41076e41d67dfaf8845001ecfe62cc3ea69bb30c54f67625eed2b0926e9,0.15133579507600722,0.26848387765636805,0.8485816804697318,5.601548380695931e-08,0.08170536296258497,0.04166666666666663
diverse,diverse,direct,fno_physics,17,diverse_test_0005,326.11288015095056,12721.0,300.0,7.46447973499744,0.0005760348334054773,7b32e41076e41d67dfaf8845001ecfe62cc3ea69bb30c54f67625eed2b0926e9,0.06993648656170343,0.16633988202466085,0.7216020636465208,7.656961997781764e-08,0.07752321118083295,0.04166666666666663
diverse,ood_shape,direct,fno_physics,17,ood_shape_0000,322.0476102060863,12721.0,300.0,7.46447973499744,0.0006289306669107949,7b32e41076e41d67dfaf8845001ecfe62cc3ea69bb30c54f67625eed2b0926e9,0.18044852479462342,0.26717185236862584,0.8068908988767569,7.962425030427767e-08,0.09980611166881465,0.04166666666666663
diverse,ood_shape,direct,fno_physics,17,ood_shape_0001,236.44026808360903,12721.0,300.0,7.46447973499744,0.0006289306669107949,7b32e41076e41d67dfaf8845001ecfe62cc3ea69bb30c54f67625eed2b0926e9,0.3189624129907188,0.3033923659270007,0.6413414626468983,6.605413460647469e-08,0.1528838081746697,0.0
diverse,ood_shape,direct,fno_physics,17,ood_shape_0002,180.95100059158364,12721.0,300.0,7.46447973499744,0.0006289306669107949,7b32e41076e41d67dfaf8845001ecfe62cc3ea69bb30c54f67625eed2b0926e9,0.20562699747143667,0.24381783947209873,0.6398614821053293,8.069206813843266e-08,0.1829982532031132,0.058925565098879064
diverse,ood_shape,direct,fno_physics,17,ood_shape_0003,208.6074759394159,12721.0,300.0,7.46447973499744,0.0006289306669107949,7b32e41076e41d67dfaf8845001ecfe62cc3ea69bb30c54f67625eed2b0926e9,0.19824321298333086,0.2326981350639951,0.6538852912867195,7.054824635588375e-08,0.10449920395612786,0.0931694990624912
diverse,ood_shape,direct,fno_physics,17,ood_shape_0004,374.64532673286527,12721.0,300.0,7.46447973499744,0.0006289306669107949,7b32e41076e41d67dfaf8845001ecfe62cc3ea69bb30c54f67625eed2b0926e9,0.267818675552716,0.3753538503541093,0.8472743718710621,5.534623426228791e-08,0.10719788222881929,0.04166666666666663
diverse,ood_shape,direct,fno_physics,17,ood_shape_0005,145.49153445980784,12721.0,300.0,7.46447973499744,0.0006289306669107949,7b32e41076e41d67dfaf8845001ecfe62cc3ea69bb30c54f67625eed2b0926e9,0.1782540446659416,0.26083869460099096,0.632549499688872,8.180303723293036e-08,0.18307662152713988,0.0931694990624913
diverse,ood_re,direct,fno_physics,17,ood_re_0000,566.4474875225259,12721.0,300.0,7.46447973499744,0.000575453999772435,7b32e41076e41d67dfaf8845001ecfe62cc3ea69bb30c54f67625eed2b0926e9,0.13026551199681297,0.21712112972264047,0.8187402596719937,6.901792204416779e-08,0.2451576320349061,0.04166666666666663
diverse,ood_re,direct,fno_physics,17,ood_re_0001,490.14181715065223,12721.0,300.0,7.46447973499744,0.000575453999772435,7b32e41076e41d67dfaf8845001ecfe62cc3ea69bb30c54f67625eed2b0926e9,0.07997909856571128,0.17662649793246835,0.7754897819443737,7.389220257891793e-08,0.20229112704880264,0.05892556509887899
diverse,ood_re,direct,fno_physics,17,ood_re_0002,533.202596381457,12721.0,300.0,7.46447973499744,0.000575453999772435,7b32e41076e41d67dfaf8845001ecfe62cc3ea69bb30c54f67625eed2b0926e9,0.09669497392447074,0.18465733197196177,0.7831579825782531,6.227564597338642e-08,0.21403022360131882,0.0
diverse,ood_re,direct,fno_physics,17,ood_re_0003,592.5167238454294,12721.0,300.0,7.46447973499744,0.000575453999772435,7b32e41076e41d67dfaf8845001ecfe62cc3ea69bb30c54f67625eed2b0926e9,0.19746441934040004,0.26250905506308675,0.8282057172047765,5.541707892575687e-08,0.16043807125270473,0.09316949906249125
diverse,ood_re,direct,fno_physics,17,ood_re_0004,489.1490754145391,12721.0,300.0,7.46447973499744,0.000575453999772435,7b32e41076e41d67dfaf8845001ecfe62cc3ea69bb30c54f67625eed2b0926e9,0.07368358605368241,0.16218059142759333,0.6990992850501655,6.621137060847104e-08,0.11147758471143751,0.0
diverse,ood_re,direct,fno_physics,17,ood_re_0005,561.89866888648,12721.0,300.0,7.46447973499744,0.000575453999772435,7b32e41076e41d67dfaf8845001ecfe62cc3ea69bb30c54f67625eed2b0926e9,0.11331507170600924,0.21111114471098583,0.795075889556266,6.400252772209569e-08,0.18035446274811262,0.04166666666666663
diverse,constant,direct,coordinate_mlp,27,constant_test_0000,378.39963682209583,3457.0,298.0,3.132100779999746,0.0001585930003784597,1a975da4faa2f5ad76fd087b5be52d6cac148b67ba228a2ce5528c39ebcf357e,0.2274592523324229,0.4279611865727223,0.837011343808611,5.9150867315338473e-08,0.607594546907503,0.04166666666666663
diverse,constant,direct,coordinate_mlp,27,constant_test_0001,275.5175743523432,3457.0,298.0,3.132100779999746,0.0001585930003784597,1a975da4faa2f5ad76fd087b5be52d6cac148b67ba228a2ce5528c39ebcf357e,0.23448337393322516,0.41946290844216677,0.808735920898049,6.223852011544295e-08,0.5933103362288994,0.05892556509887899
diverse,constant,direct,coordinate_mlp,27,constant_test_0002,205.77449124508615,3457.0,298.0,3.132100779999746,0.0001585930003784597,1a975da4faa2f5ad76fd087b5be52d6cac148b67ba228a2ce5528c39ebcf357e,0.2393761562146184,0.41672778958400275,0.7894751984553023,6.450062528529088e-08,0.5839735066057113,0.04166666666666674
diverse,constant,direct,coordinate_mlp,27,constant_test_0003,356.31307787809095,3457.0,298.0,3.132100779999746,0.0001585930003784597,1a975da4faa2f5ad76fd087b5be52d6cac148b67ba228a2ce5528c39ebcf357e,0.2285721444607898,0.42570615203342643,0.8310585247107164,6.74102622610917e-08,0.6044812287974038,0.04166666666666663
diverse,constant,direct,coordinate_mlp,27,constant_test_0004,364.9641357923895,3457.0,298.0,3.132100779999746,0.0001585930003784597,1a975da4faa2f5ad76fd087b5be52d6cac148b67ba228a2ce5528c39ebcf357e,0.22808770744466936,0.42655704066602296,0.8334020331315625,6.351247350266931e-08,0.6056978396027157,0.04166666666666663
diverse,constant,direct,coordinate_mlp,27,constant_test_0005,326.11288015095056,3457.0,298.0,3.132100779999746,0.0001585930003784597,1a975da4faa2f5ad76fd087b5be52d6cac148b67ba228a2ce5528c39ebcf357e,0.23060332821854082,0.42302851947735354,0.8227826143391462,6.117002016026163e-08,0.6002642951668988,0.05892556509887899
diverse,diverse,direct,coordinate_mlp,27,diverse_test_0000,378.39963682209583,3457.0,298.0,3.132100779999746,0.00012815066656912677,1a975da4faa2f5ad76fd087b5be52d6cac148b67ba228a2ce5528c39ebcf357e,0.2332322637276927,0.43007692218833943,0.7796267181876342,7.983666705513315e-08,0.34799520012804663,0.05892556509887899
diverse,diverse,direct,coordinate_mlp,27,diverse_test_0001,275.5175743523432,3457.0,298.0,3.132100779999746,0.00012815066656912677,1a975da4faa2f5ad76fd087b5be52d6cac148b67ba228a2ce5528c39ebcf357e,0.1935427832353648,0.3820452048427987,0.7861887595821866,6.558914122933857e-08,0.48432088399640993,0.04166666666666674
diverse,diverse,direct,coordinate_mlp,27,diverse_test_0002,205.77449124508615,3457.0,298.0,3.132100779999746,0.00012815066656912677,1a975da4faa2f5ad76fd087b5be52d6cac148b67ba228a2ce5528c39ebcf357e,0.20697801950397718,0.3945754338250418,0.7494281492331636,8.606124168863971e-08,0.37976540143947457,0.04166666666666674
diverse,diverse,direct,coordinate_mlp,27,diverse_test_0003,356.31307787809095,3457.0,298.0,3.132100779999746,0.00012815066656912677,1a975da4faa2f5ad76fd087b5be52d6cac148b67ba228a2ce5528c39ebcf357e,0.23397832714021677,0.43415845267009967,0.830408329071979,5.743975961536307e-08,0.4848796551290669,0.05892556509887899
diverse,diverse,direct,coordinate_mlp,27,diverse_test_0004,364.9641357923895,3457.0,298.0,3.132100779999746,0.00012815066656912677,1a975da4faa2f5ad76fd087b5be52d6cac148b67ba228a2ce5528c39ebcf357e,0.2843056367003973,0.4870473964180881,0.8457277809112259,5.965880234271026e-08,0.4585688440030965,0.058925565098879064
diverse,diverse,direct,coordinate_mlp,27,diverse_test_0005,326.11288015095056,3457.0,298.0,3.132100779999746,0.00012815066656912677,1a975da4faa2f5ad76fd087b5be52d6cac148b67ba228a2ce5528c39ebcf357e,0.22123255656031277,0.4255162042384108,0.809382180886227,5.2790596782870125e-08,0.4562961175546537,0.04166666666666674
diverse,ood_shape,direct,coordinate_mlp,27,ood_shape_0000,322.0476102060863,3457.0,298.0,3.132100779999746,0.00012858149905999502,1a975da4faa2f5ad76fd087b5be52d6cac148b67ba228a2ce5528c39ebcf357e,0.33776114746697006,0.48439112767326503,0.7874526481948289,8.108828808417456e-08,0.34417954477709106,0.05892556509887899
diverse,ood_shape,direct,coordinate_mlp,27,ood_shape_0001,236.44026808360903,3457.0,298.0,3.132100779999746,0.00012858149905999502,1a975da4faa2f5ad76fd087b5be52d6cac148b67ba228a2ce5528c39ebcf357e,0.5059123857293337,0.6848138549542281,0.8585169923822498,6.471530866747344e-08,0.35184154179910293,0.13176156917368245
diverse,ood_shape,direct,coordinate_mlp,27,ood_shape_0002,180.95100059158364,3457.0,298.0,3.132100779999746,0.00012858149905999502,1a975da4faa2f5ad76fd087b5be52d6cac148b67ba228a2ce5528c39ebcf357e,0.3648617177402051,0.5225719196111912,0.7572747402971937,7.968560566951055e-08,0.2267242317395288,0.058925565098879064
diverse,ood_shape,direct,coordinate_mlp,27,ood_shape_0003,208.6074759394159,3457.0,298.0,3.132100779999746,0.00012858149905999502,1a975da4faa2f5ad76fd087b5be52d6cac148b67ba228a2ce5528c39ebcf357e,0.3333448333295325,0.5169318421729345,0.7968924052772288,6.037016930804384e-08,0.3472968880852134,0.125
diverse,ood_shape,direct,coordinate_mlp,27,ood_shape_0004,374.64532673286527,3457.0,298.0,3.132100779999746,0.00012858149905999502,1a975da4faa2f5ad76fd087b5be52d6cac148b67ba228a2ce5528c39ebcf357e,0.5065118886882443,0.6840963632502187,0.8700207994959596,6.512176042861029e-08,0.34294781115650613,0.058925565098879064
diverse,ood_shape,direct,coordinate_mlp,27,ood_shape_0005,145.49153445980784,3457.0,298.0,3.132100779999746,0.00012858149905999502,1a975da4faa2f5ad76fd087b5be52d6cac148b67ba228a2ce5528c39ebcf357e,0.20440224171879065,0.37160979400520955,0.7173013497184106,7.499798471144459e-08,0.34641713404975205,0.058925565098879064
diverse,ood_re,direct,coordinate_mlp,27,ood_re_0000,566.4474875225259,3457.0,298.0,3.132100779999746,0.00012330999985958138,1a975da4faa2f5ad76fd087b5be52d6cac148b67ba228a2ce5528c39ebcf357e,0.23754739264453129,0.4479061096149112,0.8509123820311507,6.274900243852244e-08,0.5473276639777946,0.04166666666666663
diverse,ood_re,direct,coordinate_mlp,27,ood_re_0001,490.14181715065223,3457.0,298.0,3.132100779999746,0.00012330999985958138,1a975da4faa2f5ad76fd087b5be52d6cac148b67ba228a2ce5528c39ebcf357e,0.21147024219702068,0.4251818670688858,0.8396588089542085,5.57297035186366e-08,0.544362896421987,0.04166666666666663
diverse,ood_re,direct,coordinate_mlp,27,ood_re_0002,533.202596381457,3457.0,298.0,3.132100779999746,0.00012330999985958138,1a975da4faa2f5ad76fd087b5be52d6cac148b67ba228a2ce5528c39ebcf357e,0.22213541538815246,0.4424355556253388,0.8534472763960999,5.756043819360457e-08,0.5092749093926534,0.04166666666666663
diverse,ood_re,direct,coordinate_mlp,27,ood_re_0003,592.5167238454294,3457.0,298.0,3.132100779999746,0.00012330999985958138,1a975da4faa2f5ad76fd087b5be52d6cac148b67ba228a2ce5528c39ebcf357e,0.3141373425361329,0.5342364187235475,0.8709310050294862,5.793670965204001e-08,0.3845364859884073,0.04166666666666674
diverse,ood_re,direct,coordinate_mlp,27,ood_re_0004,489.1490754145391,3457.0,298.0,3.132100779999746,0.00012330999985958138,1a975da4faa2f5ad76fd087b5be52d6cac148b67ba228a2ce5528c39ebcf357e,0.2476653054182494,0.45908493262798555,0.819928411246223,5.91915352288197e-08,0.3708971763675305,0.08333333333333337
diverse,ood_re,direct,coordinate_mlp,27,ood_re_0005,561.89866888648,3457.0,298.0,3.132100779999746,0.00012330999985958138,1a975da4faa2f5ad76fd087b5be52d6cac148b67ba228a2ce5528c39ebcf357e,0.23290241445184023,0.44477639034861427,0.8303438502969285,5.96233178384864e-08,0.46697061250686944,0.04166666666666663
diverse,constant,direct,pod_deeponet,27,constant_test_0000,378.39963682209583,3900.0,262.0,0.4960358099997393,3.5640167576881744e-05,b919a7f0721a6feeac7b708c37f6c1dd221a84b98107c69743cada6e14410bf7,0.03692006301222067,0.047777540103359974,0.09562748790129341,7.493397902180732e-08,0.3142665485336877,0.04166666666666674
diverse,constant,direct,pod_deeponet,27,constant_test_0001,275.5175743523432,3900.0,262.0,0.4960358099997393,3.5640167576881744e-05,b919a7f0721a6feeac7b708c37f6c1dd221a84b98107c69743cada6e14410bf7,0.022800826875152985,0.03190511614519136,0.061251085307811835,7.603747320672483e-08,0.26328477330443933,0.04166666666666663
diverse,constant,direct,pod_deeponet,27,constant_test_0002,205.77449124508615,3900.0,262.0,0.4960358099997393,3.5640167576881744e-05,b919a7f0721a6feeac7b708c37f6c1dd221a84b98107c69743cada6e14410bf7,0.03342720137064976,0.03784961602365528,0.049972593001059856,8.067679857504118e-08,0.22991562914048355,0.0
diverse,constant,direct,pod_deeponet,27,constant_test_0003,356.31307787809095,3900.0,262.0,0.4960358099997393,3.5640167576881744e-05,b919a7f0721a6feeac7b708c37f6c1dd221a84b98107c69743cada6e14410bf7,0.022051644440867935,0.03259450791203238,0.08314502862803835,8.701306342118187e-08,0.3032092353817047,0.04166666666666674
diverse,constant,direct,pod_deeponet,27,constant_test_0004,364.9641357923895,3900.0,262.0,0.4960358099997393,3.5640167576881744e-05,b919a7f0721a6feeac7b708c37f6c1dd221a84b98107c69743cada6e14410bf7,0.027527912728043585,0.03795103487705963,0.08769662338542716,7.052859274381262e-08,0.30753532667904904,0.04166666666666674
diverse,constant,direct,pod_deeponet,27,constant_test_0005,326.11288015095056,3900.0,262.0,0.4960358099997393,3.5640167576881744e-05,b919a7f0721a6feeac7b708c37f6c1dd221a84b98107c69743cada6e14410bf7,0.009735292403848244,0.02263904194131629,0.07088777256980552,9.057161065584296e-08,0.28817091468112593,0.0
diverse,diverse,direct,pod_deeponet,27,diverse_test_0000,378.39963682209583,3900.0,262.0,0.4960358099997393,1.9218833282745134e-05,b919a7f0721a6feeac7b708c37f6c1dd221a84b98107c69743cada6e14410bf7,0.01550683627809291,0.032888040304590714,0.05552543110439898,7.31746254700738e-08,0.22665480450049175,0.0
diverse,diverse,direct,pod_deeponet,27,diverse_test_0001,275.5175743523432,3900.0,262.0,0.4960358099997393,1.9218833282745134e-05,b919a7f0721a6feeac7b708c37f6c1dd221a84b98107c69743cada6e14410bf7,0.027507206475252892,0.03659041836166445,0.06070798165653952,7.324599948788091e-08,0.23666167954303274,0.0
diverse,diverse,direct,pod_deeponet,27,diverse_test_0002,205.77449124508615,3900.0,262.0,0.4960358099997393,1.9218833282745134e-05,b919a7f0721a6feeac7b708c37f6c1dd221a84b98107c69743cada6e14410bf7,0.022576501197781998,0.03457389499270328,0.06536675030663275,7.123068712644454e-08,0.13759747053345,0.0
diverse,diverse,direct,pod_deeponet,27,diverse_test_0003,356.31307787809095,3900.0,262.0,0.4960358099997393,1.9218833282745134e-05,b919a7f0721a6feeac7b708c37f6c1dd221a84b98107c69743cada6e14410bf7,0.031091384981420906,0.04154213964713511,0.08469482658704622,7.033142424006655e-08,0.2360377056704906,0.0
diverse,diverse,direct,pod_deeponet,27,diverse_test_0004,364.9641357923895,3900.0,262.0,0.4960358099997393,1.9218833282745134e-05,b919a7f0721a6feeac7b708c37f6c1dd221a84b98107c69743cada6e14410bf7,0.051754122449526915,0.08179148811245686,0.09475861609105202,5.96587454992914e-08,0.26442670933656004,0.04166666666666663
diverse,diverse,direct,pod_deeponet,27,diverse_test_0005,326.11288015095056,3900.0,262.0,0.4960358099997393,1.9218833282745134e-05,b919a7f0721a6feeac7b708c37f6c1dd221a84b98107c69743cada6e14410bf7,0.011603129332198845,0.02182426093199767,0.0317793433336004,6.588482648339777e-08,0.23855351587589588,0.04166666666666663
diverse,ood_shape,direct,pod_deeponet,27,ood_shape_0000,322.0476102060863,3900.0,262.0,0.4960358099997393,1.8292333455368254e-05,b919a7f0721a6feeac7b708c37f6c1dd221a84b98107c69743cada6e14410bf7,0.036496213746953735,0.052676310008925864,0.11132201228814231,5.7284317733774515e-08,0.2092218636553131,0.0
diverse,ood_shape,direct,pod_deeponet,27,ood_shape_0001,236.44026808360903,3900.0,262.0,0.4960358099997393,1.8292333455368254e-05,b919a7f0721a6feeac7b708c37f6c1dd221a84b98107c69743cada6e14410bf7,0.12566228482121433,0.12840696462801166,0.15274908457273323,5.349750509253681e-08,0.14575968916395288,0.05892556509887899
diverse,ood_shape,direct,pod_deeponet,27,ood_shape_0002,180.95100059158364,3900.0,262.0,0.4960358099997393,1.8292333455368254e-05,b919a7f0721a6feeac7b708c37f6c1dd221a84b98107c69743cada6e14410bf7,0.05108792298498785,0.0841928264833052,0.26197818866535444,6.571821842271675e-08,0.1431048791500636,0.04166666666666663
diverse,ood_shape,direct,pod_deeponet,27,ood_shape_0003,208.6074759394159,3900.0,262.0,0.4960358099997393,1.8292333455368254e-05,b919a7f0721a6feeac7b708c37f6c1dd221a84b98107c69743cada6e14410bf7,0.03558586953453494,0.05714252038203627,0.11982996345464815,6.22889544388272e-08,0.1395961359202589,0.04166666666666663
diverse,ood_shape,direct,pod_deeponet,27,ood_shape_0004,374.64532673286527,3900.0,262.0,0.4960358099997393,1.8292333455368254e-05,b919a7f0721a6feeac7b708c37f6c1dd221a84b98107c69743cada6e14410bf7,0.12955716979296183,0.17896908880454723,0.22800500012780692,5.1631811714969444e-08,0.2075368039622408,0.04166666666666663
diverse,ood_shape,direct,pod_deeponet,27,ood_shape_0005,145.49153445980784,3900.0,262.0,0.4960358099997393,1.8292333455368254e-05,b919a7f0721a6feeac7b708c37f6c1dd221a84b98107c69743cada6e14410bf7,0.06395062924997658,0.11095844295735997,0.35017468613513375,7.950254854449668e-08,0.17253955721974745,0.0
diverse,ood_re,direct,pod_deeponet,27,ood_re_0000,566.4474875225259,3900.0,262.0,0.4960358099997393,1.8007000714230042e-05,b919a7f0721a6feeac7b708c37f6c1dd221a84b98107c69743cada6e14410bf7,0.2063726444979736,0.2544680939823458,0.2587721809707519,7.580809580076675e-08,0.3725099830208629,0.04166666666666663
diverse,ood_re,direct,pod_deeponet,27,ood_re_0001,490.14181715065223,3900.0,262.0,0.4960358099997393,1.8007000714230042e-05,b919a7f0721a6feeac7b708c37f6c1dd221a84b98107c69743cada6e14410bf7,0.11753982317261104,0.15114319596716036,0.16938372082769837,8.277626761810097e-08,0.3464151866690496,0.04166666666666663
diverse,ood_re,direct,pod_deeponet,27,ood_re_0002,533.202596381457,3900.0,262.0,0.4960358099997393,1.8007000714230042e-05,b919a7f0721a6feeac7b708c37f6c1dd221a84b98107c69743cada6e14410bf7,0.1537286576004868,0.20684604007180335,0.21232842472336344,7.941950030954104e-08,0.3332132562912758,0.04166666666666663
diverse,ood_re,direct,pod_deeponet,27,ood_re_0003,592.5167238454294,3900.0,262.0,0.4960358099997393,1.8007000714230042e-05,b919a7f0721a6feeac7b708c37f6c1dd221a84b98107c69743cada6e14410bf7,0.20857061222090298,0.31564168203109244,0.3138536547481986,6.232205151945891e-08,0.2661790273651023,0.08333333333333326
diverse,ood_re,direct,pod_deeponet,27,ood_re_0004,489.1490754145391,3900.0,262.0,0.4960358099997393,1.8007000714230042e-05,b919a7f0721a6feeac7b708c37f6c1dd221a84b98107c69743cada6e14410bf7,0.07342355552880757,0.12496271436619417,0.16406074029113887,6.758816795127132e-08,0.26580848600613044,0.05892556509887899
diverse,ood_re,direct,pod_deeponet,27,ood_re_0005,561.89866888648,3900.0,262.0,0.4960358099997393,1.8007000714230042e-05,b919a7f0721a6feeac7b708c37f6c1dd221a84b98107c69743cada6e14410bf7,0.15373768990169645,0.2185265292298404,0.256061815464409,6.928527795935224e-08,0.3544689240375755,0.04166666666666663
diverse,constant,direct,unet,27,constant_test_0000,378.39963682209583,15013.0,287.0,4.84735708199878,0.00025959966660593636,18cf149c8ce276e8b55b99aa1272e1979f60a5f3155177126929fe195ac997ff,0.07597903988795074,0.15227951089056246,0.6218999905620871,7.089673914606465e-08,0.46848365824431354,0.04166666666666674
diverse,constant,direct,unet,27,constant_test_0001,275.5175743523432,15013.0,287.0,4.84735708199878,0.00025959966660593636,18cf149c8ce276e8b55b99aa1272e1979f60a5f3155177126929fe195ac997ff,0.09352703546083928,0.14136488405168005,0.5374169543078556,6.577867139867521e-08,0.42907065295041297,0.04166666666666663
diverse,constant,direct,unet,27,constant_test_0002,205.77449124508615,15013.0,287.0,4.84735708199878,0.00025959966660593636,18cf149c8ce276e8b55b99aa1272e1979f60a5f3155177126929fe195ac997ff,0.09950601001578206,0.13835630542790114,0.48912751600400906,7.756285924642725e-08,0.4046587729785712,0.0
diverse,constant,direct,unet,27,constant_test_0003,356.31307787809095,15013.0,287.0,4.84735708199878,0.00025959966660593636,18cf149c8ce276e8b55b99aa1272e1979f60a5f3155177126929fe195ac997ff,0.07722136704918167,0.14748023629622012,0.6033243320781233,7.044305050385447e-08,0.45980946989983895,0.04166666666666674
diverse,constant,direct,unet,27,constant_test_0004,364.9641357923895,15013.0,287.0,4.84735708199878,0.00025959966660593636,18cf149c8ce276e8b55b99aa1272e1979f60a5f3155177126929fe195ac997ff,0.07637167910884006,0.14912449729102162,0.6105970688912945,6.85995615867796e-08,0.4631981534406149,0.04166666666666674
diverse,constant,direct,unet,27,constant_test_0005,326.11288015095056,15013.0,287.0,4.84735708199878,0.00025959966660593636,18cf149c8ce276e8b55b99aa1272e1979f60a5f3155177126929fe195ac997ff,0.08257502436121313,0.14369401196538578,0.5781055404974009,6.163116950119729e-08,0.44809893480431967,0.0
diverse,diverse,direct,unet,27,diverse_test_0000,378.39963682209583,15013.0,287.0,4.84735708199878,0.00023944949983463934,18cf149c8ce276e8b55b99aa1272e1979f60a5f3155177126929fe195ac997ff,0.06999821397642415,0.13639140870296734,0.4852840713079063,6.319413614619407e-08,0.3138875582009273,0.0
diverse,diverse,direct,unet,27,diverse_test_0001,275.5175743523432,15013.0,287.0,4.84735708199878,0.00023944949983463934,18cf149c8ce276e8b55b99aa1272e1979f60a5f3155177126929fe195ac997ff,0.08591554516758199,0.13980377247406225,0.5319820729218252,7.270665491887485e-08,0.3721334674656513,0.0
diverse,diverse,direct,unet,27,diverse_test_0002,205.77449124508615,15013.0,287.0,4.84735708199878,0.00023944949983463934,18cf149c8ce276e8b55b99aa1272e1979f60a5f3155177126929fe195ac997ff,0.06861474348960257,0.10095969136642598,0.40530045433551476,7.331664164667018e-08,0.25811599842733346,0.04166666666666663
diverse,diverse,direct,unet,27,diverse_test_0003,356.31307787809095,15013.0,287.0,4.84735708199878,0.00023944949983463934,18cf149c8ce276e8b55b99aa1272e1979f60a5f3155177126929fe195ac997ff,0.06737252411704406,0.1458712828575189,0.6095259573787029,5.65151729858826e-08,0.33768579140448146,0.0
diverse,diverse,direct,unet,27,diverse_test_0004,364.9641357923895,15013.0,287.0,4.84735708199878,0.00023944949983463934,18cf149c8ce276e8b55b99aa1272e1979f60a5f3155177126929fe195ac997ff,0.09419244186937317,0.18421669282841135,0.6527014861673278,5.332605823582526e-08,0.3738271746858466,0.04166666666666663
diverse,diverse,direct,unet,27,diverse_test_0005,326.11288015095056,15013.0,287.0,4.84735708199878,0.00023944949983463934,18cf149c8ce276e8b55b99aa1272e1979f60a5f3155177126929fe195ac997ff,0.06586670045852917,0.1396763585872826,0.5559532495620507,5.931304158934836e-08,0.3629550180455905,0.0
diverse,ood_shape,direct,unet,27,ood_shape_0000,322.0476102060863,15013.0,287.0,4.84735708199878,0.00021867500011770366,18cf149c8ce276e8b55b99aa1272e1979f60a5f3155177126929fe195ac997ff,0.08135734787429284,0.15013075208805177,0.489829570679315,6.67985275981664e-08,0.3158947427149747,0.04166666666666674
diverse,ood_shape,direct,unet,27,ood_shape_0001,236.44026808360903,15013.0,287.0,4.84735708199878,0.00021867500011770366,18cf149c8ce276e8b55b99aa1272e1979f60a5f3155177126929fe195ac997ff,0.26854245929752735,0.27306386761319507,0.5328122001752349,5.471349240337986e-08,0.19900325129978808,0.05892556509887899
diverse,ood_shape,direct,unet,27,ood_shape_0002,180.95100059158364,15013.0,287.0,4.84735708199878,0.00021867500011770366,18cf149c8ce276e8b55b99aa1272e1979f60a5f3155177126929fe195ac997ff,0.0955389597476848,0.20749593704967506,0.5170846880273031,5.886650811248728e-08,0.22376294373730402,0.0
diverse,ood_shape,direct,unet,27,ood_shape_0003,208.6074759394159,15013.0,287.0,4.84735708199878,0.00021867500011770366,18cf149c8ce276e8b55b99aa1272e1979f60a5f3155177126929fe195ac997ff,0.07678607321658511,0.14514312507029783,0.4704429134756746,5.8996700857960604e-08,0.22663192522542053,0.0
diverse,ood_shape,direct,unet,27,ood_shape_0004,374.64532673286527,15013.0,287.0,4.84735708199878,0.00021867500011770366,18cf149c8ce276e8b55b99aa1272e1979f60a5f3155177126929fe195ac997ff,0.14522245791057098,0.23519378096832774,0.6751304448869077,3.90842096464894e-08,0.2933862641927758,0.0
diverse,ood_shape,direct,unet,27,ood_shape_0005,145.49153445980784,15013.0,287.0,4.84735708199878,0.00021867500011770366,18cf149c8ce276e8b55b99aa1272e1979f60a5f3155177126929fe195ac997ff,0.11349846328893531,0.2142280127781797,0.5468239893289323,6.068042779361349e-08,0.3215365592408894,0.04166666666666663
diverse,ood_re,direct,unet,27,ood_re_0000,566.4474875225259,15013.0,287.0,4.84735708199878,0.00022040599894050197,18cf149c8ce276e8b55b99aa1272e1979f60a5f3155177126929fe195ac997ff,0.14671984465458396,0.2189651530131025,0.6912117688175421,6.23072224925636e-08,0.4982084531527514,0.05892556509887899
diverse,ood_re,direct,unet,27,ood_re_0001,490.14181715065223,15013.0,287.0,4.84735708199878,0.00022040599894050197,18cf149c8ce276e8b55b99aa1272e1979f60a5f3155177126929fe195ac997ff,0.09152530100130755,0.17387078380319315,0.6563715480279714,6.513748473935266e-08,0.469178277053641,0.04166666666666674
diverse,ood_re,direct,unet,27,ood_re_0002,533.202596381457,15013.0,287.0,4.84735708199878,0.00022040599894050197,18cf149c8ce276e8b55b99aa1272e1979f60a5f3155177126929fe195ac997ff,0.1386171408729274,0.21548916060752837,0.6973660362635568,7.218091724325859e-08,0.43801767807957176,0.04166666666666674
diverse,ood_re,direct,unet,27,ood_re_0003,592.5167238454294,15013.0,287.0,4.84735708199878,0.00022040599894050197,18cf149c8ce276e8b55b99aa1272e1979f60a5f3155177126929fe195ac997ff,0.2523477568738429,0.31003596737313377,0.7289516355370415,6.143385888890407e-08,0.33591996191541185,0.04166666666666663
diverse,ood_re,direct,unet,27,ood_re_0004,489.1490754145391,15013.0,287.0,4.84735708199878,0.00022040599894050197,18cf149c8ce276e8b55b99aa1272e1979f60a5f3155177126929fe195ac997ff,0.07406573160901722,0.1549410510612478,0.5896260088519231,6.61059829099031e-08,0.3253249558059703,0.04166666666666674
diverse,ood_re,direct,unet,27,ood_re_0005,561.89866888648,15013.0,287.0,4.84735708199878,0.00022040599894050197,18cf149c8ce276e8b55b99aa1272e1979f60a5f3155177126929fe195ac997ff,0.09698334716392042,0.18312023574842864,0.644603186369953,6.08898744758335e-08,0.4423181104663858,0.04166666666666674
diverse,constant,direct,fno,27,constant_test_0000,378.39963682209583,12721.0,300.0,8.081283450999763,0.0005627398337916626,d78a0ce2b0e3375b951c1e016c961d9dea3e13e2250b6b79a348cd1c24708a0c,0.0885180632321347,0.1328464602719815,0.5083530875038875,7.396277368343362e-08,0.36431757202539744,0.04166666666666674
diverse,constant,direct,fno,27,constant_test_0001,275.5175743523432,12721.0,300.0,8.081283450999763,0.0005627398337916626,d78a0ce2b0e3375b951c1e016c961d9dea3e13e2250b6b79a348cd1c24708a0c,0.10312180017556342,0.12317758387741452,0.40723239589837407,8.496692061044087e-08,0.3259422373647677,0.04166666666666663
diverse,constant,direct,fno,27,constant_test_0002,205.77449124508615,12721.0,300.0,8.081283450999763,0.0005627398337916626,d78a0ce2b0e3375b951c1e016c961d9dea3e13e2250b6b79a348cd1c24708a0c,0.09997937270309078,0.1113521721044162,0.3462399614853005,7.732190709930364e-08,0.3038970782550281,0.0
diverse,constant,direct,fno,27,constant_test_0003,356.31307787809095,12721.0,300.0,8.081283450999763,0.0005627398337916626,d78a0ce2b0e3375b951c1e016c961d9dea3e13e2250b6b79a348cd1c24708a0c,0.09200175554785454,0.12990129411683113,0.4866224259612872,6.54370353458944e-08,0.3555930158798761,0.04166666666666674
diverse,constant,direct,fno,27,constant_test_0004,364.9641357923895,12721.0,300.0,8.081283450999763,0.0005627398337916626,d78a0ce2b0e3375b951c1e016c961d9dea3e13e2250b6b79a348cd1c24708a0c,0.09056715732419908,0.13091538498253855,0.49515868499609256,6.219938342155729e-08,0.35898270142402816,0.04166666666666674
diverse,constant,direct,fno,27,constant_test_0005,326.11288015095056,12721.0,300.0,8.081283450999763,0.0005627398337916626,d78a0ce2b0e3375b951c1e016c961d9dea3e13e2250b6b79a348cd1c24708a0c,0.09709403916846747,0.1272700915845772,0.45670913403316815,6.88366768031301e-08,0.3440626894237378,0.0
diverse,diverse,direct,fno,27,diverse_test_0000,378.39963682209583,12721.0,300.0,8.081283450999763,0.0006556826665473636,d78a0ce2b0e3375b951c1e016c961d9dea3e13e2250b6b79a348cd1c24708a0c,0.07329277477813242,0.10356001752093828,0.3378170934147315,6.697504062458393e-08,0.25113197576032986,0.05892556509887899
diverse,diverse,direct,fno,27,diverse_test_0001,275.5175743523432,12721.0,300.0,8.081283450999763,0.0006556826665473636,d78a0ce2b0e3375b951c1e016c961d9dea3e13e2250b6b79a348cd1c24708a0c,0.05882000746771357,0.09658000832268189,0.37776878080979615,6.071265090668021e-08,0.2602849193056656,0.0
diverse,diverse,direct,fno,27,diverse_test_0002,205.77449124508615,12721.0,300.0,8.081283450999763,0.0006556826665473636,d78a0ce2b0e3375b951c1e016c961d9dea3e13e2250b6b79a348cd1c24708a0c,0.04518721371564245,0.07346708099659442,0.2769264014672866,9.070768669516838e-08,0.18543735368451608,0.0
diverse,diverse,direct,fno,27,diverse_test_0003,356.31307787809095,12721.0,300.0,8.081283450999763,0.0006556826665473636,d78a0ce2b0e3375b951c1e016c961d9dea3e13e2250b6b79a348cd1c24708a0c,0.08327565906094181,0.1499278617574446,0.5136827863175237,5.160467253517709e-08,0.2526462102463024,0.0
diverse,diverse,direct,fno,27,diverse_test_0004,364.9641357923895,12721.0,300.0,8.081283450999763,0.0006556826665473636,d78a0ce2b0e3375b951c1e016c961d9dea3e13e2250b6b79a348cd1c24708a0c,0.14136347029527718,0.21390078997307704,0.6045967368825909,5.049676587987051e-08,0.25558979860153364,0.04166666666666663
diverse,diverse,direct,fno,27,diverse_test_0005,326.11288015095056,12721.0,300.0,8.081283450999763,0.0006556826665473636,d78a0ce2b0e3375b951c1e016c961d9dea3e13e2250b6b79a348cd1c24708a0c,0.05975226425966841,0.12168381332845686,0.44930943133965084,6.914888928122309e-08,0.2294726231043024,0.04166666666666663
diverse,ood_shape,direct,fno,27,ood_shape_0000,322.0476102060863,12721.0,300.0,8.081283450999763,0.0007465974995284341,d78a0ce2b0e3375b951c1e016c961d9dea3e13e2250b6b79a348cd1c24708a0c,0.18782542966066462,0.25661513847501216,0.46219599989696786,6.767459836964917e-08,0.22787662825808702,0.04166666666666663
diverse,ood_shape,direct,fno,27,ood_shape_0001,236.44026808360903,12721.0,300.0,8.081283450999763,0.0007465974995284341,d78a0ce2b0e3375b951c1e016c961d9dea3e13e2250b6b79a348cd1c24708a0c,0.38865033869510146,0.34055360016045283,0.5616764111655583,5.711037687206044e-08,0.23956784334829792,0.05892556509887899
diverse,ood_shape,direct,fno,27,ood_shape_0002,180.95100059158364,12721.0,300.0,8.081283450999763,0.0007465974995284341,d78a0ce2b0e3375b951c1e016c961d9dea3e13e2250b6b79a348cd1c24708a0c,0.21634038376707812,0.22833891515692045,0.3617132040970051,6.556214771080704e-08,0.18730142976775588,0.0
diverse,ood_shape,direct,fno,27,ood_shape_0003,208.6074759394159,12721.0,300.0,8.081283450999763,0.0007465974995284341,d78a0ce2b0e3375b951c1e016c961d9dea3e13e2250b6b79a348cd1c24708a0c,0.22232567768927083,0.21826247121579423,0.40228281588669207,7.634888987695376e-08,0.14520801729349928,0.0931694990624912
diverse,ood_shape,direct,fno,27,ood_shape_0004,374.64532673286527,12721.0,300.0,8.081283450999763,0.0007465974995284341,d78a0ce2b0e3375b951c1e016c961d9dea3e13e2250b6b79a348cd1c24708a0c,0.2764560724015737,0.3359386375053539,0.6308250964102341,5.161420091326363e-08,0.2324490611820082,0.058925565098878904
diverse,ood_shape,direct,fno,27,ood_shape_0005,145.49153445980784,12721.0,300.0,8.081283450999763,0.0007465974995284341,d78a0ce2b0e3375b951c1e016c961d9dea3e13e2250b6b79a348cd1c24708a0c,0.22141117065422788,0.3526164044753041,0.5575681158988057,8.815118945904032e-08,0.3033468852782644,0.15023130314433292
diverse,ood_re,direct,fno,27,ood_re_0000,566.4474875225259,12721.0,300.0,8.081283450999763,0.0005529718340161102,d78a0ce2b0e3375b951c1e016c961d9dea3e13e2250b6b79a348cd1c24708a0c,0.1557043554500154,0.23020494049148993,0.6002718247082753,6.753494830036288e-08,0.4190294633520496,0.05892556509887899
diverse,ood_re,direct,fno,27,ood_re_0001,490.14181715065223,12721.0,300.0,8.081283450999763,0.0005529718340161102,d78a0ce2b0e3375b951c1e016c961d9dea3e13e2250b6b79a348cd1c24708a0c,0.08078261293083024,0.15014030258765995,0.5470098134385973,7.086027409286544e-08,0.37614777502514585,0.05892556509887899
diverse,ood_re,direct,fno,27,ood_re_0002,533.202596381457,12721.0,300.0,8.081283450999763,0.0005529718340161102,d78a0ce2b0e3375b951c1e016c961d9dea3e13e2250b6b79a348cd1c24708a0c,0.12980616014034502,0.2020726855385493,0.5939671094389438,6.473566571685296e-08,0.35361645471331243,0.05892556509887899
diverse,ood_re,direct,fno,27,ood_re_0003,592.5167238454294,12721.0,300.0,8.081283450999763,0.0005529718340161102,d78a0ce2b0e3375b951c1e016c961d9dea3e13e2250b6b79a348cd1c24708a0c,0.2574093048216203,0.31921883153288677,0.6428891440737454,5.672445979598706e-08,0.2665293229566946,0.08333333333333326
diverse,ood_re,direct,fno,27,ood_re_0004,489.1490754145391,12721.0,300.0,8.081283450999763,0.0005529718340161102,d78a0ce2b0e3375b951c1e016c961d9dea3e13e2250b6b79a348cd1c24708a0c,0.10191333729076979,0.1580789909971268,0.4701856873755249,6.43004085532084e-08,0.2568973673147895,0.05892556509887899
diverse,ood_re,direct,fno,27,ood_re_0005,561.89866888648,12721.0,300.0,8.081283450999763,0.0005529718340161102,d78a0ce2b0e3375b951c1e016c961d9dea3e13e2250b6b79a348cd1c24708a0c,0.12014267944100057,0.18826133407114493,0.5372195306912456,8.003272000678407e-08,0.36545555242631267,0.05892556509887899
diverse,constant,direct,fno_physics,27,constant_test_0000,378.39963682209583,12721.0,300.0,8.080854575004196,0.0005243771665845998,c3391aafd843d7dd50785e3f6cbd07a1f51c7ebb21c71fc6bc238c61830c5f01,0.09612232670920272,0.1649030190334582,0.6821774561453787,7.127104595383571e-08,0.2020409171588047,0.04166666666666674
diverse,constant,direct,fno_physics,27,constant_test_0001,275.5175743523432,12721.0,300.0,8.080854575004196,0.0005243771665845998,c3391aafd843d7dd50785e3f6cbd07a1f51c7ebb21c71fc6bc238c61830c5f01,0.10676559928595745,0.147141706875045,0.5544907213855231,7.466034190883875e-08,0.16748078122990157,0.04166666666666663
diverse,constant,direct,fno_physics,27,constant_test_0002,205.77449124508615,12721.0,300.0,8.080854575004196,0.0005243771665845998,c3391aafd843d7dd50785e3f6cbd07a1f51c7ebb21c71fc6bc238c61830c5f01,0.09916072230792163,0.12500487806661661,0.45306456409944645,7.369157373204871e-08,0.14890209921331699,0.0
diverse,constant,direct,fno_physics,27,constant_test_0003,356.31307787809095,12721.0,300.0,8.080854575004196,0.0005243771665845998,c3391aafd843d7dd50785e3f6cbd07a1f51c7ebb21c71fc6bc238c61830c5f01,0.0992532391483287,0.16095321416775282,0.657143525596069,6.84699017483581e-08,0.1940294823692206,0.04166666666666674
diverse,constant,direct,fno_physics,27,constant_test_0004,364.9641357923895,12721.0,300.0,8.080854575004196,0.0005243771665845998,c3391aafd843d7dd50785e3f6cbd07a1f51c7ebb21c71fc6bc238c61830c5f01,0.09800772051324542,0.16241968807070675,0.6671043213604887,7.773950727596457e-08,0.197133918026491,0.04166666666666674
diverse,constant,direct,fno_physics,27,constant_test_0005,326.11288015095056,12721.0,300.0,8.080854575004196,0.0005243771665845998,c3391aafd843d7dd50785e3f6cbd07a1f51c7ebb21c71fc6bc238c61830c5f01,0.10330125567862579,0.1562205714251749,0.6208006891935525,7.37980911935665e-08,0.18355957065405307,0.0
diverse,diverse,direct,fno_physics,27,diverse_test_0000,378.39963682209583,12721.0,300.0,8.080854575004196,0.0004613591663655825,c3391aafd843d7dd50785e3f6cbd07a1f51c7ebb21c71fc6bc238c61830c5f01,0.08888729351736795,0.15026975981326723,0.6244381503175811,7.067267659977006e-08,0.06290063404544059,0.05892556509887899
diverse,diverse,direct,fno_physics,27,diverse_test_0001,275.5175743523432,12721.0,300.0,8.080854575004196,0.0004613591663655825,c3391aafd843d7dd50785e3f6cbd07a1f51c7ebb21c71fc6bc238c61830c5f01,0.0666770532811239,0.12889784859375397,0.5631595917751967,7.393884970952058e-08,0.09305605481668047,0.0
diverse,diverse,direct,fno_physics,27,diverse_test_0002,205.77449124508615,12721.0,300.0,8.080854575004196,0.0004613591663655825,c3391aafd843d7dd50785e3f6cbd07a1f51c7ebb21c71fc6bc238c61830c5f01,0.05195252806512126,0.09188822535564568,0.43630344484370165,8.088226621794092e-08,0.03555228213620992,0.0
diverse,diverse,direct,fno_physics,27,diverse_test_0003,356.31307787809095,12721.0,300.0,8.080854575004196,0.0004613591663655825,c3391aafd843d7dd50785e3f6cbd07a1f51c7ebb21c71fc6bc238c61830c5f01,0.09860126847019599,0.17798182228312526,0.6587482509452522,7.250888245380338e-08,0.12255705123660009,0.0
diverse,diverse,direct,fno_physics,27,diverse_test_0004,364.9641357923895,12721.0,300.0,8.080854575004196,0.0004613591663655825,c3391aafd843d7dd50785e3f6cbd07a1f51c7ebb21c71fc6bc238c61830c5f01,0.13768542613522833,0.2765710252950727,0.8666240900706043,5.934484903491466e-08,0.08602458766904252,0.04166666666666663
diverse,diverse,direct,fno_physics,27,diverse_test_0005,326.11288015095056,12721.0,300.0,8.080854575004196,0.0004613591663655825,c3391aafd843d7dd50785e3f6cbd07a1f51c7ebb21c71fc6bc238c61830c5f01,0.0704691425365005,0.1709783555940506,0.712002292605948,7.052236128402001e-08,0.07029092457548458,0.04166666666666663
diverse,ood_shape,direct,fno_physics,27,ood_shape_0000,322.0476102060863,12721.0,300.0,8.080854575004196,0.0004892693323199637,c3391aafd843d7dd50785e3f6cbd07a1f51c7ebb21c71fc6bc238c61830c5f01,0.2018679578992637,0.27467278443907606,0.759521686401165,9.064694239668825e-08,0.11049419511261421,0.0
diverse,ood_shape,direct,fno_physics,27,ood_shape_0001,236.44026808360903,12721.0,300.0,8.080854575004196,0.0004892693323199637,c3391aafd843d7dd50785e3f6cbd07a1f51c7ebb21c71fc6bc238c61830c5f01,0.3531574872211343,0.33138668167132823,0.6700209601229847,5.7214627702251164e-08,0.19170334295934566,0.0
diverse,ood_shape,direct,fno_physics,27,ood_shape_0002,180.95100059158364,12721.0,300.0,8.080854575004196,0.0004892693323199637,c3391aafd843d7dd50785e3f6cbd07a1f51c7ebb21c71fc6bc238c61830c5f01,0.2132281861628716,0.23470069369267033,0.5704006263802278,7.252894107523389e-08,0.19228222173329063,0.0
diverse,ood_shape,direct,fno_physics,27,ood_shape_0003,208.6074759394159,12721.0,300.0,8.080854575004196,0.0004892693323199637,c3391aafd843d7dd50785e3f6cbd07a1f51c7ebb21c71fc6bc238c61830c5f01,0.2233228075744119,0.24501898432648475,0.6275982131329647,7.370155685748614e-08,0.11988561103392228,0.0931694990624912
diverse,ood_shape,direct,fno_physics,27,ood_shape_0004,374.64532673286527,12721.0,300.0,8.080854575004196,0.0004892693323199637,c3391aafd843d7dd50785e3f6cbd07a1f51c7ebb21c71fc6bc238c61830c5f01,0.2585705635972549,0.3827467013411917,0.8816804083710552,6.04312617724645e-08,0.14164819279661617,0.058925565098878904
diverse,ood_shape,direct,fno_physics,27,ood_shape_0005,145.49153445980784,12721.0,300.0,8.080854575004196,0.0004892693323199637,c3391aafd843d7dd50785e3f6cbd07a1f51c7ebb21c71fc6bc238c61830c5f01,0.21523653340832988,0.30644730939804826,0.579151047613127,8.888567748499554e-08,0.17829036293531983,0.0931694990624913
diverse,ood_re,direct,fno_physics,27,ood_re_0000,566.4474875225259,12721.0,300.0,8.080854575004196,0.0004983848339179531,c3391aafd843d7dd50785e3f6cbd07a1f51c7ebb21c71fc6bc238c61830c5f01,0.15358463928584037,0.2544391639636389,0.8232965480447267,6.84496228586795e-08,0.2180508668422144,0.04166666666666663
diverse,ood_re,direct,fno_physics,27,ood_re_0001,490.14181715065223,12721.0,300.0,8.080854575004196,0.0004983848339179531,c3391aafd843d7dd50785e3f6cbd07a1f51c7ebb21c71fc6bc238c61830c5f01,0.08673836542465346,0.19033373806261525,0.7695915239534932,6.47722941948814e-08,0.1863853593772814,0.04166666666666663
diverse,ood_re,direct,fno_physics,27,ood_re_0002,533.202596381457,12721.0,300.0,8.080854575004196,0.0004983848339179531,c3391aafd843d7dd50785e3f6cbd07a1f51c7ebb21c71fc6bc238c61830c5f01,0.1162784933728695,0.2235007980633043,0.7906409202751735,5.939707392599303e-08,0.1832300147390149,0.05892556509887899
diverse,ood_re,direct,fno_physics,27,ood_re_0003,592.5167238454294,12721.0,300.0,8.080854575004196,0.0004983848339179531,c3391aafd843d7dd50785e3f6cbd07a1f51c7ebb21c71fc6bc238c61830c5f01,0.20959723894646462,0.33513566860156196,0.8786264327030122,6.191159940271973e-08,0.10801414307412076,0.08333333333333326
diverse,ood_re,direct,fno_physics,27,ood_re_0004,489.1490754145391,12721.0,300.0,8.080854575004196,0.0004983848339179531,c3391aafd843d7dd50785e3f6cbd07a1f51c7ebb21c71fc6bc238c61830c5f01,0.09306566363688222,0.1917720934123295,0.721592163258665,6.545339914509896e-08,0.07942565493950007,0.04166666666666663
diverse,ood_re,direct,fno_physics,27,ood_re_0005,561.89866888648,12721.0,300.0,8.080854575004196,0.0004983848339179531,c3391aafd843d7dd50785e3f6cbd07a1f51c7ebb21c71fc6bc238c61830c5f01,0.13700520112624434,0.2408095263799266,0.8127976690681872,7.121322909142691e-08,0.15317534771205618,0.08333333333333337
diverse,constant,stokes_corrected,coordinate_mlp,7,constant_test_0000,378.39963682209583,3457.0,287.0,2.015774990002683,0.0001386948339738107,ddb1a4ca9786fa3a83210f1e4c5bb9ac2e1d37db47c9c52fd1b73103c87cdf5d,0.22317963823864384,0.44258972130599666,0.733943452464028,8.878529911271471e-08,0.2056811915792763,0.09316949906249125
diverse,constant,stokes_corrected,coordinate_mlp,7,constant_test_0001,275.5175743523432,3457.0,287.0,2.015774990002683,0.0001386948339738107,ddb1a4ca9786fa3a83210f1e4c5bb9ac2e1d37db47c9c52fd1b73103c87cdf5d,0.19409498663306282,0.38627471316807155,0.6366380640240555,9.221420782523637e-08,0.19714998450534907,0.11785113019775798
diverse,constant,stokes_corrected,coordinate_mlp,7,constant_test_0002,205.77449124508615,3457.0,287.0,2.015774990002683,0.0001386948339738107,ddb1a4ca9786fa3a83210f1e4c5bb9ac2e1d37db47c9c52fd1b73103c87cdf5d,0.17520686836851662,0.34004140433361213,0.5524870833349063,8.974804899253286e-08,0.19128423425363042,0.0931694990624913
diverse,constant,stokes_corrected,coordinate_mlp,7,constant_test_0003,356.31307787809095,3457.0,287.0,2.015774990002683,0.0001386948339738107,ddb1a4ca9786fa3a83210f1e4c5bb9ac2e1d37db47c9c52fd1b73103c87cdf5d,0.2155845809342836,0.4308315256460591,0.7151380537673446,8.925356098643533e-08,0.20386670751756142,0.09316949906249125
diverse,constant,stokes_corrected,coordinate_mlp,7,constant_test_0004,364.9641357923895,3457.0,287.0,2.015774990002683,0.0001386948339738107,ddb1a4ca9786fa3a83210f1e4c5bb9ac2e1d37db47c9c52fd1b73103c87cdf5d,0.21842718144475393,0.4354335306679998,0.7226259385477951,8.704537890480424e-08,0.20457871448924303,0.09316949906249125
diverse,constant,stokes_corrected,coordinate_mlp,7,constant_test_0005,326.11288015095056,3457.0,287.0,2.015774990002683,0.0001386948339738107,ddb1a4ca9786fa3a83210f1e4c5bb9ac2e1d37db47c9c52fd1b73103c87cdf5d,0.2067389897116837,0.4146628685268861,0.6876963317443706,8.995306899350908e-08,0.20136921789187046,0.11785113019775798
diverse,diverse,stokes_corrected,coordinate_mlp,7,diverse_test_0000,378.39963682209583,3457.0,287.0,2.015774990002683,0.00018923250051254095,ddb1a4ca9786fa3a83210f1e4c5bb9ac2e1d37db47c9c52fd1b73103c87cdf5d,0.2068800647537831,0.4073133145335733,0.6403112203274531,7.471311391782365e-08,0.21823816171118574,0.0931694990624913
diverse,diverse,stokes_corrected,coordinate_mlp,7,diverse_test_0001,275.5175743523432,3457.0,287.0,2.015774990002683,0.00018923250051254095,ddb1a4ca9786fa3a83210f1e4c5bb9ac2e1d37db47c9c52fd1b73103c87cdf5d,0.1661380778028989,0.3447743762880358,0.6074165358338617,7.544046809471183e-08,0.19872518190100052,0.0931694990624913
diverse,diverse,stokes_corrected,coordinate_mlp,7,diverse_test_0002,205.77449124508615,3457.0,287.0,2.015774990002683,0.00018923250051254095,ddb1a4ca9786fa3a83210f1e4c5bb9ac2e1d37db47c9c52fd1b73103c87cdf5d,0.1478316519331983,0.29746381250052745,0.495507370103173,8.51023571613041e-08,0.19988438291344882,0.058925565098879064
diverse,diverse,stokes_corrected,coordinate_mlp,7,diverse_test_0003,356.31307787809095,3457.0,287.0,2.015774990002683,0.00018923250051254095,ddb1a4ca9786fa3a83210f1e4c5bb9ac2e1d37db47c9c52fd1b73103c87cdf5d,0.1739314729463307,0.37383999868362694,0.678601431713418,7.760537101830778e-08,0.19301957751092422,0.0931694990624913
diverse,diverse,stokes_corrected,coordinate_mlp,7,diverse_test_0004,364.9641357923895,3457.0,287.0,2.015774990002683,0.00018923250051254095,ddb1a4ca9786fa3a83210f1e4c5bb9ac2e1d37db47c9c52fd1b73103c87cdf5d,0.20074802009462056,0.4016657690201749,0.7323367389139078,6.210914449411575e-08,0.21565803435774875,0.05892556509887899
diverse,diverse,stokes_corrected,coordinate_mlp,7,diverse_test_0005,326.11288015095056,3457.0,287.0,2.015774990002683,0.00018923250051254095,ddb1a4ca9786fa3a83210f1e4c5bb9ac2e1d37db47c9c52fd1b73103c87cdf5d,0.16409412514040478,0.3497912548181532,0.6617815241002457,6.113992867540219e-08,0.21694859666051017,0.04166666666666674
diverse,ood_shape,stokes_corrected,coordinate_mlp,7,ood_shape_0000,322.0476102060863,3457.0,287.0,2.015774990002683,0.0001500034995842725,ddb1a4ca9786fa3a83210f1e4c5bb9ac2e1d37db47c9c52fd1b73103c87cdf5d,0.1930335991832771,0.37721913196546936,0.6283625127447446,6.051066492318569e-08,0.20737389784674704,0.05892556509887899
diverse,ood_shape,stokes_corrected,coordinate_mlp,7,ood_shape_0001,236.44026808360903,3457.0,287.0,2.015774990002683,0.0001500034995842725,ddb1a4ca9786fa3a83210f1e4c5bb9ac2e1d37db47c9c52fd1b73103c87cdf5d,0.3759210541230409,0.5070551248063602,0.5684638509273555,6.310639832918241e-08,0.19863444637032734,0.08333333333333337
diverse,ood_shape,stokes_corrected,coordinate_mlp,7,ood_shape_0002,180.95100059158364,3457.0,287.0,2.015774990002683,0.0001500034995842725,ddb1a4ca9786fa3a83210f1e4c5bb9ac2e1d37db47c9c52fd1b73103c87cdf5d,0.2867091823687152,0.4117644907139373,0.5094949360010838,6.058674273390352e-08,0.2175838776591028,0.058925565098879064
diverse,ood_shape,stokes_corrected,coordinate_mlp,7,ood_shape_0003,208.6074759394159,3457.0,287.0,2.015774990002683,0.0001500034995842725,ddb1a4ca9786fa3a83210f1e4c5bb9ac2e1d37db47c9c52fd1b73103c87cdf5d,0.24668944904295348,0.37250055746573263,0.5151337758668965,5.6414606319776794e-08,0.2018438552417968,0.058925565098878904
diverse,ood_shape,stokes_corrected,coordinate_mlp,7,ood_shape_0004,374.64532673286527,3457.0,287.0,2.015774990002683,0.0001500034995842725,ddb1a4ca9786fa3a83210f1e4c5bb9ac2e1d37db47c9c52fd1b73103c87cdf5d,0.37067446760658085,0.5205092967810859,0.7184647458444572,5.006841874433121e-08,0.22600474223909156,0.058925565098878904
diverse,ood_shape,stokes_corrected,coordinate_mlp,7,ood_shape_0005,145.49153445980784,3457.0,287.0,2.015774990002683,0.0001500034995842725,ddb1a4ca9786fa3a83210f1e4c5bb9ac2e1d37db47c9c52fd1b73103c87cdf5d,0.16858788789432771,0.2800535089861247,0.4397922907536312,7.085383657567945e-08,0.20307710508431734,0.058925565098879064
diverse,ood_re,stokes_corrected,coordinate_mlp,7,ood_re_0000,566.4474875225259,3457.0,287.0,2.015774990002683,0.0001467669996297142,ddb1a4ca9786fa3a83210f1e4c5bb9ac2e1d37db47c9c52fd1b73103c87cdf5d,0.28507404389365176,0.5226366688529018,0.8227702913163918,8.658178529685756e-08,0.2343819707746707,0.08333333333333337
diverse,ood_re,stokes_corrected,coordinate_mlp,7,ood_re_0001,490.14181715065223,3457.0,287.0,2.015774990002683,0.0001467669996297142,ddb1a4ca9786fa3a83210f1e4c5bb9ac2e1d37db47c9c52fd1b73103c87cdf5d,0.23987143076805584,0.4733383416902963,0.7839069877382678,9.028605063576833e-08,0.22371183448995863,0.08333333333333337
diverse,ood_re,stokes_corrected,coordinate_mlp,7,ood_re_0002,533.202596381457,3457.0,287.0,2.015774990002683,0.0001467669996297142,ddb1a4ca9786fa3a83210f1e4c5bb9ac2e1d37db47c9c52fd1b73103c87cdf5d,0.2545064732514434,0.4736404955091356,0.789420263905935,7.25667135270669e-08,0.2213725533197996,0.08333333333333337
diverse,ood_re,stokes_corrected,coordinate_mlp,7,ood_re_0003,592.5167238454294,3457.0,287.0,2.015774990002683,0.0001467669996297142,ddb1a4ca9786fa3a83210f1e4c5bb9ac2e1d37db47c9c52fd1b73103c87cdf5d,0.3570033580481998,0.5622186019729165,0.8078417826612184,6.254612117118086e-08,0.22281190845103158,0.09316949906249125
diverse,ood_re,stokes_corrected,coordinate_mlp,7,ood_re_0004,489.1490754145391,3457.0,287.0,2.015774990002683,0.0001467669996297142,ddb1a4ca9786fa3a83210f1e4c5bb9ac2e1d37db47c9c52fd1b73103c87cdf5d,0.22776279662858814,0.4452508744511882,0.7109371137489984,7.379165367638052e-08,0.2184695373874285,0.08333333333333337
diverse,ood_re,stokes_corrected,coordinate_mlp,7,ood_re_0005,561.89866888648,3457.0,287.0,2.015774990002683,0.0001467669996297142,ddb1a4ca9786fa3a83210f1e4c5bb9ac2e1d37db47c9c52fd1b73103c87cdf5d,0.2552346822373604,0.5086105589550665,0.798699016009907,7.314867644936385e-08,0.23311558905984275,0.08333333333333337
diverse,constant,stokes_corrected,pod_deeponet,7,constant_test_0000,378.39963682209583,3900.0,271.0,0.43282574899785686,2.147216582670808e-05,442c79a7aac55c0b0d7f06210bbd5029eb971664c5ea5bd9e0bfcc730cbb62e0,0.072454229477248,0.0746406526350704,0.11219061159965248,8.652648375573335e-08,0.2905037398913473,0.04166666666666674
diverse,constant,stokes_corrected,pod_deeponet,7,constant_test_0001,275.5175743523432,3900.0,271.0,0.43282574899785686,2.147216582670808e-05,442c79a7aac55c0b0d7f06210bbd5029eb971664c5ea5bd9e0bfcc730cbb62e0,0.01882163833883939,0.02993815484691828,0.054838285392382974,7.435757964913137e-08,0.24494409184237242,0.0
diverse,constant,stokes_corrected,pod_deeponet,7,constant_test_0002,205.77449124508615,3900.0,271.0,0.43282574899785686,2.147216582670808e-05,442c79a7aac55c0b0d7f06210bbd5029eb971664c5ea5bd9e0bfcc730cbb62e0,0.013600272210932065,0.024158081059443844,0.03322127094336398,8.72345040647815e-08,0.2140110381451795,0.0
diverse,constant,stokes_corrected,pod_deeponet,7,constant_test_0003,356.31307787809095,3900.0,271.0,0.43282574899785686,2.147216582670808e-05,442c79a7aac55c0b0d7f06210bbd5029eb971664c5ea5bd9e0bfcc730cbb62e0,0.05583641556910701,0.05779181075617686,0.09577472806175354,7.24567428278533e-08,0.2808212182236922,0.04166666666666674
diverse,constant,stokes_corrected,pod_deeponet,7,constant_test_0004,364.9641357923895,3900.0,271.0,0.43282574899785686,2.147216582670808e-05,442c79a7aac55c0b0d7f06210bbd5029eb971664c5ea5bd9e0bfcc730cbb62e0,0.06205465358373611,0.06398083756568773,0.10196862057304215,7.183204786542774e-08,0.2846230723852342,0.04166666666666674
diverse,constant,stokes_corrected,pod_deeponet,7,constant_test_0005,326.11288015095056,3900.0,271.0,0.43282574899785686,2.147216582670808e-05,442c79a7aac55c0b0d7f06210bbd5029eb971664c5ea5bd9e0bfcc730cbb62e0,0.03722486076258476,0.04085517651199919,0.07681317404240465,8.476968815784858e-08,0.2674714536630554,0.0
diverse,diverse,stokes_corrected,pod_deeponet,7,diverse_test_0000,378.39963682209583,3900.0,271.0,0.43282574899785686,1.7139166933096323e-05,442c79a7aac55c0b0d7f06210bbd5029eb971664c5ea5bd9e0bfcc730cbb62e0,0.02127090037254174,0.0367209018965017,0.07027625420611648,7.165879623016735e-08,0.2229774124898572,0.0
diverse,diverse,stokes_corrected,pod_deeponet,7,diverse_test_0001,275.5175743523432,3900.0,271.0,0.43282574899785686,1.7139166933096323e-05,442c79a7aac55c0b0d7f06210bbd5029eb971664c5ea5bd9e0bfcc730cbb62e0,0.01384769309008729,0.024390053577968814,0.035977692728358615,5.9434928090240646e-08,0.22603749623321556,0.0
diverse,diverse,stokes_corrected,pod_deeponet,7,diverse_test_0002,205.77449124508615,3900.0,271.0,0.43282574899785686,1.7139166933096323e-05,442c79a7aac55c0b0d7f06210bbd5029eb971664c5ea5bd9e0bfcc730cbb62e0,0.017717214669087794,0.031332544083869936,0.05294379736724407,8.771607440394291e-08,0.13541750093975974,0.0
diverse,diverse,stokes_corrected,pod_deeponet,7,diverse_test_0003,356.31307787809095,3900.0,271.0,0.43282574899785686,1.7139166933096323e-05,442c79a7aac55c0b0d7f06210bbd5029eb971664c5ea5bd9e0bfcc730cbb62e0,0.027329294490850153,0.03746412985328716,0.08333964241446182,6.352976100743035e-08,0.2115966232141378,0.0
diverse,diverse,stokes_corrected,pod_deeponet,7,diverse_test_0004,364.9641357923895,3900.0,271.0,0.43282574899785686,1.7139166933096323e-05,442c79a7aac55c0b0d7f06210bbd5029eb971664c5ea5bd9e0bfcc730cbb62e0,0.049383024108357515,0.08613744565773275,0.10351295510567321,5.500143274161928e-08,0.26453048305395194,0.04166666666666663
diverse,diverse,stokes_corrected,pod_deeponet,7,diverse_test_0005,326.11288015095056,3900.0,271.0,0.43282574899785686,1.7139166933096323e-05,442c79a7aac55c0b0d7f06210bbd5029eb971664c5ea5bd9e0bfcc730cbb62e0,0.012030927523858516,0.021736088968755347,0.03263364554381975,5.751185483404697e-08,0.2388533488790803,0.04166666666666663
diverse,ood_shape,stokes_corrected,pod_deeponet,7,ood_shape_0000,322.0476102060863,3900.0,271.0,0.43282574899785686,1.4361499779624864e-05,442c79a7aac55c0b0d7f06210bbd5029eb971664c5ea5bd9e0bfcc730cbb62e0,0.029829776564337804,0.06700557852755004,0.1401831844574553,6.749753111989776e-08,0.209440564745409,0.0
diverse,ood_shape,stokes_corrected,pod_deeponet,7,ood_shape_0001,236.44026808360903,3900.0,271.0,0.43282574899785686,1.4361499779624864e-05,442c79a7aac55c0b0d7f06210bbd5029eb971664c5ea5bd9e0bfcc730cbb62e0,0.07045560548502429,0.08655657974574288,0.10584343055420571,5.2409170336886746e-08,0.13328823217538563,0.0
diverse,ood_shape,stokes_corrected,pod_deeponet,7,ood_shape_0002,180.95100059158364,3900.0,271.0,0.43282574899785686,1.4361499779624864e-05,442c79a7aac55c0b0d7f06210bbd5029eb971664c5ea5bd9e0bfcc730cbb62e0,0.03513442373247168,0.08652812476144865,0.21763586792952103,5.491250121281155e-08,0.1159659998158883,0.0
diverse,ood_shape,stokes_corrected,pod_deeponet,7,ood_shape_0003,208.6074759394159,3900.0,271.0,0.43282574899785686,1.4361499779624864e-05,442c79a7aac55c0b0d7f06210bbd5029eb971664c5ea5bd9e0bfcc730cbb62e0,0.027931147918285982,0.054134709791768994,0.0824975677735579,5.2710152687041045e-08,0.12725708092662621,0.04166666666666663
diverse,ood_shape,stokes_corrected,pod_deeponet,7,ood_shape_0004,374.64532673286527,3900.0,271.0,0.43282574899785686,1.4361499779624864e-05,442c79a7aac55c0b0d7f06210bbd5029eb971664c5ea5bd9e0bfcc730cbb62e0,0.09568313383399937,0.2153835187563226,0.2826304663186094,4.906155126604972e-08,0.2168682107326905,0.05892556509887899
diverse,ood_shape,stokes_corrected,pod_deeponet,7,ood_shape_0005,145.49153445980784,3900.0,271.0,0.43282574899785686,1.4361499779624864e-05,442c79a7aac55c0b0d7f06210bbd5029eb971664c5ea5bd9e0bfcc730cbb62e0,0.05805037025497185,0.12086047593886648,0.24694095413046147,6.799984930694336e-08,0.12310566243696416,0.04166666666666663
diverse,ood_re,stokes_corrected,pod_deeponet,7,ood_re_0000,566.4474875225259,3900.0,271.0,0.43282574899785686,1.3648833070571223e-05,442c79a7aac55c0b0d7f06210bbd5029eb971664c5ea5bd9e0bfcc730cbb62e0,0.24045525698175557,0.27450281074221483,0.2732793547857796,8.192996858724655e-08,0.34635411186725845,0.04166666666666663
diverse,ood_re,stokes_corrected,pod_deeponet,7,ood_re_0001,490.14181715065223,3900.0,271.0,0.43282574899785686,1.3648833070571223e-05,442c79a7aac55c0b0d7f06210bbd5029eb971664c5ea5bd9e0bfcc730cbb62e0,0.14846090796058722,0.1707942601060611,0.18534468813182062,7.275843216802969e-08,0.3235356608034973,0.04166666666666663
diverse,ood_re,stokes_corrected,pod_deeponet,7,ood_re_0002,533.202596381457,3900.0,271.0,0.43282574899785686,1.3648833070571223e-05,442c79a7aac55c0b0d7f06210bbd5029eb971664c5ea5bd9e0bfcc730cbb62e0,0.18710826969712963,0.22577623148949702,0.22706838595738754,8.31516189236936e-08,0.3079753595772749,0.04166666666666663
diverse,ood_re,stokes_corrected,pod_deeponet,7,ood_re_0003,592.5167238454294,3900.0,271.0,0.43282574899785686,1.3648833070571223e-05,442c79a7aac55c0b0d7f06210bbd5029eb971664c5ea5bd9e0bfcc730cbb62e0,0.22601028127053513,0.3487094405078366,0.34821008057965064,6.478712322177671e-08,0.2660007127527155,0.08333333333333326
diverse,ood_re,stokes_corrected,pod_deeponet,7,ood_re_0004,489.1490754145391,3900.0,271.0,0.43282574899785686,1.3648833070571223e-05,442c79a7aac55c0b0d7f06210bbd5029eb971664c5ea5bd9e0bfcc730cbb62e0,0.08757260353187599,0.13262285997874476,0.17285765736396447,6.396426499577501e-08,0.25255170671928784,0.04166666666666663
diverse,ood_re,stokes_corrected,pod_deeponet,7,ood_re_0005,561.89866888648,3900.0,271.0,0.43282574899785686,1.3648833070571223e-05,442c79a7aac55c0b0d7f06210bbd5029eb971664c5ea5bd9e0bfcc730cbb62e0,0.1772665836906401,0.23145848213456535,0.2713475173233984,8.41948022411998e-08,0.3341662421945016,0.04166666666666663
diverse,constant,stokes_corrected,unet,7,constant_test_0000,378.39963682209583,15013.0,300.0,4.184201247000601,0.0002364833332345976,a1b5b889297c352c3470dbd04f6971dd8d5ce58d23d7f4e985f598dbc18260dd,0.031560452781466616,0.07172241600860461,0.3734341098409387,6.7059289676763e-08,0.26935771737485625,0.04166666666666674
diverse,constant,stokes_corrected,unet,7,constant_test_0001,275.5175743523432,15013.0,300.0,4.184201247000601,0.0002364833332345976,a1b5b889297c352c3470dbd04f6971dd8d5ce58d23d7f4e985f598dbc18260dd,0.01799467497244354,0.039717269141287224,0.24783967489589923,8.329086398362051e-08,0.22888544089932406,0.0
diverse,constant,stokes_corrected,unet,7,constant_test_0002,205.77449124508615,15013.0,300.0,4.184201247000601,0.0002364833332345976,a1b5b889297c352c3470dbd04f6971dd8d5ce58d23d7f4e985f598dbc18260dd,0.01505684347275586,0.029832508260778726,0.16531314935587116,7.343811603277572e-08,0.20273963543093645,0.0
diverse,constant,stokes_corrected,unet,7,constant_test_0003,356.31307787809095,15013.0,300.0,4.184201247000601,0.0002364833332345976,a1b5b889297c352c3470dbd04f6971dd8d5ce58d23d7f4e985f598dbc18260dd,0.026789422777997982,0.062095923473626066,0.3471510196321611,7.454423922581555e-08,0.26069484329696585,0.04166666666666674
diverse,constant,stokes_corrected,unet,7,constant_test_0004,364.9641357923895,15013.0,300.0,4.184201247000601,0.0002364833332345976,a1b5b889297c352c3470dbd04f6971dd8d5ce58d23d7f4e985f598dbc18260dd,0.028536418801576906,0.06569529443664518,0.35751832814478374,6.93617536740021e-08,0.2640978749432101,0.04166666666666674
diverse,constant,stokes_corrected,unet,7,constant_test_0005,326.11288015095056,15013.0,300.0,4.184201247000601,0.0002364833332345976,a1b5b889297c352c3470dbd04f6971dd8d5ce58d23d7f4e985f598dbc18260dd,0.021958041123572074,0.051375040834540996,0.3103746602717517,8.28860322599212e-08,0.2487637448686653,0.0
diverse,diverse,stokes_corrected,unet,7,diverse_test_0000,378.39963682209583,15013.0,300.0,4.184201247000601,0.00022565049948752858,a1b5b889297c352c3470dbd04f6971dd8d5ce58d23d7f4e985f598dbc18260dd,0.029498946405498674,0.05342402602853462,0.20606924004264243,6.456823342659845e-08,0.2211142546984109,0.0
diverse,diverse,stokes_corrected,unet,7,diverse_test_0001,275.5175743523432,15013.0,300.0,4.184201247000601,0.00022565049948752858,a1b5b889297c352c3470dbd04f6971dd8d5ce58d23d7f4e985f598dbc18260dd,0.020921238721496906,0.03928245941555818,0.2191809087757922,6.995121992758868e-08,0.2085537372827783,0.0
diverse,diverse,stokes_corrected,unet,7,diverse_test_0002,205.77449124508615,15013.0,300.0,4.184201247000601,0.00022565049948752858,a1b5b889297c352c3470dbd04f6971dd8d5ce58d23d7f4e985f598dbc18260dd,0.019118235479120598,0.03321219367508444,0.11186642191688753,7.732169393648292e-08,0.14800884099167577,0.04166666666666663
diverse,diverse,stokes_corrected,unet,7,diverse_test_0003,356.31307787809095,15013.0,300.0,4.184201247000601,0.00022565049948752858,a1b5b889297c352c3470dbd04f6971dd8d5ce58d23d7f4e985f598dbc18260dd,0.040123098416461465,0.06661234313020553,0.3389632969520527,6.510445871299453e-08,0.203699151569748,0.0
diverse,diverse,stokes_corrected,unet,7,diverse_test_0004,364.9641357923895,15013.0,300.0,4.184201247000601,0.00022565049948752858,a1b5b889297c352c3470dbd04f6971dd8d5ce58d23d7f4e985f598dbc18260dd,0.047904383080153254,0.08773741719418908,0.3317441600559516,6.172293609552071e-08,0.2269714981210936,0.0
diverse,diverse,stokes_corrected,unet,7,diverse_test_0005,326.11288015095056,15013.0,300.0,4.184201247000601,0.00022565049948752858,a1b5b889297c352c3470dbd04f6971dd8d5ce58d23d7f4e985f598dbc18260dd,0.01830153821877352,0.045572167896578836,0.25222669569652834,7.08105076796528e-08,0.21369744028365206,0.0
diverse,ood_shape,stokes_corrected,unet,7,ood_shape_0000,322.0476102060863,15013.0,300.0,4.184201247000601,0.00021890350035391748,a1b5b889297c352c3470dbd04f6971dd8d5ce58d23d7f4e985f598dbc18260dd,0.03355566041749626,0.0707277138696209,0.19868433456033968,6.038444411160526e-08,0.21001610178653896,0.04166666666666663
diverse,ood_shape,stokes_corrected,unet,7,ood_shape_0001,236.44026808360903,15013.0,300.0,4.184201247000601,0.00021890350035391748,a1b5b889297c352c3470dbd04f6971dd8d5ce58d23d7f4e985f598dbc18260dd,0.15275107979685787,0.16475489181287936,0.1989334815537649,5.3933927546268023e-08,0.13110605712766377,0.05892556509887899
diverse,ood_shape,stokes_corrected,unet,7,ood_shape_0002,180.95100059158364,15013.0,300.0,4.184201247000601,0.00021890350035391748,a1b5b889297c352c3470dbd04f6971dd8d5ce58d23d7f4e985f598dbc18260dd,0.04349350450078103,0.08899154050002067,0.17105689415514397,5.914971978882022e-08,0.14595287964167863,0.04166666666666663
diverse,ood_shape,stokes_corrected,unet,7,ood_shape_0003,208.6074759394159,15013.0,300.0,4.184201247000601,0.00021890350035391748,a1b5b889297c352c3470dbd04f6971dd8d5ce58d23d7f4e985f598dbc18260dd,0.040021785544186506,0.06177143483507322,0.14418688112047298,5.929699042894754e-08,0.1374412112674215,0.04166666666666663
diverse,ood_shape,stokes_corrected,unet,7,ood_shape_0004,374.64532673286527,15013.0,300.0,4.184201247000601,0.00021890350035391748,a1b5b889297c352c3470dbd04f6971dd8d5ce58d23d7f4e985f598dbc18260dd,0.06860490861770306,0.12425650693545753,0.3260434158067912,5.085242094082787e-08,0.1865146554527914,0.0
diverse,ood_shape,stokes_corrected,unet,7,ood_shape_0005,145.49153445980784,15013.0,300.0,4.184201247000601,0.00021890350035391748,a1b5b889297c352c3470dbd04f6971dd8d5ce58d23d7f4e985f598dbc18260dd,0.060953617246752904,0.09512789987017933,0.16711497726533686,6.771522009785258e-08,0.16619002841984784,0.0
diverse,ood_re,stokes_corrected,unet,7,ood_re_0000,566.4474875225259,15013.0,300.0,4.184201247000601,0.00021882500004721805,a1b5b889297c352c3470dbd04f6971dd8d5ce58d23d7f4e985f598dbc18260dd,0.065834347393761,0.1607554224962819,0.47906688950120163,5.903580557742316e-08,0.3240929140093202,0.04166666666666674
diverse,ood_re,stokes_corrected,unet,7,ood_re_0001,490.14181715065223,15013.0,300.0,4.184201247000601,0.00021882500004721805,a1b5b889297c352c3470dbd04f6971dd8d5ce58d23d7f4e985f598dbc18260dd,0.04860402288390117,0.11740629026534195,0.43043504213400896,6.684389575184468e-08,0.29870497713526317,0.04166666666666674
diverse,ood_re,stokes_corrected,unet,7,ood_re_0002,533.202596381457,15013.0,300.0,4.184201247000601,0.00021882500004721805,a1b5b889297c352c3470dbd04f6971dd8d5ce58d23d7f4e985f598dbc18260dd,0.060700615069413974,0.13199894841413076,0.46117472454571373,7.534621460081325e-08,0.28740832227736895,0.04166666666666674
diverse,ood_re,stokes_corrected,unet,7,ood_re_0003,592.5167238454294,15013.0,300.0,4.184201247000601,0.00021882500004721805,a1b5b889297c352c3470dbd04f6971dd8d5ce58d23d7f4e985f598dbc18260dd,0.09403635825094303,0.19245546227555896,0.46942156933181367,6.423327647553378e-08,0.24048478498349882,0.04166666666666663
diverse,ood_re,stokes_corrected,unet,7,ood_re_0004,489.1490754145391,15013.0,300.0,4.184201247000601,0.00021882500004721805,a1b5b889297c352c3470dbd04f6971dd8d5ce58d23d7f4e985f598dbc18260dd,0.040092092624949276,0.09421304054264244,0.34768587769739356,6.628468440794677e-08,0.2470519365192691,0.04166666666666674
diverse,ood_re,stokes_corrected,unet,7,ood_re_0005,561.89866888648,15013.0,300.0,4.184201247000601,0.00021882500004721805,a1b5b889297c352c3470dbd04f6971dd8d5ce58d23d7f4e985f598dbc18260dd,0.07075282161447718,0.15011806593197302,0.4314736162174795,7.447069094723702e-08,0.3074415406667549,0.04166666666666674
diverse,constant,stokes_corrected,fno,7,constant_test_0000,378.39963682209583,12721.0,300.0,7.195949995999399,0.00047017549998903024,d012b364ec2a04604440dcbb9db6a31774e00f43d75fdb90d763dd04f7257b17,0.09257823310011842,0.12777114199852735,0.4624016122542701,7.840392868274648e-08,0.25399506765625884,0.04166666666666674
diverse,constant,stokes_corrected,fno,7,constant_test_0001,275.5175743523432,12721.0,300.0,7.195949995999399,0.00047017549998903024,d012b364ec2a04604440dcbb9db6a31774e00f43d75fdb90d763dd04f7257b17,0.03498738489122092,0.07231410820078513,0.3287526955353966,8.610004442743957e-08,0.22547095967309647,0.0
diverse,constant,stokes_corrected,fno,7,constant_test_0002,205.77449124508615,12721.0,300.0,7.195949995999399,0.00047017549998903024,d012b364ec2a04604440dcbb9db6a31774e00f43d75fdb90d763dd04f7257b17,0.020756338855325674,0.051772646426692125,0.2380671929520302,7.82644775654262e-08,0.20761231535630906,0.0
diverse,constant,stokes_corrected,fno,7,constant_test_0003,356.31307787809095,12721.0,300.0,7.195949995999399,0.00047017549998903024,d012b364ec2a04604440dcbb9db6a31774e00f43d75fdb90d763dd04f7257b17,0.07561053882278444,0.11114533903602977,0.4342378243585236,7.894695386312378e-08,0.24773707955530172,0.04166666666666674
diverse,constant,stokes_corrected,fno,7,constant_test_0004,364.9641357923895,12721.0,300.0,7.195949995999399,0.00047017549998903024,d012b364ec2a04604440dcbb9db6a31774e00f43d75fdb90d763dd04f7257b17,0.08196600585240242,0.11732717006984578,0.44531949576540475,9.416776691750783e-08,0.2501832164838689,0.04166666666666674
diverse,constant,stokes_corrected,fno,7,constant_test_0005,326.11288015095056,12721.0,300.0,7.195949995999399,0.00047017549998903024,d012b364ec2a04604440dcbb9db6a31774e00f43d75fdb90d763dd04f7257b17,0.056421439504424575,0.09286535701276186,0.39513262728757736,7.865762796654963e-08,0.2392711994965434,0.0
diverse,diverse,stokes_corrected,fno,7,diverse_test_0000,378.39963682209583,12721.0,300.0,7.195949995999399,0.00046411816704979475,d012b364ec2a04604440dcbb9db6a31774e00f43d75fdb90d763dd04f7257b17,0.02696509366923975,0.06564143133438183,0.2769436540412706,7.620504760552649e-08,0.2432705238755397,0.0
diverse,diverse,stokes_corrected,fno,7,diverse_test_0001,275.5175743523432,12721.0,300.0,7.195949995999399,0.00046411816704979475,d012b364ec2a04604440dcbb9db6a31774e00f43d75fdb90d763dd04f7257b17,0.020816537460830103,0.05562789412927443,0.29987730797276435,8.294064457459172e-08,0.21060049882535659,0.0
diverse,diverse,stokes_corrected,fno,7,diverse_test_0002,205.77449124508615,12721.0,300.0,7.195949995999399,0.00046411816704979475,d012b364ec2a04604440dcbb9db6a31774e00f43d75fdb90d763dd04f7257b17,0.02512595825128444,0.04833164629677241,0.1810038191424173,8.651784355606651e-08,0.17698032895893204,0.0
diverse,diverse,stokes_corrected,fno,7,diverse_test_0003,356.31307787809095,12721.0,300.0,7.195949995999399,0.00046411816704979475,d012b364ec2a04604440dcbb9db6a31774e00f43d75fdb90d763dd04f7257b17,0.05172063117209384,0.09058574937783663,0.4342208760381784,7.456396389216025e-08,0.2024724351986855,0.058925565098878904
diverse,diverse,stokes_corrected,fno,7,diverse_test_0004,364.9641357923895,12721.0,300.0,7.195949995999399,0.00046411816704979475,d012b364ec2a04604440dcbb9db6a31774e00f43d75fdb90d763dd04f7257b17,0.05819302721364289,0.12966577818798566,0.4502278343779239,5.661728863515236e-08,0.2051069847166737,0.04166666666666663
diverse,diverse,stokes_corrected,fno,7,diverse_test_0005,326.11288015095056,12721.0,300.0,7.195949995999399,0.00046411816704979475,d012b364ec2a04604440dcbb9db6a31774e00f43d75fdb90d763dd04f7257b17,0.025042213052969647,0.07309784102998795,0.34290171018594007,5.866986896307935e-08,0.2061912537413475,0.04166666666666663
diverse,ood_shape,stokes_corrected,fno,7,ood_shape_0000,322.0476102060863,12721.0,300.0,7.195949995999399,0.00045933750031205517,d012b364ec2a04604440dcbb9db6a31774e00f43d75fdb90d763dd04f7257b17,0.04611179876328155,0.11607619184258469,0.2920715455923856,5.547940062911039e-08,0.21398621665813716,0.04166666666666674
diverse,ood_shape,stokes_corrected,fno,7,ood_shape_0001,236.44026808360903,12721.0,300.0,7.195949995999399,0.00045933750031205517,d012b364ec2a04604440dcbb9db6a31774e00f43d75fdb90d763dd04f7257b17,0.10186707941356082,0.13847672776482922,0.27201935997643645,4.7632418898047035e-08,0.16444530681077116,0.09316949906249125
diverse,ood_shape,stokes_corrected,fno,7,ood_shape_0002,180.95100059158364,12721.0,300.0,7.195949995999399,0.00045933750031205517,d012b364ec2a04604440dcbb9db6a31774e00f43d75fdb90d763dd04f7257b17,0.04257343034320863,0.09209914998358255,0.2361404107548979,6.048826861615453e-08,0.15992027982139767,0.0
diverse,ood_shape,stokes_corrected,fno,7,ood_shape_0003,208.6074759394159,12721.0,300.0,7.195949995999399,0.00045933750031205517,d012b364ec2a04604440dcbb9db6a31774e00f43d75fdb90d763dd04f7257b17,0.02847335617043973,0.06088226590865221,0.19636800821345954,5.742801434394096e-08,0.15267054484787843,0.04166666666666663
diverse,ood_shape,stokes_corrected,fno,7,ood_shape_0004,374.64532673286527,12721.0,300.0,7.195949995999399,0.00045933750031205517,d012b364ec2a04604440dcbb9db6a31774e00f43d75fdb90d763dd04f7257b17,0.057500175763283874,0.15484461358536833,0.45665904365940885,4.847384005302047e-08,0.18465618623416963,0.04166666666666674
diverse,ood_shape,stokes_corrected,fno,7,ood_shape_0005,145.49153445980784,12721.0,300.0,7.195949995999399,0.00045933750031205517,d012b364ec2a04604440dcbb9db6a31774e00f43d75fdb90d763dd04f7257b17,0.06574805941541625,0.12998634504181714,0.2701914586419023,7.706865545742403e-08,0.18764095774373027,0.04166666666666674
diverse,ood_re,stokes_corrected,fno,7,ood_re_0000,566.4474875225259,12721.0,300.0,7.195949995999399,0.000449492833771122,d012b364ec2a04604440dcbb9db6a31774e00f43d75fdb90d763dd04f7257b17,0.2473682226811905,0.312152416267409,0.5923513025838254,8.261627471028987e-08,0.3104596730881193,0.05892556509887899
diverse,ood_re,stokes_corrected,fno,7,ood_re_0001,490.14181715065223,12721.0,300.0,7.195949995999399,0.000449492833771122,d012b364ec2a04604440dcbb9db6a31774e00f43d75fdb90d763dd04f7257b17,0.15736026782069065,0.2069391169105333,0.5281988392297561,8.136331786090523e-08,0.28355272364358297,0.05892556509887899
diverse,ood_re,stokes_corrected,fno,7,ood_re_0002,533.202596381457,12721.0,300.0,7.195949995999399,0.000449492833771122,d012b364ec2a04604440dcbb9db6a31774e00f43d75fdb90d763dd04f7257b17,0.19987506677424868,0.2513514136844611,0.5703320772496456,8.709252341532192e-08,0.2804446878465026,0.05892556509887899
diverse,ood_re,stokes_corrected,fno,7,ood_re_0003,592.5167238454294,12721.0,300.0,7.195949995999399,0.000449492833771122,d012b364ec2a04604440dcbb9db6a31774e00f43d75fdb90d763dd04f7257b17,0.22230058430827807,0.2975061997343203,0.5956745939365103,6.029799948237269e-08,0.247301131860467,0.058925565098878904
diverse,ood_re,stokes_corrected,fno,7,ood_re_0004,489.1490754145391,12721.0,300.0,7.195949995999399,0.000449492833771122,d012b364ec2a04604440dcbb9db6a31774e00f43d75fdb90d763dd04f7257b17,0.08962765419896704,0.14805342545977737,0.4371451603261573,6.661386464656971e-08,0.26187065667027937,0.04166666666666674
diverse,ood_re,stokes_corrected,fno,7,ood_re_0005,561.89866888648,12721.0,300.0,7.195949995999399,0.000449492833771122,d012b364ec2a04604440dcbb9db6a31774e00f43d75fdb90d763dd04f7257b17,0.16987869888317736,0.24298684658050396,0.5279741208341526,6.906263649852917e-08,0.298759929544379,0.04166666666666663
diverse,constant,stokes_corrected,fno_physics,7,constant_test_0000,378.39963682209583,12721.0,300.0,8.112819413006946,0.0004783764998137485,3b3e84009348bebde786f1b425f9b220d27828f5bdf97e3d46fd658fa1e05842,0.09228179081026175,0.17112328702073173,0.83148107318347,9.025308145282906e-08,0.08237171679137736,0.05892556509887899
diverse,constant,stokes_corrected,fno_physics,7,constant_test_0001,275.5175743523432,12721.0,300.0,8.112819413006946,0.0004783764998137485,3b3e84009348bebde786f1b425f9b220d27828f5bdf97e3d46fd658fa1e05842,0.04909832703620192,0.12348153063999745,0.6607161509439957,9.41610522886549e-08,0.0551237929492161,0.0
diverse,constant,stokes_corrected,fno_physics,7,constant_test_0002,205.77449124508615,12721.0,300.0,8.112819413006946,0.0004783764998137485,3b3e84009348bebde786f1b425f9b220d27828f5bdf97e3d46fd658fa1e05842,0.03862694959044368,0.10086956144630017,0.5310932481141757,9.991425997668557e-08,0.0492763276887817,0.0
diverse,constant,stokes_corrected,fno_physics,7,constant_test_0003,356.31307787809095,12721.0,300.0,8.112819413006946,0.0004783764998137485,3b3e84009348bebde786f1b425f9b220d27828f5bdf97e3d46fd658fa1e05842,0.0781318034416706,0.15677807085372109,0.7971568479426187,7.806156077094784e-08,0.07471014506772682,0.04166666666666674
diverse,constant,stokes_corrected,fno_physics,7,constant_test_0004,364.9641357923895,12721.0,300.0,8.112819413006946,0.0004783764998137485,3b3e84009348bebde786f1b425f9b220d27828f5bdf97e3d46fd658fa1e05842,0.08333807617906633,0.16205623918941395,0.8107603026992795,7.81421576334651e-08,0.07760879477278917,0.05892556509887899
diverse,constant,stokes_corrected,fno_physics,7,constant_test_0005,326.11288015095056,12721.0,300.0,8.112819413006946,0.0004783764998137485,3b3e84009348bebde786f1b425f9b220d27828f5bdf97e3d46fd658fa1e05842,0.06333997509110427,0.14145110248739678,0.7480960296016996,8.40641192212388e-08,0.06573523269817785,0.0
diverse,diverse,stokes_corrected,fno_physics,7,diverse_test_0000,378.39963682209583,12721.0,300.0,8.112819413006946,0.0004930501660661927,3b3e84009348bebde786f1b425f9b220d27828f5bdf97e3d46fd658fa1e05842,0.038238321270891544,0.11578674289961165,0.6572933948879675,7.439490445904084e-08,0.05257381198670091,0.0
diverse,diverse,stokes_corrected,fno_physics,7,diverse_test_0001,275.5175743523432,12721.0,300.0,8.112819413006946,0.0004930501660661927,3b3e84009348bebde786f1b425f9b220d27828f5bdf97e3d46fd658fa1e05842,0.04332694338479804,0.11740149305863368,0.6527866643205111,6.645991845743993e-08,0.047979335115638344,0.0
diverse,diverse,stokes_corrected,fno_physics,7,diverse_test_0002,205.77449124508615,12721.0,300.0,8.112819413006946,0.0004930501660661927,3b3e84009348bebde786f1b425f9b220d27828f5bdf97e3d46fd658fa1e05842,0.03083542810773039,0.07418247754332521,0.3994056233080353,8.346914626145008e-08,0.02874480998739505,0.0
diverse,diverse,stokes_corrected,fno_physics,7,diverse_test_0003,356.31307787809095,12721.0,300.0,8.112819413006946,0.0004930501660661927,3b3e84009348bebde786f1b425f9b220d27828f5bdf97e3d46fd658fa1e05842,0.06191446294690195,0.13767532763177004,0.7334785121056504,6.001825170187658e-08,0.06150134707836715,0.0
diverse,diverse,stokes_corrected,fno_physics,7,diverse_test_0004,364.9641357923895,12721.0,300.0,8.112819413006946,0.0004930501660661927,3b3e84009348bebde786f1b425f9b220d27828f5bdf97e3d46fd658fa1e05842,0.08053824470205796,0.21527979445748963,0.9035678383219506,4.916822859968306e-08,0.05639811457618443,0.04166666666666663
diverse,diverse,stokes_corrected,fno_physics,7,diverse_test_0005,326.11288015095056,12721.0,300.0,8.112819413006946,0.0004930501660661927,3b3e84009348bebde786f1b425f9b220d27828f5bdf97e3d46fd658fa1e05842,0.047805025921833416,0.1447188794819859,0.7539113634786551,7.706953653041637e-08,0.047878151671576476,0.04166666666666663
diverse,ood_shape,stokes_corrected,fno_physics,7,ood_shape_0000,322.0476102060863,12721.0,300.0,8.112819413006946,0.0007140620000427589,3b3e84009348bebde786f1b425f9b220d27828f5bdf97e3d46fd658fa1e05842,0.047575153836134726,0.13891312579685433,0.6953975034904877,6.568934196593545e-08,0.05133100158848281,0.04166666666666674
diverse,ood_shape,stokes_corrected,fno_physics,7,ood_shape_0001,236.44026808360903,12721.0,300.0,8.112819413006946,0.0007140620000427589,3b3e84009348bebde786f1b425f9b220d27828f5bdf97e3d46fd658fa1e05842,0.12093956954488755,0.15150512170658056,0.4392272406758771,5.918146683825398e-08,0.05118876297182206,0.09316949906249125
diverse,ood_shape,stokes_corrected,fno_physics,7,ood_shape_0002,180.95100059158364,12721.0,300.0,8.112819413006946,0.0007140620000427589,3b3e84009348bebde786f1b425f9b220d27828f5bdf97e3d46fd658fa1e05842,0.032721612137021044,0.09052571095124023,0.3455935809117168,6.255199025417824e-08,0.056560996176166584,0.0
diverse,ood_shape,stokes_corrected,fno_physics,7,ood_shape_0003,208.6074759394159,12721.0,300.0,8.112819413006946,0.0007140620000427589,3b3e84009348bebde786f1b425f9b220d27828f5bdf97e3d46fd658fa1e05842,0.03860265136738726,0.0964663682830447,0.44224978187088576,4.880688209141226e-08,0.03931563430683194,0.04166666666666663
diverse,ood_shape,stokes_corrected,fno_physics,7,ood_shape_0004,374.64532673286527,12721.0,300.0,8.112819413006946,0.0007140620000427589,3b3e84009348bebde786f1b425f9b220d27828f5bdf97e3d46fd658fa1e05842,0.07850506356057642,0.21736705872211515,0.8043255677027404,4.901074390772919e-08,0.05747181410688997,0.0
diverse,ood_shape,stokes_corrected,fno_physics,7,ood_shape_0005,145.49153445980784,12721.0,300.0,8.112819413006946,0.0007140620000427589,3b3e84009348bebde786f1b425f9b220d27828f5bdf97e3d46fd658fa1e05842,0.04532070026798273,0.1049631461525557,0.39396574136409646,8.189692124460635e-08,0.0732268865158826,0.04166666666666674
diverse,ood_re,stokes_corrected,fno_physics,7,ood_re_0000,566.4474875225259,12721.0,300.0,8.112819413006946,0.0005774686663547376,3b3e84009348bebde786f1b425f9b220d27828f5bdf97e3d46fd658fa1e05842,0.23917872168191462,0.3536236719394051,1.0303455090652445,7.50526822912434e-08,0.1534759921796028,0.08333333333333337
diverse,ood_re,stokes_corrected,fno_physics,7,ood_re_0001,490.14181715065223,12721.0,300.0,8.112819413006946,0.0005774686663547376,3b3e84009348bebde786f1b425f9b220d27828f5bdf97e3d46fd658fa1e05842,0.15395588732753354,0.25212830444914835,0.953710266757619,7.984175454112119e-08,0.11526051273961621,0.08333333333333337
diverse,ood_re,stokes_corrected,fno_physics,7,ood_re_0002,533.202596381457,12721.0,300.0,8.112819413006946,0.0005774686663547376,3b3e84009348bebde786f1b425f9b220d27828f5bdf97e3d46fd658fa1e05842,0.1962715710540219,0.29622081081098306,0.9602457769585324,6.949938580191883e-08,0.13120842025613158,0.08333333333333337
diverse,ood_re,stokes_corrected,fno_physics,7,ood_re_0003,592.5167238454294,12721.0,300.0,8.112819413006946,0.0005774686663547376,3b3e84009348bebde786f1b425f9b220d27828f5bdf97e3d46fd658fa1e05842,0.2501763359573564,0.39399005128517306,0.9816307559694013,5.784525214380665e-08,0.13140105288410064,0.125
diverse,ood_re,stokes_corrected,fno_physics,7,ood_re_0004,489.1490754145391,12721.0,300.0,8.112819413006946,0.0005774686663547376,3b3e84009348bebde786f1b425f9b220d27828f5bdf97e3d46fd658fa1e05842,0.09546494731408776,0.19539434136032888,0.8071027652982755,6.678866526499405e-08,0.0984141289972582,0.05892556509887899
diverse,ood_re,stokes_corrected,fno_physics,7,ood_re_0005,561.89866888648,12721.0,300.0,8.112819413006946,0.0005774686663547376,3b3e84009348bebde786f1b425f9b220d27828f5bdf97e3d46fd658fa1e05842,0.17331192267541365,0.30414637955931667,1.0058007020281166,6.172772515355973e-08,0.1294925755984547,0.08333333333333337
diverse,constant,stokes_corrected,coordinate_mlp,17,constant_test_0000,378.39963682209583,3457.0,300.0,1.9333082649973221,0.00013376416730655669,be6eed0def79275ea5c2dba332e33de157e0b034b62b7a2f75dfc0e1f7fb9ec7,0.2742309803472156,0.5215994439934841,0.7582224755594628,7.530789503107371e-08,0.15719936935725976,0.09316949906249125
diverse,constant,stokes_corrected,coordinate_mlp,17,constant_test_0001,275.5175743523432,3457.0,300.0,1.9333082649973221,0.00013376416730655669,be6eed0def79275ea5c2dba332e33de157e0b034b62b7a2f75dfc0e1f7fb9ec7,0.23342334821311939,0.45291577100447533,0.6594135718096824,8.323370792595597e-08,0.15398824453728793,0.11785113019775798
diverse,constant,stokes_corrected,coordinate_mlp,17,constant_test_0002,205.77449124508615,3457.0,300.0,1.9333082649973221,0.00013376416730655669,be6eed0def79275ea5c2dba332e33de157e0b034b62b7a2f75dfc0e1f7fb9ec7,0.20730380884015684,0.39725904182793176,0.5719993649436116,8.304898813094042e-08,0.15174316515380926,0.0931694990624913
diverse,constant,stokes_corrected,coordinate_mlp,17,constant_test_0003,356.31307787809095,3457.0,300.0,1.9333082649973221,0.00013376416730655669,be6eed0def79275ea5c2dba332e33de157e0b034b62b7a2f75dfc0e1f7fb9ec7,0.2642192105020623,0.507334554091269,0.7393312874443716,7.948153069037289e-08,0.1565215510463814,0.09316949906249125
diverse,constant,stokes_corrected,coordinate_mlp,17,constant_test_0004,364.9641357923895,3457.0,300.0,1.9333082649973221,0.00013376416730655669,be6eed0def79275ea5c2dba332e33de157e0b034b62b7a2f75dfc0e1f7fb9ec7,0.2680236769254821,0.5129307107689547,0.7468659766777022,7.668258206194878e-08,0.1567878484628899,0.09316949906249125
diverse,constant,stokes_corrected,coordinate_mlp,17,constant_test_0005,326.11288015095056,3457.0,300.0,1.9333082649973221,0.00013376416730655669,be6eed0def79275ea5c2dba332e33de157e0b034b62b7a2f75dfc0e1f7fb9ec7,0.2519134549206425,0.4875913443816758,0.7115822639190272,8.313538302218149e-08,0.15558410007641305,0.11785113019775798
diverse,diverse,stokes_corrected,coordinate_mlp,17,diverse_test_0000,378.39963682209583,3457.0,300.0,1.9333082649973221,0.00013029733236180618,be6eed0def79275ea5c2dba332e33de157e0b034b62b7a2f75dfc0e1f7fb9ec7,0.25133516392364896,0.49001163996655156,0.6710273932818943,6.911447769653023e-08,0.1407201825467797,0.11785113019775798
diverse,diverse,stokes_corrected,coordinate_mlp,17,diverse_test_0001,275.5175743523432,3457.0,300.0,1.9333082649973221,0.00013029733236180618,be6eed0def79275ea5c2dba332e33de157e0b034b62b7a2f75dfc0e1f7fb9ec7,0.22205642182680158,0.430259561228594,0.6325318952293375,9.117911758949049e-08,0.14966863725395615,0.0931694990624913
diverse,diverse,stokes_corrected,coordinate_mlp,17,diverse_test_0002,205.77449124508615,3457.0,300.0,1.9333082649973221,0.00013029733236180618,be6eed0def79275ea5c2dba332e33de157e0b034b62b7a2f75dfc0e1f7fb9ec7,0.19113605654839413,0.3657523554281343,0.5171350432583071,7.201487761676617e-08,0.1394135615429039,0.058925565098879064
diverse,diverse,stokes_corrected,coordinate_mlp,17,diverse_test_0003,356.31307787809095,3457.0,300.0,1.9333082649973221,0.00013029733236180618,be6eed0def79275ea5c2dba332e33de157e0b034b62b7a2f75dfc0e1f7fb9ec7,0.22193659978899621,0.4415769776058424,0.6951149651504376,8.48288408406006e-08,0.1526156402593669,0.1317615691736825
diverse,diverse,stokes_corrected,coordinate_mlp,17,diverse_test_0004,364.9641357923895,3457.0,300.0,1.9333082649973221,0.00013029733236180618,be6eed0def79275ea5c2dba332e33de157e0b034b62b7a2f75dfc0e1f7fb9ec7,0.24024032343918916,0.46009902475114983,0.7391724875038036,5.619681431312529e-08,0.1595610660387612,0.09316949906249125
diverse,diverse,stokes_corrected,coordinate_mlp,17,diverse_test_0005,326.11288015095056,3457.0,300.0,1.9333082649973221,0.00013029733236180618,be6eed0def79275ea5c2dba332e33de157e0b034b62b7a2f75dfc0e1f7fb9ec7,0.2100320788531597,0.42539911270101044,0.6787026878357394,5.944741232610795e-08,0.1546171419365653,0.04166666666666674
diverse,ood_shape,stokes_corrected,coordinate_mlp,17,ood_shape_0000,322.0476102060863,3457.0,300.0,1.9333082649973221,0.00015445349951429913,be6eed0def79275ea5c2dba332e33de157e0b034b62b7a2f75dfc0e1f7fb9ec7,0.23195807689748038,0.4508384487124897,0.6489661683376775,6.417555198368063e-08,0.14092380058136908,0.11785113019775798
diverse,ood_shape,stokes_corrected,coordinate_mlp,17,ood_shape_0001,236.44026808360903,3457.0,300.0,1.9333082649973221,0.00015445349951429913,be6eed0def79275ea5c2dba332e33de157e0b034b62b7a2f75dfc0e1f7fb9ec7,0.3234291598333335,0.45678933895764023,0.5511101711960921,5.9225502724302714e-08,0.1472513492872871,0.08333333333333337
diverse,ood_shape,stokes_corrected,coordinate_mlp,17,ood_shape_0002,180.95100059158364,3457.0,300.0,1.9333082649973221,0.00015445349951429913,be6eed0def79275ea5c2dba332e33de157e0b034b62b7a2f75dfc0e1f7fb9ec7,0.20817773706461218,0.3563795983336554,0.47579328019429684,5.014684845150441e-08,0.14066965269449497,0.08333333333333337
diverse,ood_shape,stokes_corrected,coordinate_mlp,17,ood_shape_0003,208.6074759394159,3457.0,300.0,1.9333082649973221,0.00015445349951429913,be6eed0def79275ea5c2dba332e33de157e0b034b62b7a2f75dfc0e1f7fb9ec7,0.21903787152319554,0.35750102366067676,0.5059046364714609,6.391906737235331e-08,0.14313352541592797,0.058925565098878904
diverse,ood_shape,stokes_corrected,coordinate_mlp,17,ood_shape_0004,374.64532673286527,3457.0,300.0,1.9333082649973221,0.00015445349951429913,be6eed0def79275ea5c2dba332e33de157e0b034b62b7a2f75dfc0e1f7fb9ec7,0.28541833034376435,0.4595022561652135,0.7015594373424916,5.2283027685007255e-08,0.16072400715498453,0.04166666666666674
diverse,ood_shape,stokes_corrected,coordinate_mlp,17,ood_shape_0005,145.49153445980784,3457.0,300.0,1.9333082649973221,0.00015445349951429913,be6eed0def79275ea5c2dba332e33de157e0b034b62b7a2f75dfc0e1f7fb9ec7,0.17311855167978094,0.31279884907377287,0.44328352055316234,8.1448355615521e-08,0.13170237689982903,0.08333333333333337
diverse,ood_re,stokes_corrected,coordinate_mlp,17,ood_re_0000,566.4474875225259,3457.0,300.0,1.9333082649973221,0.00012853633355310498,be6eed0def79275ea5c2dba332e33de157e0b034b62b7a2f75dfc0e1f7fb9ec7,0.37243348215374195,0.6285843950984593,0.850324962400654,8.76334240729193e-08,0.15646559361200355,0.09316949906249125
diverse,ood_re,stokes_corrected,coordinate_mlp,17,ood_re_0001,490.14181715065223,3457.0,300.0,1.9333082649973221,0.00012853633355310498,be6eed0def79275ea5c2dba332e33de157e0b034b62b7a2f75dfc0e1f7fb9ec7,0.3220628994713064,0.5831445370427207,0.8140088676619343,8.016953501055468e-08,0.15505804708184628,0.09316949906249125
diverse,ood_re,stokes_corrected,coordinate_mlp,17,ood_re_0002,533.202596381457,3457.0,300.0,1.9333082649973221,0.00012853633355310498,be6eed0def79275ea5c2dba332e33de157e0b034b62b7a2f75dfc0e1f7fb9ec7,0.3196867471198437,0.5669052789518912,0.8134808565016926,7.296959836367023e-08,0.1553549143799582,0.08333333333333337
diverse,ood_re,stokes_corrected,coordinate_mlp,17,ood_re_0003,592.5167238454294,3457.0,300.0,1.9333082649973221,0.00012853633355310498,be6eed0def79275ea5c2dba332e33de157e0b034b62b7a2f75dfc0e1f7fb9ec7,0.31447908564161764,0.5471584281463424,0.8111594710691178,5.614693421307493e-08,0.15606388810916166,0.09316949906249125
diverse,ood_re,stokes_corrected,coordinate_mlp,17,ood_re_0004,489.1490754145391,3457.0,300.0,1.9333082649973221,0.00012853633355310498,be6eed0def79275ea5c2dba332e33de157e0b034b62b7a2f75dfc0e1f7fb9ec7,0.2709771253616183,0.522671750040672,0.7376533933333961,7.040975447125675e-08,0.14699522075757357,0.125
diverse,ood_re,stokes_corrected,coordinate_mlp,17,ood_re_0005,561.89866888648,3457.0,300.0,1.9333082649973221,0.00012853633355310498,be6eed0def79275ea5c2dba332e33de157e0b034b62b7a2f75dfc0e1f7fb9ec7,0.34172374537818495,0.6155208284270792,0.8281776447936752,8.038572474333705e-08,0.15115854444847163,0.09316949906249125
diverse,constant,stokes_corrected,pod_deeponet,17,constant_test_0000,378.39963682209583,3900.0,268.0,0.44692353299615206,1.8495999635585274e-05,2fccd26ff809c1505f272706fa0d0ea342351f752d1acaada21e2bbaaeb037d6,0.07711133138360708,0.07533424280766528,0.1107422910288164,8.54398720662175e-08,0.2874274120329147,0.04166666666666674
diverse,constant,stokes_corrected,pod_deeponet,17,constant_test_0001,275.5175743523432,3900.0,268.0,0.44692353299615206,1.8495999635585274e-05,2fccd26ff809c1505f272706fa0d0ea342351f752d1acaada21e2bbaaeb037d6,0.025861571808341782,0.040022183404161735,0.06485120894854485,7.04123763739517e-08,0.24255633279146863,0.04166666666666663
diverse,constant,stokes_corrected,pod_deeponet,17,constant_test_0002,205.77449124508615,3900.0,268.0,0.44692353299615206,1.8495999635585274e-05,2fccd26ff809c1505f272706fa0d0ea342351f752d1acaada21e2bbaaeb037d6,0.017754862593448207,0.032594187915081854,0.0462715842110928,7.857437367420061e-08,0.21182958719645506,0.0
diverse,constant,stokes_corrected,pod_deeponet,17,constant_test_0003,356.31307787809095,3900.0,268.0,0.44692353299615206,1.8495999635585274e-05,2fccd26ff809c1505f272706fa0d0ea342351f752d1acaada21e2bbaaeb037d6,0.06095228237788895,0.060575412714363064,0.09666586514941553,6.661765183935131e-08,0.27794953328234273,0.04166666666666674
diverse,constant,stokes_corrected,pod_deeponet,17,constant_test_0004,364.9641357923895,3900.0,268.0,0.44692353299615206,1.8495999635585274e-05,2fccd26ff809c1505f272706fa0d0ea342351f752d1acaada21e2bbaaeb037d6,0.06697627652850223,0.06589128533113159,0.1019162929922162,8.155351594041349e-08,0.28167554101166753,0.04166666666666674
diverse,constant,stokes_corrected,pod_deeponet,17,constant_test_0005,326.11288015095056,3900.0,268.0,0.44692353299615206,1.8495999635585274e-05,2fccd26ff809c1505f272706fa0d0ea342351f752d1acaada21e2bbaaeb037d6,0.043173968833361144,0.04709552175714242,0.0812214151711022,8.035723197963307e-08,0.26482431932407835,0.0
diverse,diverse,stokes_corrected,pod_deeponet,17,diverse_test_0000,378.39963682209583,3900.0,268.0,0.44692353299615206,6.13403341655309e-05,2fccd26ff809c1505f272706fa0d0ea342351f752d1acaada21e2bbaaeb037d6,0.019381172388112287,0.0369157380689027,0.07142965147819647,6.343406511177818e-08,0.2223866673871955,0.0
diverse,diverse,stokes_corrected,pod_deeponet,17,diverse_test_0001,275.5175743523432,3900.0,268.0,0.44692353299615206,6.13403341655309e-05,2fccd26ff809c1505f272706fa0d0ea342351f752d1acaada21e2bbaaeb037d6,0.017678541877061024,0.03081538464239581,0.044787530507357697,7.487903985747835e-08,0.2243422048774268,0.0
diverse,diverse,stokes_corrected,pod_deeponet,17,diverse_test_0002,205.77449124508615,3900.0,268.0,0.44692353299615206,6.13403341655309e-05,2fccd26ff809c1505f272706fa0d0ea342351f752d1acaada21e2bbaaeb037d6,0.019087688199460218,0.031464846873581094,0.055855829786642205,7.277371594227589e-08,0.13584602944791077,0.0
diverse,diverse,stokes_corrected,pod_deeponet,17,diverse_test_0003,356.31307787809095,3900.0,268.0,0.44692353299615206,6.13403341655309e-05,2fccd26ff809c1505f272706fa0d0ea342351f752d1acaada21e2bbaaeb037d6,0.02844239835027111,0.036325584301604846,0.08825581438261342,7.112625866056987e-08,0.206531906024329,0.0
diverse,diverse,stokes_corrected,pod_deeponet,17,diverse_test_0004,364.9641357923895,3900.0,268.0,0.44692353299615206,6.13403341655309e-05,2fccd26ff809c1505f272706fa0d0ea342351f752d1acaada21e2bbaaeb037d6,0.0481932148313781,0.08591315597090567,0.09971638801107748,6.275737973737705e-08,0.26316991882500745,0.04166666666666663
diverse,diverse,stokes_corrected,pod_deeponet,17,diverse_test_0005,326.11288015095056,3900.0,268.0,0.44692353299615206,6.13403341655309e-05,2fccd26ff809c1505f272706fa0d0ea342351f752d1acaada21e2bbaaeb037d6,0.012039704413983221,0.02477404356836836,0.0375151007464984,7.289152392786491e-08,0.23779807075436754,0.04166666666666663
diverse,ood_shape,stokes_corrected,pod_deeponet,17,ood_shape_0000,322.0476102060863,3900.0,268.0,0.44692353299615206,1.4137833204586059e-05,2fccd26ff809c1505f272706fa0d0ea342351f752d1acaada21e2bbaaeb037d6,0.03045439740051081,0.0665688573759172,0.13966972767558347,6.583055522924042e-08,0.20299306807323347,0.0
diverse,ood_shape,stokes_corrected,pod_deeponet,17,ood_shape_0001,236.44026808360903,3900.0,268.0,0.44692353299615206,1.4137833204586059e-05,2fccd26ff809c1505f272706fa0d0ea342351f752d1acaada21e2bbaaeb037d6,0.05017353720212902,0.06660351020272601,0.10333527071787953,5.47443548271076e-08,0.14342513577088484,0.0
diverse,ood_shape,stokes_corrected,pod_deeponet,17,ood_shape_0002,180.95100059158364,3900.0,268.0,0.44692353299615206,1.4137833204586059e-05,2fccd26ff809c1505f272706fa0d0ea342351f752d1acaada21e2bbaaeb037d6,0.04071877269227208,0.09607666315162401,0.22288550050648445,6.128399121507755e-08,0.12393562860480822,0.04166666666666663
diverse,ood_shape,stokes_corrected,pod_deeponet,17,ood_shape_0003,208.6074759394159,3900.0,268.0,0.44692353299615206,1.4137833204586059e-05,2fccd26ff809c1505f272706fa0d0ea342351f752d1acaada21e2bbaaeb037d6,0.0180880996578045,0.040306983185454996,0.07939981156950428,5.586009876878961e-08,0.13690707248721184,0.04166666666666663
diverse,ood_shape,stokes_corrected,pod_deeponet,17,ood_shape_0004,374.64532673286527,3900.0,268.0,0.44692353299615206,1.4137833204586059e-05,2fccd26ff809c1505f272706fa0d0ea342351f752d1acaada21e2bbaaeb037d6,0.09438307776982113,0.20562300859477964,0.26150636926630505,4.8753175718729835e-08,0.19351966976657703,0.04166666666666663
diverse,ood_shape,stokes_corrected,pod_deeponet,17,ood_shape_0005,145.49153445980784,3900.0,268.0,0.44692353299615206,1.4137833204586059e-05,2fccd26ff809c1505f272706fa0d0ea342351f752d1acaada21e2bbaaeb037d6,0.05642998943146703,0.09754997899062028,0.15413480096676593,7.95368819694886e-08,0.14075393732199382,0.0
diverse,ood_re,stokes_corrected,pod_deeponet,17,ood_re_0000,566.4474875225259,3900.0,268.0,0.44692353299615206,1.3875833246856928e-05,2fccd26ff809c1505f272706fa0d0ea342351f752d1acaada21e2bbaaeb037d6,0.239905970707234,0.2692038178858656,0.2597032792841122,8.550222929670781e-08,0.34231909124365434,0.04166666666666663
diverse,ood_re,stokes_corrected,pod_deeponet,17,ood_re_0001,490.14181715065223,3900.0,268.0,0.44692353299615206,1.3875833246856928e-05,2fccd26ff809c1505f272706fa0d0ea342351f752d1acaada21e2bbaaeb037d6,0.1497956496479074,0.16689526933705537,0.175908119798066,7.981753213925913e-08,0.3206267265962126,0.04166666666666663
diverse,ood_re,stokes_corrected,pod_deeponet,17,ood_re_0002,533.202596381457,3900.0,268.0,0.44692353299615206,1.3875833246856928e-05,2fccd26ff809c1505f272706fa0d0ea342351f752d1acaada21e2bbaaeb037d6,0.18579119078116915,0.21778511361529732,0.21333895519976018,7.999927476021185e-08,0.30208178305097083,0.04166666666666663
diverse,ood_re,stokes_corrected,pod_deeponet,17,ood_re_0003,592.5167238454294,3900.0,268.0,0.44692353299615206,1.3875833246856928e-05,2fccd26ff809c1505f272706fa0d0ea342351f752d1acaada21e2bbaaeb037d6,0.2242036406411271,0.3495039979710007,0.34981657943784683,6.851730915968801e-08,0.26451865671394137,0.08333333333333326
diverse,ood_re,stokes_corrected,pod_deeponet,17,ood_re_0004,489.1490754145391,3900.0,268.0,0.44692353299615206,1.3875833246856928e-05,2fccd26ff809c1505f272706fa0d0ea342351f752d1acaada21e2bbaaeb037d6,0.0854099709843397,0.1307067820803023,0.17260012539503955,6.930932272553036e-08,0.2502359504589706,0.04166666666666663
diverse,ood_re,stokes_corrected,pod_deeponet,17,ood_re_0005,561.89866888648,3900.0,268.0,0.44692353299615206,1.3875833246856928e-05,2fccd26ff809c1505f272706fa0d0ea342351f752d1acaada21e2bbaaeb037d6,0.17709437877647044,0.23010908752876805,0.26566304020498077,6.958175191584814e-08,0.3316263208995501,0.04166666666666663
diverse,constant,stokes_corrected,unet,17,constant_test_0000,378.39963682209583,15013.0,263.0,4.2966980779965525,0.00022703899958287366,e6eac75e3fa07c937d418f10859b3d91fd92726e4a496d5fa110e58ccac80f26,0.05474790898551328,0.10826474027985367,0.48936599357318766,7.754353958944193e-08,0.3018532848523262,0.04166666666666674
diverse,constant,stokes_corrected,unet,17,constant_test_0001,275.5175743523432,15013.0,263.0,4.2966980779965525,0.00022703899958287366,e6eac75e3fa07c937d418f10859b3d91fd92726e4a496d5fa110e58ccac80f26,0.036045714073872276,0.07005759772964189,0.35866203387345413,7.450580596923828e-08,0.24333046084573015,0.0
diverse,constant,stokes_corrected,unet,17,constant_test_0002,205.77449124508615,15013.0,263.0,4.2966980779965525,0.00022703899958287366,e6eac75e3fa07c937d418f10859b3d91fd92726e4a496d5fa110e58ccac80f26,0.043157966937167606,0.06303694749749844,0.2646872942531771,8.171743104412599e-08,0.21171674230224632,0.0
diverse,constant,stokes_corrected,unet,17,constant_test_0003,356.31307787809095,15013.0,263.0,4.2966980779965525,0.00022703899958287366,e6eac75e3fa07c937d418f10859b3d91fd92726e4a496d5fa110e58ccac80f26,0.04260487030857803,0.09418335542328347,0.46225869498148925,8.206431800772407e-08,0.2882067092670981,0.04166666666666674
diverse,constant,stokes_corrected,unet,17,constant_test_0004,364.9641357923895,15013.0,263.0,4.2966980779965525,0.00022703899958287366,e6eac75e3fa07c937d418f10859b3d91fd92726e4a496d5fa110e58ccac80f26,0.04688880624586594,0.09927628968141898,0.47293952046436477,7.902754362021369e-08,0.29348865900140914,0.04166666666666674
diverse,constant,stokes_corrected,unet,17,constant_test_0005,326.11288015095056,15013.0,263.0,4.2966980779965525,0.00022703899958287366,e6eac75e3fa07c937d418f10859b3d91fd92726e4a496d5fa110e58ccac80f26,0.0334258243266708,0.08064731814739441,0.4243425131606499,8.738354040360718e-08,0.27045446364820047,0.0
diverse,diverse,stokes_corrected,unet,17,diverse_test_0000,378.39963682209583,15013.0,263.0,4.2966980779965525,0.00022162750004402673,e6eac75e3fa07c937d418f10859b3d91fd92726e4a496d5fa110e58ccac80f26,0.038445057454414136,0.0790698134803285,0.3192139265286439,6.481710101979843e-08,0.2382063320783263,0.0
diverse,diverse,stokes_corrected,unet,17,diverse_test_0001,275.5175743523432,15013.0,263.0,4.2966980779965525,0.00022162750004402673,e6eac75e3fa07c937d418f10859b3d91fd92726e4a496d5fa110e58ccac80f26,0.04515370556684747,0.07681220923316535,0.33176407097292127,6.698589771758634e-08,0.21674090627484544,0.0
diverse,diverse,stokes_corrected,unet,17,diverse_test_0002,205.77449124508615,15013.0,263.0,4.2966980779965525,0.00022162750004402673,e6eac75e3fa07c937d418f10859b3d91fd92726e4a496d5fa110e58ccac80f26,0.03838493263069531,0.05703531250435205,0.19780838991378544,8.812637730670758e-08,0.14312454052441856,0.0
diverse,diverse,stokes_corrected,unet,17,diverse_test_0003,356.31307787809095,15013.0,263.0,4.2966980779965525,0.00022162750004402673,e6eac75e3fa07c937d418f10859b3d91fd92726e4a496d5fa110e58ccac80f26,0.053157109512595,0.10373398987552504,0.47161392506274274,7.926558964754804e-08,0.20675887175143343,0.058925565098878904
diverse,diverse,stokes_corrected,unet,17,diverse_test_0004,364.9641357923895,15013.0,263.0,4.2966980779965525,0.00022162750004402673,e6eac75e3fa07c937d418f10859b3d91fd92726e4a496d5fa110e58ccac80f26,0.06936841445634706,0.15529267409665182,0.4985415809150399,5.153505355792731e-08,0.22654981706344626,0.0
diverse,diverse,stokes_corrected,unet,17,diverse_test_0005,326.11288015095056,15013.0,263.0,4.2966980779965525,0.00022162750004402673,e6eac75e3fa07c937d418f10859b3d91fd92726e4a496d5fa110e58ccac80f26,0.035903376390732974,0.09685011659630903,0.3976209792220158,6.646932604326139e-08,0.21609429531644173,0.0
diverse,ood_shape,stokes_corrected,unet,17,ood_shape_0000,322.0476102060863,15013.0,263.0,4.2966980779965525,0.00021942083306688195,e6eac75e3fa07c937d418f10859b3d91fd92726e4a496d5fa110e58ccac80f26,0.054503092131661234,0.11009787340952756,0.31725677698710925,6.510939698500806e-08,0.21533860942374788,0.05892556509887899
diverse,ood_shape,stokes_corrected,unet,17,ood_shape_0001,236.44026808360903,15013.0,263.0,4.2966980779965525,0.00021942083306688195,e6eac75e3fa07c937d418f10859b3d91fd92726e4a496d5fa110e58ccac80f26,0.13867753799843954,0.16303764483001812,0.3074320288988812,5.079202125557458e-08,0.11849798814365234,0.05892556509887899
diverse,ood_shape,stokes_corrected,unet,17,ood_shape_0002,180.95100059158364,15013.0,263.0,4.2966980779965525,0.00021942083306688195,e6eac75e3fa07c937d418f10859b3d91fd92726e4a496d5fa110e58ccac80f26,0.05182589173961785,0.10091286717190097,0.21682522621512662,4.583845836236833e-08,0.1267923928034475,0.0
diverse,ood_shape,stokes_corrected,unet,17,ood_shape_0003,208.6074759394159,15013.0,263.0,4.2966980779965525,0.00021942083306688195,e6eac75e3fa07c937d418f10859b3d91fd92726e4a496d5fa110e58ccac80f26,0.04133273558522979,0.0829663585974492,0.24259647969187031,6.149691245127542e-08,0.12602351158204203,0.0
diverse,ood_shape,stokes_corrected,unet,17,ood_shape_0004,374.64532673286527,15013.0,263.0,4.2966980779965525,0.00021942083306688195,e6eac75e3fa07c937d418f10859b3d91fd92726e4a496d5fa110e58ccac80f26,0.07657575240628432,0.17353890605887462,0.4979158430104421,4.712640944148916e-08,0.17371871827424135,0.0
diverse,ood_shape,stokes_corrected,unet,17,ood_shape_0005,145.49153445980784,15013.0,263.0,4.2966980779965525,0.00021942083306688195,e6eac75e3fa07c937d418f10859b3d91fd92726e4a496d5fa110e58ccac80f26,0.08387994445966891,0.08731547044294691,0.15277900526414276,5.8629016308486825e-08,0.1564942153247692,0.0
diverse,ood_re,stokes_corrected,unet,17,ood_re_0000,566.4474875225259,15013.0,263.0,4.2966980779965525,0.0002711301664627778,e6eac75e3fa07c937d418f10859b3d91fd92726e4a496d5fa110e58ccac80f26,0.18318256481624584,0.26721055278267075,0.6117711007050602,7.120245726355279e-08,0.41636354975917994,0.05892556509887899
diverse,ood_re,stokes_corrected,unet,17,ood_re_0001,490.14181715065223,15013.0,263.0,4.2966980779965525,0.0002711301664627778,e6eac75e3fa07c937d418f10859b3d91fd92726e4a496d5fa110e58ccac80f26,0.10990281624837667,0.1751095943577353,0.5474142241216914,7.286324432698166e-08,0.35736711463987286,0.04166666666666674
diverse,ood_re,stokes_corrected,unet,17,ood_re_0002,533.202596381457,15013.0,263.0,4.2966980779965525,0.0002711301664627778,e6eac75e3fa07c937d418f10859b3d91fd92726e4a496d5fa110e58ccac80f26,0.16726883950268864,0.24481546419249023,0.6074914640359358,6.966006793618362e-08,0.3566999712000863,0.04166666666666674
diverse,ood_re,stokes_corrected,unet,17,ood_re_0003,592.5167238454294,15013.0,263.0,4.2966980779965525,0.0002711301664627778,e6eac75e3fa07c937d418f10859b3d91fd92726e4a496d5fa110e58ccac80f26,0.22627774041831522,0.3122094956523375,0.6501474112279911,5.382882761750807e-08,0.288996533806708,0.058925565098878904
diverse,ood_re,stokes_corrected,unet,17,ood_re_0004,489.1490754145391,15013.0,263.0,4.2966980779965525,0.0002711301664627778,e6eac75e3fa07c937d418f10859b3d91fd92726e4a496d5fa110e58ccac80f26,0.08777792098839338,0.15496184287867043,0.4813881097317153,7.09382419472604e-08,0.28206090739488315,0.04166666666666674
diverse,ood_re,stokes_corrected,unet,17,ood_re_0005,561.89866888648,15013.0,263.0,4.2966980779965525,0.0002711301664627778,e6eac75e3fa07c937d418f10859b3d91fd92726e4a496d5fa110e58ccac80f26,0.12456443095718726,0.2057138480609742,0.5419393180063793,6.698003574001632e-08,0.3838873377951733,0.05892556509887899
diverse,constant,stokes_corrected,fno,17,constant_test_0000,378.39963682209583,12721.0,300.0,7.209892860002583,0.0007488705001984878,768da35b085d827db4fd76f196233b7015b7231e1acb56f7f28297bb10c484d9,0.07243100897258607,0.10609841518517531,0.4460241395697742,9.581700055605324e-08,0.2783057874524744,0.04166666666666674
diverse,constant,stokes_corrected,fno,17,constant_test_0001,275.5175743523432,12721.0,300.0,7.209892860002583,0.0007488705001984878,768da35b085d827db4fd76f196233b7015b7231e1acb56f7f28297bb10c484d9,0.022112629411998267,0.05406498722593303,0.3072716450572513,8.225715930620936e-08,0.24641690380167539,0.0
diverse,constant,stokes_corrected,fno,17,constant_test_0002,205.77449124508615,12721.0,300.0,7.209892860002583,0.0007488705001984878,768da35b085d827db4fd76f196233b7015b7231e1acb56f7f28297bb10c484d9,0.012589610377606038,0.037717069791046214,0.21504772594528476,9.17625797569599e-08,0.21923587740526623,0.0
diverse,constant,stokes_corrected,fno,17,constant_test_0003,356.31307787809095,12721.0,300.0,7.209892860002583,0.0007488705001984878,768da35b085d827db4fd76f196233b7015b7231e1acb56f7f28297bb10c484d9,0.05822108906711065,0.09206483816193567,0.41708136451313765,7.922965750140065e-08,0.2726598757225237,0.04166666666666674
diverse,constant,stokes_corrected,fno,17,constant_test_0004,364.9641357923895,12721.0,300.0,7.209892860002583,0.0007488705001984878,768da35b085d827db4fd76f196233b7015b7231e1acb56f7f28297bb10c484d9,0.06358125286315319,0.09740465836695215,0.4285075341537339,7.70389476656419e-08,0.27495982377573125,0.04166666666666674
diverse,constant,stokes_corrected,fno,17,constant_test_0005,326.11288015095056,12721.0,300.0,7.209892860002583,0.0007488705001984878,768da35b085d827db4fd76f196233b7015b7231e1acb56f7f28297bb10c484d9,0.04163404104847144,0.07517354600492303,0.37647222473838626,8.146908214712312e-08,0.2637887627324858,0.0
diverse,diverse,stokes_corrected,fno,17,diverse_test_0000,378.39963682209583,12721.0,300.0,7.209892860002583,0.0006350730000121985,768da35b085d827db4fd76f196233b7015b7231e1acb56f7f28297bb10c484d9,0.018650954034790054,0.049647141052977996,0.26612325547716664,7.081136033093571e-08,0.2411195213550776,0.04166666666666674
diverse,diverse,stokes_corrected,fno,17,diverse_test_0001,275.5175743523432,12721.0,300.0,7.209892860002583,0.0006350730000121985,768da35b085d827db4fd76f196233b7015b7231e1acb56f7f28297bb10c484d9,0.013797623065255914,0.045519232047164945,0.27895561907022415,7.660544554255466e-08,0.22167928185004834,0.0
diverse,diverse,stokes_corrected,fno,17,diverse_test_0002,205.77449124508615,12721.0,300.0,7.209892860002583,0.0006350730000121985,768da35b085d827db4fd76f196233b7015b7231e1acb56f7f28297bb10c484d9,0.016889516675138286,0.03918042450078607,0.16779874093873062,7.454453765376456e-08,0.17886500209378256,0.0
diverse,diverse,stokes_corrected,fno,17,diverse_test_0003,356.31307787809095,12721.0,300.0,7.209892860002583,0.0006350730000121985,768da35b085d827db4fd76f196233b7015b7231e1acb56f7f28297bb10c484d9,0.04346042611618201,0.07690915377770714,0.4112396909066913,5.488478294068955e-08,0.21683917252048193,0.0
diverse,diverse,stokes_corrected,fno,17,diverse_test_0004,364.9641357923895,12721.0,300.0,7.209892860002583,0.0006350730000121985,768da35b085d827db4fd76f196233b7015b7231e1acb56f7f28297bb10c484d9,0.05983341477752402,0.12986280220367136,0.4217612382319379,5.555569160264895e-08,0.22823442032620012,0.04166666666666663
diverse,diverse,stokes_corrected,fno,17,diverse_test_0005,326.11288015095056,12721.0,300.0,7.209892860002583,0.0006350730000121985,768da35b085d827db4fd76f196233b7015b7231e1acb56f7f28297bb10c484d9,0.01989628851501716,0.061479377914702135,0.32029730290964603,5.9147780007151596e-08,0.22619549763038868,0.04166666666666663
diverse,ood_shape,stokes_corrected,fno,17,ood_shape_0000,322.0476102060863,12721.0,300.0,7.209892860002583,0.0005881876665322731,768da35b085d827db4fd76f196233b7015b7231e1acb56f7f28297bb10c484d9,0.03211967120719895,0.09001368323972131,0.2628338601251118,6.446570921525563e-08,0.2236811319368823,0.04166666666666674
diverse,ood_shape,stokes_corrected,fno,17,ood_shape_0001,236.44026808360903,12721.0,300.0,7.209892860002583,0.0005881876665322731,768da35b085d827db4fd76f196233b7015b7231e1acb56f7f28297bb10c484d9,0.07788863983343501,0.1177266637852537,0.2762285647646709,5.159918359254334e-08,0.17922463606353445,0.05892556509887899
diverse,ood_shape,stokes_corrected,fno,17,ood_shape_0002,180.95100059158364,12721.0,300.0,7.209892860002583,0.0005881876665322731,768da35b085d827db4fd76f196233b7015b7231e1acb56f7f28297bb10c484d9,0.033139155717043026,0.07417234025628451,0.2072975201838464,5.5911446139589316e-08,0.14761190926233014,0.0
diverse,ood_shape,stokes_corrected,fno,17,ood_shape_0003,208.6074759394159,12721.0,300.0,7.209892860002583,0.0005881876665322731,768da35b085d827db4fd76f196233b7015b7231e1acb56f7f28297bb10c484d9,0.020378985791185897,0.05302259414350775,0.18738124925402105,6.296327370591825e-08,0.16317842079382655,0.04166666666666663
diverse,ood_shape,stokes_corrected,fno,17,ood_shape_0004,374.64532673286527,12721.0,300.0,7.209892860002583,0.0005881876665322731,768da35b085d827db4fd76f196233b7015b7231e1acb56f7f28297bb10c484d9,0.06977041728103807,0.1619044521759122,0.43581435119467865,4.310400925078284e-08,0.18042676083353731,0.04166666666666663
diverse,ood_shape,stokes_corrected,fno,17,ood_shape_0005,145.49153445980784,12721.0,300.0,7.209892860002583,0.0005881876665322731,768da35b085d827db4fd76f196233b7015b7231e1acb56f7f28297bb10c484d9,0.04127134727219492,0.09194701835121506,0.2193354025739215,7.45299857385362e-08,0.17294298126452437,0.0
diverse,ood_re,stokes_corrected,fno,17,ood_re_0000,566.4474875225259,12721.0,300.0,7.209892860002583,0.0012815483326752049,768da35b085d827db4fd76f196233b7015b7231e1acb56f7f28297bb10c484d9,0.1830027610376657,0.1983239725915947,0.5542593873261082,7.780565880466384e-08,0.2897877074219955,0.058925565098878904
diverse,ood_re,stokes_corrected,fno,17,ood_re_0001,490.14181715065223,12721.0,300.0,7.209892860002583,0.0012815483326752049,768da35b085d827db4fd76f196233b7015b7231e1acb56f7f28297bb10c484d9,0.11550593369054347,0.14447741630544159,0.5058347908070626,8.397835671303255e-08,0.2879133026266578,0.04166666666666663
diverse,ood_re,stokes_corrected,fno,17,ood_re_0002,533.202596381457,12721.0,300.0,7.209892860002583,0.0012815483326752049,768da35b085d827db4fd76f196233b7015b7231e1acb56f7f28297bb10c484d9,0.15161113080798808,0.16907717975704034,0.542837361679429,6.827747256465955e-08,0.2562012745739532,0.04166666666666663
diverse,ood_re,stokes_corrected,fno,17,ood_re_0003,592.5167238454294,12721.0,300.0,7.209892860002583,0.0012815483326752049,768da35b085d827db4fd76f196233b7015b7231e1acb56f7f28297bb10c484d9,0.16508123356407067,0.20724251380967473,0.5633358810253869,5.681665626866561e-08,0.20240107785095002,0.05892556509887899
diverse,ood_re,stokes_corrected,fno,17,ood_re_0004,489.1490754145391,12721.0,300.0,7.209892860002583,0.0012815483326752049,768da35b085d827db4fd76f196233b7015b7231e1acb56f7f28297bb10c484d9,0.05155957359133873,0.08621402577594076,0.4119961946612509,7.00544333653852e-08,0.23384789439104658,0.0
diverse,ood_re,stokes_corrected,fno,17,ood_re_0005,561.89866888648,12721.0,300.0,7.209892860002583,0.0012815483326752049,768da35b085d827db4fd76f196233b7015b7231e1acb56f7f28297bb10c484d9,0.11333933034693112,0.1477604845633898,0.4923087454868533,6.166925459183403e-08,0.27672622120742224,0.058925565098878904
diverse,constant,stokes_corrected,fno_physics,17,constant_test_0000,378.39963682209583,12721.0,283.0,7.925605753000127,0.0005848258333571721,7a9f28840d3126b057a5781588244b428c86a7fd50479f129f134dda1fe88841,0.0787059429246448,0.1595249286793281,0.8313637236023591,7.452000971852613e-08,0.06891413373618172,0.04166666666666674
diverse,constant,stokes_corrected,fno_physics,17,constant_test_0001,275.5175743523432,12721.0,283.0,7.925605753000127,0.0005848258333571721,7a9f28840d3126b057a5781588244b428c86a7fd50479f129f134dda1fe88841,0.04468121607618859,0.12008959077081091,0.6730780631105104,8.449031696500242e-08,0.045432354496241556,0.04166666666666663
diverse,constant,stokes_corrected,fno_physics,17,constant_test_0002,205.77449124508615,12721.0,283.0,7.925605753000127,0.0005848258333571721,7a9f28840d3126b057a5781588244b428c86a7fd50479f129f134dda1fe88841,0.03871138076444872,0.10086049040112507,0.5451498057980317,8.063413048375878e-08,0.03932020825601896,0.0
diverse,constant,stokes_corrected,fno_physics,17,constant_test_0003,356.31307787809095,12721.0,283.0,7.925605753000127,0.0005848258333571721,7a9f28840d3126b057a5781588244b428c86a7fd50479f129f134dda1fe88841,0.06662173148154035,0.1479769329833942,0.8008484988261414,8.81369146554789e-08,0.06252382152382534,0.04166666666666674
diverse,constant,stokes_corrected,fno_physics,17,constant_test_0004,364.9641357923895,12721.0,283.0,7.925605753000127,0.0005848258333571721,7a9f28840d3126b057a5781588244b428c86a7fd50479f129f134dda1fe88841,0.07103851388793377,0.15225522892346777,0.8130318550689457,7.814643510073438e-08,0.0649526828672928,0.04166666666666674
diverse,constant,stokes_corrected,fno_physics,17,constant_test_0005,326.11288015095056,12721.0,283.0,7.925605753000127,0.0005848258333571721,7a9f28840d3126b057a5781588244b428c86a7fd50479f129f134dda1fe88841,0.05449994402897068,0.13532533919786455,0.7559984186406364,7.76418502823617e-08,0.054891206985662556,0.0
diverse,diverse,stokes_corrected,fno_physics,17,diverse_test_0000,378.39963682209583,12721.0,283.0,7.925605753000127,0.0005782876675463436,7a9f28840d3126b057a5781588244b428c86a7fd50479f129f134dda1fe88841,0.0378671510625339,0.09995174707617081,0.5890976936472179,6.832331678197079e-08,0.055155756582756205,0.04166666666666674
diverse,diverse,stokes_corrected,fno_physics,17,diverse_test_0001,275.5175743523432,12721.0,283.0,7.925605753000127,0.0005782876675463436,7a9f28840d3126b057a5781588244b428c86a7fd50479f129f134dda1fe88841,0.04441829977572276,0.11564202548530371,0.6339468432829544,7.372145915951478e-08,0.04789852070048753,0.0
diverse,diverse,stokes_corrected,fno_physics,17,diverse_test_0002,205.77449124508615,12721.0,283.0,7.925605753000127,0.0005782876675463436,7a9f28840d3126b057a5781588244b428c86a7fd50479f129f134dda1fe88841,0.03487745641969079,0.08008701771096512,0.3923855918987551,7.635347287759942e-08,0.03388093683556253,0.0
diverse,diverse,stokes_corrected,fno_physics,17,diverse_test_0003,356.31307787809095,12721.0,283.0,7.925605753000127,0.0005782876675463436,7a9f28840d3126b057a5781588244b428c86a7fd50479f129f134dda1fe88841,0.052037361422193056,0.13188047275027662,0.7114194667932716,6.192716739406023e-08,0.05582652235149339,0.0
diverse,diverse,stokes_corrected,fno_physics,17,diverse_test_0004,364.9641357923895,12721.0,283.0,7.925605753000127,0.0005782876675463436,7a9f28840d3126b057a5781588244b428c86a7fd50479f129f134dda1fe88841,0.07196266613653654,0.1894488930150957,0.8477024261594521,5.13323286099876e-08,0.07023404731064437,0.04166666666666663
diverse,diverse,stokes_corrected,fno_physics,17,diverse_test_0005,326.11288015095056,12721.0,283.0,7.925605753000127,0.0005782876675463436,7a9f28840d3126b057a5781588244b428c86a7fd50479f129f134dda1fe88841,0.048230169513726946,0.13610292390748158,0.7364546987389909,6.848377154256013e-08,0.0519454152988286,0.04166666666666663
diverse,ood_shape,stokes_corrected,fno_physics,17,ood_shape_0000,322.0476102060863,12721.0,283.0,7.925605753000127,0.0006081491665099747,7a9f28840d3126b057a5781588244b428c86a7fd50479f129f134dda1fe88841,0.053414038033731334,0.12977571308676356,0.6222208622571119,6.303211819158605e-08,0.04444354717485665,0.04166666666666674
diverse,ood_shape,stokes_corrected,fno_physics,17,ood_shape_0001,236.44026808360903,12721.0,283.0,7.925605753000127,0.0006081491665099747,7a9f28840d3126b057a5781588244b428c86a7fd50479f129f134dda1fe88841,0.10560661833927124,0.1541717993220822,0.43939058790234925,5.375873968205269e-08,0.056639093920113306,0.05892556509887899
diverse,ood_shape,stokes_corrected,fno_physics,17,ood_shape_0002,180.95100059158364,12721.0,283.0,7.925605753000127,0.0006081491665099747,7a9f28840d3126b057a5781588244b428c86a7fd50479f129f134dda1fe88841,0.040058014619538874,0.10464774145278107,0.3197815306048246,5.823205384558605e-08,0.052869387025172944,0.0
diverse,ood_shape,stokes_corrected,fno_physics,17,ood_shape_0003,208.6074759394159,12721.0,283.0,7.925605753000127,0.0006081491665099747,7a9f28840d3126b057a5781588244b428c86a7fd50479f129f134dda1fe88841,0.03777388259103983,0.10460023409849264,0.45057179061436936,6.057310741880428e-08,0.045365865026775073,0.04166666666666663
diverse,ood_shape,stokes_corrected,fno_physics,17,ood_shape_0004,374.64532673286527,12721.0,283.0,7.925605753000127,0.0006081491665099747,7a9f28840d3126b057a5781588244b428c86a7fd50479f129f134dda1fe88841,0.0705306911744071,0.18846484570489147,0.6857212835967884,4.798933517236037e-08,0.07440936953779886,0.0
diverse,ood_shape,stokes_corrected,fno_physics,17,ood_shape_0005,145.49153445980784,12721.0,283.0,7.925605753000127,0.0006081491665099747,7a9f28840d3126b057a5781588244b428c86a7fd50479f129f134dda1fe88841,0.050161069712466574,0.10793368388426205,0.3457855709930767,6.503721294848219e-08,0.0704256515265041,0.0
diverse,ood_re,stokes_corrected,fno_physics,17,ood_re_0000,566.4474875225259,12721.0,283.0,7.925605753000127,0.0005748524999944493,7a9f28840d3126b057a5781588244b428c86a7fd50479f129f134dda1fe88841,0.1965842910548216,0.27736273871475914,0.9674413009298766,6.341789315911228e-08,0.12571776934632112,0.058925565098878904
diverse,ood_re,stokes_corrected,fno_physics,17,ood_re_0001,490.14181715065223,12721.0,283.0,7.925605753000127,0.0005748524999944493,7a9f28840d3126b057a5781588244b428c86a7fd50479f129f134dda1fe88841,0.12910526214337253,0.20881560752477998,0.9076067382807453,7.322671535803238e-08,0.0999370624834148,0.04166666666666663
diverse,ood_re,stokes_corrected,fno_physics,17,ood_re_0002,533.202596381457,12721.0,283.0,7.925605753000127,0.0005748524999944493,7a9f28840d3126b057a5781588244b428c86a7fd50479f129f134dda1fe88841,0.15635544139920393,0.2355088552409591,0.9028885548145489,6.342862945984962e-08,0.10190115273886431,0.04166666666666663
diverse,ood_re,stokes_corrected,fno_physics,17,ood_re_0003,592.5167238454294,12721.0,283.0,7.925605753000127,0.0005748524999944493,7a9f28840d3126b057a5781588244b428c86a7fd50479f129f134dda1fe88841,0.16817833519653486,0.2720763840851408,0.8704268096999016,5.781805967330911e-08,0.11161617548454096,0.05892556509887899
diverse,ood_re,stokes_corrected,fno_physics,17,ood_re_0004,489.1490754145391,12721.0,283.0,7.925605753000127,0.0005748524999944493,7a9f28840d3126b057a5781588244b428c86a7fd50479f129f134dda1fe88841,0.06378530636549222,0.14044393564589602,0.7183526561034571,7.000247848054642e-08,0.07856549714945517,0.0
diverse,ood_re,stokes_corrected,fno_physics,17,ood_re_0005,561.89866888648,12721.0,283.0,7.925605753000127,0.0005748524999944493,7a9f28840d3126b057a5781588244b428c86a7fd50479f129f134dda1fe88841,0.13173380035320847,0.21310763546109274,0.8928259626167386,5.840473704665783e-08,0.11207162347453764,0.058925565098878904
diverse,constant,stokes_corrected,coordinate_mlp,27,constant_test_0000,378.39963682209583,3457.0,278.0,2.4105020110000623,0.00013192616703842455,b1ce5d5bd7173756579041adc9eb6720309bbd1f30fd0628cc82a30e38ce6d4c,0.21836487792216017,0.4276795743955456,0.7283132136720559,9.542924317429424e-08,0.21721385706943228,0.09316949906249125
diverse,constant,stokes_corrected,coordinate_mlp,27,constant_test_0001,275.5175743523432,3457.0,278.0,2.4105020110000623,0.00013192616703842455,b1ce5d5bd7173756579041adc9eb6720309bbd1f30fd0628cc82a30e38ce6d4c,0.18547799072304103,0.36854474086692934,0.6306560935662099,8.907421999992948e-08,0.21111638185883763,0.11785113019775798
diverse,constant,stokes_corrected,coordinate_mlp,27,constant_test_0002,205.77449124508615,3457.0,278.0,2.4105020110000623,0.00013192616703842455,b1ce5d5bd7173756579041adc9eb6720309bbd1f30fd0628cc82a30e38ce6d4c,0.16507393904993214,0.32188083976728826,0.5470783839245392,8.738480516967684e-08,0.20689653059855156,0.0931694990624913
diverse,constant,stokes_corrected,coordinate_mlp,27,constant_test_0003,356.31307787809095,3457.0,278.0,2.4105020110000623,0.00013192616703842455,b1ce5d5bd7173756579041adc9eb6720309bbd1f30fd0628cc82a30e38ce6d4c,0.20985369377133584,0.415225952946595,0.7093884367656456,8.370519566369694e-08,0.2159183825227124,0.09316949906249125
diverse,constant,stokes_corrected,coordinate_mlp,27,constant_test_0004,364.9641357923895,3457.0,278.0,2.4105020110000623,0.00013192616703842455,b1ce5d5bd7173756579041adc9eb6720309bbd1f30fd0628cc82a30e38ce6d4c,0.21304986956761063,0.4200971929629011,0.7169219211179342,9.631008879296132e-08,0.21642668441546753,0.09316949906249125
diverse,constant,stokes_corrected,coordinate_mlp,27,constant_test_0005,326.11288015095056,3457.0,278.0,2.4105020110000623,0.00013192616703842455,b1ce5d5bd7173756579041adc9eb6720309bbd1f30fd0628cc82a30e38ce6d4c,0.19983323162333302,0.3981621936835927,0.6818082318962138,8.566955500555196e-08,0.21413484010426598,0.11785113019775798
diverse,diverse,stokes_corrected,coordinate_mlp,27,diverse_test_0000,378.39963682209583,3457.0,278.0,2.4105020110000623,0.00012394766599754803,b1ce5d5bd7173756579041adc9eb6720309bbd1f30fd0628cc82a30e38ce6d4c,0.18360357568081506,0.37883745539648483,0.6303688688853528,6.85226240193515e-08,0.22073585316488303,0.05892556509887899
diverse,diverse,stokes_corrected,coordinate_mlp,27,diverse_test_0001,275.5175743523432,3457.0,278.0,2.4105020110000623,0.00012394766599754803,b1ce5d5bd7173756579041adc9eb6720309bbd1f30fd0628cc82a30e38ce6d4c,0.15125170021431517,0.32227330777092605,0.6017251126040264,7.101301946477179e-08,0.21094737593812352,0.08333333333333337
diverse,diverse,stokes_corrected,coordinate_mlp,27,diverse_test_0002,205.77449124508615,3457.0,278.0,2.4105020110000623,0.00012394766599754803,b1ce5d5bd7173756579041adc9eb6720309bbd1f30fd0628cc82a30e38ce6d4c,0.139511092577988,0.2829855816202107,0.4902475477512328,8.320019873053752e-08,0.2123704635046178,0.04166666666666674
diverse,diverse,stokes_corrected,coordinate_mlp,27,diverse_test_0003,356.31307787809095,3457.0,278.0,2.4105020110000623,0.00012394766599754803,b1ce5d5bd7173756579041adc9eb6720309bbd1f30fd0628cc82a30e38ce6d4c,0.15828867754293788,0.3501179435174703,0.6729265464563328,7.853230954424362e-08,0.21592206993783658,0.0931694990624913
diverse,diverse,stokes_corrected,coordinate_mlp,27,diverse_test_0004,364.9641357923895,3457.0,278.0,2.4105020110000623,0.00012394766599754803,b1ce5d5bd7173756579041adc9eb6720309bbd1f30fd0628cc82a30e38ce6d4c,0.14709953164874243,0.36349748659637593,0.726978845942786,5.979816108947489e-08,0.2090592838935124,0.05892556509887899
diverse,diverse,stokes_corrected,coordinate_mlp,27,diverse_test_0005,326.11288015095056,3457.0,278.0,2.4105020110000623,0.00012394766599754803,b1ce5d5bd7173756579041adc9eb6720309bbd1f30fd0628cc82a30e38ce6d4c,0.12574609852964028,0.3186132637500565,0.6549813615954844,6.891173143230844e-08,0.21317158174175102,0.04166666666666674
diverse,ood_shape,stokes_corrected,coordinate_mlp,27,ood_shape_0000,322.0476102060863,3457.0,278.0,2.4105020110000623,0.00012390083308370473,b1ce5d5bd7173756579041adc9eb6720309bbd1f30fd0628cc82a30e38ce6d4c,0.17093954945419867,0.3517157027310552,0.6218868326835439,5.986580475791925e-08,0.21403763609616913,0.04166666666666674
diverse,ood_shape,stokes_corrected,coordinate_mlp,27,ood_shape_0001,236.44026808360903,3457.0,278.0,2.4105020110000623,0.00012390083308370473,b1ce5d5bd7173756579041adc9eb6720309bbd1f30fd0628cc82a30e38ce6d4c,0.3953027446477478,0.5245888605991903,0.5730417937952367,6.048695411209337e-08,0.19912418856128158,0.09316949906249125
diverse,ood_shape,stokes_corrected,coordinate_mlp,27,ood_shape_0002,180.95100059158364,3457.0,278.0,2.4105020110000623,0.00012390083308370473,b1ce5d5bd7173756579041adc9eb6720309bbd1f30fd0628cc82a30e38ce6d4c,0.26465149113543224,0.3930254500993486,0.5001423022380926,6.565308297012962e-08,0.1949603135602679,0.0931694990624913
diverse,ood_shape,stokes_corrected,coordinate_mlp,27,ood_shape_0003,208.6074759394159,3457.0,278.0,2.4105020110000623,0.00012390083308370473,b1ce5d5bd7173756579041adc9eb6720309bbd1f30fd0628cc82a30e38ce6d4c,0.22385227742717087,0.3575657810989329,0.5142581394011141,6.579958267138863e-08,0.2057748536952811,0.04166666666666663
diverse,ood_shape,stokes_corrected,coordinate_mlp,27,ood_shape_0004,374.64532673286527,3457.0,278.0,2.4105020110000623,0.00012390083308370473,b1ce5d5bd7173756579041adc9eb6720309bbd1f30fd0628cc82a30e38ce6d4c,0.2780396435617662,0.42020741769541503,0.6999284938851825,4.953971455279316e-08,0.19800772230980287,0.04166666666666663
diverse,ood_shape,stokes_corrected,coordinate_mlp,27,ood_shape_0005,145.49153445980784,3457.0,278.0,2.4105020110000623,0.00012390083308370473,b1ce5d5bd7173756579041adc9eb6720309bbd1f30fd0628cc82a30e38ce6d4c,0.19718304472564965,0.30387804383175543,0.4518447464180333,6.450459011375642e-08,0.21901264277615312,0.058925565098879064
diverse,ood_re,stokes_corrected,coordinate_mlp,27,ood_re_0000,566.4474875225259,3457.0,278.0,2.4105020110000623,0.00012918233308785906,b1ce5d5bd7173756579041adc9eb6720309bbd1f30fd0628cc82a30e38ce6d4c,0.29280540250546816,0.5028187299573996,0.8132444454300028,9.457430394377297e-08,0.23450301171013954,0.08333333333333337
diverse,ood_re,stokes_corrected,coordinate_mlp,27,ood_re_0001,490.14181715065223,3457.0,278.0,2.4105020110000623,0.00012918233308785906,b1ce5d5bd7173756579041adc9eb6720309bbd1f30fd0628cc82a30e38ce6d4c,0.23993892423661026,0.45679514777097013,0.776693824411759,8.130930240213274e-08,0.22770255018833824,0.058925565098878904
diverse,ood_re,stokes_corrected,coordinate_mlp,27,ood_re_0002,533.202596381457,3457.0,278.0,2.4105020110000623,0.00012918233308785906,b1ce5d5bd7173756579041adc9eb6720309bbd1f30fd0628cc82a30e38ce6d4c,0.24538356893313026,0.4509680203239828,0.7824007430576783,7.165195370362198e-08,0.23053642233503993,0.08333333333333337
diverse,ood_re,stokes_corrected,coordinate_mlp,27,ood_re_0003,592.5167238454294,3457.0,278.0,2.4105020110000623,0.00012918233308785906,b1ce5d5bd7173756579041adc9eb6720309bbd1f30fd0628cc82a30e38ce6d4c,0.3230381418249812,0.5197973951834581,0.7993557892604758,7.001922597282828e-08,0.22694790109843585,0.05892556509887899
diverse,ood_re,stokes_corrected,coordinate_mlp,27,ood_re_0004,489.1490754145391,3457.0,278.0,2.4105020110000623,0.00012918233308785906,b1ce5d5bd7173756579041adc9eb6720309bbd1f30fd0628cc82a30e38ce6d4c,0.21056354469068508,0.41796926732109263,0.7020489906527034,7.533766677170206e-08,0.2279347715704727,0.04166666666666663
diverse,ood_re,stokes_corrected,coordinate_mlp,27,ood_re_0005,561.89866888648,3457.0,278.0,2.4105020110000623,0.00012918233308785906,b1ce5d5bd7173756579041adc9eb6720309bbd1f30fd0628cc82a30e38ce6d4c,0.2464800757845193,0.4754868403122999,0.7860758754672005,8.101315529529529e-08,0.23259569471595612,0.04166666666666663
diverse,constant,stokes_corrected,pod_deeponet,27,constant_test_0000,378.39963682209583,3900.0,283.0,0.46424063599988585,2.377399990412717e-05,eb6f4d77cf99fa608f7c4f3cb56c803f1d221838d86ee7c88c420b0403d0048c,0.07706365900918928,0.07585322949752293,0.12647138406832986,8.563112174897469e-08,0.27737548648813176,0.04166666666666674
diverse,constant,stokes_corrected,pod_deeponet,27,constant_test_0001,275.5175743523432,3900.0,283.0,0.46424063599988585,2.377399990412717e-05,eb6f4d77cf99fa608f7c4f3cb56c803f1d221838d86ee7c88c420b0403d0048c,0.029939130056306055,0.048701627250597505,0.08624910517112185,7.553982328545317e-08,0.23343873752906819,0.04166666666666663
diverse,constant,stokes_corrected,pod_deeponet,27,constant_test_0002,205.77449124508615,3900.0,283.0,0.46424063599988585,2.377399990412717e-05,eb6f4d77cf99fa608f7c4f3cb56c803f1d221838d86ee7c88c420b0403d0048c,0.021759138300939836,0.039598980015579203,0.05954940067855239,9.073054485497778e-08,0.2041759634709685,0.0
diverse,constant,stokes_corrected,pod_deeponet,27,constant_test_0003,356.31307787809095,3900.0,283.0,0.46424063599988585,2.377399990412717e-05,eb6f4d77cf99fa608f7c4f3cb56c803f1d221838d86ee7c88c420b0403d0048c,0.06165239994830054,0.06329628573750842,0.11490542697034842,8.938816620229773e-08,0.26794485640826565,0.04166666666666674
diverse,constant,stokes_corrected,pod_deeponet,27,constant_test_0004,364.9641357923895,3900.0,283.0,0.46424063599988585,2.377399990412717e-05,eb6f4d77cf99fa608f7c4f3cb56c803f1d221838d86ee7c88c420b0403d0048c,0.06736703745976654,0.06770549317790646,0.11920399992632844,8.277513785515112e-08,0.2716413778476159,0.04166666666666674
diverse,constant,stokes_corrected,pod_deeponet,27,constant_test_0005,326.11288015095056,3900.0,283.0,0.46424063599988585,2.377399990412717e-05,eb6f4d77cf99fa608f7c4f3cb56c803f1d221838d86ee7c88c420b0403d0048c,0.0451281600401421,0.053047257267086145,0.10213346070740074,9.197121642046113e-08,0.2550277482500528,0.0
diverse,diverse,stokes_corrected,pod_deeponet,27,diverse_test_0000,378.39963682209583,3900.0,283.0,0.46424063599988585,1.9314000383019447e-05,eb6f4d77cf99fa608f7c4f3cb56c803f1d221838d86ee7c88c420b0403d0048c,0.02046028070321093,0.035135027264099214,0.06071677880107503,6.437395683178693e-08,0.22403761371534983,0.0
diverse,diverse,stokes_corrected,pod_deeponet,27,diverse_test_0001,275.5175743523432,3900.0,283.0,0.46424063599988585,1.9314000383019447e-05,eb6f4d77cf99fa608f7c4f3cb56c803f1d221838d86ee7c88c420b0403d0048c,0.02200079954810198,0.03883537374336319,0.0648234500560541,7.633795462425041e-08,0.21805237698699426,0.0
diverse,diverse,stokes_corrected,pod_deeponet,27,diverse_test_0002,205.77449124508615,3900.0,283.0,0.46424063599988585,1.9314000383019447e-05,eb6f4d77cf99fa608f7c4f3cb56c803f1d221838d86ee7c88c420b0403d0048c,0.02053432644222336,0.0378525223113708,0.07309727900922097,7.796456458208922e-08,0.13518095308001463,0.0
diverse,diverse,stokes_corrected,pod_deeponet,27,diverse_test_0003,356.31307787809095,3900.0,283.0,0.46424063599988585,1.9314000383019447e-05,eb6f4d77cf99fa608f7c4f3cb56c803f1d221838d86ee7c88c420b0403d0048c,0.028384844912894724,0.03663867337435798,0.10071787439984756,6.911981387247579e-08,0.19904930705511953,0.0
diverse,diverse,stokes_corrected,pod_deeponet,27,diverse_test_0004,364.9641357923895,3900.0,283.0,0.46424063599988585,1.9314000383019447e-05,eb6f4d77cf99fa608f7c4f3cb56c803f1d221838d86ee7c88c420b0403d0048c,0.0472513835199898,0.08290700222266237,0.1015769424444215,4.593883318193548e-08,0.26376479234357875,0.04166666666666663
diverse,diverse,stokes_corrected,pod_deeponet,27,diverse_test_0005,326.11288015095056,3900.0,283.0,0.46424063599988585,1.9314000383019447e-05,eb6f4d77cf99fa608f7c4f3cb56c803f1d221838d86ee7c88c420b0403d0048c,0.01073704555935237,0.02134125620540002,0.04065589802921522,6.363559634792182e-08,0.23789651499809333,0.04166666666666663
diverse,ood_shape,stokes_corrected,pod_deeponet,27,ood_shape_0000,322.0476102060863,3900.0,283.0,0.46424063599988585,2.023866666907755e-05,eb6f4d77cf99fa608f7c4f3cb56c803f1d221838d86ee7c88c420b0403d0048c,0.030714760065928007,0.07561010652026551,0.17983451890858648,6.253112871945632e-08,0.22550513375528564,0.0
diverse,ood_shape,stokes_corrected,pod_deeponet,27,ood_shape_0001,236.44026808360903,3900.0,283.0,0.46424063599988585,2.023866666907755e-05,eb6f4d77cf99fa608f7c4f3cb56c803f1d221838d86ee7c88c420b0403d0048c,0.05639530009471011,0.07051968351305,0.10806938734461284,5.0884807478723815e-08,0.13716442872348295,0.05892556509887899
diverse,ood_shape,stokes_corrected,pod_deeponet,27,ood_shape_0002,180.95100059158364,3900.0,283.0,0.46424063599988585,2.023866666907755e-05,eb6f4d77cf99fa608f7c4f3cb56c803f1d221838d86ee7c88c420b0403d0048c,0.032780115890632074,0.0873472182086994,0.25212461351811016,6.776429728461153e-08,0.12111425968568987,0.0
diverse,ood_shape,stokes_corrected,pod_deeponet,27,ood_shape_0003,208.6074759394159,3900.0,283.0,0.46424063599988585,2.023866666907755e-05,eb6f4d77cf99fa608f7c4f3cb56c803f1d221838d86ee7c88c420b0403d0048c,0.030606596849837096,0.05557946007424602,0.06541761649427506,5.569438599195564e-08,0.12823959847657126,0.04166666666666663
diverse,ood_shape,stokes_corrected,pod_deeponet,27,ood_shape_0004,374.64532673286527,3900.0,283.0,0.46424063599988585,2.023866666907755e-05,eb6f4d77cf99fa608f7c4f3cb56c803f1d221838d86ee7c88c420b0403d0048c,0.11794119695499858,0.24520528534496333,0.314988127049986,5.271919789606727e-08,0.22002014523600258,0.04166666666666663
diverse,ood_shape,stokes_corrected,pod_deeponet,27,ood_shape_0005,145.49153445980784,3900.0,283.0,0.46424063599988585,2.023866666907755e-05,eb6f4d77cf99fa608f7c4f3cb56c803f1d221838d86ee7c88c420b0403d0048c,0.05823102839351407,0.11966863887258798,0.2834079016492824,7.557756731557674e-08,0.1224668505187237,0.0
diverse,ood_re,stokes_corrected,pod_deeponet,27,ood_re_0000,566.4474875225259,3900.0,283.0,0.46424063599988585,1.8033667098886024e-05,eb6f4d77cf99fa608f7c4f3cb56c803f1d221838d86ee7c88c420b0403d0048c,0.23839132269654872,0.2659069946914179,0.26026169854196324,9.43141245102197e-08,0.34293255728839994,0.04166666666666663
diverse,ood_re,stokes_corrected,pod_deeponet,27,ood_re_0001,490.14181715065223,3900.0,283.0,0.46424063599988585,1.8033667098886024e-05,eb6f4d77cf99fa608f7c4f3cb56c803f1d221838d86ee7c88c420b0403d0048c,0.14812448575192663,0.16268191181220237,0.17614028533230555,8.186856348402216e-08,0.31594726093096664,0.04166666666666663
diverse,ood_re,stokes_corrected,pod_deeponet,27,ood_re_0002,533.202596381457,3900.0,283.0,0.46424063599988585,1.8033667098886024e-05,eb6f4d77cf99fa608f7c4f3cb56c803f1d221838d86ee7c88c420b0403d0048c,0.18423322911142714,0.213604665940719,0.21186419645643934,6.68102586587338e-08,0.29934767479346114,0.04166666666666663
diverse,ood_re,stokes_corrected,pod_deeponet,27,ood_re_0003,592.5167238454294,3900.0,283.0,0.46424063599988585,1.8033667098886024e-05,eb6f4d77cf99fa608f7c4f3cb56c803f1d221838d86ee7c88c420b0403d0048c,0.22464851881958914,0.3448384720925542,0.3449902914355824,5.487209975285623e-08,0.2671551297475329,0.08333333333333326
diverse,ood_re,stokes_corrected,pod_deeponet,27,ood_re_0004,489.1490754145391,3900.0,283.0,0.46424063599988585,1.8033667098886024e-05,eb6f4d77cf99fa608f7c4f3cb56c803f1d221838d86ee7c88c420b0403d0048c,0.08422291147807603,0.12565106546685914,0.16269741458009374,6.767611182567634e-08,0.24892126679198523,0.04166666666666663
diverse,ood_re,stokes_corrected,pod_deeponet,27,ood_re_0005,561.89866888648,3900.0,283.0,0.46424063599988585,1.8033667098886024e-05,eb6f4d77cf99fa608f7c4f3cb56c803f1d221838d86ee7c88c420b0403d0048c,0.1757896157727951,0.22859037975310137,0.2713162851053587,7.786459121916778e-08,0.3329681364527077,0.04166666666666663
diverse,constant,stokes_corrected,unet,27,constant_test_0000,378.39963682209583,15013.0,300.0,4.567575871995359,0.00031713599916353513,71823429c592d4b96d31b50f6e3c2805d925d362a02e4120180d2097322883d2,0.036125109832211656,0.07541625268903325,0.40038872425578337,7.067428953178023e-08,0.261183615261124,0.04166666666666674
diverse,constant,stokes_corrected,unet,27,constant_test_0001,275.5175743523432,15013.0,300.0,4.567575871995359,0.00031713599916353513,71823429c592d4b96d31b50f6e3c2805d925d362a02e4120180d2097322883d2,0.019212312763340227,0.04618366356355399,0.2793330043633859,8.129952533408868e-08,0.22130920535849644,0.0
diverse,constant,stokes_corrected,unet,27,constant_test_0002,205.77449124508615,15013.0,300.0,4.567575871995359,0.00031713599916353513,71823429c592d4b96d31b50f6e3c2805d925d362a02e4120180d2097322883d2,0.01413013768228267,0.03394695327058927,0.1985819090272308,7.681526881242462e-08,0.19788883801716695,0.0
diverse,constant,stokes_corrected,unet,27,constant_test_0003,356.31307787809095,15013.0,300.0,4.567575871995359,0.00031713599916353513,71823429c592d4b96d31b50f6e3c2805d925d362a02e4120180d2097322883d2,0.031029584206853606,0.06743551806571292,0.37505482536516527,7.155184533758074e-08,0.25228027958104216,0.04166666666666674
diverse,constant,stokes_corrected,unet,27,constant_test_0004,364.9641357923895,15013.0,300.0,4.567575871995359,0.00031713599916353513,71823429c592d4b96d31b50f6e3c2805d925d362a02e4120180d2097322883d2,0.03291942609085702,0.07043548425733458,0.38503733238871307,9.271761314266769e-08,0.2557529603132879,0.04166666666666674
diverse,constant,stokes_corrected,unet,27,constant_test_0005,326.11288015095056,15013.0,300.0,4.567575871995359,0.00031713599916353513,71823429c592d4b96d31b50f6e3c2805d925d362a02e4120180d2097322883d2,0.025439039628860707,0.05816450838207431,0.3396893280217263,7.768549181719209e-08,0.24034991493674926,0.0
diverse,diverse,stokes_corrected,unet,27,diverse_test_0000,378.39963682209583,15013.0,300.0,4.567575871995359,0.00027797549895088497,71823429c592d4b96d31b50f6e3c2805d925d362a02e4120180d2097322883d2,0.0285951787848941,0.05064373659880284,0.23290564501444871,5.971121197489992e-08,0.20479843152629199,0.0
diverse,diverse,stokes_corrected,unet,27,diverse_test_0001,275.5175743523432,15013.0,300.0,4.567575871995359,0.00027797549895088497,71823429c592d4b96d31b50f6e3c2805d925d362a02e4120180d2097322883d2,0.019011959444208984,0.044456918340464356,0.2596220124672647,8.088132119610236e-08,0.19924629679764172,0.0
diverse,diverse,stokes_corrected,unet,27,diverse_test_0002,205.77449124508615,15013.0,300.0,4.567575871995359,0.00027797549895088497,71823429c592d4b96d31b50f6e3c2805d925d362a02e4120180d2097322883d2,0.019759160138174702,0.03663837306948915,0.1386627549664845,7.592631590114252e-08,0.13591674814800353,0.04166666666666663
diverse,diverse,stokes_corrected,unet,27,diverse_test_0003,356.31307787809095,15013.0,300.0,4.567575871995359,0.00027797549895088497,71823429c592d4b96d31b50f6e3c2805d925d362a02e4120180d2097322883d2,0.044776089305387644,0.07573576669499195,0.37253517742168707,6.846143207894784e-08,0.1876366269987543,0.0
diverse,diverse,stokes_corrected,unet,27,diverse_test_0004,364.9641357923895,15013.0,300.0,4.567575871995359,0.00027797549895088497,71823429c592d4b96d31b50f6e3c2805d925d362a02e4120180d2097322883d2,0.05969781294264053,0.11477664732383673,0.3958148260391395,5.782236911500149e-08,0.21296312025142689,0.0
diverse,diverse,stokes_corrected,unet,27,diverse_test_0005,326.11288015095056,15013.0,300.0,4.567575871995359,0.00027797549895088497,71823429c592d4b96d31b50f6e3c2805d925d362a02e4120180d2097322883d2,0.025909828816229018,0.06694469708085551,0.30415342509126087,5.982397510706505e-08,0.20022235902396493,0.0
diverse,ood_shape,stokes_corrected,unet,27,ood_shape_0000,322.0476102060863,15013.0,300.0,4.567575871995359,0.0002500051668903325,71823429c592d4b96d31b50f6e3c2805d925d362a02e4120180d2097322883d2,0.03512537649191422,0.07972610858207108,0.2348918930170702,5.85787454099318e-08,0.19277726307094545,0.04166666666666674
diverse,ood_shape,stokes_corrected,unet,27,ood_shape_0001,236.44026808360903,15013.0,300.0,4.567575871995359,0.0002500051668903325,71823429c592d4b96d31b50f6e3c2805d925d362a02e4120180d2097322883d2,0.1549484176087614,0.15371067902168717,0.219334047988174,4.303102230096556e-08,0.11809830310783054,0.05892556509887899
diverse,ood_shape,stokes_corrected,unet,27,ood_shape_0002,180.95100059158364,15013.0,300.0,4.567575871995359,0.0002500051668903325,71823429c592d4b96d31b50f6e3c2805d925d362a02e4120180d2097322883d2,0.0409813549882995,0.08830871073146343,0.18891750647334893,7.384085876083191e-08,0.13775192716339613,0.04166666666666663
diverse,ood_shape,stokes_corrected,unet,27,ood_shape_0003,208.6074759394159,15013.0,300.0,4.567575871995359,0.0002500051668903325,71823429c592d4b96d31b50f6e3c2805d925d362a02e4120180d2097322883d2,0.040061371754233376,0.0597794112570955,0.16737982088534084,5.878087705468715e-08,0.12549128502427417,0.04166666666666663
diverse,ood_shape,stokes_corrected,unet,27,ood_shape_0004,374.64532673286527,15013.0,300.0,4.567575871995359,0.0002500051668903325,71823429c592d4b96d31b50f6e3c2805d925d362a02e4120180d2097322883d2,0.07553497303366835,0.14628330944491277,0.37687600084936246,5.117730594861314e-08,0.1689587405548262,0.0
diverse,ood_shape,stokes_corrected,unet,27,ood_shape_0005,145.49153445980784,15013.0,300.0,4.567575871995359,0.0002500051668903325,71823429c592d4b96d31b50f6e3c2805d925d362a02e4120180d2097322883d2,0.06441184848874651,0.09999772683485977,0.19916057335954862,6.810279984392764e-08,0.16292663630793622,0.0
diverse,ood_re,stokes_corrected,unet,27,ood_re_0000,566.4474875225259,15013.0,300.0,4.567575871995359,0.00023577383277976574,71823429c592d4b96d31b50f6e3c2805d925d362a02e4120180d2097322883d2,0.07769432435601924,0.15778965081464888,0.5041591379836442,6.441933209089257e-08,0.322674615503753,0.04166666666666663
diverse,ood_re,stokes_corrected,unet,27,ood_re_0001,490.14181715065223,15013.0,300.0,4.567575871995359,0.00023577383277976574,71823429c592d4b96d31b50f6e3c2805d925d362a02e4120180d2097322883d2,0.050006628819589366,0.11029309417115371,0.4561305116481794,6.279183395463406e-08,0.29148194051553644,0.0
diverse,ood_re,stokes_corrected,unet,27,ood_re_0002,533.202596381457,15013.0,300.0,4.567575871995359,0.00023577383277976574,71823429c592d4b96d31b50f6e3c2805d925d362a02e4120180d2097322883d2,0.07317225831294712,0.14431390821489007,0.49888006533048274,6.164872701219792e-08,0.2808790610759491,0.05892556509887899
diverse,ood_re,stokes_corrected,unet,27,ood_re_0003,592.5167238454294,15013.0,300.0,4.567575871995359,0.00023577383277976574,71823429c592d4b96d31b50f6e3c2805d925d362a02e4120180d2097322883d2,0.1176798525191659,0.21899189319404153,0.5467121981806821,4.294444622132687e-08,0.2305291112462745,0.0
diverse,ood_re,stokes_corrected,unet,27,ood_re_0004,489.1490754145391,15013.0,300.0,4.567575871995359,0.00023577383277976574,71823429c592d4b96d31b50f6e3c2805d925d362a02e4120180d2097322883d2,0.0485947755811307,0.10696902449728371,0.3800351164162497,5.246253209634233e-08,0.22963196885791903,0.0
diverse,ood_re,stokes_corrected,unet,27,ood_re_0005,561.89866888648,15013.0,300.0,4.567575871995359,0.00023577383277976574,71823429c592d4b96d31b50f6e3c2805d925d362a02e4120180d2097322883d2,0.0670666351473031,0.14325553009445902,0.45619806997024315,5.793564739065005e-08,0.3017310719903944,0.04166666666666663
diverse,constant,stokes_corrected,fno,27,constant_test_0000,378.39963682209583,12721.0,300.0,7.454069612998865,0.0006056706661183853,15c86eaa5b2ff12a01065851a91483dc5860810057d61268a59fd157a57a5c27,0.0751645160521236,0.10943594227156513,0.4344253381182696,8.968284959109951e-08,0.27360454125043826,0.0
diverse,constant,stokes_corrected,fno,27,constant_test_0001,275.5175743523432,12721.0,300.0,7.454069612998865,0.0006056706661183853,15c86eaa5b2ff12a01065851a91483dc5860810057d61268a59fd157a57a5c27,0.0237750582738807,0.05671513575717139,0.30518896257337313,7.917306987792472e-08,0.24265229180515205,0.0
diverse,constant,stokes_corrected,fno,27,constant_test_0002,205.77449124508615,12721.0,300.0,7.454069612998865,0.0006056706661183853,15c86eaa5b2ff12a01065851a91483dc5860810057d61268a59fd157a57a5c27,0.015525137403790652,0.04071712019327251,0.21853213950998585,8.099494408497776e-08,0.21968832614510836,0.0
diverse,constant,stokes_corrected,fno,27,constant_test_0003,356.31307787809095,12721.0,300.0,7.454069612998865,0.0006056706661183853,15c86eaa5b2ff12a01065851a91483dc5860810057d61268a59fd157a57a5c27,0.06008152292495941,0.0942379905155219,0.40734536843526314,8.632135006791941e-08,0.267433182232484,0.0
diverse,constant,stokes_corrected,fno,27,constant_test_0004,364.9641357923895,12721.0,300.0,7.454069612998865,0.0006056706661183853,15c86eaa5b2ff12a01065851a91483dc5860810057d61268a59fd157a57a5c27,0.06575729742746336,0.09996167376451522,0.4180233013699349,8.009665464214777e-08,0.26988719924172244,0.0
diverse,constant,stokes_corrected,fno,27,constant_test_0005,326.11288015095056,12721.0,300.0,7.454069612998865,0.0006056706661183853,15c86eaa5b2ff12a01065851a91483dc5860810057d61268a59fd157a57a5c27,0.042753350223873464,0.07675886578060465,0.36950656856134667,8.057414646600591e-08,0.25852770634386496,0.0
diverse,diverse,stokes_corrected,fno,27,diverse_test_0000,378.39963682209583,12721.0,300.0,7.454069612998865,0.0005614159999822732,15c86eaa5b2ff12a01065851a91483dc5860810057d61268a59fd157a57a5c27,0.023820276851219173,0.05778601317856672,0.2645668842348834,6.646047978620118e-08,0.25458265006540465,0.04166666666666674
diverse,diverse,stokes_corrected,fno,27,diverse_test_0001,275.5175743523432,12721.0,300.0,7.454069612998865,0.0005614159999822732,15c86eaa5b2ff12a01065851a91483dc5860810057d61268a59fd157a57a5c27,0.0184712574067949,0.0515094014546843,0.27658011349833334,6.627401916148301e-08,0.22414515400987187,0.0
diverse,diverse,stokes_corrected,fno,27,diverse_test_0002,205.77449124508615,12721.0,300.0,7.454069612998865,0.0005614159999822732,15c86eaa5b2ff12a01065851a91483dc5860810057d61268a59fd157a57a5c27,0.01791820700410543,0.04265461825471319,0.1750464233604743,7.338480401131164e-08,0.18114255522888922,0.0
diverse,diverse,stokes_corrected,fno,27,diverse_test_0003,356.31307787809095,12721.0,300.0,7.454069612998865,0.0005614159999822732,15c86eaa5b2ff12a01065851a91483dc5860810057d61268a59fd157a57a5c27,0.03697548634923992,0.07527738702092834,0.40291501994197665,6.282045461603047e-08,0.21491934061766507,0.0
diverse,diverse,stokes_corrected,fno,27,diverse_test_0004,364.9641357923895,12721.0,300.0,7.454069612998865,0.0005614159999822732,15c86eaa5b2ff12a01065851a91483dc5860810057d61268a59fd157a57a5c27,0.05316976003443269,0.12217285392168484,0.39253410075523837,5.6590266694911406e-08,0.2277377183947838,0.04166666666666663
diverse,diverse,stokes_corrected,fno,27,diverse_test_0005,326.11288015095056,12721.0,300.0,7.454069612998865,0.0005614159999822732,15c86eaa5b2ff12a01065851a91483dc5860810057d61268a59fd157a57a5c27,0.02315724545319608,0.06546839002429151,0.30091882107567597,6.865375468123602e-08,0.22516281872212832,0.04166666666666663
diverse,ood_shape,stokes_corrected,fno,27,ood_shape_0000,322.0476102060863,12721.0,300.0,7.454069612998865,0.0006682613335821467,15c86eaa5b2ff12a01065851a91483dc5860810057d61268a59fd157a57a5c27,0.03689188920835439,0.09069544350509026,0.24835936917330914,6.887933068355778e-08,0.23611688881367163,0.0
diverse,ood_shape,stokes_corrected,fno,27,ood_shape_0001,236.44026808360903,12721.0,300.0,7.454069612998865,0.0006682613335821467,15c86eaa5b2ff12a01065851a91483dc5860810057d61268a59fd157a57a5c27,0.08195692626472777,0.12086557956879794,0.274762045055478,4.773040984673571e-08,0.17772724449622798,0.05892556509887899
diverse,ood_shape,stokes_corrected,fno,27,ood_shape_0002,180.95100059158364,12721.0,300.0,7.454069612998865,0.0006682613335821467,15c86eaa5b2ff12a01065851a91483dc5860810057d61268a59fd157a57a5c27,0.028859960608297545,0.07516999734017721,0.21948102522834473,5.169878392052851e-08,0.1644551341590665,0.0
diverse,ood_shape,stokes_corrected,fno,27,ood_shape_0003,208.6074759394159,12721.0,300.0,7.454069612998865,0.0006682613335821467,15c86eaa5b2ff12a01065851a91483dc5860810057d61268a59fd157a57a5c27,0.025923088700279158,0.05330188155437679,0.17759958056809128,5.234588940083995e-08,0.16049297216740457,0.04166666666666663
diverse,ood_shape,stokes_corrected,fno,27,ood_shape_0004,374.64532673286527,12721.0,300.0,7.454069612998865,0.0006682613335821467,15c86eaa5b2ff12a01065851a91483dc5860810057d61268a59fd157a57a5c27,0.04837954210721115,0.137551606253436,0.43319554074274913,4.423799637720549e-08,0.19173417790336506,0.04166666666666663
diverse,ood_shape,stokes_corrected,fno,27,ood_shape_0005,145.49153445980784,12721.0,300.0,7.454069612998865,0.0006682613335821467,15c86eaa5b2ff12a01065851a91483dc5860810057d61268a59fd157a57a5c27,0.05581105004501276,0.10770010613223055,0.23746189865839662,7.642638877314312e-08,0.19060539973556578,0.04166666666666674
diverse,ood_re,stokes_corrected,fno,27,ood_re_0000,566.4474875225259,12721.0,300.0,7.454069612998865,0.0005210338337443924,15c86eaa5b2ff12a01065851a91483dc5860810057d61268a59fd157a57a5c27,0.19787069130404414,0.23931069890479856,0.5453683643300139,9.217685459361746e-08,0.3159345947742068,0.04166666666666663
diverse,ood_re,stokes_corrected,fno,27,ood_re_0001,490.14181715065223,12721.0,300.0,7.454069612998865,0.0005210338337443924,15c86eaa5b2ff12a01065851a91483dc5860810057d61268a59fd157a57a5c27,0.1318304333057131,0.17305100504324744,0.4929962398195712,7.316580763472302e-08,0.2973091334552055,0.04166666666666663
diverse,ood_re,stokes_corrected,fno,27,ood_re_0002,533.202596381457,12721.0,300.0,7.454069612998865,0.0005210338337443924,15c86eaa5b2ff12a01065851a91483dc5860810057d61268a59fd157a57a5c27,0.1524262517847403,0.1918053197505756,0.5297252892636075,7.202437757314328e-08,0.28346257286146853,0.04166666666666663
diverse,ood_re,stokes_corrected,fno,27,ood_re_0003,592.5167238454294,12721.0,300.0,7.454069612998865,0.0005210338337443924,15c86eaa5b2ff12a01065851a91483dc5860810057d61268a59fd157a57a5c27,0.1332881096256639,0.22863856760334886,0.5554310864599821,5.129088975763807e-08,0.24818094064186175,0.04166666666666663
diverse,ood_re,stokes_corrected,fno,27,ood_re_0004,489.1490754145391,12721.0,300.0,7.454069612998865,0.0005210338337443924,15c86eaa5b2ff12a01065851a91483dc5860810057d61268a59fd157a57a5c27,0.060917042391596794,0.11236953565794548,0.41115967320154906,5.953823389859281e-08,0.26325748329824206,0.0
diverse,ood_re,stokes_corrected,fno,27,ood_re_0005,561.89866888648,12721.0,300.0,7.454069612998865,0.0005210338337443924,15c86eaa5b2ff12a01065851a91483dc5860810057d61268a59fd157a57a5c27,0.13610359894847662,0.1842585863460602,0.4918886968166144,6.458498091888032e-08,0.3045808505145457,0.04166666666666663
diverse,constant,stokes_corrected,fno_physics,27,constant_test_0000,378.39963682209583,12721.0,300.0,7.804673990001902,0.0005811888331663795,2b2bfb718b136a7b7526e5bd17b701dea0e6e3afa07fa30840e125c4643e2b1a,0.09366317601541464,0.16670113713147194,0.8424891812652641,9.11400519498784e-08,0.06372505056165803,0.04166666666666674
diverse,constant,stokes_corrected,fno_physics,27,constant_test_0001,275.5175743523432,12721.0,300.0,7.804673990001902,0.0005811888331663795,2b2bfb718b136a7b7526e5bd17b701dea0e6e3afa07fa30840e125c4643e2b1a,0.05056087097685344,0.12589009998678394,0.6779400879508974,7.838940518922755e-08,0.047546870395504356,0.0
diverse,constant,stokes_corrected,fno_physics,27,constant_test_0002,205.77449124508615,12721.0,300.0,7.804673990001902,0.0005811888331663795,2b2bfb718b136a7b7526e5bd17b701dea0e6e3afa07fa30840e125c4643e2b1a,0.03959884291147747,0.10371029950088483,0.5476557118663355,9.524563182594648e-08,0.041851350664166426,0.0
diverse,constant,stokes_corrected,fno_physics,27,constant_test_0003,356.31307787809095,12721.0,300.0,7.804673990001902,0.0005811888331663795,2b2bfb718b136a7b7526e5bd17b701dea0e6e3afa07fa30840e125c4643e2b1a,0.08043190091588621,0.15574627404967872,0.8104334413760038,8.950471652724445e-08,0.05983491198211249,0.04166666666666674
diverse,constant,stokes_corrected,fno_physics,27,constant_test_0004,364.9641357923895,12721.0,300.0,7.804673990001902,0.0005811888331663795,2b2bfb718b136a7b7526e5bd17b701dea0e6e3afa07fa30840e125c4643e2b1a,0.08535001114588817,0.15985973744104473,0.8232153558479316,9.160542191466448e-08,0.061346022165261936,0.04166666666666674
diverse,constant,stokes_corrected,fno_physics,27,constant_test_0005,326.11288015095056,12721.0,300.0,7.804673990001902,0.0005811888331663795,2b2bfb718b136a7b7526e5bd17b701dea0e6e3afa07fa30840e125c4643e2b1a,0.065945746188437,0.14300352206259284,0.763596279407892,8.24637353957769e-08,0.05476962860406823,0.0
diverse,diverse,stokes_corrected,fno_physics,27,diverse_test_0000,378.39963682209583,12721.0,300.0,7.804673990001902,0.0005930383328328995,2b2bfb718b136a7b7526e5bd17b701dea0e6e3afa07fa30840e125c4643e2b1a,0.041265684356232075,0.11154127534718114,0.6442671145417092,8.284705899086475e-08,0.04239438449703626,0.0
diverse,diverse,stokes_corrected,fno_physics,27,diverse_test_0001,275.5175743523432,12721.0,300.0,7.804673990001902,0.0005930383328328995,2b2bfb718b136a7b7526e5bd17b701dea0e6e3afa07fa30840e125c4643e2b1a,0.04384602859176433,0.11791483403288096,0.6594904673020137,7.349872532813606e-08,0.04532091715673133,0.0
diverse,diverse,stokes_corrected,fno_physics,27,diverse_test_0002,205.77449124508615,12721.0,300.0,7.804673990001902,0.0005930383328328995,2b2bfb718b136a7b7526e5bd17b701dea0e6e3afa07fa30840e125c4643e2b1a,0.02817676295719715,0.07215572833847252,0.40674745844588733,7.306142180141251e-08,0.03142631655069758,0.0
diverse,diverse,stokes_corrected,fno_physics,27,diverse_test_0003,356.31307787809095,12721.0,300.0,7.804673990001902,0.0005930383328328995,2b2bfb718b136a7b7526e5bd17b701dea0e6e3afa07fa30840e125c4643e2b1a,0.05753155364616856,0.13730096009082085,0.744539420379807,7.302504201334159e-08,0.05326319801143084,0.0
diverse,diverse,stokes_corrected,fno_physics,27,diverse_test_0004,364.9641357923895,12721.0,300.0,7.804673990001902,0.0005930383328328995,2b2bfb718b136a7b7526e5bd17b701dea0e6e3afa07fa30840e125c4643e2b1a,0.0789816488764024,0.20891567326067462,0.8404060878971585,5.959565640978326e-08,0.05669176910468806,0.04166666666666663
diverse,diverse,stokes_corrected,fno_physics,27,diverse_test_0005,326.11288015095056,12721.0,300.0,7.804673990001902,0.0005930383328328995,2b2bfb718b136a7b7526e5bd17b701dea0e6e3afa07fa30840e125c4643e2b1a,0.0482667223304232,0.14080432607300677,0.7137347607628962,7.1887072294885e-08,0.049968437921580865,0.04166666666666663
diverse,ood_shape,stokes_corrected,fno_physics,27,ood_shape_0000,322.0476102060863,12721.0,300.0,7.804673990001902,0.0005651764998522898,2b2bfb718b136a7b7526e5bd17b701dea0e6e3afa07fa30840e125c4643e2b1a,0.056386613479624675,0.14070073913758083,0.6101899600197267,6.487687898015793e-08,0.04523772153250563,0.0
diverse,ood_shape,stokes_corrected,fno_physics,27,ood_shape_0001,236.44026808360903,12721.0,300.0,7.804673990001902,0.0005651764998522898,2b2bfb718b136a7b7526e5bd17b701dea0e6e3afa07fa30840e125c4643e2b1a,0.07461413691376972,0.13658572976021133,0.44997954111220956,4.870112491062173e-08,0.04937980376176832,0.05892556509887899
diverse,ood_shape,stokes_corrected,fno_physics,27,ood_shape_0002,180.95100059158364,12721.0,300.0,7.804673990001902,0.0005651764998522898,2b2bfb718b136a7b7526e5bd17b701dea0e6e3afa07fa30840e125c4643e2b1a,0.03253579837078785,0.09184584976149968,0.3681197292733,5.8350906328996643e-08,0.04855207373459759,0.04166666666666663
diverse,ood_shape,stokes_corrected,fno_physics,27,ood_shape_0003,208.6074759394159,12721.0,300.0,7.804673990001902,0.0005651764998522898,2b2bfb718b136a7b7526e5bd17b701dea0e6e3afa07fa30840e125c4643e2b1a,0.03414685769114741,0.09370979104846963,0.42971785466046564,5.431106231412741e-08,0.043828779391123354,0.04166666666666663
diverse,ood_shape,stokes_corrected,fno_physics,27,ood_shape_0004,374.64532673286527,12721.0,300.0,7.804673990001902,0.0005651764998522898,2b2bfb718b136a7b7526e5bd17b701dea0e6e3afa07fa30840e125c4643e2b1a,0.07813569236769424,0.21794043467968785,0.743763415985278,4.412853726876165e-08,0.06323620222890897,0.0
diverse,ood_shape,stokes_corrected,fno_physics,27,ood_shape_0005,145.49153445980784,12721.0,300.0,7.804673990001902,0.0005651764998522898,2b2bfb718b136a7b7526e5bd17b701dea0e6e3afa07fa30840e125c4643e2b1a,0.05469735849488817,0.13421821183170418,0.4602370641580565,7.322081785332557e-08,0.06674457724045532,0.04166666666666674
diverse,ood_re,stokes_corrected,fno_physics,27,ood_re_0000,566.4474875225259,12721.0,300.0,7.804673990001902,0.0007755988335702568,2b2bfb718b136a7b7526e5bd17b701dea0e6e3afa07fa30840e125c4643e2b1a,0.2076619225679066,0.27050031875975233,0.9688325957560843,7.976520777219775e-08,0.0893234707165137,0.05892556509887899
diverse,ood_re,stokes_corrected,fno_physics,27,ood_re_0001,490.14181715065223,12721.0,300.0,7.804673990001902,0.0007755988335702568,2b2bfb718b136a7b7526e5bd17b701dea0e6e3afa07fa30840e125c4643e2b1a,0.14083645887729698,0.20944212180867022,0.9259048321880768,7.434712046006098e-08,0.07745324575187099,0.05892556509887899
diverse,ood_re,stokes_corrected,fno_physics,27,ood_re_0002,533.202596381457,12721.0,300.0,7.804673990001902,0.0007755988335702568,2b2bfb718b136a7b7526e5bd17b701dea0e6e3afa07fa30840e125c4643e2b1a,0.1637320270636791,0.22817530106227776,0.9151812297457651,6.732369683959405e-08,0.07506460164930842,0.04166666666666674
diverse,ood_re,stokes_corrected,fno_physics,27,ood_re_0003,592.5167238454294,12721.0,300.0,7.804673990001902,0.0007755988335702568,2b2bfb718b136a7b7526e5bd17b701dea0e6e3afa07fa30840e125c4643e2b1a,0.14407421202959392,0.2672346103548809,0.8548131996848723,5.431545702094809e-08,0.07377668756973768,0.058925565098878904
diverse,ood_re,stokes_corrected,fno_physics,27,ood_re_0004,489.1490754145391,12721.0,300.0,7.804673990001902,0.0007755988335702568,2b2bfb718b136a7b7526e5bd17b701dea0e6e3afa07fa30840e125c4643e2b1a,0.06694034080070123,0.15685419335613576,0.7692014970980963,5.460426422132514e-08,0.0555037867544865,0.04166666666666674
diverse,ood_re,stokes_corrected,fno_physics,27,ood_re_0005,561.89866888648,12721.0,300.0,7.804673990001902,0.0007755988335702568,2b2bfb718b136a7b7526e5bd17b701dea0e6e3afa07fa30840e125c4643e2b1a,0.14361220158226878,0.22918441868926306,0.9300434496891967,6.872461000284602e-08,0.07442019892417204,0.05892556509887899
constant,constant,baseline,stokes,0,constant_test_0000,378.39963682209583,,,,,,0.3748369304174317,0.6201791689073474,0.784853525674401,1.6284550295917243e-16,0.1043490614761062,0.11785113019775789
constant,constant,baseline,stokes,0,constant_test_0001,275.5175743523432,,,,,,0.3169829711790585,0.5403549705054455,0.6839465410699437,1.6284550295917243e-16,0.1043490614761062,0.15023130314433292
constant,constant,baseline,stokes,0,constant_test_0002,205.77449124508615,,,,,,0.2833317484541885,0.47827387453949916,0.593526385291922,1.6284550295917243e-16,0.1043490614761062,0.1317615691736825
constant,constant,baseline,stokes,0,constant_test_0003,356.31307787809095,,,,,,0.3605349563284494,0.6032636197268993,0.7656727299048255,1.6284550295917243e-16,0.1043490614761062,0.11785113019775789
constant,constant,baseline,stokes,0,constant_test_0004,364.9641357923895,,,,,,0.36597959598220936,0.609879154601231,0.7733293872225707,1.6284550295917243e-16,0.1043490614761062,0.11785113019775789
constant,constant,baseline,stokes,0,constant_test_0005,326.11288015095056,,,,,,0.34291543371919064,0.5801413155378526,0.73740189627211,1.6284550295917243e-16,0.1043490614761062,0.15023130314433292
constant,constant,baseline,rbf_direct,0,constant_test_0000,378.39963682209583,,,,,,0.0003277018501740992,0.00046948721820295157,0.0005250001890878037,1.2338335092680853e-16,0.31775753227295883,0.0
constant,constant,baseline,rbf_direct,0,constant_test_0001,275.5175743523432,,,,,,6.400231875979862e-07,9.080199023687708e-07,1.1054530275471263e-06,1.4996350686181346e-16,0.2613840824915932,0.0
constant,constant,baseline,rbf_direct,0,constant_test_0002,205.77449124508615,,,,,,5.1595343932970974e-05,7.637929940752069e-05,9.869705696035915e-05,1.6233081650459546e-16,0.21901981291954045,0.0
constant,constant,baseline,rbf_direct,0,constant_test_0003,356.31307787809095,,,,,,0.001981472939734151,0.0028350417325296432,0.003237518103353797,1.299492101673684e-16,0.30569427778615055,0.0
constant,constant,baseline,rbf_direct,0,constant_test_0004,364.9641357923895,,,,,,0.0015326754460013557,0.0021930572953481266,0.0024832986710575993,1.3498994423544115e-16,0.31035220529394025,0.0
constant,constant,baseline,rbf_direct,0,constant_test_0005,326.11288015095056,,,,,,0.0011503029520621424,0.001646364834431192,0.001935734532915459,1.4944121133146386e-16,0.289654291484306,0.0
constant,diverse,baseline,stokes,0,diverse_test_0000,378.39963682209583,,,,,,0.36078398556078656,0.6089244973202097,0.7110878407822464,1.2816868607823457e-16,0.06531490608120212,0.1767766952966369
constant,diverse,baseline,stokes,0,diverse_test_0001,275.5175743523432,,,,,,0.3144395453805834,0.5317182950042,0.6588367297348808,1.699476605287821e-16,0.09731839622196116,0.17179606773406922
constant,diverse,baseline,stokes,0,diverse_test_0002,205.77449124508615,,,,,,0.2699981681811393,0.45164191356627764,0.5393920126942228,1.4486019194758676e-16,0.07413235855937031,0.11785113019775798
constant,diverse,baseline,stokes,0,diverse_test_0003,356.31307787809095,,,,,,0.31876740405961895,0.5314851082776295,0.7163463967278925,1.15846345653572e-16,0.09337551185679992,0.15023130314433292
constant,diverse,baseline,stokes,0,diverse_test_0004,364.9641357923895,,,,,,0.2941304158466884,0.523261121486488,0.7509129607559623,1.0321874907843367e-16,0.10640703441309483,0.0931694990624913
constant,diverse,baseline,stokes,0,diverse_test_0005,326.11288015095056,,,,,,0.2958219194685626,0.517406017584129,0.7000892278054112,1.5186189545257877e-16,0.0975457867290372,0.0931694990624913
constant,diverse,baseline,rbf_direct,0,diverse_test_0000,378.39963682209583,,,,,,0.10632484889064997,0.1468645475204682,0.4332292878156721,1.2338335092680853e-16,0.20147097866049063,0.04166666666666674
constant,diverse,baseline,rbf_direct,0,diverse_test_0001,275.5175743523432,,,,,,0.12113141059301347,0.1327664041911537,0.174330876485259,1.4996350686181346e-16,0.23481295859475212,0.04166666666666663
constant,diverse,baseline,rbf_direct,0,diverse_test_0002,205.77449124508615,,,,,,0.12816749495556676,0.12682737696320923,0.23488809077497186,1.6233081650459546e-16,0.07943707639629803,0.0
constant,diverse,baseline,rbf_direct,0,diverse_test_0003,356.31307787809095,,,,,,0.16269978691243123,0.1479005203487345,0.1485888847541714,1.299492101673684e-16,0.15895514931891913,0.04166666666666674
constant,diverse,baseline,rbf_direct,0,diverse_test_0004,364.9641357923895,,,,,,0.5158619768671597,0.48606942478513354,0.4259825965317945,1.3498994423544115e-16,0.3109286877623077,0.05892556509887899
constant,diverse,baseline,rbf_direct,0,diverse_test_0005,326.11288015095056,,,,,,0.23916171532650246,0.22832554760195792,0.25495321350276806,1.4944121133146386e-16,0.23338811472867096,0.04166666666666663
constant,ood_shape,baseline,stokes,0,ood_shape_0000,322.0476102060863,,,,,,0.3320401461455419,0.5622492302918202,0.6774157261971814,1.1922298756929147e-16,0.0723387631021207,0.1863389981249825
constant,ood_shape,baseline,stokes,0,ood_shape_0001,236.44026808360903,,,,,,0.30975188567711665,0.4249147349003587,0.5389985096139461,1.0258150353716371e-16,0.07833076292928924,0.125
constant,ood_shape,baseline,stokes,0,ood_shape_0002,180.95100059158364,,,,,,0.2579523495772137,0.41924849539904413,0.47697446942718535,1.0241650910586952e-16,0.07506261325158639,0.13176156917368245
constant,ood_shape,baseline,stokes,0,ood_shape_0003,208.6074759394159,,,,,,0.21649367965920321,0.3690187440192066,0.5029237170960312,1.1598195737994087e-16,0.08055598712204183,0.09316949906249115
constant,ood_shape,baseline,stokes,0,ood_shape_0004,374.64532673286527,,,,,,0.2843454410783109,0.4789337017545075,0.6993217526266418,8.878753606861572e-17,0.10087647335901162,0.17179606773406922
constant,ood_shape,baseline,stokes,0,ood_shape_0005,145.49153445980784,,,,,,0.23566878264851263,0.3883305818400569,0.4548796637503132,1.355397366517327e-16,0.07759577971321512,0.125
constant,ood_shape,baseline,rbf_direct,0,ood_shape_0000,322.0476102060863,,,,,,0.2425969446498201,0.2558035302790029,0.43041853926996326,1.3398818850105832e-16,0.2249323031936988,0.0
constant,ood_shape,baseline,rbf_direct,0,ood_shape_0001,236.44026808360903,,,,,,0.9308786629872172,0.7664061819571464,0.6854639669584287,1.3615065425359503e-16,0.34159686401233036,0.15023130314433292
constant,ood_shape,baseline,rbf_direct,0,ood_shape_0002,180.95100059158364,,,,,,0.4314856261715039,0.44894009689770537,0.6348654697139587,1.5200325877914684e-16,0.268053437716794,0.04166666666666674
constant,ood_shape,baseline,rbf_direct,0,ood_shape_0003,208.6074759394159,,,,,,0.5525334881407612,0.4901586540780472,0.49354289452949973,1.6147208979537038e-16,0.25135745497995554,0.0931694990624912
constant,ood_shape,baseline,rbf_direct,0,ood_shape_0004,374.64532673286527,,,,,,0.7363918718274316,0.6984632242955203,0.6191805985340013,1.325752378332279e-16,0.29057179876275296,0.05892556509887899
constant,ood_shape,baseline,rbf_direct,0,ood_shape_0005,145.49153445980784,,,,,,0.20863482910885506,0.2798956624066319,0.537423553613947,1.4725475295311294e-16,0.27955177870198117,0.04166666666666674
constant,ood_re,baseline,stokes,0,ood_re_0000,566.4474875225259,,,,,,0.5224169633264436,0.7623910251455601,0.886211709958702,1.63186070456469e-16,0.08728320906835968,0.11785113019775789
constant,ood_re,baseline,stokes,0,ood_re_0001,490.14181715065223,,,,,,0.44891065400188973,0.7054965305200868,0.847706742263648,1.7474718896061755e-16,0.0924349190904074,0.11785113019775789
constant,ood_re,baseline,stokes,0,ood_re_0002,533.202596381457,,,,,,0.4666321103976968,0.6923995104331243,0.8439786010978912,1.6226959502235644e-16,0.08676325389365597,0.09316949906249125
constant,ood_re,baseline,stokes,0,ood_re_0003,592.5167238454294,,,,,,0.44625188018517525,0.6317205475822514,0.8301443896758901,1.2094541796363777e-16,0.07642854351373433,0.0931694990624913
constant,ood_re,baseline,stokes,0,ood_re_0004,489.1490754145391,,,,,,0.399318749424627,0.6430358701421885,0.773980450127854,1.311478586904331e-16,0.06757100092106658,0.13176156917368245
constant,ood_re,baseline,stokes,0,ood_re_0005,561.89866888648,,,,,,0.4880564086118888,0.7584606186155919,0.8709123093210966,1.4281734836337178e-16,0.07864507890956432,0.15023130314433286
constant,ood_re,baseline,rbf_direct,0,ood_re_0000,566.4474875225259,,,,,,0.09691231282993745,0.16048809690908375,0.3096974731536039,1.3929928856295195e-16,0.3878982333986784,0.04166666666666663
constant,ood_re,baseline,rbf_direct,0,ood_re_0001,490.14181715065223,,,,,,0.05215293786981734,0.08681419613467807,0.19862023499337053,1.3044187737473975e-16,0.35173690099632937,0.04166666666666663
constant,ood_re,baseline,rbf_direct,0,ood_re_0002,533.202596381457,,,,,,0.1240355251467588,0.1591912765197851,0.24959559456737812,1.4001014320449872e-16,0.29497920901783253,0.04166666666666663
constant,ood_re,baseline,rbf_direct,0,ood_re_0003,592.5167238454294,,,,,,0.4291665498296564,0.44874344288684975,0.5864427148141812,1.308808638920274e-16,0.159093334294144,0.0931694990624912
constant,ood_re,baseline,rbf_direct,0,ood_re_0004,489.1490754145391,,,,,,0.13883785549542707,0.16606546567072,0.43229774874426125,1.1897635712852129e-16,0.18420993673965871,0.04166666666666663
constant,ood_re,baseline,rbf_direct,0,ood_re_0005,561.89866888648,,,,,,0.09747090679987169,0.1797024800931633,0.47199607603666127,1.3481581381330466e-16,0.3650603296586483,0.04166666666666663
diverse,constant,baseline,stokes,0,constant_test_0000,378.39963682209583,,,,,,0.3748369304174317,0.6201791689073474,0.784853525674401,1.6284550295917243e-16,0.1043490614761062,0.11785113019775789
diverse,constant,baseline,stokes,0,constant_test_0001,275.5175743523432,,,,,,0.3169829711790585,0.5403549705054455,0.6839465410699437,1.6284550295917243e-16,0.1043490614761062,0.15023130314433292
diverse,constant,baseline,stokes,0,constant_test_0002,205.77449124508615,,,,,,0.2833317484541885,0.47827387453949916,0.593526385291922,1.6284550295917243e-16,0.1043490614761062,0.1317615691736825
diverse,constant,baseline,stokes,0,constant_test_0003,356.31307787809095,,,,,,0.3605349563284494,0.6032636197268993,0.7656727299048255,1.6284550295917243e-16,0.1043490614761062,0.11785113019775789
diverse,constant,baseline,stokes,0,constant_test_0004,364.9641357923895,,,,,,0.36597959598220936,0.609879154601231,0.7733293872225707,1.6284550295917243e-16,0.1043490614761062,0.11785113019775789
diverse,constant,baseline,stokes,0,constant_test_0005,326.11288015095056,,,,,,0.34291543371919064,0.5801413155378526,0.73740189627211,1.6284550295917243e-16,0.1043490614761062,0.15023130314433292
diverse,constant,baseline,rbf_direct,0,constant_test_0000,378.39963682209583,,,,,,0.10757283996548164,0.1132297537207228,0.16415052561202761,1.2365769117197462e-16,0.3741790582528303,0.04166666666666674
diverse,constant,baseline,rbf_direct,0,constant_test_0001,275.5175743523432,,,,,,0.0756593830663524,0.07573847478950266,0.09901356143105282,1.651686750326335e-16,0.29698471252980313,0.0
diverse,constant,baseline,rbf_direct,0,constant_test_0002,205.77449124508615,,,,,,0.07599744831161784,0.07571817299051037,0.08851433742907056,1.5690788453336785e-16,0.25480502643391695,0.0
diverse,constant,baseline,rbf_direct,0,constant_test_0003,356.31307787809095,,,,,,0.09902119505719632,0.10262574145933014,0.14692340827151193,1.207004007517795e-16,0.3560953318370205,0.04166666666666674
diverse,constant,baseline,rbf_direct,0,constant_test_0004,364.9641357923895,,,,,,0.10239468433628675,0.10672161010424176,0.15371090157764433,1.3873247583159608e-16,0.36314023196865564,0.04166666666666674
diverse,constant,baseline,rbf_direct,0,constant_test_0005,326.11288015095056,,,,,,0.0876452562224157,0.08936583299235801,0.1241781337652733,1.335261190546583e-16,0.33224017809235873,0.0
diverse,diverse,baseline,stokes,0,diverse_test_0000,378.39963682209583,,,,,,0.36078398556078656,0.6089244973202097,0.7110878407822464,1.2816868607823457e-16,0.06531490608120212,0.1767766952966369
diverse,diverse,baseline,stokes,0,diverse_test_0001,275.5175743523432,,,,,,0.3144395453805834,0.5317182950042,0.6588367297348808,1.699476605287821e-16,0.09731839622196116,0.17179606773406922
diverse,diverse,baseline,stokes,0,diverse_test_0002,205.77449124508615,,,,,,0.2699981681811393,0.45164191356627764,0.5393920126942228,1.4486019194758676e-16,0.07413235855937031,0.11785113019775798
diverse,diverse,baseline,stokes,0,diverse_test_0003,356.31307787809095,,,,,,0.31876740405961895,0.5314851082776295,0.7163463967278925,1.15846345653572e-16,0.09337551185679992,0.15023130314433292
diverse,diverse,baseline,stokes,0,diverse_test_0004,364.9641357923895,,,,,,0.2941304158466884,0.523261121486488,0.7509129607559623,1.0321874907843367e-16,0.10640703441309483,0.0931694990624913
diverse,diverse,baseline,stokes,0,diverse_test_0005,326.11288015095056,,,,,,0.2958219194685626,0.517406017584129,0.7000892278054112,1.5186189545257877e-16,0.0975457867290372,0.0931694990624913
diverse,diverse,baseline,rbf_direct,0,diverse_test_0000,378.39963682209583,,,,,,0.06379426273499211,0.06433779574124034,0.07680155875078333,1.3243049417155844e-16,0.20486060043803409,0.0
diverse,diverse,baseline,rbf_direct,0,diverse_test_0001,275.5175743523432,,,,,,0.024323122975056823,0.02446051653272822,0.025259552846813638,1.2207631519429368e-16,0.24354233972312664,0.0
diverse,diverse,baseline,rbf_direct,0,diverse_test_0002,205.77449124508615,,,,,,0.055470827447431315,0.05541586425550258,0.06543121815565499,1.478731370768351e-16,0.1238784218876658,0.0
diverse,diverse,baseline,rbf_direct,0,diverse_test_0003,356.31307787809095,,,,,,0.09827100119283398,0.09923572540800171,0.11538943042064961,1.0501432482782397e-16,0.27092687474043475,0.0
diverse,diverse,baseline,rbf_direct,0,diverse_test_0004,364.9641357923895,,,,,,0.11429461435877872,0.12270988641588172,0.14928715953815072,1.0288162101674905e-16,0.23847366158342986,0.04166666666666663
diverse,diverse,baseline,rbf_direct,0,diverse_test_0005,326.11288015095056,,,,,,0.018930454502018555,0.021378291932879087,0.03149528336787828,1.364007453532027e-16,0.23054904653065356,0.04166666666666663
diverse,ood_shape,baseline,stokes,0,ood_shape_0000,322.0476102060863,,,,,,0.3320401461455419,0.5622492302918202,0.6774157261971814,1.1922298756929147e-16,0.0723387631021207,0.1863389981249825
diverse,ood_shape,baseline,stokes,0,ood_shape_0001,236.44026808360903,,,,,,0.30975188567711665,0.4249147349003587,0.5389985096139461,1.0258150353716371e-16,0.07833076292928924,0.125
diverse,ood_shape,baseline,stokes,0,ood_shape_0002,180.95100059158364,,,,,,0.2579523495772137,0.41924849539904413,0.47697446942718535,1.0241650910586952e-16,0.07506261325158639,0.13176156917368245
diverse,ood_shape,baseline,stokes,0,ood_shape_0003,208.6074759394159,,,,,,0.21649367965920321,0.3690187440192066,0.5029237170960312,1.1598195737994087e-16,0.08055598712204183,0.09316949906249115
diverse,ood_shape,baseline,stokes,0,ood_shape_0004,374.64532673286527,,,,,,0.2843454410783109,0.4789337017545075,0.6993217526266418,8.878753606861572e-17,0.10087647335901162,0.17179606773406922
diverse,ood_shape,baseline,stokes,0,ood_shape_0005,145.49153445980784,,,,,,0.23566878264851263,0.3883305818400569,0.4548796637503132,1.355397366517327e-16,0.07759577971321512,0.125
diverse,ood_shape,baseline,rbf_direct,0,ood_shape_0000,322.0476102060863,,,,,,0.15973447880789454,0.15578969582413632,0.20349434786815893,1.510713394856062e-16,0.1717757797461149,0.0
diverse,ood_shape,baseline,rbf_direct,0,ood_shape_0001,236.44026808360903,,,,,,0.07293423442152638,0.10965596852269473,0.17986067641454156,9.357949280831284e-17,0.11342137861608623,0.0
diverse,ood_shape,baseline,rbf_direct,0,ood_shape_0002,180.95100059158364,,,,,,0.37583805957057675,0.37133639745194263,0.38854799067447454,1.643983402777621e-16,0.21715524200963876,0.04166666666666674
diverse,ood_shape,baseline,rbf_direct,0,ood_shape_0003,208.6074759394159,,,,,,0.09662610130926898,0.11020805937795763,0.1605717573311806,1.1889331049186354e-16,0.11435376760540646,0.0
diverse,ood_shape,baseline,rbf_direct,0,ood_shape_0004,374.64532673286527,,,,,,0.3623675292225325,0.3611739161503439,0.3774884462070575,1.1328362665746448e-16,0.17014917520935607,0.04166666666666663
diverse,ood_shape,baseline,rbf_direct,0,ood_shape_0005,145.49153445980784,,,,,,0.13423476295775336,0.16037423476677526,0.30061326191944765,1.6075749423552506e-16,0.20158186664044772,0.04166666666666674
diverse,ood_re,baseline,stokes,0,ood_re_0000,566.4474875225259,,,,,,0.5224169633264436,0.7623910251455601,0.886211709958702,1.63186070456469e-16,0.08728320906835968,0.11785113019775789
diverse,ood_re,baseline,stokes,0,ood_re_0001,490.14181715065223,,,,,,0.44891065400188973,0.7054965305200868,0.847706742263648,1.7474718896061755e-16,0.0924349190904074,0.11785113019775789
diverse,ood_re,baseline,stokes,0,ood_re_0002,533.202596381457,,,,,,0.4666321103976968,0.6923995104331243,0.8439786010978912,1.6226959502235644e-16,0.08676325389365597,0.09316949906249125
diverse,ood_re,baseline,stokes,0,ood_re_0003,592.5167238454294,,,,,,0.44625188018517525,0.6317205475822514,0.8301443896758901,1.2094541796363777e-16,0.07642854351373433,0.0931694990624913
diverse,ood_re,baseline,stokes,0,ood_re_0004,489.1490754145391,,,,,,0.399318749424627,0.6430358701421885,0.773980450127854,1.311478586904331e-16,0.06757100092106658,0.13176156917368245
diverse,ood_re,baseline,stokes,0,ood_re_0005,561.89866888648,,,,,,0.4880564086118888,0.7584606186155919,0.8709123093210966,1.4281734836337178e-16,0.07864507890956432,0.15023130314433286
diverse,ood_re,baseline,rbf_direct,0,ood_re_0000,566.4474875225259,,,,,,0.11998829802273907,0.18764439391667526,0.19582916357867955,1.1248783457509348e-16,0.4327721326120575,0.04166666666666663
diverse,ood_re,baseline,rbf_direct,0,ood_re_0001,490.14181715065223,,,,,,0.09435796424614713,0.1257279598158174,0.157555413205256,1.1463711886984508e-16,0.39778376106437274,0.04166666666666663
diverse,ood_re,baseline,rbf_direct,0,ood_re_0002,533.202596381457,,,,,,0.1307703526754894,0.1767259845771318,0.17744081976310114,1.1035528763454928e-16,0.39807755182292165,0.04166666666666663
diverse,ood_re,baseline,rbf_direct,0,ood_re_0003,592.5167238454294,,,,,,0.19647857106671457,0.30547360776359583,0.29538181403709984,9.804820336774467e-17,0.3184251336916945,0.08333333333333326
diverse,ood_re,baseline,rbf_direct,0,ood_re_0004,489.1490754145391,,,,,,0.046411098985885336,0.07864973980491755,0.09558971798703404,1.1255963540851972e-16,0.27036298111999874,0.04166666666666663
diverse,ood_re,baseline,rbf_direct,0,ood_re_0005,561.89866888648,,,,,,0.0926339295099457,0.16059619087281776,0.18465291444308793,1.2411374688467319e-16,0.37027013309468787,0.04166666666666663
